municipality	postcode	year	count
Hele landet	Hele landet	2010	5534738
Hele landet	Hele landet	2011	5560628
Hele landet	Hele landet	2012	5580516
Hele landet	Hele landet	2013	5602628
Hele landet	Hele landet	2014	5627235
Hele landet	Hele landet	2015	5659715
Hele landet	Hele landet	2016	5707251
Hele landet	Hele landet	2017	5748769
Hele landet	Hele landet	2018	5781190
Hele landet	Hele landet	2019	5806081
Hele landet	Hele landet	2020	5822763
Hele landet	Hele landet	2021	5840045
Hele landet	Hele landet	2022	5873420
Hele landet	Hele landet	2023	5932654
Hele landet	Hele landet	2024	5961249
Hele landet	Hele landet	2025	5992734
Hele landet	Hele landet	2026	6025603
101 København	1050 København K	2010	22
101 København	1050 København K	2011	20
101 København	1050 København K	2012	23
101 København	1050 København K	2013	23
101 København	1050 København K	2014	24
101 København	1050 København K	2015	20
101 København	1050 København K	2016	17
101 København	1050 København K	2017	18
101 København	1050 København K	2018	16
101 København	1050 København K	2019	15
101 København	1050 København K	2020	13
101 København	1050 København K	2021	15
101 København	1050 København K	2022	17
101 København	1050 København K	2023	17
101 København	1050 København K	2024	22
101 København	1050 København K	2025	20
101 København	1050 København K	2026	23
101 København	1051 København K	2010	265
101 København	1051 København K	2011	289
101 København	1051 København K	2012	293
101 København	1051 København K	2013	335
101 København	1051 København K	2014	352
101 København	1051 København K	2015	342
101 København	1051 København K	2016	340
101 København	1051 København K	2017	338
101 København	1051 København K	2018	369
101 København	1051 København K	2019	409
101 København	1051 København K	2020	390
101 København	1051 København K	2021	408
101 København	1051 København K	2022	402
101 København	1051 København K	2023	425
101 København	1051 København K	2024	417
101 København	1051 København K	2025	399
101 København	1051 København K	2026	412
101 København	1052 København K	2010	407
101 København	1052 København K	2011	429
101 København	1052 København K	2012	434
101 København	1052 København K	2013	421
101 København	1052 København K	2014	396
101 København	1052 København K	2015	406
101 København	1052 København K	2016	403
101 København	1052 København K	2017	389
101 København	1052 København K	2018	409
101 København	1052 København K	2019	412
101 København	1052 København K	2020	421
101 København	1052 København K	2021	412
101 København	1052 København K	2022	405
101 København	1052 København K	2023	400
101 København	1052 København K	2024	408
101 København	1052 København K	2025	421
101 København	1052 København K	2026	425
101 København	1053 København K	2010	415
101 København	1053 København K	2011	414
101 København	1053 København K	2012	420
101 København	1053 København K	2013	423
101 København	1053 København K	2014	431
101 København	1053 København K	2015	387
101 København	1053 København K	2016	375
101 København	1053 København K	2017	398
101 København	1053 København K	2018	401
101 København	1053 København K	2019	363
101 København	1053 København K	2020	337
101 København	1053 København K	2021	330
101 København	1053 København K	2022	311
101 København	1053 København K	2023	305
101 København	1053 København K	2024	353
101 København	1053 København K	2025	404
101 København	1053 København K	2026	416
101 København	1054 København K	2010	433
101 København	1054 København K	2011	462
101 København	1054 København K	2012	434
101 København	1054 København K	2013	413
101 København	1054 København K	2014	417
101 København	1054 København K	2015	416
101 København	1054 København K	2016	444
101 København	1054 København K	2017	438
101 København	1054 København K	2018	463
101 København	1054 København K	2019	445
101 København	1054 København K	2020	422
101 København	1054 København K	2021	416
101 København	1054 København K	2022	416
101 København	1054 København K	2023	401
101 København	1054 København K	2024	389
101 København	1054 København K	2025	392
101 København	1054 København K	2026	382
101 København	1055 København K	2010	381
101 København	1055 København K	2011	387
101 København	1055 København K	2012	324
101 København	1055 København K	2013	348
101 København	1055 København K	2014	374
101 København	1055 København K	2015	328
101 København	1055 København K	2016	336
101 København	1055 København K	2017	365
101 København	1055 København K	2018	358
101 København	1055 København K	2019	338
101 København	1055 København K	2020	348
101 København	1055 København K	2021	356
101 København	1055 København K	2022	338
101 København	1055 København K	2023	344
101 København	1055 København K	2024	325
101 København	1055 København K	2025	340
101 København	1055 København K	2026	342
101 København	1056 København K	2010	47
101 København	1056 København K	2011	47
101 København	1056 København K	2012	47
101 København	1056 København K	2013	56
101 København	1056 København K	2014	61
101 København	1056 København K	2015	61
101 København	1056 København K	2016	60
101 København	1056 København K	2017	56
101 København	1056 København K	2018	51
101 København	1056 København K	2019	50
101 København	1056 København K	2020	49
101 København	1056 København K	2021	52
101 København	1056 København K	2022	52
101 København	1056 København K	2023	52
101 København	1056 København K	2024	51
101 København	1056 København K	2025	51
101 København	1056 København K	2026	49
101 København	1057 København K	2010	303
101 København	1057 København K	2011	304
101 København	1057 København K	2012	313
101 København	1057 København K	2013	299
101 København	1057 København K	2014	297
101 København	1057 København K	2015	308
101 København	1057 København K	2016	308
101 København	1057 København K	2017	300
101 København	1057 København K	2018	305
101 København	1057 København K	2019	302
101 København	1057 København K	2020	327
101 København	1057 København K	2021	305
101 København	1057 København K	2022	291
101 København	1057 København K	2023	294
101 København	1057 København K	2024	291
101 København	1057 København K	2025	300
101 København	1057 København K	2026	302
101 København	1058 København K	2010	188
101 København	1058 København K	2011	183
101 København	1058 København K	2012	198
101 København	1058 København K	2013	192
101 København	1058 København K	2014	197
101 København	1058 København K	2015	202
101 København	1058 København K	2016	189
101 København	1058 København K	2017	194
101 København	1058 København K	2018	203
101 København	1058 København K	2019	192
101 København	1058 København K	2020	192
101 København	1058 København K	2021	202
101 København	1058 København K	2022	216
101 København	1058 København K	2023	206
101 København	1058 København K	2024	204
101 København	1058 København K	2025	213
101 København	1058 København K	2026	214
101 København	1059 København K	2010	13
101 København	1059 København K	2011	16
101 København	1059 København K	2012	15
101 København	1059 København K	2013	15
101 København	1059 København K	2014	18
101 København	1059 København K	2015	16
101 København	1059 København K	2016	17
101 København	1059 København K	2017	15
101 København	1059 København K	2018	15
101 København	1059 København K	2019	14
101 København	1059 København K	2020	15
101 København	1059 København K	2021	15
101 København	1059 København K	2022	18
101 København	1059 København K	2023	18
101 København	1059 København K	2024	19
101 København	1059 København K	2025	19
101 København	1059 København K	2026	16
101 København	1061 København K	2010	11
101 København	1061 København K	2011	11
101 København	1061 København K	2012	11
101 København	1061 København K	2013	10
101 København	1061 København K	2014	13
101 København	1061 København K	2015	16
101 København	1061 København K	2016	15
101 København	1061 København K	2017	14
101 København	1061 København K	2018	11
101 København	1061 København K	2019	12
101 København	1061 København K	2020	14
101 København	1061 København K	2021	12
101 København	1061 København K	2022	15
101 København	1061 København K	2023	13
101 København	1061 København K	2024	10
101 København	1061 København K	2025	10
101 København	1061 København K	2026	11
101 København	1062 København K	2010	19
101 København	1062 København K	2011	18
101 København	1062 København K	2012	21
101 København	1062 København K	2013	23
101 København	1062 København K	2014	21
101 København	1062 København K	2015	16
101 København	1062 København K	2016	19
101 København	1062 København K	2017	21
101 København	1062 København K	2018	21
101 København	1062 København K	2019	18
101 København	1062 København K	2020	14
101 København	1062 København K	2021	20
101 København	1062 København K	2022	21
101 København	1062 København K	2023	21
101 København	1062 København K	2024	20
101 København	1062 København K	2025	19
101 København	1062 København K	2026	16
101 København	1063 København K	2010	98
101 København	1063 København K	2011	100
101 København	1063 København K	2012	98
101 København	1063 København K	2013	100
101 København	1063 København K	2014	113
101 København	1063 København K	2015	111
101 København	1063 København K	2016	110
101 København	1063 København K	2017	112
101 København	1063 København K	2018	110
101 København	1063 København K	2019	110
101 København	1063 København K	2020	104
101 København	1063 København K	2021	108
101 København	1063 København K	2022	116
101 København	1063 København K	2023	112
101 København	1063 København K	2024	131
101 København	1063 København K	2025	126
101 København	1063 København K	2026	109
101 København	1064 København K	2010	7
101 København	1064 København K	2011	6
101 København	1064 København K	2012	8
101 København	1064 København K	2013	6
101 København	1064 København K	2014	8
101 København	1064 København K	2015	9
101 København	1064 København K	2016	8
101 København	1064 København K	2017	6
101 København	1064 København K	2018	6
101 København	1064 København K	2019	6
101 København	1064 København K	2020	7
101 København	1064 København K	2021	6
101 København	1064 København K	2022	7
101 København	1064 København K	2023	8
101 København	1064 København K	2024	6
101 København	1064 København K	2025	7
101 København	1064 København K	2026	8
101 København	1065 København K	2010	5
101 København	1065 København K	2011	16
101 København	1065 København K	2012	18
101 København	1065 København K	2013	23
101 København	1065 København K	2014	22
101 København	1065 København K	2015	19
101 København	1065 København K	2016	16
101 København	1065 København K	2017	19
101 København	1065 København K	2018	24
101 København	1065 København K	2019	19
101 København	1065 København K	2020	24
101 København	1065 København K	2021	17
101 København	1065 København K	2022	23
101 København	1065 København K	2023	16
101 København	1065 København K	2024	29
101 København	1065 København K	2025	25
101 København	1065 København K	2026	22
101 København	1066 København K	2010	56
101 København	1066 København K	2011	58
101 København	1066 København K	2012	62
101 København	1066 København K	2013	65
101 København	1066 København K	2014	60
101 København	1066 København K	2015	63
101 København	1066 København K	2016	60
101 København	1066 København K	2017	57
101 København	1066 København K	2018	58
101 København	1066 København K	2019	51
101 København	1066 København K	2020	68
101 København	1066 København K	2021	61
101 København	1066 København K	2022	63
101 København	1066 København K	2023	63
101 København	1066 København K	2024	60
101 København	1066 København K	2025	53
101 København	1066 København K	2026	64
101 København	1067 København K	2010	66
101 København	1067 København K	2011	81
101 København	1067 København K	2012	87
101 København	1067 København K	2013	91
101 København	1067 København K	2014	84
101 København	1067 København K	2015	89
101 København	1067 København K	2016	81
101 København	1067 København K	2017	78
101 København	1067 København K	2018	81
101 København	1067 København K	2019	76
101 København	1067 København K	2020	93
101 København	1067 København K	2021	95
101 København	1067 København K	2022	91
101 København	1067 København K	2023	95
101 København	1067 København K	2024	93
101 København	1067 København K	2025	107
101 København	1067 København K	2026	100
101 København	1068 København K	2010	39
101 København	1068 København K	2011	41
101 København	1068 København K	2012	43
101 København	1068 København K	2013	43
101 København	1068 København K	2014	45
101 København	1068 København K	2015	49
101 København	1068 København K	2016	41
101 København	1068 København K	2017	41
101 København	1068 København K	2018	44
101 København	1068 København K	2019	43
101 København	1068 København K	2020	40
101 København	1068 København K	2021	41
101 København	1068 København K	2022	41
101 København	1068 København K	2023	43
101 København	1068 København K	2024	32
101 København	1068 København K	2025	37
101 København	1068 København K	2026	43
101 København	1069 København K	2010	35
101 København	1069 København K	2011	35
101 København	1069 København K	2012	38
101 København	1069 København K	2013	39
101 København	1069 København K	2014	41
101 København	1069 København K	2015	40
101 København	1069 København K	2016	39
101 København	1069 København K	2017	39
101 København	1069 København K	2018	41
101 København	1069 København K	2019	40
101 København	1069 København K	2020	39
101 København	1069 København K	2021	40
101 København	1069 København K	2022	43
101 København	1069 København K	2023	43
101 København	1069 København K	2024	43
101 København	1069 København K	2025	40
101 København	1069 København K	2026	39
101 København	1070 København K	2010	52
101 København	1070 København K	2011	51
101 København	1070 København K	2012	53
101 København	1070 København K	2013	57
101 København	1070 København K	2014	58
101 København	1070 København K	2015	58
101 København	1070 København K	2016	56
101 København	1070 København K	2017	58
101 København	1070 København K	2018	62
101 København	1070 København K	2019	61
101 København	1070 København K	2020	64
101 København	1070 København K	2021	62
101 København	1070 København K	2022	59
101 København	1070 København K	2023	55
101 København	1070 København K	2024	58
101 København	1070 København K	2025	61
101 København	1070 København K	2026	60
101 København	1071 København K	2010	59
101 København	1071 København K	2011	52
101 København	1071 København K	2012	60
101 København	1071 København K	2013	56
101 København	1071 København K	2014	53
101 København	1071 København K	2015	54
101 København	1071 København K	2016	58
101 København	1071 København K	2017	57
101 København	1071 København K	2018	59
101 København	1071 København K	2019	60
101 København	1071 København K	2020	52
101 København	1071 København K	2021	57
101 København	1071 København K	2022	48
101 København	1071 København K	2023	55
101 København	1071 København K	2024	61
101 København	1071 København K	2025	66
101 København	1071 København K	2026	57
101 København	1072 København K	2010	8
101 København	1072 København K	2011	7
101 København	1072 København K	2012	7
101 København	1072 København K	2013	7
101 København	1072 København K	2014	7
101 København	1072 København K	2015	7
101 København	1072 København K	2016	4
101 København	1072 København K	2017	4
101 København	1072 København K	2018	5
101 København	1072 København K	2019	5
101 København	1072 København K	2020	4
101 København	1072 København K	2021	8
101 København	1072 København K	2022	6
101 København	1072 København K	2023	4
101 København	1072 København K	2024	6
101 København	1072 København K	2025	4
101 København	1072 København K	2026	5
101 København	1073 København K	2010	3
101 København	1073 København K	2011	1
101 København	1073 København K	2012	3
101 København	1073 København K	2013	7
101 København	1073 København K	2014	6
101 København	1073 København K	2015	5
101 København	1073 København K	2016	7
101 København	1073 København K	2017	7
101 København	1073 København K	2018	7
101 København	1073 København K	2019	7
101 København	1073 København K	2020	7
101 København	1073 København K	2021	8
101 København	1073 København K	2022	5
101 København	1073 København K	2023	5
101 København	1073 København K	2024	5
101 København	1073 København K	2025	6
101 København	1073 København K	2026	6
101 København	1074 København K	2010	24
101 København	1074 København K	2011	24
101 København	1074 København K	2012	26
101 København	1074 København K	2013	27
101 København	1074 København K	2014	29
101 København	1074 København K	2015	28
101 København	1074 København K	2016	28
101 København	1074 København K	2017	26
101 København	1074 København K	2018	26
101 København	1074 København K	2019	14
101 København	1074 København K	2020	19
101 København	1074 København K	2021	25
101 København	1074 København K	2022	15
101 København	1074 København K	2023	19
101 København	1074 København K	2024	19
101 København	1074 København K	2025	23
101 København	1074 København K	2026	25
101 København	1100 København K	2010	13
101 København	1100 København K	2011	13
101 København	1100 København K	2012	23
101 København	1100 København K	2013	25
101 København	1100 København K	2014	19
101 København	1100 København K	2015	23
101 København	1100 København K	2016	23
101 København	1100 København K	2017	16
101 København	1100 København K	2018	20
101 København	1100 København K	2019	23
101 København	1100 København K	2020	16
101 København	1100 København K	2021	24
101 København	1100 København K	2022	29
101 København	1100 København K	2023	25
101 København	1100 København K	2024	25
101 København	1100 København K	2025	29
101 København	1100 København K	2026	30
101 København	1101 København K	2010	65
101 København	1101 København K	2011	70
101 København	1101 København K	2012	64
101 København	1101 København K	2013	69
101 København	1101 København K	2014	71
101 København	1101 København K	2015	74
101 København	1101 København K	2016	75
101 København	1101 København K	2017	76
101 København	1101 København K	2018	79
101 København	1101 København K	2019	72
101 København	1101 København K	2020	76
101 København	1101 København K	2021	68
101 København	1101 København K	2022	78
101 København	1101 København K	2023	72
101 København	1101 København K	2024	73
101 København	1101 København K	2025	80
101 København	1101 København K	2026	84
101 København	1102 København K	2010	1
101 København	1102 København K	2011	1
101 København	1102 København K	2012	1
101 København	1102 København K	2013	1
101 København	1102 København K	2014	0
101 København	1102 København K	2015	1
101 København	1102 København K	2016	2
101 København	1102 København K	2017	2
101 København	1102 København K	2018	2
101 København	1102 København K	2019	2
101 København	1102 København K	2020	2
101 København	1102 København K	2021	2
101 København	1102 København K	2022	2
101 København	1102 København K	2023	2
101 København	1102 København K	2024	2
101 København	1102 København K	2025	2
101 København	1102 København K	2026	2
101 København	1103 København K	2010	2
101 København	1103 København K	2011	3
101 København	1103 København K	2012	3
101 København	1103 København K	2013	2
101 København	1103 København K	2014	2
101 København	1103 København K	2015	7
101 København	1103 København K	2016	7
101 København	1103 København K	2017	8
101 København	1103 København K	2018	7
101 København	1103 København K	2019	6
101 København	1103 København K	2020	11
101 København	1103 København K	2021	8
101 København	1103 København K	2022	7
101 København	1103 København K	2023	7
101 København	1103 København K	2024	4
101 København	1103 København K	2025	4
101 København	1103 København K	2026	4
101 København	1104 København K	2010	59
101 København	1104 København K	2011	54
101 København	1104 København K	2012	62
101 København	1104 København K	2013	67
101 København	1104 København K	2014	80
101 København	1104 København K	2015	83
101 København	1104 København K	2016	92
101 København	1104 København K	2017	90
101 København	1104 København K	2018	85
101 København	1104 København K	2019	78
101 København	1104 København K	2020	76
101 København	1104 København K	2021	81
101 København	1104 København K	2022	80
101 København	1104 København K	2023	92
101 København	1104 København K	2024	90
101 København	1104 København K	2025	86
101 København	1104 København K	2026	90
101 København	1105 København K	2010	0
101 København	1105 København K	2011	0
101 København	1105 København K	2012	0
101 København	1105 København K	2013	0
101 København	1105 København K	2014	0
101 København	1105 København K	2015	0
101 København	1105 København K	2016	0
101 København	1105 København K	2017	0
101 København	1105 København K	2018	0
101 København	1105 København K	2019	0
101 København	1105 København K	2020	0
101 København	1105 København K	2021	0
101 København	1105 København K	2022	0
101 København	1105 København K	2023	1
101 København	1105 København K	2024	0
101 København	1105 København K	2025	0
101 København	1105 København K	2026	0
101 København	1106 København K	2010	7
101 København	1106 København K	2011	9
101 København	1106 København K	2012	8
101 København	1106 København K	2013	7
101 København	1106 København K	2014	11
101 København	1106 København K	2015	10
101 København	1106 København K	2016	8
101 København	1106 København K	2017	10
101 København	1106 København K	2018	9
101 København	1106 København K	2019	8
101 København	1106 København K	2020	7
101 København	1106 København K	2021	8
101 København	1106 København K	2022	9
101 København	1106 København K	2023	9
101 København	1106 København K	2024	11
101 København	1106 København K	2025	15
101 København	1106 København K	2026	8
101 København	1107 København K	2010	87
101 København	1107 København K	2011	85
101 København	1107 København K	2012	89
101 København	1107 København K	2013	88
101 København	1107 København K	2014	92
101 København	1107 København K	2015	97
101 København	1107 København K	2016	104
101 København	1107 København K	2017	104
101 København	1107 København K	2018	89
101 København	1107 København K	2019	84
101 København	1107 København K	2020	98
101 København	1107 København K	2021	109
101 København	1107 København K	2022	112
101 København	1107 København K	2023	97
101 København	1107 København K	2024	109
101 København	1107 København K	2025	98
101 København	1107 København K	2026	97
101 København	1110 København K	2010	71
101 København	1110 København K	2011	68
101 København	1110 København K	2012	68
101 København	1110 København K	2013	75
101 København	1110 København K	2014	69
101 København	1110 København K	2015	71
101 København	1110 København K	2016	76
101 København	1110 København K	2017	84
101 København	1110 København K	2018	82
101 København	1110 København K	2019	89
101 København	1110 København K	2020	82
101 København	1110 København K	2021	86
101 København	1110 København K	2022	105
101 København	1110 København K	2023	103
101 København	1110 København K	2024	92
101 København	1110 København K	2025	105
101 København	1110 København K	2026	101
101 København	1111 København K	2010	63
101 København	1111 København K	2011	62
101 København	1111 København K	2012	70
101 København	1111 København K	2013	68
101 København	1111 København K	2014	63
101 København	1111 København K	2015	63
101 København	1111 København K	2016	60
101 København	1111 København K	2017	72
101 København	1111 København K	2018	68
101 København	1111 København K	2019	67
101 København	1111 København K	2020	71
101 København	1111 København K	2021	74
101 København	1111 København K	2022	70
101 København	1111 København K	2023	74
101 København	1111 København K	2024	70
101 København	1111 København K	2025	76
101 København	1111 København K	2026	74
101 København	1112 København K	2010	133
101 København	1112 København K	2011	128
101 København	1112 København K	2012	146
101 København	1112 København K	2013	143
101 København	1112 København K	2014	161
101 København	1112 København K	2015	151
101 København	1112 København K	2016	157
101 København	1112 København K	2017	184
101 København	1112 København K	2018	187
101 København	1112 København K	2019	172
101 København	1112 København K	2020	169
101 København	1112 København K	2021	172
101 København	1112 København K	2022	176
101 København	1112 København K	2023	188
101 København	1112 København K	2024	184
101 København	1112 København K	2025	175
101 København	1112 København K	2026	181
101 København	1113 København K	2010	51
101 København	1113 København K	2011	48
101 København	1113 København K	2012	44
101 København	1113 København K	2013	45
101 København	1113 København K	2014	51
101 København	1113 København K	2015	55
101 København	1113 København K	2016	52
101 København	1113 København K	2017	56
101 København	1113 København K	2018	65
101 København	1113 København K	2019	65
101 København	1113 København K	2020	58
101 København	1113 København K	2021	68
101 København	1113 København K	2022	72
101 København	1113 København K	2023	65
101 København	1113 København K	2024	65
101 København	1113 København K	2025	64
101 København	1113 København K	2026	64
101 København	1114 København K	2010	73
101 København	1114 København K	2011	78
101 København	1114 København K	2012	90
101 København	1114 København K	2013	104
101 København	1114 København K	2014	103
101 København	1114 København K	2015	79
101 København	1114 København K	2016	89
101 København	1114 København K	2017	101
101 København	1114 København K	2018	91
101 København	1114 København K	2019	90
101 København	1114 København K	2020	96
101 København	1114 København K	2021	98
101 København	1114 København K	2022	103
101 København	1114 København K	2023	98
101 København	1114 København K	2024	101
101 København	1114 København K	2025	108
101 København	1114 København K	2026	110
101 København	1115 København K	2010	35
101 København	1115 København K	2011	39
101 København	1115 København K	2012	34
101 København	1115 København K	2013	42
101 København	1115 København K	2014	41
101 København	1115 København K	2015	39
101 København	1115 København K	2016	38
101 København	1115 København K	2017	32
101 København	1115 København K	2018	32
101 København	1115 København K	2019	33
101 København	1115 København K	2020	34
101 København	1115 København K	2021	34
101 København	1115 København K	2022	38
101 København	1115 København K	2023	36
101 København	1115 København K	2024	36
101 København	1115 København K	2025	35
101 København	1115 København K	2026	36
101 København	1116 København K	2010	50
101 København	1116 København K	2011	51
101 København	1116 København K	2012	51
101 København	1116 København K	2013	58
101 København	1116 København K	2014	54
101 København	1116 København K	2015	51
101 København	1116 København K	2016	60
101 København	1116 København K	2017	64
101 København	1116 København K	2018	57
101 København	1116 København K	2019	53
101 København	1116 København K	2020	54
101 København	1116 København K	2021	58
101 København	1116 København K	2022	55
101 København	1116 København K	2023	53
101 København	1116 København K	2024	47
101 København	1116 København K	2025	53
101 København	1116 København K	2026	55
101 København	1117 København K	2010	67
101 København	1117 København K	2011	69
101 København	1117 København K	2012	67
101 København	1117 København K	2013	74
101 København	1117 København K	2014	78
101 København	1117 København K	2015	73
101 København	1117 København K	2016	77
101 København	1117 København K	2017	81
101 København	1117 København K	2018	84
101 København	1117 København K	2019	84
101 København	1117 København K	2020	81
101 København	1117 København K	2021	83
101 København	1117 København K	2022	77
101 København	1117 København K	2023	73
101 København	1117 København K	2024	68
101 København	1117 København K	2025	76
101 København	1117 København K	2026	77
101 København	1118 København K	2010	10
101 København	1118 København K	2011	14
101 København	1118 København K	2012	19
101 København	1118 København K	2013	14
101 København	1118 København K	2014	14
101 København	1118 København K	2015	15
101 København	1118 København K	2016	13
101 København	1118 København K	2017	13
101 København	1118 København K	2018	15
101 København	1118 København K	2019	16
101 København	1118 København K	2020	20
101 København	1118 København K	2021	10
101 København	1118 København K	2022	9
101 København	1118 København K	2023	9
101 København	1118 København K	2024	10
101 København	1118 København K	2025	8
101 København	1118 København K	2026	8
101 København	1119 København K	2010	43
101 København	1119 København K	2011	46
101 København	1119 København K	2012	43
101 København	1119 København K	2013	42
101 København	1119 København K	2014	45
101 København	1119 København K	2015	52
101 København	1119 København K	2016	42
101 København	1119 København K	2017	65
101 København	1119 København K	2018	69
101 København	1119 København K	2019	75
101 København	1119 København K	2020	76
101 København	1119 København K	2021	75
101 København	1119 København K	2022	72
101 København	1119 København K	2023	74
101 København	1119 København K	2024	76
101 København	1119 København K	2025	75
101 København	1119 København K	2026	81
101 København	1123 København K	2010	821
101 København	1123 København K	2011	858
101 København	1123 København K	2012	880
101 København	1123 København K	2013	905
101 København	1123 København K	2014	914
101 København	1123 København K	2015	886
101 København	1123 København K	2016	918
101 København	1123 København K	2017	924
101 København	1123 København K	2018	895
101 København	1123 København K	2019	886
101 København	1123 København K	2020	898
101 København	1123 København K	2021	873
101 København	1123 København K	2022	891
101 København	1123 København K	2023	878
101 København	1123 København K	2024	889
101 København	1123 København K	2025	890
101 København	1123 København K	2026	913
101 København	1124 København K	2010	103
101 København	1124 København K	2011	100
101 København	1124 København K	2012	111
101 København	1124 København K	2013	116
101 København	1124 København K	2014	120
101 København	1124 København K	2015	141
101 København	1124 København K	2016	155
101 København	1124 København K	2017	168
101 København	1124 København K	2018	160
101 København	1124 København K	2019	166
101 København	1124 København K	2020	188
101 København	1124 København K	2021	173
101 København	1124 København K	2022	179
101 København	1124 København K	2023	179
101 København	1124 København K	2024	169
101 København	1124 København K	2025	157
101 København	1124 København K	2026	172
101 København	1125 København K	2010	0
101 København	1125 København K	2011	0
101 København	1125 København K	2012	0
101 København	1125 København K	2013	0
101 København	1125 København K	2014	0
101 København	1125 København K	2015	0
101 København	1125 København K	2016	6
101 København	1125 København K	2017	19
101 København	1125 København K	2018	22
101 København	1125 København K	2019	29
101 København	1125 København K	2020	29
101 København	1125 København K	2021	22
101 København	1125 København K	2022	26
101 København	1125 København K	2023	26
101 København	1125 København K	2024	32
101 København	1125 København K	2025	29
101 København	1125 København K	2026	30
101 København	1126 København K	2010	2
101 København	1126 København K	2011	0
101 København	1126 København K	2012	4
101 København	1126 København K	2013	6
101 København	1126 København K	2014	2
101 København	1126 København K	2015	1
101 København	1126 København K	2016	0
101 København	1126 København K	2017	3
101 København	1126 København K	2018	8
101 København	1126 København K	2019	4
101 København	1126 København K	2020	4
101 København	1126 København K	2021	6
101 København	1126 København K	2022	7
101 København	1126 København K	2023	4
101 København	1126 København K	2024	6
101 København	1126 København K	2025	8
101 København	1126 København K	2026	8
101 København	1127 København K	2010	91
101 København	1127 København K	2011	93
101 København	1127 København K	2012	92
101 København	1127 København K	2013	89
101 København	1127 København K	2014	86
101 København	1127 København K	2015	97
101 København	1127 København K	2016	97
101 København	1127 København K	2017	92
101 København	1127 København K	2018	91
101 København	1127 København K	2019	88
101 København	1127 København K	2020	94
101 København	1127 København K	2021	92
101 København	1127 København K	2022	87
101 København	1127 København K	2023	86
101 København	1127 København K	2024	89
101 København	1127 København K	2025	82
101 København	1127 København K	2026	89
101 København	1128 København K	2010	13
101 København	1128 København K	2011	11
101 København	1128 København K	2012	15
101 København	1128 København K	2013	15
101 København	1128 København K	2014	15
101 København	1128 København K	2015	14
101 København	1128 København K	2016	17
101 København	1128 København K	2017	15
101 København	1128 København K	2018	20
101 København	1128 København K	2019	22
101 København	1128 København K	2020	24
101 København	1128 København K	2021	26
101 København	1128 København K	2022	27
101 København	1128 København K	2023	23
101 København	1128 København K	2024	28
101 København	1128 København K	2025	29
101 København	1128 København K	2026	25
101 København	1129 København K	2010	54
101 København	1129 København K	2011	50
101 København	1129 København K	2012	53
101 København	1129 København K	2013	59
101 København	1129 København K	2014	52
101 København	1129 København K	2015	46
101 København	1129 København K	2016	54
101 København	1129 København K	2017	45
101 København	1129 København K	2018	47
101 København	1129 København K	2019	44
101 København	1129 København K	2020	45
101 København	1129 København K	2021	50
101 København	1129 København K	2022	55
101 København	1129 København K	2023	56
101 København	1129 København K	2024	56
101 København	1129 København K	2025	61
101 København	1129 København K	2026	61
101 København	1130 København K	2010	99
101 København	1130 København K	2011	103
101 København	1130 København K	2012	106
101 København	1130 København K	2013	108
101 København	1130 København K	2014	112
101 København	1130 København K	2015	102
101 København	1130 København K	2016	111
101 København	1130 København K	2017	115
101 København	1130 København K	2018	108
101 København	1130 København K	2019	111
101 København	1130 København K	2020	111
101 København	1130 København K	2021	102
101 København	1130 København K	2022	104
101 København	1130 København K	2023	114
101 København	1130 København K	2024	107
101 København	1130 København K	2025	115
101 København	1130 København K	2026	114
101 København	1131 København K	2010	30
101 København	1131 København K	2011	31
101 København	1131 København K	2012	35
101 København	1131 København K	2013	33
101 København	1131 København K	2014	38
101 København	1131 København K	2015	29
101 København	1131 København K	2016	31
101 København	1131 København K	2017	34
101 København	1131 København K	2018	26
101 København	1131 København K	2019	28
101 København	1131 København K	2020	24
101 København	1131 København K	2021	30
101 København	1131 København K	2022	26
101 København	1131 København K	2023	32
101 København	1131 København K	2024	39
101 København	1131 København K	2025	35
101 København	1131 København K	2026	42
101 København	1150 København K	2010	118
101 København	1150 København K	2011	133
101 København	1150 København K	2012	140
101 København	1150 København K	2013	133
101 København	1150 København K	2014	138
101 København	1150 København K	2015	153
101 København	1150 København K	2016	165
101 København	1150 København K	2017	143
101 København	1150 København K	2018	151
101 København	1150 København K	2019	187
101 København	1150 København K	2020	240
101 København	1150 København K	2021	251
101 København	1150 København K	2022	247
101 København	1150 København K	2023	266
101 København	1150 København K	2024	291
101 København	1150 København K	2025	282
101 København	1150 København K	2026	277
101 København	1151 København K	2010	49
101 København	1151 København K	2011	53
101 København	1151 København K	2012	56
101 København	1151 København K	2013	65
101 København	1151 København K	2014	75
101 København	1151 København K	2015	75
101 København	1151 København K	2016	77
101 København	1151 København K	2017	78
101 København	1151 København K	2018	85
101 København	1151 København K	2019	97
101 København	1151 København K	2020	91
101 København	1151 København K	2021	95
101 København	1151 København K	2022	96
101 København	1151 København K	2023	95
101 København	1151 København K	2024	96
101 København	1151 København K	2025	100
101 København	1151 København K	2026	98
101 København	1152 København K	2010	34
101 København	1152 København K	2011	42
101 København	1152 København K	2012	49
101 København	1152 København K	2013	51
101 København	1152 København K	2014	58
101 København	1152 København K	2015	45
101 København	1152 København K	2016	58
101 København	1152 København K	2017	55
101 København	1152 København K	2018	66
101 København	1152 København K	2019	75
101 København	1152 København K	2020	73
101 København	1152 København K	2021	75
101 København	1152 København K	2022	79
101 København	1152 København K	2023	73
101 København	1152 København K	2024	72
101 København	1152 København K	2025	74
101 København	1152 København K	2026	101
101 København	1153 København K	2010	47
101 København	1153 København K	2011	61
101 København	1153 København K	2012	66
101 København	1153 København K	2013	73
101 København	1153 København K	2014	71
101 København	1153 København K	2015	72
101 København	1153 København K	2016	69
101 København	1153 København K	2017	71
101 København	1153 København K	2018	64
101 København	1153 København K	2019	61
101 København	1153 København K	2020	70
101 København	1153 København K	2021	78
101 København	1153 København K	2022	66
101 København	1153 København K	2023	68
101 København	1153 København K	2024	70
101 København	1153 København K	2025	75
101 København	1153 København K	2026	77
101 København	1154 København K	2010	102
101 København	1154 København K	2011	108
101 København	1154 København K	2012	114
101 København	1154 København K	2013	103
101 København	1154 København K	2014	119
101 København	1154 København K	2015	111
101 København	1154 København K	2016	112
101 København	1154 København K	2017	118
101 København	1154 København K	2018	102
101 København	1154 København K	2019	101
101 København	1154 København K	2020	103
101 København	1154 København K	2021	117
101 København	1154 København K	2022	115
101 København	1154 København K	2023	118
101 København	1154 København K	2024	123
101 København	1154 København K	2025	121
101 København	1154 København K	2026	125
101 København	1156 København K	2010	14
101 København	1156 København K	2011	17
101 København	1156 København K	2012	13
101 København	1156 København K	2013	14
101 København	1156 København K	2014	14
101 København	1156 København K	2015	13
101 København	1156 København K	2016	16
101 København	1156 København K	2017	20
101 København	1156 København K	2018	19
101 København	1156 København K	2019	18
101 København	1156 København K	2020	21
101 København	1156 København K	2021	21
101 København	1156 København K	2022	22
101 København	1156 København K	2023	20
101 København	1156 København K	2024	24
101 København	1156 København K	2025	23
101 København	1156 København K	2026	19
101 København	1157 København K	2010	72
101 København	1157 København K	2011	75
101 København	1157 København K	2012	78
101 København	1157 København K	2013	80
101 København	1157 København K	2014	85
101 København	1157 København K	2015	90
101 København	1157 København K	2016	81
101 København	1157 København K	2017	91
101 København	1157 København K	2018	87
101 København	1157 København K	2019	97
101 København	1157 København K	2020	89
101 København	1157 København K	2021	86
101 København	1157 København K	2022	80
101 København	1157 København K	2023	78
101 København	1157 København K	2024	91
101 København	1157 København K	2025	95
101 København	1157 København K	2026	90
101 København	1158 København K	2010	1
101 København	1158 København K	2011	1
101 København	1158 København K	2012	1
101 København	1158 København K	2013	1
101 København	1158 København K	2014	1
101 København	1158 København K	2015	1
101 København	1158 København K	2016	1
101 København	1158 København K	2017	2
101 København	1158 København K	2018	2
101 København	1158 København K	2019	3
101 København	1158 København K	2020	2
101 København	1158 København K	2021	4
101 København	1158 København K	2022	3
101 København	1158 København K	2023	3
101 København	1158 København K	2024	4
101 København	1158 København K	2025	4
101 København	1158 København K	2026	4
101 København	1159 København K	2010	245
101 København	1159 København K	2011	274
101 København	1159 København K	2012	322
101 København	1159 København K	2013	283
101 København	1159 København K	2014	296
101 København	1159 København K	2015	291
101 København	1159 København K	2016	357
101 København	1159 København K	2017	343
101 København	1159 København K	2018	400
101 København	1159 København K	2019	400
101 København	1159 København K	2020	343
101 København	1159 København K	2021	386
101 København	1159 København K	2022	360
101 København	1159 København K	2023	382
101 København	1159 København K	2024	347
101 København	1159 København K	2025	335
101 København	1159 København K	2026	357
101 København	1160 København K	2010	17
101 København	1160 København K	2011	15
101 København	1160 København K	2012	14
101 København	1160 København K	2013	15
101 København	1160 København K	2014	15
101 København	1160 København K	2015	21
101 København	1160 København K	2016	21
101 København	1160 København K	2017	19
101 København	1160 København K	2018	26
101 København	1160 København K	2019	26
101 København	1160 København K	2020	29
101 København	1160 København K	2021	33
101 København	1160 København K	2022	33
101 København	1160 København K	2023	30
101 København	1160 København K	2024	33
101 København	1160 København K	2025	34
101 København	1160 København K	2026	33
101 København	1161 København K	2010	30
101 København	1161 København K	2011	31
101 København	1161 København K	2012	35
101 København	1161 København K	2013	37
101 København	1161 København K	2014	37
101 København	1161 København K	2015	37
101 København	1161 København K	2016	35
101 København	1161 København K	2017	39
101 København	1161 København K	2018	42
101 København	1161 København K	2019	43
101 København	1161 København K	2020	42
101 København	1161 København K	2021	42
101 København	1161 København K	2022	40
101 København	1161 København K	2023	40
101 København	1161 København K	2024	37
101 København	1161 København K	2025	34
101 København	1161 København K	2026	44
101 København	1164 København K	2010	5
101 København	1164 København K	2011	3
101 København	1164 København K	2012	3
101 København	1164 København K	2013	5
101 København	1164 København K	2014	4
101 København	1164 København K	2015	4
101 København	1164 København K	2016	6
101 København	1164 København K	2017	20
101 København	1164 København K	2018	14
101 København	1164 København K	2019	23
101 København	1164 København K	2020	31
101 København	1164 København K	2021	33
101 København	1164 København K	2022	44
101 København	1164 København K	2023	49
101 København	1164 København K	2024	44
101 København	1164 København K	2025	45
101 København	1164 København K	2026	46
101 København	1165 København K	2010	141
101 København	1165 København K	2011	151
101 København	1165 København K	2012	165
101 København	1165 København K	2013	169
101 København	1165 København K	2014	196
101 København	1165 København K	2015	206
101 København	1165 København K	2016	215
101 København	1165 København K	2017	235
101 København	1165 København K	2018	250
101 København	1165 København K	2019	279
101 København	1165 København K	2020	267
101 København	1165 København K	2021	282
101 København	1165 København K	2022	273
101 København	1165 København K	2023	271
101 København	1165 København K	2024	266
101 København	1165 København K	2025	262
101 København	1165 København K	2026	242
101 København	1166 København K	2010	9
101 København	1166 København K	2011	4
101 København	1166 København K	2012	4
101 København	1166 København K	2013	10
101 København	1166 København K	2014	13
101 København	1166 København K	2015	15
101 København	1166 København K	2016	14
101 København	1166 København K	2017	14
101 København	1166 København K	2018	11
101 København	1166 København K	2019	7
101 København	1166 København K	2020	9
101 København	1166 København K	2021	10
101 København	1166 København K	2022	7
101 København	1166 København K	2023	8
101 København	1166 København K	2024	4
101 København	1166 København K	2025	11
101 København	1166 København K	2026	11
101 København	1169 København K	2010	291
101 København	1169 København K	2011	288
101 København	1169 København K	2012	318
101 København	1169 København K	2013	294
101 København	1169 København K	2014	311
101 København	1169 København K	2015	297
101 København	1169 København K	2016	341
101 København	1169 København K	2017	314
101 København	1169 København K	2018	342
101 København	1169 København K	2019	321
101 København	1169 København K	2020	318
101 København	1169 København K	2021	288
101 København	1169 København K	2022	300
101 København	1169 København K	2023	301
101 København	1169 København K	2024	298
101 København	1169 København K	2025	297
101 København	1169 København K	2026	304
101 København	1170 København K	2010	16
101 København	1170 København K	2011	17
101 København	1170 København K	2012	16
101 København	1170 København K	2013	17
101 København	1170 København K	2014	17
101 København	1170 København K	2015	17
101 København	1170 København K	2016	18
101 København	1170 København K	2017	16
101 København	1170 København K	2018	17
101 København	1170 København K	2019	16
101 København	1170 København K	2020	13
101 København	1170 København K	2021	15
101 København	1170 København K	2022	15
101 København	1170 København K	2023	18
101 København	1170 København K	2024	17
101 København	1170 København K	2025	15
101 København	1170 København K	2026	16
101 København	1171 København K	2010	245
101 København	1171 København K	2011	253
101 København	1171 København K	2012	253
101 København	1171 København K	2013	262
101 København	1171 København K	2014	264
101 København	1171 København K	2015	259
101 København	1171 København K	2016	265
101 København	1171 København K	2017	310
101 København	1171 København K	2018	316
101 København	1171 København K	2019	321
101 København	1171 København K	2020	316
101 København	1171 København K	2021	305
101 København	1171 København K	2022	326
101 København	1171 København K	2023	340
101 København	1171 København K	2024	340
101 København	1171 København K	2025	341
101 København	1171 København K	2026	346
101 København	1172 København K	2010	82
101 København	1172 København K	2011	82
101 København	1172 København K	2012	80
101 København	1172 København K	2013	86
101 København	1172 København K	2014	92
101 København	1172 København K	2015	90
101 København	1172 København K	2016	92
101 København	1172 København K	2017	105
101 København	1172 København K	2018	98
101 København	1172 København K	2019	98
101 København	1172 København K	2020	99
101 København	1172 København K	2021	105
101 København	1172 København K	2022	101
101 København	1172 København K	2023	104
101 København	1172 København K	2024	115
101 København	1172 København K	2025	111
101 København	1172 København K	2026	101
101 København	1173 København K	2010	125
101 København	1173 København K	2011	139
101 København	1173 København K	2012	146
101 København	1173 København K	2013	146
101 København	1173 København K	2014	138
101 København	1173 København K	2015	142
101 København	1173 København K	2016	146
101 København	1173 København K	2017	147
101 København	1173 København K	2018	141
101 København	1173 København K	2019	147
101 København	1173 København K	2020	141
101 København	1173 København K	2021	152
101 København	1173 København K	2022	150
101 København	1173 København K	2023	147
101 København	1173 København K	2024	159
101 København	1173 København K	2025	161
101 København	1173 København K	2026	162
101 København	1174 København K	2010	139
101 København	1174 København K	2011	145
101 København	1174 København K	2012	176
101 København	1174 København K	2013	192
101 København	1174 København K	2014	193
101 København	1174 København K	2015	184
101 København	1174 København K	2016	193
101 København	1174 København K	2017	201
101 København	1174 København K	2018	185
101 København	1174 København K	2019	188
101 København	1174 København K	2020	193
101 København	1174 København K	2021	190
101 København	1174 København K	2022	196
101 København	1174 København K	2023	182
101 København	1174 København K	2024	187
101 København	1174 København K	2025	179
101 København	1174 København K	2026	187
101 København	1175 København K	2010	7
101 København	1175 København K	2011	7
101 København	1175 København K	2012	7
101 København	1175 København K	2013	8
101 København	1175 København K	2014	12
101 København	1175 København K	2015	12
101 København	1175 København K	2016	14
101 København	1175 København K	2017	18
101 København	1175 København K	2018	21
101 København	1175 København K	2019	17
101 København	1175 København K	2020	18
101 København	1175 København K	2021	20
101 København	1175 København K	2022	19
101 København	1175 København K	2023	27
101 København	1175 København K	2024	29
101 København	1175 København K	2025	30
101 København	1175 København K	2026	30
101 København	1200 København K	2010	23
101 København	1200 København K	2011	30
101 København	1200 København K	2012	31
101 København	1200 København K	2013	25
101 København	1200 København K	2014	25
101 København	1200 København K	2015	27
101 København	1200 København K	2016	41
101 København	1200 København K	2017	39
101 København	1200 København K	2018	37
101 København	1200 København K	2019	33
101 København	1200 København K	2020	43
101 København	1200 København K	2021	45
101 København	1200 København K	2022	45
101 København	1200 København K	2023	58
101 København	1200 København K	2024	53
101 København	1200 København K	2025	55
101 København	1200 København K	2026	58
101 København	1201 København K	2010	60
101 København	1201 København K	2011	70
101 København	1201 København K	2012	68
101 København	1201 København K	2013	67
101 København	1201 København K	2014	63
101 København	1201 København K	2015	65
101 København	1201 København K	2016	80
101 København	1201 København K	2017	86
101 København	1201 København K	2018	87
101 København	1201 København K	2019	74
101 København	1201 København K	2020	75
101 København	1201 København K	2021	76
101 København	1201 København K	2022	88
101 København	1201 København K	2023	88
101 København	1201 København K	2024	89
101 København	1201 København K	2025	100
101 København	1201 København K	2026	107
101 København	1202 København K	2010	26
101 København	1202 København K	2011	32
101 København	1202 København K	2012	38
101 København	1202 København K	2013	39
101 København	1202 København K	2014	38
101 København	1202 København K	2015	43
101 København	1202 København K	2016	48
101 København	1202 København K	2017	48
101 København	1202 København K	2018	46
101 København	1202 København K	2019	45
101 København	1202 København K	2020	47
101 København	1202 København K	2021	46
101 København	1202 København K	2022	52
101 København	1202 København K	2023	48
101 København	1202 København K	2024	48
101 København	1202 København K	2025	43
101 København	1202 København K	2026	46
101 København	1203 København K	2010	71
101 København	1203 København K	2011	68
101 København	1203 København K	2012	85
101 København	1203 København K	2013	80
101 København	1203 København K	2014	74
101 København	1203 København K	2015	72
101 København	1203 København K	2016	75
101 København	1203 København K	2017	67
101 København	1203 København K	2018	72
101 København	1203 København K	2019	72
101 København	1203 København K	2020	70
101 København	1203 København K	2021	76
101 København	1203 København K	2022	77
101 København	1203 København K	2023	77
101 København	1203 København K	2024	75
101 København	1203 København K	2025	65
101 København	1203 København K	2026	72
101 København	1204 København K	2010	55
101 København	1204 København K	2011	55
101 København	1204 København K	2012	57
101 København	1204 København K	2013	53
101 København	1204 København K	2014	57
101 København	1204 København K	2015	55
101 København	1204 København K	2016	49
101 København	1204 København K	2017	54
101 København	1204 København K	2018	51
101 København	1204 København K	2019	54
101 København	1204 København K	2020	53
101 København	1204 København K	2021	57
101 København	1204 København K	2022	55
101 København	1204 København K	2023	46
101 København	1204 København K	2024	50
101 København	1204 København K	2025	46
101 København	1204 København K	2026	48
101 København	1205 København K	2010	35
101 København	1205 København K	2011	36
101 København	1205 København K	2012	37
101 København	1205 København K	2013	38
101 København	1205 København K	2014	42
101 København	1205 København K	2015	37
101 København	1205 København K	2016	43
101 København	1205 København K	2017	50
101 København	1205 København K	2018	53
101 København	1205 København K	2019	52
101 København	1205 København K	2020	62
101 København	1205 København K	2021	58
101 København	1205 København K	2022	60
101 København	1205 København K	2023	54
101 København	1205 København K	2024	52
101 København	1205 København K	2025	58
101 København	1205 København K	2026	63
101 København	1206 København K	2010	24
101 København	1206 København K	2011	23
101 København	1206 København K	2012	26
101 København	1206 København K	2013	28
101 København	1206 København K	2014	28
101 København	1206 København K	2015	27
101 København	1206 København K	2016	31
101 København	1206 København K	2017	33
101 København	1206 København K	2018	30
101 København	1206 København K	2019	32
101 København	1206 København K	2020	34
101 København	1206 København K	2021	30
101 København	1206 København K	2022	32
101 København	1206 København K	2023	36
101 København	1206 København K	2024	34
101 København	1206 København K	2025	34
101 København	1206 København K	2026	32
101 København	1207 København K	2010	43
101 København	1207 København K	2011	48
101 København	1207 København K	2012	46
101 København	1207 København K	2013	49
101 København	1207 København K	2014	52
101 København	1207 København K	2015	48
101 København	1207 København K	2016	50
101 København	1207 København K	2017	51
101 København	1207 København K	2018	46
101 København	1207 København K	2019	53
101 København	1207 København K	2020	47
101 København	1207 København K	2021	52
101 København	1207 København K	2022	53
101 København	1207 København K	2023	53
101 København	1207 København K	2024	48
101 København	1207 København K	2025	47
101 København	1207 København K	2026	49
101 København	1208 København K	2010	131
101 København	1208 København K	2011	141
101 København	1208 København K	2012	132
101 København	1208 København K	2013	138
101 København	1208 København K	2014	136
101 København	1208 København K	2015	145
101 København	1208 København K	2016	159
101 København	1208 København K	2017	159
101 København	1208 København K	2018	159
101 København	1208 København K	2019	159
101 København	1208 København K	2020	171
101 København	1208 København K	2021	181
101 København	1208 København K	2022	165
101 København	1208 København K	2023	162
101 København	1208 København K	2024	154
101 København	1208 København K	2025	156
101 København	1208 København K	2026	162
101 København	1209 København K	2010	128
101 København	1209 København K	2011	130
101 København	1209 København K	2012	149
101 København	1209 København K	2013	145
101 København	1209 København K	2014	149
101 København	1209 København K	2015	157
101 København	1209 København K	2016	167
101 København	1209 København K	2017	164
101 København	1209 København K	2018	162
101 København	1209 København K	2019	156
101 København	1209 København K	2020	150
101 København	1209 København K	2021	166
101 København	1209 København K	2022	159
101 København	1209 København K	2023	162
101 København	1209 København K	2024	152
101 København	1209 København K	2025	152
101 København	1209 København K	2026	150
101 København	1210 København K	2010	96
101 København	1210 København K	2011	94
101 København	1210 København K	2012	97
101 København	1210 København K	2013	84
101 København	1210 København K	2014	85
101 København	1210 København K	2015	91
101 København	1210 København K	2016	93
101 København	1210 København K	2017	115
101 København	1210 København K	2018	113
101 København	1210 København K	2019	115
101 København	1210 København K	2020	121
101 København	1210 København K	2021	113
101 København	1210 København K	2022	131
101 København	1210 København K	2023	128
101 København	1210 København K	2024	124
101 København	1210 København K	2025	119
101 København	1210 København K	2026	123
101 København	1211 København K	2010	67
101 København	1211 København K	2011	66
101 København	1211 København K	2012	64
101 København	1211 København K	2013	63
101 København	1211 København K	2014	66
101 København	1211 København K	2015	72
101 København	1211 København K	2016	60
101 København	1211 København K	2017	61
101 København	1211 København K	2018	61
101 København	1211 København K	2019	80
101 København	1211 København K	2020	77
101 København	1211 København K	2021	80
101 København	1211 København K	2022	74
101 København	1211 København K	2023	78
101 København	1211 København K	2024	80
101 København	1211 København K	2025	77
101 København	1211 København K	2026	79
101 København	1212 København K	2010	0
101 København	1212 København K	2011	0
101 København	1212 København K	2012	0
101 København	1212 København K	2013	0
101 København	1212 København K	2014	0
101 København	1212 København K	2015	1
101 København	1212 København K	2016	0
101 København	1212 København K	2017	0
101 København	1212 København K	2018	0
101 København	1212 København K	2019	0
101 København	1212 København K	2020	0
101 København	1212 København K	2021	0
101 København	1212 København K	2022	0
101 København	1212 København K	2023	0
101 København	1212 København K	2024	0
101 København	1212 København K	2025	0
101 København	1212 København K	2026	0
101 København	1218 København K	2010	14
101 København	1218 København K	2011	14
101 København	1218 København K	2012	14
101 København	1218 København K	2013	16
101 København	1218 København K	2014	15
101 København	1218 København K	2015	14
101 København	1218 København K	2016	17
101 København	1218 København K	2017	15
101 København	1218 København K	2018	16
101 København	1218 København K	2019	14
101 København	1218 København K	2020	14
101 København	1218 København K	2021	15
101 København	1218 København K	2022	14
101 København	1218 København K	2023	16
101 København	1218 København K	2024	16
101 København	1218 København K	2025	19
101 København	1218 København K	2026	18
101 København	1219 København K	2010	0
101 København	1219 København K	2011	0
101 København	1219 København K	2012	0
101 København	1219 København K	2013	0
101 København	1219 København K	2014	0
101 København	1219 København K	2015	0
101 København	1219 København K	2016	0
101 København	1219 København K	2017	0
101 København	1219 København K	2018	0
101 København	1219 København K	2019	4
101 København	1219 København K	2020	10
101 København	1219 København K	2021	16
101 København	1219 København K	2022	13
101 København	1219 København K	2023	8
101 København	1219 København K	2024	11
101 København	1219 København K	2025	14
101 København	1219 København K	2026	15
101 København	1220 København K	2010	49
101 København	1220 København K	2011	56
101 København	1220 København K	2012	63
101 København	1220 København K	2013	56
101 København	1220 København K	2014	59
101 København	1220 København K	2015	56
101 København	1220 København K	2016	41
101 København	1220 København K	2017	33
101 København	1220 København K	2018	38
101 København	1220 København K	2019	42
101 København	1220 København K	2020	98
101 København	1220 København K	2021	116
101 København	1220 København K	2022	112
101 København	1220 København K	2023	114
101 København	1220 København K	2024	116
101 København	1220 København K	2025	119
101 København	1220 København K	2026	125
101 København	1250 København K	2010	79
101 København	1250 København K	2011	91
101 København	1250 København K	2012	94
101 København	1250 København K	2013	94
101 København	1250 København K	2014	99
101 København	1250 København K	2015	89
101 København	1250 København K	2016	88
101 København	1250 København K	2017	96
101 København	1250 København K	2018	88
101 København	1250 København K	2019	90
101 København	1250 København K	2020	95
101 København	1250 København K	2021	99
101 København	1250 København K	2022	93
101 København	1250 København K	2023	90
101 København	1250 København K	2024	91
101 København	1250 København K	2025	101
101 København	1250 København K	2026	96
101 København	1251 København K	2010	24
101 København	1251 København K	2011	25
101 København	1251 København K	2012	27
101 København	1251 København K	2013	29
101 København	1251 København K	2014	28
101 København	1251 København K	2015	28
101 København	1251 København K	2016	38
101 København	1251 København K	2017	28
101 København	1251 København K	2018	52
101 København	1251 København K	2019	58
101 København	1251 København K	2020	56
101 København	1251 København K	2021	56
101 København	1251 København K	2022	57
101 København	1251 København K	2023	57
101 København	1251 København K	2024	56
101 København	1251 København K	2025	66
101 København	1251 København K	2026	62
101 København	1253 København K	2010	516
101 København	1253 København K	2011	518
101 København	1253 København K	2012	553
101 København	1253 København K	2013	574
101 København	1253 København K	2014	556
101 København	1253 København K	2015	570
101 København	1253 København K	2016	565
101 København	1253 København K	2017	592
101 København	1253 København K	2018	607
101 København	1253 København K	2019	626
101 København	1253 København K	2020	607
101 København	1253 København K	2021	629
101 København	1253 København K	2022	619
101 København	1253 København K	2023	628
101 København	1253 København K	2024	643
101 København	1253 København K	2025	656
101 København	1253 København K	2026	641
101 København	1254 København K	2010	180
101 København	1254 København K	2011	180
101 København	1254 København K	2012	190
101 København	1254 København K	2013	197
101 København	1254 København K	2014	207
101 København	1254 København K	2015	212
101 København	1254 København K	2016	213
101 København	1254 København K	2017	216
101 København	1254 København K	2018	228
101 København	1254 København K	2019	231
101 København	1254 København K	2020	223
101 København	1254 København K	2021	227
101 København	1254 København K	2022	218
101 København	1254 København K	2023	222
101 København	1254 København K	2024	232
101 København	1254 København K	2025	241
101 København	1254 København K	2026	243
101 København	1255 København K	2010	91
101 København	1255 København K	2011	83
101 København	1255 København K	2012	95
101 København	1255 København K	2013	88
101 København	1255 København K	2014	94
101 København	1255 København K	2015	113
101 København	1255 København K	2016	113
101 København	1255 København K	2017	115
101 København	1255 København K	2018	103
101 København	1255 København K	2019	115
101 København	1255 København K	2020	123
101 København	1255 København K	2021	101
101 København	1255 København K	2022	94
101 København	1255 København K	2023	97
101 København	1255 København K	2024	87
101 København	1255 København K	2025	99
101 København	1255 København K	2026	98
101 København	1256 København K	2010	296
101 København	1256 København K	2011	312
101 København	1256 København K	2012	304
101 København	1256 København K	2013	313
101 København	1256 København K	2014	338
101 København	1256 København K	2015	337
101 København	1256 København K	2016	324
101 København	1256 København K	2017	381
101 København	1256 København K	2018	413
101 København	1256 København K	2019	409
101 København	1256 København K	2020	418
101 København	1256 København K	2021	389
101 København	1256 København K	2022	402
101 København	1256 København K	2023	413
101 København	1256 København K	2024	398
101 København	1256 København K	2025	412
101 København	1256 København K	2026	418
101 København	1257 København K	2010	11
101 København	1257 København K	2011	17
101 København	1257 København K	2012	21
101 København	1257 København K	2013	22
101 København	1257 København K	2014	21
101 København	1257 København K	2015	25
101 København	1257 København K	2016	17
101 København	1257 København K	2017	20
101 København	1257 København K	2018	23
101 København	1257 København K	2019	22
101 København	1257 København K	2020	19
101 København	1257 København K	2021	19
101 København	1257 København K	2022	19
101 København	1257 København K	2023	20
101 København	1257 København K	2024	19
101 København	1257 København K	2025	17
101 København	1257 København K	2026	18
101 København	1259 København K	2010	1
101 København	1259 København K	2011	1
101 København	1259 København K	2012	1
101 København	1259 København K	2013	1
101 København	1259 København K	2014	1
101 København	1259 København K	2015	1
101 København	1259 København K	2016	1
101 København	1259 København K	2017	1
101 København	1259 København K	2018	1
101 København	1259 København K	2019	0
101 København	1259 København K	2020	4
101 København	1259 København K	2021	4
101 København	1259 København K	2022	4
101 København	1259 København K	2023	0
101 København	1259 København K	2024	1
101 København	1259 København K	2025	0
101 København	1259 København K	2026	0
101 København	1260 København K	2010	298
101 København	1260 København K	2011	300
101 København	1260 København K	2012	306
101 København	1260 København K	2013	325
101 København	1260 København K	2014	336
101 København	1260 København K	2015	348
101 København	1260 København K	2016	339
101 København	1260 København K	2017	363
101 København	1260 København K	2018	350
101 København	1260 København K	2019	364
101 København	1260 København K	2020	364
101 København	1260 København K	2021	366
101 København	1260 København K	2022	364
101 København	1260 København K	2023	367
101 København	1260 København K	2024	348
101 København	1260 København K	2025	370
101 København	1260 København K	2026	360
101 København	1261 København K	2010	54
101 København	1261 København K	2011	57
101 København	1261 København K	2012	56
101 København	1261 København K	2013	59
101 København	1261 København K	2014	61
101 København	1261 København K	2015	53
101 København	1261 København K	2016	65
101 København	1261 København K	2017	72
101 København	1261 København K	2018	70
101 København	1261 København K	2019	74
101 København	1261 København K	2020	66
101 København	1261 København K	2021	79
101 København	1261 København K	2022	81
101 København	1261 København K	2023	74
101 København	1261 København K	2024	75
101 København	1261 København K	2025	73
101 København	1261 København K	2026	79
101 København	1263 København K	2010	157
101 København	1263 København K	2011	180
101 København	1263 København K	2012	184
101 København	1263 København K	2013	192
101 København	1263 København K	2014	182
101 København	1263 København K	2015	201
101 København	1263 København K	2016	195
101 København	1263 København K	2017	203
101 København	1263 København K	2018	194
101 København	1263 København K	2019	195
101 København	1263 København K	2020	202
101 København	1263 København K	2021	184
101 København	1263 København K	2022	203
101 København	1263 København K	2023	195
101 København	1263 København K	2024	200
101 København	1263 København K	2025	209
101 København	1263 København K	2026	214
101 København	1264 København K	2010	959
101 København	1264 København K	2011	1011
101 København	1264 København K	2012	1103
101 København	1264 København K	2013	1147
101 København	1264 København K	2014	1182
101 København	1264 København K	2015	1164
101 København	1264 København K	2016	1235
101 København	1264 København K	2017	1247
101 København	1264 København K	2018	1339
101 København	1264 København K	2019	1270
101 København	1264 København K	2020	1200
101 København	1264 København K	2021	1267
101 København	1264 København K	2022	1309
101 København	1264 København K	2023	1330
101 København	1264 København K	2024	1315
101 København	1264 København K	2025	1313
101 København	1264 København K	2026	1317
101 København	1265 København K	2010	129
101 København	1265 København K	2011	134
101 København	1265 København K	2012	116
101 København	1265 København K	2013	126
101 København	1265 København K	2014	124
101 København	1265 København K	2015	120
101 København	1265 København K	2016	130
101 København	1265 København K	2017	122
101 København	1265 København K	2018	126
101 København	1265 København K	2019	122
101 København	1265 København K	2020	120
101 København	1265 København K	2021	130
101 København	1265 København K	2022	144
101 København	1265 København K	2023	133
101 København	1265 København K	2024	135
101 København	1265 København K	2025	131
101 København	1265 København K	2026	133
101 København	1266 København K	2010	86
101 København	1266 København K	2011	84
101 København	1266 København K	2012	83
101 København	1266 København K	2013	95
101 København	1266 København K	2014	86
101 København	1266 København K	2015	88
101 København	1266 København K	2016	90
101 København	1266 København K	2017	85
101 København	1266 København K	2018	85
101 København	1266 København K	2019	89
101 København	1266 København K	2020	89
101 København	1266 København K	2021	84
101 København	1266 København K	2022	85
101 København	1266 København K	2023	86
101 København	1266 København K	2024	81
101 København	1266 København K	2025	85
101 København	1266 København K	2026	78
101 København	1267 København K	2010	79
101 København	1267 København K	2011	87
101 København	1267 København K	2012	74
101 København	1267 København K	2013	85
101 København	1267 København K	2014	75
101 København	1267 København K	2015	58
101 København	1267 København K	2016	59
101 København	1267 København K	2017	62
101 København	1267 København K	2018	53
101 København	1267 København K	2019	58
101 København	1267 København K	2020	55
101 København	1267 København K	2021	67
101 København	1267 København K	2022	72
101 København	1267 København K	2023	70
101 København	1267 København K	2024	71
101 København	1267 København K	2025	73
101 København	1267 København K	2026	67
101 København	1268 København K	2010	40
101 København	1268 København K	2011	44
101 København	1268 København K	2012	44
101 København	1268 København K	2013	41
101 København	1268 København K	2014	47
101 København	1268 København K	2015	55
101 København	1268 København K	2016	59
101 København	1268 København K	2017	51
101 København	1268 København K	2018	50
101 København	1268 København K	2019	51
101 København	1268 København K	2020	53
101 København	1268 København K	2021	46
101 København	1268 København K	2022	46
101 København	1268 København K	2023	50
101 København	1268 København K	2024	55
101 København	1268 København K	2025	53
101 København	1268 København K	2026	55
101 København	1270 København K	2010	129
101 København	1270 København K	2011	130
101 København	1270 København K	2012	131
101 København	1270 København K	2013	133
101 København	1270 København K	2014	141
101 København	1270 København K	2015	145
101 København	1270 København K	2016	141
101 København	1270 København K	2017	145
101 København	1270 København K	2018	145
101 København	1270 København K	2019	144
101 København	1270 København K	2020	134
101 København	1270 København K	2021	138
101 København	1270 København K	2022	129
101 København	1270 København K	2023	130
101 København	1270 København K	2024	128
101 København	1270 København K	2025	133
101 København	1270 København K	2026	132
101 København	1271 København K	2010	19
101 København	1271 København K	2011	23
101 København	1271 København K	2012	23
101 København	1271 København K	2013	17
101 København	1271 København K	2014	20
101 København	1271 København K	2015	18
101 København	1271 København K	2016	17
101 København	1271 København K	2017	18
101 København	1271 København K	2018	16
101 København	1271 København K	2019	16
101 København	1271 København K	2020	15
101 København	1271 København K	2021	15
101 København	1271 København K	2022	16
101 København	1271 København K	2023	15
101 København	1271 København K	2024	13
101 København	1271 København K	2025	14
101 København	1271 København K	2026	18
101 København	1300 København K	2010	461
101 København	1300 København K	2011	457
101 København	1300 København K	2012	472
101 København	1300 København K	2013	465
101 København	1300 København K	2014	472
101 København	1300 København K	2015	454
101 København	1300 København K	2016	466
101 København	1300 København K	2017	495
101 København	1300 København K	2018	481
101 København	1300 København K	2019	485
101 København	1300 København K	2020	480
101 København	1300 København K	2021	488
101 København	1300 København K	2022	488
101 København	1300 København K	2023	475
101 København	1300 København K	2024	497
101 København	1300 København K	2025	493
101 København	1300 København K	2026	515
101 København	1302 København K	2010	820
101 København	1302 København K	2011	848
101 København	1302 København K	2012	847
101 København	1302 København K	2013	883
101 København	1302 København K	2014	902
101 København	1302 København K	2015	900
101 København	1302 København K	2016	941
101 København	1302 København K	2017	946
101 København	1302 København K	2018	951
101 København	1302 København K	2019	950
101 København	1302 København K	2020	929
101 København	1302 København K	2021	938
101 København	1302 København K	2022	907
101 København	1302 København K	2023	924
101 København	1302 København K	2024	944
101 København	1302 København K	2025	946
101 København	1302 København K	2026	947
101 København	1303 København K	2010	105
101 København	1303 København K	2011	100
101 København	1303 København K	2012	100
101 København	1303 København K	2013	101
101 København	1303 København K	2014	101
101 København	1303 København K	2015	100
101 København	1303 København K	2016	96
101 København	1303 København K	2017	97
101 København	1303 København K	2018	106
101 København	1303 København K	2019	111
101 København	1303 København K	2020	110
101 København	1303 København K	2021	102
101 København	1303 København K	2022	104
101 København	1303 København K	2023	110
101 København	1303 København K	2024	107
101 København	1303 København K	2025	113
101 København	1303 København K	2026	112
101 København	1304 København K	2010	479
101 København	1304 København K	2011	476
101 København	1304 København K	2012	472
101 København	1304 København K	2013	491
101 København	1304 København K	2014	501
101 København	1304 København K	2015	530
101 København	1304 København K	2016	539
101 København	1304 København K	2017	522
101 København	1304 København K	2018	536
101 København	1304 København K	2019	529
101 København	1304 København K	2020	515
101 København	1304 København K	2021	504
101 København	1304 København K	2022	510
101 København	1304 København K	2023	491
101 København	1304 København K	2024	479
101 København	1304 København K	2025	485
101 København	1304 København K	2026	496
101 København	1306 København K	2010	676
101 København	1306 København K	2011	669
101 København	1306 København K	2012	669
101 København	1306 København K	2013	658
101 København	1306 København K	2014	655
101 København	1306 København K	2015	585
101 København	1306 København K	2016	605
101 København	1306 København K	2017	651
101 København	1306 København K	2018	675
101 København	1306 København K	2019	663
101 København	1306 København K	2020	662
101 København	1306 København K	2021	667
101 København	1306 København K	2022	672
101 København	1306 København K	2023	661
101 København	1306 København K	2024	646
101 København	1306 København K	2025	648
101 København	1306 København K	2026	658
101 København	1307 København K	2010	954
101 København	1307 København K	2011	962
101 København	1307 København K	2012	972
101 København	1307 København K	2013	986
101 København	1307 København K	2014	1010
101 København	1307 København K	2015	996
101 København	1307 København K	2016	1035
101 København	1307 København K	2017	1484
101 København	1307 København K	2018	1582
101 København	1307 København K	2019	1665
101 København	1307 København K	2020	1608
101 København	1307 København K	2021	1611
101 København	1307 København K	2022	1653
101 København	1307 København K	2023	1656
101 København	1307 København K	2024	1682
101 København	1307 København K	2025	1681
101 København	1307 København K	2026	1467
101 København	1308 København K	2010	207
101 København	1308 København K	2011	185
101 København	1308 København K	2012	199
101 København	1308 København K	2013	200
101 København	1308 København K	2014	204
101 København	1308 København K	2015	210
101 København	1308 København K	2016	201
101 København	1308 København K	2017	222
101 København	1308 København K	2018	281
101 København	1308 København K	2019	289
101 København	1308 København K	2020	295
101 København	1308 København K	2021	291
101 København	1308 København K	2022	286
101 København	1308 København K	2023	281
101 København	1308 København K	2024	294
101 København	1308 København K	2025	295
101 København	1308 København K	2026	275
101 København	1309 København K	2010	173
101 København	1309 København K	2011	187
101 København	1309 København K	2012	187
101 København	1309 København K	2013	180
101 København	1309 København K	2014	177
101 København	1309 København K	2015	171
101 København	1309 København K	2016	175
101 København	1309 København K	2017	165
101 København	1309 København K	2018	166
101 København	1309 København K	2019	166
101 København	1309 København K	2020	167
101 København	1309 København K	2021	161
101 København	1309 København K	2022	167
101 København	1309 København K	2023	164
101 København	1309 København K	2024	164
101 København	1309 København K	2025	159
101 København	1309 København K	2026	161
101 København	1310 København K	2010	603
101 København	1310 København K	2011	637
101 København	1310 København K	2012	626
101 København	1310 København K	2013	655
101 København	1310 København K	2014	660
101 København	1310 København K	2015	650
101 København	1310 København K	2016	652
101 København	1310 København K	2017	663
101 København	1310 København K	2018	670
101 København	1310 København K	2019	669
101 København	1310 København K	2020	697
101 København	1310 København K	2021	717
101 København	1310 København K	2022	700
101 København	1310 København K	2023	677
101 København	1310 København K	2024	712
101 København	1310 København K	2025	678
101 København	1310 København K	2026	696
101 København	1311 København K	2010	366
101 København	1311 København K	2011	387
101 København	1311 København K	2012	414
101 København	1311 København K	2013	409
101 København	1311 København K	2014	384
101 København	1311 København K	2015	403
101 København	1311 København K	2016	424
101 København	1311 København K	2017	422
101 København	1311 København K	2018	417
101 København	1311 København K	2019	411
101 København	1311 København K	2020	404
101 København	1311 København K	2021	400
101 København	1311 København K	2022	379
101 København	1311 København K	2023	380
101 København	1311 København K	2024	382
101 København	1311 København K	2025	390
101 København	1311 København K	2026	368
101 København	1312 København K	2010	23
101 København	1312 København K	2011	19
101 København	1312 København K	2012	21
101 København	1312 København K	2013	22
101 København	1312 København K	2014	24
101 København	1312 København K	2015	25
101 København	1312 København K	2016	25
101 København	1312 København K	2017	26
101 København	1312 København K	2018	25
101 København	1312 København K	2019	26
101 København	1312 København K	2020	21
101 København	1312 København K	2021	21
101 København	1312 København K	2022	19
101 København	1312 København K	2023	20
101 København	1312 København K	2024	19
101 København	1312 København K	2025	21
101 København	1312 København K	2026	23
101 København	1313 København K	2010	235
101 København	1313 København K	2011	231
101 København	1313 København K	2012	232
101 København	1313 København K	2013	237
101 København	1313 København K	2014	222
101 København	1313 København K	2015	223
101 København	1313 København K	2016	247
101 København	1313 København K	2017	237
101 København	1313 København K	2018	246
101 København	1313 København K	2019	240
101 København	1313 København K	2020	240
101 København	1313 København K	2021	245
101 København	1313 København K	2022	247
101 København	1313 København K	2023	249
101 København	1313 København K	2024	255
101 København	1313 København K	2025	264
101 København	1313 København K	2026	261
101 København	1314 København K	2010	91
101 København	1314 København K	2011	89
101 København	1314 København K	2012	100
101 København	1314 København K	2013	98
101 København	1314 København K	2014	78
101 København	1314 København K	2015	63
101 København	1314 København K	2016	63
101 København	1314 København K	2017	97
101 København	1314 København K	2018	99
101 København	1314 København K	2019	101
101 København	1314 København K	2020	94
101 København	1314 København K	2021	97
101 København	1314 København K	2022	95
101 København	1314 København K	2023	80
101 København	1314 København K	2024	86
101 København	1314 København K	2025	97
101 København	1314 København K	2026	102
101 København	1315 København K	2010	19
101 København	1315 København K	2011	18
101 København	1315 København K	2012	24
101 København	1315 København K	2013	20
101 København	1315 København K	2014	16
101 København	1315 København K	2015	1
101 København	1315 København K	2016	8
101 København	1315 København K	2017	32
101 København	1315 København K	2018	48
101 København	1315 København K	2019	43
101 København	1315 København K	2020	44
101 København	1315 København K	2021	51
101 København	1315 København K	2022	36
101 København	1315 København K	2023	46
101 København	1315 København K	2024	46
101 København	1315 København K	2025	54
101 København	1315 København K	2026	50
101 København	1316 København K	2010	219
101 København	1316 København K	2011	217
101 København	1316 København K	2012	213
101 København	1316 København K	2013	215
101 København	1316 København K	2014	184
101 København	1316 København K	2015	156
101 København	1316 København K	2016	154
101 København	1316 København K	2017	157
101 København	1316 København K	2018	148
101 København	1316 København K	2019	152
101 København	1316 København K	2020	212
101 København	1316 København K	2021	250
101 København	1316 København K	2022	227
101 København	1316 København K	2023	239
101 København	1316 København K	2024	243
101 København	1316 København K	2025	256
101 København	1316 København K	2026	237
101 København	1317 København K	2010	41
101 København	1317 København K	2011	42
101 København	1317 København K	2012	42
101 København	1317 København K	2013	42
101 København	1317 København K	2014	41
101 København	1317 København K	2015	39
101 København	1317 København K	2016	47
101 København	1317 København K	2017	52
101 København	1317 København K	2018	44
101 København	1317 København K	2019	41
101 København	1317 København K	2020	50
101 København	1317 København K	2021	45
101 København	1317 København K	2022	42
101 København	1317 København K	2023	40
101 København	1317 København K	2024	41
101 København	1317 København K	2025	37
101 København	1317 København K	2026	44
101 København	1318 København K	2010	58
101 København	1318 København K	2011	54
101 København	1318 København K	2012	55
101 København	1318 København K	2013	57
101 København	1318 København K	2014	54
101 København	1318 København K	2015	56
101 København	1318 København K	2016	59
101 København	1318 København K	2017	59
101 København	1318 København K	2018	58
101 København	1318 København K	2019	49
101 København	1318 København K	2020	51
101 København	1318 København K	2021	55
101 København	1318 København K	2022	50
101 København	1318 København K	2023	50
101 København	1318 København K	2024	51
101 København	1318 København K	2025	53
101 København	1318 København K	2026	51
101 København	1319 København K	2010	206
101 København	1319 København K	2011	215
101 København	1319 København K	2012	239
101 København	1319 København K	2013	240
101 København	1319 København K	2014	236
101 København	1319 København K	2015	198
101 København	1319 København K	2016	217
101 København	1319 København K	2017	221
101 København	1319 København K	2018	245
101 København	1319 København K	2019	241
101 København	1319 København K	2020	263
101 København	1319 København K	2021	259
101 København	1319 København K	2022	256
101 København	1319 København K	2023	272
101 København	1319 København K	2024	268
101 København	1319 København K	2025	262
101 København	1319 København K	2026	268
101 København	1320 København K	2010	83
101 København	1320 København K	2011	81
101 København	1320 København K	2012	87
101 København	1320 København K	2013	83
101 København	1320 København K	2014	83
101 København	1320 København K	2015	47
101 København	1320 København K	2016	50
101 København	1320 København K	2017	29
101 København	1320 København K	2018	19
101 København	1320 København K	2019	29
101 København	1320 København K	2020	33
101 København	1320 København K	2021	34
101 København	1320 København K	2022	34
101 København	1320 København K	2023	35
101 København	1320 København K	2024	65
101 København	1320 København K	2025	83
101 København	1320 København K	2026	80
101 København	1321 København K	2010	32
101 København	1321 København K	2011	37
101 København	1321 København K	2012	37
101 København	1321 København K	2013	35
101 København	1321 København K	2014	31
101 København	1321 København K	2015	22
101 København	1321 København K	2016	20
101 København	1321 København K	2017	19
101 København	1321 København K	2018	15
101 København	1321 København K	2019	20
101 København	1321 København K	2020	19
101 København	1321 København K	2021	18
101 København	1321 København K	2022	15
101 København	1321 København K	2023	27
101 København	1321 København K	2024	21
101 København	1321 København K	2025	28
101 København	1321 København K	2026	25
101 København	1322 København K	2010	134
101 København	1322 København K	2011	143
101 København	1322 København K	2012	159
101 København	1322 København K	2013	168
101 København	1322 København K	2014	172
101 København	1322 København K	2015	143
101 København	1322 København K	2016	139
101 København	1322 København K	2017	112
101 København	1322 København K	2018	101
101 København	1322 København K	2019	98
101 København	1322 København K	2020	92
101 København	1322 København K	2021	86
101 København	1322 København K	2022	85
101 København	1322 København K	2023	81
101 København	1322 København K	2024	110
101 København	1322 København K	2025	132
101 København	1322 København K	2026	141
101 København	1323 København K	2010	34
101 København	1323 København K	2011	28
101 København	1323 København K	2012	27
101 København	1323 København K	2013	25
101 København	1323 København K	2014	40
101 København	1323 København K	2015	39
101 København	1323 København K	2016	42
101 København	1323 København K	2017	39
101 København	1323 København K	2018	36
101 København	1323 København K	2019	45
101 København	1323 København K	2020	38
101 København	1323 København K	2021	36
101 København	1323 København K	2022	45
101 København	1323 København K	2023	35
101 København	1323 København K	2024	33
101 København	1323 København K	2025	29
101 København	1323 København K	2026	40
101 København	1324 København K	2010	113
101 København	1324 København K	2011	135
101 København	1324 København K	2012	132
101 København	1324 København K	2013	138
101 København	1324 København K	2014	137
101 København	1324 København K	2015	125
101 København	1324 København K	2016	122
101 København	1324 København K	2017	129
101 København	1324 København K	2018	125
101 København	1324 København K	2019	144
101 København	1324 København K	2020	136
101 København	1324 København K	2021	126
101 København	1324 København K	2022	113
101 København	1324 København K	2023	115
101 København	1324 København K	2024	102
101 København	1324 København K	2025	126
101 København	1324 København K	2026	128
101 København	1325 København K	2010	112
101 København	1325 København K	2011	107
101 København	1325 København K	2012	129
101 København	1325 København K	2013	123
101 København	1325 København K	2014	115
101 København	1325 København K	2015	136
101 København	1325 København K	2016	149
101 København	1325 København K	2017	133
101 København	1325 København K	2018	150
101 København	1325 København K	2019	156
101 København	1325 København K	2020	131
101 København	1325 København K	2021	137
101 København	1325 København K	2022	132
101 København	1325 København K	2023	105
101 København	1325 København K	2024	114
101 København	1325 København K	2025	122
101 København	1325 København K	2026	117
101 København	1326 København K	2010	35
101 København	1326 København K	2011	38
101 København	1326 København K	2012	52
101 København	1326 København K	2013	47
101 København	1326 København K	2014	46
101 København	1326 København K	2015	45
101 København	1326 København K	2016	52
101 København	1326 København K	2017	50
101 København	1326 København K	2018	56
101 København	1326 København K	2019	58
101 København	1326 København K	2020	46
101 København	1326 København K	2021	45
101 København	1326 København K	2022	46
101 København	1326 København K	2023	45
101 København	1326 København K	2024	42
101 København	1326 København K	2025	48
101 København	1326 København K	2026	42
101 København	1327 København K	2010	39
101 København	1327 København K	2011	39
101 København	1327 København K	2012	43
101 København	1327 København K	2013	41
101 København	1327 København K	2014	38
101 København	1327 København K	2015	39
101 København	1327 København K	2016	41
101 København	1327 København K	2017	35
101 København	1327 København K	2018	36
101 København	1327 København K	2019	37
101 København	1327 København K	2020	42
101 København	1327 København K	2021	46
101 København	1327 København K	2022	37
101 København	1327 København K	2023	36
101 København	1327 København K	2024	29
101 København	1327 København K	2025	33
101 København	1327 København K	2026	28
101 København	1328 København K	2010	61
101 København	1328 København K	2011	81
101 København	1328 København K	2012	72
101 København	1328 København K	2013	72
101 København	1328 København K	2014	79
101 København	1328 København K	2015	73
101 København	1328 København K	2016	63
101 København	1328 København K	2017	68
101 København	1328 København K	2018	72
101 København	1328 København K	2019	77
101 København	1328 København K	2020	67
101 København	1328 København K	2021	79
101 København	1328 København K	2022	63
101 København	1328 København K	2023	62
101 København	1328 København K	2024	52
101 København	1328 København K	2025	55
101 København	1328 København K	2026	63
101 København	1329 København K	2010	18
101 København	1329 København K	2011	18
101 København	1329 København K	2012	17
101 København	1329 København K	2013	20
101 København	1329 København K	2014	20
101 København	1329 København K	2015	20
101 København	1329 København K	2016	20
101 København	1329 København K	2017	21
101 København	1329 København K	2018	22
101 København	1329 København K	2019	22
101 København	1329 København K	2020	21
101 København	1329 København K	2021	20
101 København	1329 København K	2022	22
101 København	1329 København K	2023	22
101 København	1329 København K	2024	21
101 København	1329 København K	2025	23
101 København	1329 København K	2026	22
101 København	1350 København K	2010	304
101 København	1350 København K	2011	306
101 København	1350 København K	2012	304
101 København	1350 København K	2013	290
101 København	1350 København K	2014	298
101 København	1350 København K	2015	314
101 København	1350 København K	2016	319
101 København	1350 København K	2017	307
101 København	1350 København K	2018	315
101 København	1350 København K	2019	316
101 København	1350 København K	2020	318
101 København	1350 København K	2021	307
101 København	1350 København K	2022	309
101 København	1350 København K	2023	320
101 København	1350 København K	2024	311
101 København	1350 København K	2025	316
101 København	1350 København K	2026	312
101 København	1352 København K	2010	446
101 København	1352 København K	2011	451
101 København	1352 København K	2012	469
101 København	1352 København K	2013	474
101 København	1352 København K	2014	478
101 København	1352 København K	2015	491
101 København	1352 København K	2016	493
101 København	1352 København K	2017	483
101 København	1352 København K	2018	493
101 København	1352 København K	2019	477
101 København	1352 København K	2020	481
101 København	1352 København K	2021	483
101 København	1352 København K	2022	485
101 København	1352 København K	2023	502
101 København	1352 København K	2024	483
101 København	1352 København K	2025	485
101 København	1352 København K	2026	501
101 København	1353 København K	2010	72
101 København	1353 København K	2011	78
101 København	1353 København K	2012	85
101 København	1353 København K	2013	84
101 København	1353 København K	2014	76
101 København	1353 København K	2015	75
101 København	1353 København K	2016	81
101 København	1353 København K	2017	84
101 København	1353 København K	2018	80
101 København	1353 København K	2019	80
101 København	1353 København K	2020	83
101 København	1353 København K	2021	82
101 København	1353 København K	2022	84
101 København	1353 København K	2023	83
101 København	1353 København K	2024	81
101 København	1353 København K	2025	86
101 København	1353 København K	2026	82
101 København	1354 København K	2010	519
101 København	1354 København K	2011	514
101 København	1354 København K	2012	530
101 København	1354 København K	2013	531
101 København	1354 København K	2014	526
101 København	1354 København K	2015	524
101 København	1354 København K	2016	524
101 København	1354 København K	2017	528
101 København	1354 København K	2018	536
101 København	1354 København K	2019	521
101 København	1354 København K	2020	519
101 København	1354 København K	2021	514
101 København	1354 København K	2022	517
101 København	1354 København K	2023	529
101 København	1354 København K	2024	531
101 København	1354 København K	2025	531
101 København	1354 København K	2026	519
101 København	1355 København K	2010	314
101 København	1355 København K	2011	298
101 København	1355 København K	2012	286
101 København	1355 København K	2013	269
101 København	1355 København K	2014	272
101 København	1355 København K	2015	287
101 København	1355 København K	2016	305
101 København	1355 København K	2017	286
101 København	1355 København K	2018	296
101 København	1355 København K	2019	278
101 København	1355 København K	2020	292
101 København	1355 København K	2021	276
101 København	1355 København K	2022	283
101 København	1355 København K	2023	430
101 København	1355 København K	2024	423
101 København	1355 København K	2025	418
101 København	1355 København K	2026	420
101 København	1356 København K	2010	151
101 København	1356 København K	2011	165
101 København	1356 København K	2012	170
101 København	1356 København K	2013	162
101 København	1356 København K	2014	166
101 København	1356 København K	2015	164
101 København	1356 København K	2016	167
101 København	1356 København K	2017	156
101 København	1356 København K	2018	165
101 København	1356 København K	2019	162
101 København	1356 København K	2020	155
101 København	1356 København K	2021	147
101 København	1356 København K	2022	144
101 København	1356 København K	2023	153
101 København	1356 København K	2024	155
101 København	1356 København K	2025	159
101 København	1356 København K	2026	149
101 København	1357 København K	2010	146
101 København	1357 København K	2011	154
101 København	1357 København K	2012	154
101 København	1357 København K	2013	165
101 København	1357 København K	2014	162
101 København	1357 København K	2015	159
101 København	1357 København K	2016	165
101 København	1357 København K	2017	157
101 København	1357 København K	2018	164
101 København	1357 København K	2019	167
101 København	1357 København K	2020	154
101 København	1357 København K	2021	166
101 København	1357 København K	2022	146
101 København	1357 København K	2023	154
101 København	1357 København K	2024	160
101 København	1357 København K	2025	154
101 København	1357 København K	2026	151
101 København	1358 København K	2010	277
101 København	1358 København K	2011	287
101 København	1358 København K	2012	311
101 København	1358 København K	2013	316
101 København	1358 København K	2014	328
101 København	1358 København K	2015	330
101 København	1358 København K	2016	349
101 København	1358 København K	2017	362
101 København	1358 København K	2018	357
101 København	1358 København K	2019	381
101 København	1358 København K	2020	382
101 København	1358 København K	2021	377
101 København	1358 København K	2022	376
101 København	1358 København K	2023	371
101 København	1358 København K	2024	388
101 København	1358 København K	2025	393
101 København	1358 København K	2026	391
101 København	1359 København K	2010	213
101 København	1359 København K	2011	217
101 København	1359 København K	2012	236
101 København	1359 København K	2013	230
101 København	1359 København K	2014	241
101 København	1359 København K	2015	243
101 København	1359 København K	2016	230
101 København	1359 København K	2017	241
101 København	1359 København K	2018	245
101 København	1359 København K	2019	242
101 København	1359 København K	2020	257
101 København	1359 København K	2021	246
101 København	1359 København K	2022	244
101 København	1359 København K	2023	234
101 København	1359 København K	2024	243
101 København	1359 København K	2025	245
101 København	1359 København K	2026	222
101 København	1360 København K	2010	631
101 København	1360 København K	2011	632
101 København	1360 København K	2012	636
101 København	1360 København K	2013	649
101 København	1360 København K	2014	690
101 København	1360 København K	2015	680
101 København	1360 København K	2016	686
101 København	1360 København K	2017	699
101 København	1360 København K	2018	685
101 København	1360 København K	2019	691
101 København	1360 København K	2020	669
101 København	1360 København K	2021	693
101 København	1360 København K	2022	698
101 København	1360 København K	2023	713
101 København	1360 København K	2024	714
101 København	1360 København K	2025	746
101 København	1360 København K	2026	750
101 København	1361 København K	2010	261
101 København	1361 København K	2011	255
101 København	1361 København K	2012	268
101 København	1361 København K	2013	272
101 København	1361 København K	2014	313
101 København	1361 København K	2015	323
101 København	1361 København K	2016	341
101 København	1361 København K	2017	338
101 København	1361 København K	2018	324
101 København	1361 København K	2019	334
101 København	1361 København K	2020	340
101 København	1361 København K	2021	311
101 København	1361 København K	2022	324
101 København	1361 København K	2023	319
101 København	1361 København K	2024	323
101 København	1361 København K	2025	327
101 København	1361 København K	2026	307
101 København	1362 København K	2010	308
101 København	1362 København K	2011	325
101 København	1362 København K	2012	333
101 København	1362 København K	2013	342
101 København	1362 København K	2014	362
101 København	1362 København K	2015	374
101 København	1362 København K	2016	346
101 København	1362 København K	2017	354
101 København	1362 København K	2018	356
101 København	1362 København K	2019	370
101 København	1362 København K	2020	358
101 København	1362 København K	2021	359
101 København	1362 København K	2022	372
101 København	1362 København K	2023	387
101 København	1362 København K	2024	371
101 København	1362 København K	2025	379
101 København	1362 København K	2026	382
101 København	1363 København K	2010	451
101 København	1363 København K	2011	476
101 København	1363 København K	2012	484
101 København	1363 København K	2013	523
101 København	1363 København K	2014	504
101 København	1363 København K	2015	527
101 København	1363 København K	2016	509
101 København	1363 København K	2017	492
101 København	1363 København K	2018	443
101 København	1363 København K	2019	485
101 København	1363 København K	2020	468
101 København	1363 København K	2021	480
101 København	1363 København K	2022	471
101 København	1363 København K	2023	490
101 København	1363 København K	2024	497
101 København	1363 København K	2025	504
101 København	1363 København K	2026	498
101 København	1364 København K	2010	806
101 København	1364 København K	2011	828
101 København	1364 København K	2012	860
101 København	1364 København K	2013	872
101 København	1364 København K	2014	880
101 København	1364 København K	2015	915
101 København	1364 København K	2016	957
101 København	1364 København K	2017	932
101 København	1364 København K	2018	939
101 København	1364 København K	2019	945
101 København	1364 København K	2020	976
101 København	1364 København K	2021	985
101 København	1364 København K	2022	978
101 København	1364 København K	2023	989
101 København	1364 København K	2024	986
101 København	1364 København K	2025	984
101 København	1364 København K	2026	984
101 København	1365 København K	2010	204
101 København	1365 København K	2011	205
101 København	1365 København K	2012	206
101 København	1365 København K	2013	202
101 København	1365 København K	2014	213
101 København	1365 København K	2015	213
101 København	1365 København K	2016	212
101 København	1365 København K	2017	203
101 København	1365 København K	2018	206
101 København	1365 København K	2019	209
101 København	1365 København K	2020	216
101 København	1365 København K	2021	223
101 København	1365 København K	2022	197
101 København	1365 København K	2023	193
101 København	1365 København K	2024	213
101 København	1365 København K	2025	211
101 København	1365 København K	2026	199
101 København	1366 København K	2010	1225
101 København	1366 København K	2011	1258
101 København	1366 København K	2012	1274
101 København	1366 København K	2013	1304
101 København	1366 København K	2014	1306
101 København	1366 København K	2015	1303
101 København	1366 København K	2016	1323
101 København	1366 København K	2017	1294
101 København	1366 København K	2018	1308
101 København	1366 København K	2019	1321
101 København	1366 København K	2020	1293
101 København	1366 København K	2021	1299
101 København	1366 København K	2022	1304
101 København	1366 København K	2023	1294
101 København	1366 København K	2024	1275
101 København	1366 København K	2025	1308
101 København	1366 København K	2026	1287
101 København	1367 København K	2010	337
101 København	1367 København K	2011	355
101 København	1367 København K	2012	352
101 København	1367 København K	2013	353
101 København	1367 København K	2014	354
101 København	1367 København K	2015	351
101 København	1367 København K	2016	377
101 København	1367 København K	2017	373
101 København	1367 København K	2018	373
101 København	1367 København K	2019	381
101 København	1367 København K	2020	383
101 København	1367 København K	2021	376
101 København	1367 København K	2022	345
101 København	1367 København K	2023	355
101 København	1367 København K	2024	355
101 København	1367 København K	2025	363
101 København	1367 København K	2026	376
101 København	1368 København K	2010	299
101 København	1368 København K	2011	303
101 København	1368 København K	2012	322
101 København	1368 København K	2013	308
101 København	1368 København K	2014	310
101 København	1368 København K	2015	310
101 København	1368 København K	2016	320
101 København	1368 København K	2017	326
101 København	1368 København K	2018	320
101 København	1368 København K	2019	330
101 København	1368 København K	2020	327
101 København	1368 København K	2021	338
101 København	1368 København K	2022	327
101 København	1368 København K	2023	328
101 København	1368 København K	2024	328
101 København	1368 København K	2025	329
101 København	1368 København K	2026	324
101 København	1369 København K	2010	183
101 København	1369 København K	2011	180
101 København	1369 København K	2012	183
101 København	1369 København K	2013	195
101 København	1369 København K	2014	183
101 København	1369 København K	2015	180
101 København	1369 København K	2016	188
101 København	1369 København K	2017	190
101 København	1369 København K	2018	191
101 København	1369 København K	2019	202
101 København	1369 København K	2020	202
101 København	1369 København K	2021	198
101 København	1369 København K	2022	196
101 København	1369 København K	2023	210
101 København	1369 København K	2024	197
101 København	1369 København K	2025	194
101 København	1369 København K	2026	187
101 København	1370 København K	2010	697
101 København	1370 København K	2011	695
101 København	1370 København K	2012	694
101 København	1370 København K	2013	702
101 København	1370 København K	2014	750
101 København	1370 København K	2015	744
101 København	1370 København K	2016	764
101 København	1370 København K	2017	768
101 København	1370 København K	2018	752
101 København	1370 København K	2019	776
101 København	1370 København K	2020	776
101 København	1370 København K	2021	769
101 København	1370 København K	2022	768
101 København	1370 København K	2023	761
101 København	1370 København K	2024	765
101 København	1370 København K	2025	762
101 København	1370 København K	2026	741
101 København	1400 København K	2010	351
101 København	1400 København K	2011	367
101 København	1400 København K	2012	391
101 København	1400 København K	2013	420
101 København	1400 København K	2014	397
101 København	1400 København K	2015	398
101 København	1400 København K	2016	402
101 København	1400 København K	2017	392
101 København	1400 København K	2018	402
101 København	1400 København K	2019	415
101 København	1400 København K	2020	418
101 København	1400 København K	2021	405
101 København	1400 København K	2022	415
101 København	1400 København K	2023	434
101 København	1400 København K	2024	411
101 København	1400 København K	2025	419
101 København	1400 København K	2026	429
101 København	1401 København K	2010	964
101 København	1401 København K	2011	944
101 København	1401 København K	2012	952
101 København	1401 København K	2013	975
101 København	1401 København K	2014	992
101 København	1401 København K	2015	1013
101 København	1401 København K	2016	1073
101 København	1401 København K	2017	1117
101 København	1401 København K	2018	1106
101 København	1401 København K	2019	1100
101 København	1401 København K	2020	1068
101 København	1401 København K	2021	1064
101 København	1401 København K	2022	1039
101 København	1401 København K	2023	1029
101 København	1401 København K	2024	1034
101 København	1401 København K	2025	1026
101 København	1401 København K	2026	1007
101 København	1402 København K	2010	238
101 København	1402 København K	2011	240
101 København	1402 København K	2012	268
101 København	1402 København K	2013	265
101 København	1402 København K	2014	285
101 København	1402 København K	2015	277
101 København	1402 København K	2016	275
101 København	1402 København K	2017	275
101 København	1402 København K	2018	282
101 København	1402 København K	2019	295
101 København	1402 København K	2020	287
101 København	1402 København K	2021	288
101 København	1402 København K	2022	291
101 København	1402 København K	2023	297
101 København	1402 København K	2024	301
101 København	1402 København K	2025	304
101 København	1402 København K	2026	307
101 København	1403 København K	2010	20
101 København	1403 København K	2011	20
101 København	1403 København K	2012	19
101 København	1403 København K	2013	19
101 København	1403 København K	2014	16
101 København	1403 København K	2015	16
101 København	1403 København K	2016	17
101 København	1403 København K	2017	14
101 København	1403 København K	2018	6
101 København	1403 København K	2019	5
101 København	1403 København K	2020	4
101 København	1403 København K	2021	4
101 København	1403 København K	2022	4
101 København	1403 København K	2023	7
101 København	1403 København K	2024	11
101 København	1403 København K	2025	8
101 København	1403 København K	2026	8
101 København	1406 København K	2010	40
101 København	1406 København K	2011	42
101 København	1406 København K	2012	38
101 København	1406 København K	2013	42
101 København	1406 København K	2014	42
101 København	1406 København K	2015	42
101 København	1406 København K	2016	44
101 København	1406 København K	2017	43
101 København	1406 København K	2018	39
101 København	1406 København K	2019	42
101 København	1406 København K	2020	37
101 København	1406 København K	2021	41
101 København	1406 København K	2022	42
101 København	1406 København K	2023	43
101 København	1406 København K	2024	41
101 København	1406 København K	2025	42
101 København	1406 København K	2026	42
101 København	1407 København K	2010	117
101 København	1407 København K	2011	115
101 København	1407 København K	2012	118
101 København	1407 København K	2013	121
101 København	1407 København K	2014	123
101 København	1407 København K	2015	122
101 København	1407 København K	2016	115
101 København	1407 København K	2017	128
101 København	1407 København K	2018	121
101 København	1407 København K	2019	121
101 København	1407 København K	2020	112
101 København	1407 København K	2021	108
101 København	1407 København K	2022	114
101 København	1407 København K	2023	121
101 København	1407 København K	2024	123
101 København	1407 København K	2025	134
101 København	1407 København K	2026	134
101 København	1408 København K	2010	530
101 København	1408 København K	2011	549
101 København	1408 København K	2012	583
101 København	1408 København K	2013	604
101 København	1408 København K	2014	599
101 København	1408 København K	2015	595
101 København	1408 København K	2016	569
101 København	1408 København K	2017	588
101 København	1408 København K	2018	599
101 København	1408 København K	2019	597
101 København	1408 København K	2020	602
101 København	1408 København K	2021	598
101 København	1408 København K	2022	577
101 København	1408 København K	2023	590
101 København	1408 København K	2024	602
101 København	1408 København K	2025	613
101 København	1408 København K	2026	625
101 København	1410 København K	2010	27
101 København	1410 København K	2011	31
101 København	1410 København K	2012	29
101 København	1410 København K	2013	32
101 København	1410 København K	2014	35
101 København	1410 København K	2015	35
101 København	1410 København K	2016	36
101 København	1410 København K	2017	31
101 København	1410 København K	2018	36
101 København	1410 København K	2019	34
101 København	1410 København K	2020	32
101 København	1410 København K	2021	25
101 København	1410 København K	2022	26
101 København	1410 København K	2023	26
101 København	1410 København K	2024	25
101 København	1410 København K	2025	29
101 København	1410 København K	2026	30
101 København	1411 København K	2010	369
101 København	1411 København K	2011	385
101 København	1411 København K	2012	392
101 København	1411 København K	2013	389
101 København	1411 København K	2014	410
101 København	1411 København K	2015	416
101 København	1411 København K	2016	372
101 København	1411 København K	2017	414
101 København	1411 København K	2018	431
101 København	1411 København K	2019	473
101 København	1411 København K	2020	485
101 København	1411 København K	2021	513
101 København	1411 København K	2022	515
101 København	1411 København K	2023	519
101 København	1411 København K	2024	518
101 København	1411 København K	2025	524
101 København	1411 København K	2026	487
101 København	1412 København K	2010	42
101 København	1412 København K	2011	42
101 København	1412 København K	2012	42
101 København	1412 København K	2013	40
101 København	1412 København K	2014	37
101 København	1412 København K	2015	41
101 København	1412 København K	2016	43
101 København	1412 København K	2017	43
101 København	1412 København K	2018	43
101 København	1412 København K	2019	38
101 København	1412 København K	2020	37
101 København	1412 København K	2021	35
101 København	1412 København K	2022	42
101 København	1412 København K	2023	34
101 København	1412 København K	2024	38
101 København	1412 København K	2025	36
101 København	1412 København K	2026	38
101 København	1413 København K	2010	90
101 København	1413 København K	2011	83
101 København	1413 København K	2012	76
101 København	1413 København K	2013	73
101 København	1413 København K	2014	93
101 København	1413 København K	2015	88
101 København	1413 København K	2016	118
101 København	1413 København K	2017	111
101 København	1413 København K	2018	103
101 København	1413 København K	2019	100
101 København	1413 København K	2020	101
101 København	1413 København K	2021	94
101 København	1413 København K	2022	94
101 København	1413 København K	2023	89
101 København	1413 København K	2024	90
101 København	1413 København K	2025	88
101 København	1413 København K	2026	90
101 København	1414 København K	2010	221
101 København	1414 København K	2011	235
101 København	1414 København K	2012	236
101 København	1414 København K	2013	245
101 København	1414 København K	2014	229
101 København	1414 København K	2015	232
101 København	1414 København K	2016	232
101 København	1414 København K	2017	248
101 København	1414 København K	2018	239
101 København	1414 København K	2019	246
101 København	1414 København K	2020	240
101 København	1414 København K	2021	245
101 København	1414 København K	2022	231
101 København	1414 København K	2023	241
101 København	1414 København K	2024	253
101 København	1414 København K	2025	242
101 København	1414 København K	2026	255
101 København	1415 København K	2010	697
101 København	1415 København K	2011	682
101 København	1415 København K	2012	685
101 København	1415 København K	2013	689
101 København	1415 København K	2014	693
101 København	1415 København K	2015	691
101 København	1415 København K	2016	692
101 København	1415 København K	2017	711
101 København	1415 København K	2018	716
101 København	1415 København K	2019	719
101 København	1415 København K	2020	747
101 København	1415 København K	2021	759
101 København	1415 København K	2022	742
101 København	1415 København K	2023	725
101 København	1415 København K	2024	715
101 København	1415 København K	2025	719
101 København	1415 København K	2026	719
101 København	1416 København K	2010	449
101 København	1416 København K	2011	459
101 København	1416 København K	2012	472
101 København	1416 København K	2013	487
101 København	1416 København K	2014	475
101 København	1416 København K	2015	479
101 København	1416 København K	2016	531
101 København	1416 København K	2017	532
101 København	1416 København K	2018	527
101 København	1416 København K	2019	492
101 København	1416 København K	2020	481
101 København	1416 København K	2021	481
101 København	1416 København K	2022	468
101 København	1416 København K	2023	462
101 København	1416 København K	2024	464
101 København	1416 København K	2025	473
101 København	1416 København K	2026	470
101 København	1417 København K	2010	82
101 København	1417 København K	2011	86
101 København	1417 København K	2012	91
101 København	1417 København K	2013	84
101 København	1417 København K	2014	91
101 København	1417 København K	2015	91
101 København	1417 København K	2016	86
101 København	1417 København K	2017	98
101 København	1417 København K	2018	96
101 København	1417 København K	2019	99
101 København	1417 København K	2020	93
101 København	1417 København K	2021	84
101 København	1417 København K	2022	83
101 København	1417 København K	2023	89
101 København	1417 København K	2024	86
101 København	1417 København K	2025	85
101 København	1417 København K	2026	85
101 København	1418 København K	2010	273
101 København	1418 København K	2011	253
101 København	1418 København K	2012	274
101 København	1418 København K	2013	274
101 København	1418 København K	2014	279
101 København	1418 København K	2015	262
101 København	1418 København K	2016	266
101 København	1418 København K	2017	269
101 København	1418 København K	2018	253
101 København	1418 København K	2019	260
101 København	1418 København K	2020	259
101 København	1418 København K	2021	248
101 København	1418 København K	2022	256
101 København	1418 København K	2023	260
101 København	1418 København K	2024	266
101 København	1418 København K	2025	263
101 København	1418 København K	2026	254
101 København	1419 København K	2010	14
101 København	1419 København K	2011	11
101 København	1419 København K	2012	9
101 København	1419 København K	2013	10
101 København	1419 København K	2014	10
101 København	1419 København K	2015	11
101 København	1419 København K	2016	11
101 København	1419 København K	2017	12
101 København	1419 København K	2018	14
101 København	1419 København K	2019	14
101 København	1419 København K	2020	15
101 København	1419 København K	2021	16
101 København	1419 København K	2022	19
101 København	1419 København K	2023	16
101 København	1419 København K	2024	17
101 København	1419 København K	2025	19
101 København	1419 København K	2026	18
101 København	1420 København K	2010	674
101 København	1420 København K	2011	663
101 København	1420 København K	2012	674
101 København	1420 København K	2013	673
101 København	1420 København K	2014	706
101 København	1420 København K	2015	682
101 København	1420 København K	2016	690
101 København	1420 København K	2017	698
101 København	1420 København K	2018	679
101 København	1420 København K	2019	701
101 København	1420 København K	2020	688
101 København	1420 København K	2021	673
101 København	1420 København K	2022	661
101 København	1420 København K	2023	655
101 København	1420 København K	2024	651
101 København	1420 København K	2025	665
101 København	1420 København K	2026	681
101 København	1421 København K	2010	30
101 København	1421 København K	2011	32
101 København	1421 København K	2012	30
101 København	1421 København K	2013	30
101 København	1421 København K	2014	30
101 København	1421 København K	2015	34
101 København	1421 København K	2016	31
101 København	1421 København K	2017	30
101 København	1421 København K	2018	34
101 København	1421 København K	2019	37
101 København	1421 København K	2020	33
101 København	1421 København K	2021	32
101 København	1421 København K	2022	30
101 København	1421 København K	2023	33
101 København	1421 København K	2024	31
101 København	1421 København K	2025	35
101 København	1421 København K	2026	37
101 København	1422 København K	2010	830
101 København	1422 København K	2011	849
101 København	1422 København K	2012	839
101 København	1422 København K	2013	832
101 København	1422 København K	2014	834
101 København	1422 København K	2015	861
101 København	1422 København K	2016	862
101 København	1422 København K	2017	847
101 København	1422 København K	2018	868
101 København	1422 København K	2019	859
101 København	1422 København K	2020	840
101 København	1422 København K	2021	840
101 København	1422 København K	2022	846
101 København	1422 København K	2023	857
101 København	1422 København K	2024	848
101 København	1422 København K	2025	852
101 København	1422 København K	2026	851
101 København	1423 København K	2010	87
101 København	1423 København K	2011	86
101 København	1423 København K	2012	89
101 København	1423 København K	2013	91
101 København	1423 København K	2014	93
101 København	1423 København K	2015	90
101 København	1423 København K	2016	90
101 København	1423 København K	2017	93
101 København	1423 København K	2018	95
101 København	1423 København K	2019	93
101 København	1423 København K	2020	88
101 København	1423 København K	2021	95
101 København	1423 København K	2022	90
101 København	1423 København K	2023	85
101 København	1423 København K	2024	87
101 København	1423 København K	2025	94
101 København	1423 København K	2026	90
101 København	1424 København K	2010	358
101 København	1424 København K	2011	358
101 København	1424 København K	2012	382
101 København	1424 København K	2013	374
101 København	1424 København K	2014	381
101 København	1424 København K	2015	386
101 København	1424 København K	2016	385
101 København	1424 København K	2017	393
101 København	1424 København K	2018	393
101 København	1424 København K	2019	412
101 København	1424 København K	2020	402
101 København	1424 København K	2021	388
101 København	1424 København K	2022	385
101 København	1424 København K	2023	399
101 København	1424 København K	2024	374
101 København	1424 København K	2025	390
101 København	1424 København K	2026	390
101 København	1425 København K	2010	279
101 København	1425 København K	2011	272
101 København	1425 København K	2012	266
101 København	1425 København K	2013	269
101 København	1425 København K	2014	258
101 København	1425 København K	2015	271
101 København	1425 København K	2016	275
101 København	1425 København K	2017	282
101 København	1425 København K	2018	294
101 København	1425 København K	2019	285
101 København	1425 København K	2020	269
101 København	1425 København K	2021	270
101 København	1425 København K	2022	272
101 København	1425 København K	2023	274
101 København	1425 København K	2024	263
101 København	1425 København K	2025	266
101 København	1425 København K	2026	263
101 København	1426 København K	2010	141
101 København	1426 København K	2011	148
101 København	1426 København K	2012	146
101 København	1426 København K	2013	150
101 København	1426 København K	2014	150
101 København	1426 København K	2015	147
101 København	1426 København K	2016	151
101 København	1426 København K	2017	149
101 København	1426 København K	2018	149
101 København	1426 København K	2019	146
101 København	1426 København K	2020	151
101 København	1426 København K	2021	147
101 København	1426 København K	2022	143
101 København	1426 København K	2023	140
101 København	1426 København K	2024	145
101 København	1426 København K	2025	145
101 København	1426 København K	2026	144
101 København	1427 København K	2010	228
101 København	1427 København K	2011	225
101 København	1427 København K	2012	215
101 København	1427 København K	2013	228
101 København	1427 København K	2014	221
101 København	1427 København K	2015	224
101 København	1427 København K	2016	235
101 København	1427 København K	2017	220
101 København	1427 København K	2018	217
101 København	1427 København K	2019	227
101 København	1427 København K	2020	219
101 København	1427 København K	2021	212
101 København	1427 København K	2022	222
101 København	1427 København K	2023	208
101 København	1427 København K	2024	226
101 København	1427 København K	2025	218
101 København	1427 København K	2026	231
101 København	1428 København K	2010	429
101 København	1428 København K	2011	430
101 København	1428 København K	2012	424
101 København	1428 København K	2013	446
101 København	1428 København K	2014	441
101 København	1428 København K	2015	449
101 København	1428 København K	2016	470
101 København	1428 København K	2017	440
101 København	1428 København K	2018	450
101 København	1428 København K	2019	462
101 København	1428 København K	2020	444
101 København	1428 København K	2021	438
101 København	1428 København K	2022	418
101 København	1428 København K	2023	434
101 København	1428 København K	2024	448
101 København	1428 København K	2025	458
101 København	1428 København K	2026	450
101 København	1429 København K	2010	484
101 København	1429 København K	2011	500
101 København	1429 København K	2012	496
101 København	1429 København K	2013	512
101 København	1429 København K	2014	516
101 København	1429 København K	2015	499
101 København	1429 København K	2016	515
101 København	1429 København K	2017	502
101 København	1429 København K	2018	513
101 København	1429 København K	2019	498
101 København	1429 København K	2020	497
101 København	1429 København K	2021	512
101 København	1429 København K	2022	509
101 København	1429 København K	2023	521
101 København	1429 København K	2024	505
101 København	1429 København K	2025	518
101 København	1429 København K	2026	522
101 København	1430 København K	2010	419
101 København	1430 København K	2011	421
101 København	1430 København K	2012	440
101 København	1430 København K	2013	432
101 København	1430 København K	2014	432
101 København	1430 København K	2015	439
101 København	1430 København K	2016	441
101 København	1430 København K	2017	434
101 København	1430 København K	2018	439
101 København	1430 København K	2019	433
101 København	1430 København K	2020	414
101 København	1430 København K	2021	432
101 København	1430 København K	2022	428
101 København	1430 København K	2023	422
101 København	1430 København K	2024	410
101 København	1430 København K	2025	405
101 København	1430 København K	2026	422
101 København	1431 København K	2010	4
101 København	1431 København K	2011	3
101 København	1431 København K	2012	2
101 København	1431 København K	2013	2
101 København	1431 København K	2014	0
101 København	1431 København K	2015	0
101 København	1431 København K	2016	0
101 København	1431 København K	2017	0
101 København	1431 København K	2018	0
101 København	1431 København K	2019	0
101 København	1431 København K	2020	0
101 København	1431 København K	2021	0
101 København	1431 København K	2022	0
101 København	1431 København K	2023	0
101 København	1431 København K	2024	0
101 København	1431 København K	2025	0
101 København	1431 København K	2026	0
101 København	1432 København K	2010	71
101 København	1432 København K	2011	75
101 København	1432 København K	2012	159
101 København	1432 København K	2013	264
101 København	1432 København K	2014	299
101 København	1432 København K	2015	1164
101 København	1432 København K	2016	1721
101 København	1432 København K	2017	1849
101 København	1432 København K	2018	1873
101 København	1432 København K	2019	2103
101 København	1432 København K	2020	2131
101 København	1432 København K	2021	2161
101 København	1432 København K	2022	2159
101 København	1432 København K	2023	2206
101 København	1432 København K	2024	2182
101 København	1432 København K	2025	2185
101 København	1432 København K	2026	2142
101 København	1433 København K	2010	0
101 København	1433 København K	2011	0
101 København	1433 København K	2012	0
101 København	1433 København K	2013	0
101 København	1433 København K	2014	0
101 København	1433 København K	2015	0
101 København	1433 København K	2016	0
101 København	1433 København K	2017	0
101 København	1433 København K	2018	0
101 København	1433 København K	2019	0
101 København	1433 København K	2020	0
101 København	1433 København K	2021	6
101 København	1433 København K	2022	3
101 København	1433 København K	2023	0
101 København	1433 København K	2024	0
101 København	1433 København K	2025	0
101 København	1433 København K	2026	0
101 København	1434 København K	2010	170
101 København	1434 København K	2011	158
101 København	1434 København K	2012	152
101 København	1434 København K	2013	152
101 København	1434 København K	2014	140
101 København	1434 København K	2015	147
101 København	1434 København K	2016	151
101 København	1434 København K	2017	142
101 København	1434 København K	2018	144
101 København	1434 København K	2019	147
101 København	1434 København K	2020	141
101 København	1434 København K	2021	139
101 København	1434 København K	2022	141
101 København	1434 København K	2023	141
101 København	1434 København K	2024	136
101 København	1434 København K	2025	140
101 København	1434 København K	2026	134
101 København	1435 København K	2010	108
101 København	1435 København K	2011	110
101 København	1435 København K	2012	107
101 København	1435 København K	2013	109
101 København	1435 København K	2014	112
101 København	1435 København K	2015	110
101 København	1435 København K	2016	106
101 København	1435 København K	2017	103
101 København	1435 København K	2018	106
101 København	1435 København K	2019	102
101 København	1435 København K	2020	110
101 København	1435 København K	2021	106
101 København	1435 København K	2022	107
101 København	1435 København K	2023	104
101 København	1435 København K	2024	103
101 København	1435 København K	2025	103
101 København	1435 København K	2026	103
101 København	1436 København K	2010	336
101 København	1436 København K	2011	325
101 København	1436 København K	2012	333
101 København	1436 København K	2013	342
101 København	1436 København K	2014	333
101 København	1436 København K	2015	328
101 København	1436 København K	2016	325
101 København	1436 København K	2017	329
101 København	1436 København K	2018	321
101 København	1436 København K	2019	314
101 København	1436 København K	2020	312
101 København	1436 København K	2021	307
101 København	1436 København K	2022	306
101 København	1436 København K	2023	301
101 København	1436 København K	2024	342
101 København	1436 København K	2025	498
101 København	1436 København K	2026	535
101 København	1437 København K	2010	465
101 København	1437 København K	2011	476
101 København	1437 København K	2012	476
101 København	1437 København K	2013	460
101 København	1437 København K	2014	446
101 København	1437 København K	2015	431
101 København	1437 København K	2016	452
101 København	1437 København K	2017	447
101 København	1437 København K	2018	470
101 København	1437 København K	2019	458
101 København	1437 København K	2020	460
101 København	1437 København K	2021	460
101 København	1437 København K	2022	452
101 København	1437 København K	2023	459
101 København	1437 København K	2024	457
101 København	1437 København K	2025	444
101 København	1437 København K	2026	443
101 København	1439 København K	2010	82
101 København	1439 København K	2011	83
101 København	1439 København K	2012	81
101 København	1439 København K	2013	89
101 København	1439 København K	2014	84
101 København	1439 København K	2015	81
101 København	1439 København K	2016	87
101 København	1439 København K	2017	85
101 København	1439 København K	2018	100
101 København	1439 København K	2019	128
101 København	1439 København K	2020	132
101 København	1439 København K	2021	150
101 København	1439 København K	2022	158
101 København	1439 København K	2023	157
101 København	1439 København K	2024	158
101 København	1439 København K	2025	159
101 København	1439 København K	2026	169
101 København	1440 København K	2010	660
101 København	1440 København K	2011	662
101 København	1440 København K	2012	659
101 København	1440 København K	2013	683
101 København	1440 København K	2014	691
101 København	1440 København K	2015	695
101 København	1440 København K	2016	700
101 København	1440 København K	2017	713
101 København	1440 København K	2018	715
101 København	1440 København K	2019	720
101 København	1440 København K	2020	708
101 København	1440 København K	2021	710
101 København	1440 København K	2022	706
101 København	1440 København K	2023	714
101 København	1440 København K	2024	729
101 København	1440 København K	2025	721
101 København	1440 København K	2026	725
101 København	1441 København K	2010	132
101 København	1441 København K	2011	137
101 København	1441 København K	2012	147
101 København	1441 København K	2013	148
101 København	1441 København K	2014	159
101 København	1441 København K	2015	160
101 København	1441 København K	2016	163
101 København	1441 København K	2017	169
101 København	1441 København K	2018	164
101 København	1441 København K	2019	162
101 København	1441 København K	2020	154
101 København	1441 København K	2021	155
101 København	1441 København K	2022	155
101 København	1441 København K	2023	157
101 København	1441 København K	2024	157
101 København	1441 København K	2025	156
101 København	1441 København K	2026	149
101 København	1450 København K	2010	5
101 København	1450 København K	2011	4
101 København	1450 København K	2012	9
101 København	1450 København K	2013	9
101 København	1450 København K	2014	9
101 København	1450 København K	2015	7
101 København	1450 København K	2016	7
101 København	1450 København K	2017	26
101 København	1450 København K	2018	35
101 København	1450 København K	2019	38
101 København	1450 København K	2020	36
101 København	1450 København K	2021	31
101 København	1450 København K	2022	47
101 København	1450 København K	2023	46
101 København	1450 København K	2024	50
101 København	1450 København K	2025	55
101 København	1450 København K	2026	61
101 København	1451 København K	2010	64
101 København	1451 København K	2011	69
101 København	1451 København K	2012	69
101 København	1451 København K	2013	72
101 København	1451 København K	2014	66
101 København	1451 København K	2015	63
101 København	1451 København K	2016	62
101 København	1451 København K	2017	70
101 København	1451 København K	2018	69
101 København	1451 København K	2019	65
101 København	1451 København K	2020	64
101 København	1451 København K	2021	73
101 København	1451 København K	2022	72
101 København	1451 København K	2023	78
101 København	1451 København K	2024	71
101 København	1451 København K	2025	72
101 København	1451 København K	2026	75
101 København	1452 København K	2010	119
101 København	1452 København K	2011	116
101 København	1452 København K	2012	124
101 København	1452 København K	2013	131
101 København	1452 København K	2014	128
101 København	1452 København K	2015	129
101 København	1452 København K	2016	129
101 København	1452 København K	2017	128
101 København	1452 København K	2018	130
101 København	1452 København K	2019	128
101 København	1452 København K	2020	124
101 København	1452 København K	2021	127
101 København	1452 København K	2022	125
101 København	1452 København K	2023	139
101 København	1452 København K	2024	134
101 København	1452 København K	2025	125
101 København	1452 København K	2026	135
101 København	1453 København K	2010	277
101 København	1453 København K	2011	281
101 København	1453 København K	2012	289
101 København	1453 København K	2013	285
101 København	1453 København K	2014	290
101 København	1453 København K	2015	291
101 København	1453 København K	2016	296
101 København	1453 København K	2017	298
101 København	1453 København K	2018	292
101 København	1453 København K	2019	300
101 København	1453 København K	2020	305
101 København	1453 København K	2021	304
101 København	1453 København K	2022	318
101 København	1453 København K	2023	324
101 København	1453 København K	2024	324
101 København	1453 København K	2025	332
101 København	1453 København K	2026	324
101 København	1454 København K	2010	142
101 København	1454 København K	2011	147
101 København	1454 København K	2012	152
101 København	1454 København K	2013	168
101 København	1454 København K	2014	156
101 København	1454 København K	2015	166
101 København	1454 København K	2016	158
101 København	1454 København K	2017	158
101 København	1454 København K	2018	164
101 København	1454 København K	2019	155
101 København	1454 København K	2020	155
101 København	1454 København K	2021	180
101 København	1454 København K	2022	174
101 København	1454 København K	2023	173
101 København	1454 København K	2024	170
101 København	1454 København K	2025	155
101 København	1454 København K	2026	146
101 København	1455 København K	2010	227
101 København	1455 København K	2011	233
101 København	1455 København K	2012	250
101 København	1455 København K	2013	257
101 København	1455 København K	2014	283
101 København	1455 København K	2015	280
101 København	1455 København K	2016	308
101 København	1455 København K	2017	310
101 København	1455 København K	2018	343
101 København	1455 København K	2019	329
101 København	1455 København K	2020	304
101 København	1455 København K	2021	298
101 København	1455 København K	2022	315
101 København	1455 København K	2023	321
101 København	1455 København K	2024	320
101 København	1455 København K	2025	364
101 København	1455 København K	2026	394
101 København	1456 København K	2010	52
101 København	1456 København K	2011	57
101 København	1456 København K	2012	67
101 København	1456 København K	2013	87
101 København	1456 København K	2014	94
101 København	1456 København K	2015	98
101 København	1456 København K	2016	118
101 København	1456 København K	2017	111
101 København	1456 København K	2018	121
101 København	1456 København K	2019	120
101 København	1456 København K	2020	98
101 København	1456 København K	2021	111
101 København	1456 København K	2022	132
101 København	1456 København K	2023	133
101 København	1456 København K	2024	134
101 København	1456 København K	2025	127
101 København	1456 København K	2026	126
101 København	1457 København K	2010	12
101 København	1457 København K	2011	11
101 København	1457 København K	2012	8
101 København	1457 København K	2013	8
101 København	1457 København K	2014	8
101 København	1457 København K	2015	8
101 København	1457 København K	2016	9
101 København	1457 København K	2017	10
101 København	1457 København K	2018	11
101 København	1457 København K	2019	8
101 København	1457 København K	2020	4
101 København	1457 København K	2021	6
101 København	1457 København K	2022	7
101 København	1457 København K	2023	5
101 København	1457 København K	2024	8
101 København	1457 København K	2025	6
101 København	1457 København K	2026	10
101 København	1458 København K	2010	59
101 København	1458 København K	2011	60
101 København	1458 København K	2012	66
101 København	1458 København K	2013	65
101 København	1458 København K	2014	67
101 København	1458 København K	2015	61
101 København	1458 København K	2016	58
101 København	1458 København K	2017	58
101 København	1458 København K	2018	67
101 København	1458 København K	2019	66
101 København	1458 København K	2020	56
101 København	1458 København K	2021	66
101 København	1458 København K	2022	72
101 København	1458 København K	2023	74
101 København	1458 København K	2024	73
101 København	1458 København K	2025	69
101 København	1458 København K	2026	73
101 København	1459 København K	2010	14
101 København	1459 København K	2011	14
101 København	1459 København K	2012	16
101 København	1459 København K	2013	12
101 København	1459 København K	2014	12
101 København	1459 København K	2015	17
101 København	1459 København K	2016	20
101 København	1459 København K	2017	22
101 København	1459 København K	2018	28
101 København	1459 København K	2019	36
101 København	1459 København K	2020	40
101 København	1459 København K	2021	43
101 København	1459 København K	2022	48
101 København	1459 København K	2023	43
101 København	1459 København K	2024	46
101 København	1459 København K	2025	46
101 København	1459 København K	2026	47
101 København	1460 København K	2010	61
101 København	1460 København K	2011	55
101 København	1460 København K	2012	63
101 København	1460 København K	2013	65
101 København	1460 København K	2014	62
101 København	1460 København K	2015	67
101 København	1460 København K	2016	68
101 København	1460 København K	2017	67
101 København	1460 København K	2018	68
101 København	1460 København K	2019	75
101 København	1460 København K	2020	66
101 København	1460 København K	2021	69
101 København	1460 København K	2022	61
101 København	1460 København K	2023	60
101 København	1460 København K	2024	68
101 København	1460 København K	2025	63
101 København	1460 København K	2026	60
101 København	1462 København K	2010	69
101 København	1462 København K	2011	63
101 København	1462 København K	2012	62
101 København	1462 København K	2013	59
101 København	1462 København K	2014	70
101 København	1462 København K	2015	76
101 København	1462 København K	2016	74
101 København	1462 København K	2017	83
101 København	1462 København K	2018	77
101 København	1462 København K	2019	80
101 København	1462 København K	2020	82
101 København	1462 København K	2021	84
101 København	1462 København K	2022	80
101 København	1462 København K	2023	87
101 København	1462 København K	2024	87
101 København	1462 København K	2025	85
101 København	1462 København K	2026	90
101 København	1463 København K	2010	23
101 København	1463 København K	2011	24
101 København	1463 København K	2012	23
101 København	1463 København K	2013	23
101 København	1463 København K	2014	26
101 København	1463 København K	2015	22
101 København	1463 København K	2016	25
101 København	1463 København K	2017	25
101 København	1463 København K	2018	26
101 København	1463 København K	2019	25
101 København	1463 København K	2020	27
101 København	1463 København K	2021	22
101 København	1463 København K	2022	26
101 København	1463 København K	2023	27
101 København	1463 København K	2024	27
101 København	1463 København K	2025	26
101 København	1463 København K	2026	25
101 København	1464 København K	2010	9
101 København	1464 København K	2011	1
101 København	1464 København K	2012	7
101 København	1464 København K	2013	6
101 København	1464 København K	2014	7
101 København	1464 København K	2015	9
101 København	1464 København K	2016	9
101 København	1464 København K	2017	8
101 København	1464 København K	2018	8
101 København	1464 København K	2019	11
101 København	1464 København K	2020	12
101 København	1464 København K	2021	11
101 København	1464 København K	2022	10
101 København	1464 København K	2023	7
101 København	1464 København K	2024	9
101 København	1464 København K	2025	8
101 København	1464 København K	2026	10
101 København	1466 København K	2010	37
101 København	1466 København K	2011	62
101 København	1466 København K	2012	63
101 København	1466 København K	2013	58
101 København	1466 København K	2014	71
101 København	1466 København K	2015	85
101 København	1466 København K	2016	85
101 København	1466 København K	2017	83
101 København	1466 København K	2018	84
101 København	1466 København K	2019	93
101 København	1466 København K	2020	99
101 København	1466 København K	2021	106
101 København	1466 København K	2022	107
101 København	1466 København K	2023	105
101 København	1466 København K	2024	105
101 København	1466 København K	2025	110
101 København	1466 København K	2026	109
101 København	1467 København K	2010	21
101 København	1467 København K	2011	24
101 København	1467 København K	2012	23
101 København	1467 København K	2013	27
101 København	1467 København K	2014	26
101 København	1467 København K	2015	38
101 København	1467 København K	2016	40
101 København	1467 København K	2017	40
101 København	1467 København K	2018	40
101 København	1467 København K	2019	52
101 København	1467 København K	2020	37
101 København	1467 København K	2021	49
101 København	1467 København K	2022	59
101 København	1467 København K	2023	54
101 København	1467 København K	2024	53
101 København	1467 København K	2025	69
101 København	1467 København K	2026	55
101 København	1468 København K	2010	49
101 København	1468 København K	2011	50
101 København	1468 København K	2012	46
101 København	1468 København K	2013	46
101 København	1468 København K	2014	47
101 København	1468 København K	2015	44
101 København	1468 København K	2016	60
101 København	1468 København K	2017	90
101 København	1468 København K	2018	88
101 København	1468 København K	2019	105
101 København	1468 København K	2020	99
101 København	1468 København K	2021	114
101 København	1468 København K	2022	120
101 København	1468 København K	2023	118
101 København	1468 København K	2024	120
101 København	1468 København K	2025	119
101 København	1468 København K	2026	123
101 København	1470 København K	2010	54
101 København	1470 København K	2011	56
101 København	1470 København K	2012	52
101 København	1470 København K	2013	56
101 København	1470 København K	2014	55
101 København	1470 København K	2015	56
101 København	1470 København K	2016	59
101 København	1470 København K	2017	64
101 København	1470 København K	2018	75
101 København	1470 København K	2019	77
101 København	1470 København K	2020	77
101 København	1470 København K	2021	79
101 København	1470 København K	2022	76
101 København	1470 København K	2023	71
101 København	1470 København K	2024	76
101 København	1470 København K	2025	76
101 København	1470 København K	2026	80
101 København	1471 København K	2010	33
101 København	1471 København K	2011	35
101 København	1471 København K	2012	33
101 København	1471 København K	2013	37
101 København	1471 København K	2014	35
101 København	1471 København K	2015	34
101 København	1471 København K	2016	33
101 København	1471 København K	2017	35
101 København	1471 København K	2018	34
101 København	1471 København K	2019	34
101 København	1471 København K	2020	35
101 København	1471 København K	2021	41
101 København	1471 København K	2022	39
101 København	1471 København K	2023	36
101 København	1471 København K	2024	38
101 København	1471 København K	2025	40
101 København	1471 København K	2026	36
101 København	1472 København K	2010	40
101 København	1472 København K	2011	42
101 København	1472 København K	2012	48
101 København	1472 København K	2013	59
101 København	1472 København K	2014	56
101 København	1472 København K	2015	59
101 København	1472 København K	2016	58
101 København	1472 København K	2017	69
101 København	1472 København K	2018	62
101 København	1472 København K	2019	69
101 København	1472 København K	2020	68
101 København	1472 København K	2021	70
101 København	1472 København K	2022	68
101 København	1472 København K	2023	61
101 København	1472 København K	2024	68
101 København	1472 København K	2025	65
101 København	1472 København K	2026	64
101 København	1473 København K	2010	0
101 København	1473 København K	2011	0
101 København	1473 København K	2012	0
101 København	1473 København K	2013	0
101 København	1473 København K	2014	0
101 København	1473 København K	2015	0
101 København	1473 København K	2016	0
101 København	1473 København K	2017	0
101 København	1473 København K	2018	0
101 København	1473 København K	2019	0
101 København	1473 København K	2020	13
101 København	1473 København K	2021	16
101 København	1473 København K	2022	16
101 København	1473 København K	2023	16
101 København	1473 København K	2024	26
101 København	1473 København K	2025	24
101 København	1473 København K	2026	20
101 København	1500 København V	2010	0
101 København	1500 København V	2011	0
101 København	1500 København V	2012	0
101 København	1500 København V	2013	0
101 København	1500 København V	2014	0
101 København	1500 København V	2015	0
101 København	1500 København V	2016	0
101 København	1500 København V	2017	0
101 København	1500 København V	2018	0
101 København	1500 København V	2019	0
101 København	1500 København V	2020	0
101 København	1500 København V	2021	0
101 København	1500 København V	2022	0
101 København	1500 København V	2023	0
101 København	1500 København V	2024	0
101 København	1500 København V	2025	0
101 København	1500 København V	2026	0
101 København	1550 København V	2010	1
101 København	1550 København V	2011	1
101 København	1550 København V	2012	2
101 København	1550 København V	2013	1
101 København	1550 København V	2014	3
101 København	1550 København V	2015	3
101 København	1550 København V	2016	4
101 København	1550 København V	2017	6
101 København	1550 København V	2018	5
101 København	1550 København V	2019	6
101 København	1550 København V	2020	9
101 København	1550 København V	2021	8
101 København	1550 København V	2022	14
101 København	1550 København V	2023	13
101 København	1550 København V	2024	7
101 København	1550 København V	2025	12
101 København	1550 København V	2026	14
101 København	1551 København V	2010	0
101 København	1551 København V	2011	0
101 København	1551 København V	2012	0
101 København	1551 København V	2013	0
101 København	1551 København V	2014	0
101 København	1551 København V	2015	0
101 København	1551 København V	2016	0
101 København	1551 København V	2017	0
101 København	1551 København V	2018	0
101 København	1551 København V	2019	0
101 København	1551 København V	2020	0
101 København	1551 København V	2021	0
101 København	1551 København V	2022	0
101 København	1551 København V	2023	0
101 København	1551 København V	2024	0
101 København	1551 København V	2025	0
101 København	1551 København V	2026	0
101 København	1552 København V	2010	261
101 København	1552 København V	2011	259
101 København	1552 København V	2012	278
101 København	1552 København V	2013	301
101 København	1552 København V	2014	307
101 København	1552 København V	2015	306
101 København	1552 København V	2016	308
101 København	1552 København V	2017	309
101 København	1552 København V	2018	332
101 København	1552 København V	2019	349
101 København	1552 København V	2020	336
101 København	1552 København V	2021	339
101 København	1552 København V	2022	375
101 København	1552 København V	2023	372
101 København	1552 København V	2024	384
101 København	1552 København V	2025	387
101 København	1552 København V	2026	382
101 København	1553 København V	2010	263
101 København	1553 København V	2011	263
101 København	1553 København V	2012	307
101 København	1553 København V	2013	326
101 København	1553 København V	2014	332
101 København	1553 København V	2015	325
101 København	1553 København V	2016	352
101 København	1553 København V	2017	350
101 København	1553 København V	2018	319
101 København	1553 København V	2019	353
101 København	1553 København V	2020	359
101 København	1553 København V	2021	382
101 København	1553 København V	2022	377
101 København	1553 København V	2023	363
101 København	1553 København V	2024	412
101 København	1553 København V	2025	418
101 København	1553 København V	2026	425
101 København	1554 København V	2010	11
101 København	1554 København V	2011	11
101 København	1554 København V	2012	8
101 København	1554 København V	2013	8
101 København	1554 København V	2014	8
101 København	1554 København V	2015	7
101 København	1554 København V	2016	8
101 København	1554 København V	2017	6
101 København	1554 København V	2018	6
101 København	1554 København V	2019	4
101 København	1554 København V	2020	4
101 København	1554 København V	2021	4
101 København	1554 København V	2022	3
101 København	1554 København V	2023	0
101 København	1554 København V	2024	0
101 København	1554 København V	2025	0
101 København	1554 København V	2026	0
101 København	1555 København V	2010	22
101 København	1555 København V	2011	20
101 København	1555 København V	2012	23
101 København	1555 København V	2013	26
101 København	1555 København V	2014	24
101 København	1555 København V	2015	21
101 København	1555 København V	2016	28
101 København	1555 København V	2017	23
101 København	1555 København V	2018	21
101 København	1555 København V	2019	24
101 København	1555 København V	2020	23
101 København	1555 København V	2021	22
101 København	1555 København V	2022	22
101 København	1555 København V	2023	24
101 København	1555 København V	2024	18
101 København	1555 København V	2025	18
101 København	1555 København V	2026	17
101 København	1556 København V	2010	41
101 København	1556 København V	2011	42
101 København	1556 København V	2012	46
101 København	1556 København V	2013	45
101 København	1556 København V	2014	48
101 København	1556 København V	2015	40
101 København	1556 København V	2016	42
101 København	1556 København V	2017	45
101 København	1556 København V	2018	47
101 København	1556 København V	2019	43
101 København	1556 København V	2020	42
101 København	1556 København V	2021	42
101 København	1556 København V	2022	47
101 København	1556 København V	2023	48
101 København	1556 København V	2024	49
101 København	1556 København V	2025	39
101 København	1556 København V	2026	46
101 København	1557 København V	2010	76
101 København	1557 København V	2011	81
101 København	1557 København V	2012	77
101 København	1557 København V	2013	78
101 København	1557 København V	2014	77
101 København	1557 København V	2015	86
101 København	1557 København V	2016	84
101 København	1557 København V	2017	88
101 København	1557 København V	2018	82
101 København	1557 København V	2019	85
101 København	1557 København V	2020	87
101 København	1557 København V	2021	84
101 København	1557 København V	2022	82
101 København	1557 København V	2023	83
101 København	1557 København V	2024	85
101 København	1557 København V	2025	86
101 København	1557 København V	2026	88
101 København	1558 København V	2010	46
101 København	1558 København V	2011	47
101 København	1558 København V	2012	53
101 København	1558 København V	2013	48
101 København	1558 København V	2014	49
101 København	1558 København V	2015	54
101 København	1558 København V	2016	50
101 København	1558 København V	2017	55
101 København	1558 København V	2018	58
101 København	1558 København V	2019	54
101 København	1558 København V	2020	55
101 København	1558 København V	2021	56
101 København	1558 København V	2022	54
101 København	1558 København V	2023	52
101 København	1558 København V	2024	58
101 København	1558 København V	2025	60
101 København	1558 København V	2026	60
101 København	1559 København V	2010	33
101 København	1559 København V	2011	41
101 København	1559 København V	2012	48
101 København	1559 København V	2013	36
101 København	1559 København V	2014	36
101 København	1559 København V	2015	36
101 København	1559 København V	2016	38
101 København	1559 København V	2017	40
101 København	1559 København V	2018	42
101 København	1559 København V	2019	45
101 København	1559 København V	2020	43
101 København	1559 København V	2021	36
101 København	1559 København V	2022	35
101 København	1559 København V	2023	31
101 København	1559 København V	2024	30
101 København	1559 København V	2025	30
101 København	1559 København V	2026	40
101 København	1560 København V	2010	2
101 København	1560 København V	2011	2
101 København	1560 København V	2012	0
101 København	1560 København V	2013	0
101 København	1560 København V	2014	0
101 København	1560 København V	2015	4
101 København	1560 København V	2016	5
101 København	1560 København V	2017	8
101 København	1560 København V	2018	4
101 København	1560 København V	2019	4
101 København	1560 København V	2020	4
101 København	1560 København V	2021	4
101 København	1560 København V	2022	8
101 København	1560 København V	2023	6
101 København	1560 København V	2024	5
101 København	1560 København V	2025	5
101 København	1560 København V	2026	6
101 København	1561 København V	2010	397
101 København	1561 København V	2011	595
101 København	1561 København V	2012	577
101 København	1561 København V	2013	624
101 København	1561 København V	2014	670
101 København	1561 København V	2015	660
101 København	1561 København V	2016	680
101 København	1561 København V	2017	643
101 København	1561 København V	2018	666
101 København	1561 København V	2019	672
101 København	1561 København V	2020	697
101 København	1561 København V	2021	673
101 København	1561 København V	2022	686
101 København	1561 København V	2023	696
101 København	1561 København V	2024	683
101 København	1561 København V	2025	714
101 København	1561 København V	2026	718
101 København	1562 København V	2010	0
101 København	1562 København V	2011	0
101 København	1562 København V	2012	0
101 København	1562 København V	2013	0
101 København	1562 København V	2014	0
101 København	1562 København V	2015	0
101 København	1562 København V	2016	25
101 København	1562 København V	2017	33
101 København	1562 København V	2018	39
101 København	1562 København V	2019	40
101 København	1562 København V	2020	41
101 København	1562 København V	2021	44
101 København	1562 København V	2022	42
101 København	1562 København V	2023	38
101 København	1562 København V	2024	36
101 København	1562 København V	2025	31
101 København	1562 København V	2026	36
101 København	1563 København V	2010	0
101 København	1563 København V	2011	0
101 København	1563 København V	2012	0
101 København	1563 København V	2013	0
101 København	1563 København V	2014	0
101 København	1563 København V	2015	0
101 København	1563 København V	2016	7
101 København	1563 København V	2017	18
101 København	1563 København V	2018	16
101 København	1563 København V	2019	17
101 København	1563 København V	2020	18
101 København	1563 København V	2021	24
101 København	1563 København V	2022	23
101 København	1563 København V	2023	24
101 København	1563 København V	2024	18
101 København	1563 København V	2025	17
101 København	1563 København V	2026	17
101 København	1564 København V	2010	108
101 København	1564 København V	2011	115
101 København	1564 København V	2012	114
101 København	1564 København V	2013	113
101 København	1564 København V	2014	117
101 København	1564 København V	2015	118
101 København	1564 København V	2016	118
101 København	1564 København V	2017	126
101 København	1564 København V	2018	122
101 København	1564 København V	2019	134
101 København	1564 København V	2020	126
101 København	1564 København V	2021	120
101 København	1564 København V	2022	118
101 København	1564 København V	2023	118
101 København	1564 København V	2024	115
101 København	1564 København V	2025	122
101 København	1564 København V	2026	126
101 København	1568 København V	2010	53
101 København	1568 København V	2011	51
101 København	1568 København V	2012	59
101 København	1568 København V	2013	50
101 København	1568 København V	2014	46
101 København	1568 København V	2015	56
101 København	1568 København V	2016	54
101 København	1568 København V	2017	63
101 København	1568 København V	2018	54
101 København	1568 København V	2019	57
101 København	1568 København V	2020	60
101 København	1568 København V	2021	62
101 København	1568 København V	2022	62
101 København	1568 København V	2023	63
101 København	1568 København V	2024	65
101 København	1568 København V	2025	65
101 København	1568 København V	2026	66
101 København	1569 København V	2010	83
101 København	1569 København V	2011	88
101 København	1569 København V	2012	88
101 København	1569 København V	2013	97
101 København	1569 København V	2014	96
101 København	1569 København V	2015	95
101 København	1569 København V	2016	95
101 København	1569 København V	2017	92
101 København	1569 København V	2018	96
101 København	1569 København V	2019	92
101 København	1569 København V	2020	93
101 København	1569 København V	2021	79
101 København	1569 København V	2022	78
101 København	1569 København V	2023	86
101 København	1569 København V	2024	88
101 København	1569 København V	2025	92
101 København	1569 København V	2026	89
101 København	1570 København V	2010	2
101 København	1570 København V	2011	2
101 København	1570 København V	2012	2
101 København	1570 København V	2013	3
101 København	1570 København V	2014	3
101 København	1570 København V	2015	2
101 København	1570 København V	2016	0
101 København	1570 København V	2017	0
101 København	1570 København V	2018	0
101 København	1570 København V	2019	0
101 København	1570 København V	2020	0
101 København	1570 København V	2021	0
101 København	1570 København V	2022	0
101 København	1570 København V	2023	0
101 København	1570 København V	2024	0
101 København	1570 København V	2025	0
101 København	1570 København V	2026	0
101 København	1571 København V	2010	33
101 København	1571 København V	2011	28
101 København	1571 København V	2012	33
101 København	1571 København V	2013	32
101 København	1571 København V	2014	28
101 København	1571 København V	2015	34
101 København	1571 København V	2016	30
101 København	1571 København V	2017	30
101 København	1571 København V	2018	24
101 København	1571 København V	2019	26
101 København	1571 København V	2020	29
101 København	1571 København V	2021	32
101 København	1571 København V	2022	27
101 København	1571 København V	2023	42
101 København	1571 København V	2024	35
101 København	1571 København V	2025	43
101 København	1571 København V	2026	45
101 København	1572 København V	2010	16
101 København	1572 København V	2011	14
101 København	1572 København V	2012	17
101 København	1572 København V	2013	17
101 København	1572 København V	2014	18
101 København	1572 København V	2015	15
101 København	1572 København V	2016	23
101 København	1572 København V	2017	18
101 København	1572 København V	2018	55
101 København	1572 København V	2019	89
101 København	1572 København V	2020	112
101 København	1572 København V	2021	101
101 København	1572 København V	2022	120
101 København	1572 København V	2023	123
101 København	1572 København V	2024	113
101 København	1572 København V	2025	113
101 København	1572 København V	2026	112
101 København	1573 København V	2010	227
101 København	1573 København V	2011	225
101 København	1573 København V	2012	230
101 København	1573 København V	2013	234
101 København	1573 København V	2014	238
101 København	1573 København V	2015	265
101 København	1573 København V	2016	306
101 København	1573 København V	2017	314
101 København	1573 København V	2018	328
101 København	1573 København V	2019	340
101 København	1573 København V	2020	329
101 København	1573 København V	2021	332
101 København	1573 København V	2022	350
101 København	1573 København V	2023	349
101 København	1573 København V	2024	349
101 København	1573 København V	2025	357
101 København	1573 København V	2026	376
101 København	1574 København V	2010	52
101 København	1574 København V	2011	53
101 København	1574 København V	2012	56
101 København	1574 København V	2013	52
101 København	1574 København V	2014	56
101 København	1574 København V	2015	60
101 København	1574 København V	2016	49
101 København	1574 København V	2017	51
101 København	1574 København V	2018	57
101 København	1574 København V	2019	67
101 København	1574 København V	2020	78
101 København	1574 København V	2021	80
101 København	1574 København V	2022	81
101 København	1574 København V	2023	83
101 København	1574 København V	2024	81
101 København	1574 København V	2025	82
101 København	1574 København V	2026	75
101 København	1575 København V	2010	24
101 København	1575 København V	2011	26
101 København	1575 København V	2012	25
101 København	1575 København V	2013	24
101 København	1575 København V	2014	21
101 København	1575 København V	2015	24
101 København	1575 København V	2016	24
101 København	1575 København V	2017	23
101 København	1575 København V	2018	25
101 København	1575 København V	2019	28
101 København	1575 København V	2020	25
101 København	1575 København V	2021	28
101 København	1575 København V	2022	22
101 København	1575 København V	2023	25
101 København	1575 København V	2024	24
101 København	1575 København V	2025	24
101 København	1575 København V	2026	24
101 København	1576 København V	2010	57
101 København	1576 København V	2011	61
101 København	1576 København V	2012	57
101 København	1576 København V	2013	54
101 København	1576 København V	2014	60
101 København	1576 København V	2015	61
101 København	1576 København V	2016	65
101 København	1576 København V	2017	69
101 København	1576 København V	2018	55
101 København	1576 København V	2019	57
101 København	1576 København V	2020	54
101 København	1576 København V	2021	56
101 København	1576 København V	2022	57
101 København	1576 København V	2023	56
101 København	1576 København V	2024	56
101 København	1576 København V	2025	60
101 København	1576 København V	2026	62
101 København	1577 København V	2010	17
101 København	1577 København V	2011	20
101 København	1577 København V	2012	21
101 København	1577 København V	2013	31
101 København	1577 København V	2014	37
101 København	1577 København V	2015	40
101 København	1577 København V	2016	43
101 København	1577 København V	2017	47
101 København	1577 København V	2018	37
101 København	1577 København V	2019	44
101 København	1577 København V	2020	41
101 København	1577 København V	2021	68
101 København	1577 København V	2022	110
101 København	1577 København V	2023	614
101 København	1577 København V	2024	593
101 København	1577 København V	2025	665
101 København	1577 København V	2026	692
101 København	1600 København V	2010	30
101 København	1600 København V	2011	36
101 København	1600 København V	2012	35
101 København	1600 København V	2013	34
101 København	1600 København V	2014	41
101 København	1600 København V	2015	80
101 København	1600 København V	2016	73
101 København	1600 København V	2017	80
101 København	1600 København V	2018	95
101 København	1600 København V	2019	106
101 København	1600 København V	2020	27
101 København	1600 København V	2021	28
101 København	1600 København V	2022	29
101 København	1600 København V	2023	30
101 København	1600 København V	2024	27
101 København	1600 København V	2025	29
101 København	1600 København V	2026	32
101 København	1601 København V	2010	485
101 København	1601 København V	2011	480
101 København	1601 København V	2012	500
101 København	1601 København V	2013	491
101 København	1601 København V	2014	506
101 København	1601 København V	2015	509
101 København	1601 København V	2016	502
101 København	1601 København V	2017	518
101 København	1601 København V	2018	517
101 København	1601 København V	2019	492
101 København	1601 København V	2020	501
101 København	1601 København V	2021	531
101 København	1601 København V	2022	514
101 København	1601 København V	2023	525
101 København	1601 København V	2024	517
101 København	1601 København V	2025	515
101 København	1601 København V	2026	530
101 København	1602 København V	2010	26
101 København	1602 København V	2011	27
101 København	1602 København V	2012	29
101 København	1602 København V	2013	24
101 København	1602 København V	2014	23
101 København	1602 København V	2015	28
101 København	1602 København V	2016	34
101 København	1602 København V	2017	29
101 København	1602 København V	2018	29
101 København	1602 København V	2019	27
101 København	1602 København V	2020	29
101 København	1602 København V	2021	30
101 København	1602 København V	2022	30
101 København	1602 København V	2023	28
101 København	1602 København V	2024	31
101 København	1602 København V	2025	29
101 København	1602 København V	2026	30
101 København	1603 København V	2010	75
101 København	1603 København V	2011	71
101 København	1603 København V	2012	78
101 København	1603 København V	2013	73
101 København	1603 København V	2014	79
101 København	1603 København V	2015	72
101 København	1603 København V	2016	73
101 København	1603 København V	2017	74
101 København	1603 København V	2018	71
101 København	1603 København V	2019	76
101 København	1603 København V	2020	71
101 København	1603 København V	2021	72
101 København	1603 København V	2022	74
101 København	1603 København V	2023	70
101 København	1603 København V	2024	73
101 København	1603 København V	2025	73
101 København	1603 København V	2026	72
101 København	1605 København V	2010	0
101 København	1605 København V	2011	0
101 København	1605 København V	2012	0
101 København	1605 København V	2013	0
101 København	1605 København V	2014	0
101 København	1605 København V	2015	0
101 København	1605 København V	2016	0
101 København	1605 København V	2017	0
101 København	1605 København V	2018	13
101 København	1605 København V	2019	48
101 København	1605 København V	2020	58
101 København	1605 København V	2021	73
101 København	1605 København V	2022	63
101 København	1605 København V	2023	42
101 København	1605 København V	2024	37
101 København	1605 København V	2025	35
101 København	1605 København V	2026	24
101 København	1606 København V	2010	120
101 København	1606 København V	2011	111
101 København	1606 København V	2012	119
101 København	1606 København V	2013	118
101 København	1606 København V	2014	125
101 København	1606 København V	2015	122
101 København	1606 København V	2016	120
101 København	1606 København V	2017	123
101 København	1606 København V	2018	125
101 København	1606 København V	2019	137
101 København	1606 København V	2020	136
101 København	1606 København V	2021	148
101 København	1606 København V	2022	149
101 København	1606 København V	2023	159
101 København	1606 København V	2024	154
101 København	1606 København V	2025	219
101 København	1606 København V	2026	138
101 København	1608 København V	2010	38
101 København	1608 København V	2011	27
101 København	1608 København V	2012	31
101 København	1608 København V	2013	36
101 København	1608 København V	2014	44
101 København	1608 København V	2015	40
101 København	1608 København V	2016	39
101 København	1608 København V	2017	32
101 København	1608 København V	2018	31
101 København	1608 København V	2019	34
101 København	1608 København V	2020	36
101 København	1608 København V	2021	44
101 København	1608 København V	2022	36
101 København	1608 København V	2023	41
101 København	1608 København V	2024	30
101 København	1608 København V	2025	31
101 København	1608 København V	2026	27
101 København	1609 København V	2010	0
101 København	1609 København V	2011	0
101 København	1609 København V	2012	0
101 København	1609 København V	2013	0
101 København	1609 København V	2014	0
101 København	1609 København V	2015	0
101 København	1609 København V	2016	0
101 København	1609 København V	2017	0
101 København	1609 København V	2018	0
101 København	1609 København V	2019	2
101 København	1609 København V	2020	2
101 København	1609 København V	2021	2
101 København	1609 København V	2022	2
101 København	1609 København V	2023	2
101 København	1609 København V	2024	2
101 København	1609 København V	2025	2
101 København	1609 København V	2026	2
101 København	1610 København V	2010	540
101 København	1610 København V	2011	576
101 København	1610 København V	2012	608
101 København	1610 København V	2013	649
101 København	1610 København V	2014	621
101 København	1610 København V	2015	641
101 København	1610 København V	2016	645
101 København	1610 København V	2017	654
101 København	1610 København V	2018	653
101 København	1610 København V	2019	633
101 København	1610 København V	2020	653
101 København	1610 København V	2021	622
101 København	1610 København V	2022	634
101 København	1610 København V	2023	621
101 København	1610 København V	2024	658
101 København	1610 København V	2025	647
101 København	1610 København V	2026	641
101 København	1611 København V	2010	0
101 København	1611 København V	2011	0
101 København	1611 København V	2012	0
101 København	1611 København V	2013	0
101 København	1611 København V	2014	0
101 København	1611 København V	2015	0
101 København	1611 København V	2016	1
101 København	1611 København V	2017	1
101 København	1611 København V	2018	1
101 København	1611 København V	2019	1
101 København	1611 København V	2020	0
101 København	1611 København V	2021	0
101 København	1611 København V	2022	0
101 København	1611 København V	2023	0
101 København	1611 København V	2024	0
101 København	1611 København V	2025	0
101 København	1611 København V	2026	0
101 København	1614 København V	2010	3
101 København	1614 København V	2011	8
101 København	1614 København V	2012	8
101 København	1614 København V	2013	6
101 København	1614 København V	2014	8
101 København	1614 København V	2015	7
101 København	1614 København V	2016	8
101 København	1614 København V	2017	28
101 København	1614 København V	2018	26
101 København	1614 København V	2019	33
101 København	1614 København V	2020	27
101 København	1614 København V	2021	26
101 København	1614 København V	2022	29
101 København	1614 København V	2023	32
101 København	1614 København V	2024	36
101 København	1614 København V	2025	31
101 København	1614 København V	2026	34
101 København	1615 København V	2010	183
101 København	1615 København V	2011	199
101 København	1615 København V	2012	196
101 København	1615 København V	2013	226
101 København	1615 København V	2014	231
101 København	1615 København V	2015	225
101 København	1615 København V	2016	231
101 København	1615 København V	2017	219
101 København	1615 København V	2018	231
101 København	1615 København V	2019	236
101 København	1615 København V	2020	245
101 København	1615 København V	2021	240
101 København	1615 København V	2022	242
101 København	1615 København V	2023	229
101 København	1615 København V	2024	235
101 København	1615 København V	2025	222
101 København	1615 København V	2026	214
101 København	1616 København V	2010	103
101 København	1616 København V	2011	115
101 København	1616 København V	2012	127
101 København	1616 København V	2013	125
101 København	1616 København V	2014	116
101 København	1616 København V	2015	117
101 København	1616 København V	2016	127
101 København	1616 København V	2017	131
101 København	1616 København V	2018	128
101 København	1616 København V	2019	132
101 København	1616 København V	2020	118
101 København	1616 København V	2021	118
101 København	1616 København V	2022	123
101 København	1616 København V	2023	117
101 København	1616 København V	2024	116
101 København	1616 København V	2025	127
101 København	1616 København V	2026	119
101 København	1617 København V	2010	145
101 København	1617 København V	2011	144
101 København	1617 København V	2012	142
101 København	1617 København V	2013	141
101 København	1617 København V	2014	143
101 København	1617 København V	2015	146
101 København	1617 København V	2016	148
101 København	1617 København V	2017	139
101 København	1617 København V	2018	146
101 København	1617 København V	2019	140
101 København	1617 København V	2020	148
101 København	1617 København V	2021	151
101 København	1617 København V	2022	143
101 København	1617 København V	2023	155
101 København	1617 København V	2024	150
101 København	1617 København V	2025	143
101 København	1617 København V	2026	154
101 København	1618 København V	2010	241
101 København	1618 København V	2011	234
101 København	1618 København V	2012	244
101 København	1618 København V	2013	243
101 København	1618 København V	2014	246
101 København	1618 København V	2015	264
101 København	1618 København V	2016	280
101 København	1618 København V	2017	266
101 København	1618 København V	2018	285
101 København	1618 København V	2019	280
101 København	1618 København V	2020	282
101 København	1618 København V	2021	277
101 København	1618 København V	2022	283
101 København	1618 København V	2023	288
101 København	1618 København V	2024	284
101 København	1618 København V	2025	281
101 København	1618 København V	2026	268
101 København	1619 København V	2010	162
101 København	1619 København V	2011	168
101 København	1619 København V	2012	159
101 København	1619 København V	2013	150
101 København	1619 København V	2014	131
101 København	1619 København V	2015	143
101 København	1619 København V	2016	146
101 København	1619 København V	2017	152
101 København	1619 København V	2018	144
101 København	1619 København V	2019	144
101 København	1619 København V	2020	140
101 København	1619 København V	2021	142
101 København	1619 København V	2022	140
101 København	1619 København V	2023	139
101 København	1619 København V	2024	139
101 København	1619 København V	2025	142
101 København	1619 København V	2026	137
101 København	1620 København V	2010	2901
101 København	1620 København V	2011	2956
101 København	1620 København V	2012	3025
101 København	1620 København V	2013	3088
101 København	1620 København V	2014	3164
101 København	1620 København V	2015	3085
101 København	1620 København V	2016	3125
101 København	1620 København V	2017	3102
101 København	1620 København V	2018	3107
101 København	1620 København V	2019	3095
101 København	1620 København V	2020	3114
101 København	1620 København V	2021	3119
101 København	1620 København V	2022	3140
101 København	1620 København V	2023	3157
101 København	1620 København V	2024	3213
101 København	1620 København V	2025	3160
101 København	1620 København V	2026	3174
101 København	1621 København V	2010	81
101 København	1621 København V	2011	98
101 København	1621 København V	2012	93
101 København	1621 København V	2013	91
101 København	1621 København V	2014	115
101 København	1621 København V	2015	119
101 København	1621 København V	2016	123
101 København	1621 København V	2017	131
101 København	1621 København V	2018	134
101 København	1621 København V	2019	138
101 København	1621 København V	2020	130
101 København	1621 København V	2021	129
101 København	1621 København V	2022	123
101 København	1621 København V	2023	121
101 København	1621 København V	2024	121
101 København	1621 København V	2025	113
101 København	1621 København V	2026	111
101 København	1622 København V	2010	184
101 København	1622 København V	2011	179
101 København	1622 København V	2012	181
101 København	1622 København V	2013	180
101 København	1622 København V	2014	179
101 København	1622 København V	2015	189
101 København	1622 København V	2016	198
101 København	1622 København V	2017	197
101 København	1622 København V	2018	195
101 København	1622 København V	2019	196
101 København	1622 København V	2020	198
101 København	1622 København V	2021	194
101 København	1622 København V	2022	187
101 København	1622 København V	2023	186
101 København	1622 København V	2024	196
101 København	1622 København V	2025	192
101 København	1622 København V	2026	193
101 København	1623 København V	2010	134
101 København	1623 København V	2011	127
101 København	1623 København V	2012	124
101 København	1623 København V	2013	135
101 København	1623 København V	2014	135
101 København	1623 København V	2015	147
101 København	1623 København V	2016	136
101 København	1623 København V	2017	151
101 København	1623 København V	2018	150
101 København	1623 København V	2019	134
101 København	1623 København V	2020	136
101 København	1623 København V	2021	131
101 København	1623 København V	2022	128
101 København	1623 København V	2023	132
101 København	1623 København V	2024	128
101 København	1623 København V	2025	134
101 København	1623 København V	2026	125
101 København	1624 København V	2010	156
101 København	1624 København V	2011	161
101 København	1624 København V	2012	164
101 København	1624 København V	2013	166
101 København	1624 København V	2014	183
101 København	1624 København V	2015	179
101 København	1624 København V	2016	172
101 København	1624 København V	2017	182
101 København	1624 København V	2018	175
101 København	1624 København V	2019	185
101 København	1624 København V	2020	162
101 København	1624 København V	2021	166
101 København	1624 København V	2022	175
101 København	1624 København V	2023	179
101 København	1624 København V	2024	177
101 København	1624 København V	2025	168
101 København	1624 København V	2026	161
101 København	1631 København V	2010	170
101 København	1631 København V	2011	177
101 København	1631 København V	2012	161
101 København	1631 København V	2013	173
101 København	1631 København V	2014	174
101 København	1631 København V	2015	156
101 København	1631 København V	2016	161
101 København	1631 København V	2017	169
101 København	1631 København V	2018	177
101 København	1631 København V	2019	173
101 København	1631 København V	2020	169
101 København	1631 København V	2021	181
101 København	1631 København V	2022	173
101 København	1631 København V	2023	194
101 København	1631 København V	2024	197
101 København	1631 København V	2025	209
101 København	1631 København V	2026	197
101 København	1632 København V	2010	120
101 København	1632 København V	2011	122
101 København	1632 København V	2012	126
101 København	1632 København V	2013	122
101 København	1632 København V	2014	123
101 København	1632 København V	2015	132
101 København	1632 København V	2016	134
101 København	1632 København V	2017	132
101 København	1632 København V	2018	133
101 København	1632 København V	2019	133
101 København	1632 København V	2020	137
101 København	1632 København V	2021	144
101 København	1632 København V	2022	146
101 København	1632 København V	2023	148
101 København	1632 København V	2024	140
101 København	1632 København V	2025	142
101 København	1632 København V	2026	144
101 København	1633 København V	2010	91
101 København	1633 København V	2011	90
101 København	1633 København V	2012	106
101 København	1633 København V	2013	92
101 København	1633 København V	2014	90
101 København	1633 København V	2015	88
101 København	1633 København V	2016	102
101 København	1633 København V	2017	102
101 København	1633 København V	2018	108
101 København	1633 København V	2019	110
101 København	1633 København V	2020	111
101 København	1633 København V	2021	109
101 København	1633 København V	2022	107
101 København	1633 København V	2023	102
101 København	1633 København V	2024	103
101 København	1633 København V	2025	107
101 København	1633 København V	2026	105
101 København	1634 København V	2010	181
101 København	1634 København V	2011	174
101 København	1634 København V	2012	168
101 København	1634 København V	2013	179
101 København	1634 København V	2014	191
101 København	1634 København V	2015	182
101 København	1634 København V	2016	186
101 København	1634 København V	2017	187
101 København	1634 København V	2018	181
101 København	1634 København V	2019	167
101 København	1634 København V	2020	165
101 København	1634 København V	2021	166
101 København	1634 København V	2022	163
101 København	1634 København V	2023	171
101 København	1634 København V	2024	175
101 København	1634 København V	2025	175
101 København	1634 København V	2026	171
101 København	1635 København V	2010	124
101 København	1635 København V	2011	123
101 København	1635 København V	2012	127
101 København	1635 København V	2013	116
101 København	1635 København V	2014	125
101 København	1635 København V	2015	132
101 København	1635 København V	2016	134
101 København	1635 København V	2017	137
101 København	1635 København V	2018	143
101 København	1635 København V	2019	161
101 København	1635 København V	2020	153
101 København	1635 København V	2021	148
101 København	1635 København V	2022	151
101 København	1635 København V	2023	148
101 København	1635 København V	2024	151
101 København	1635 København V	2025	151
101 København	1635 København V	2026	149
101 København	1650 København V	2010	1434
101 København	1650 København V	2011	1492
101 København	1650 København V	2012	1516
101 København	1650 København V	2013	1539
101 København	1650 København V	2014	1559
101 København	1650 København V	2015	1540
101 København	1650 København V	2016	1605
101 København	1650 København V	2017	1604
101 København	1650 København V	2018	1554
101 København	1650 København V	2019	1560
101 København	1650 København V	2020	1508
101 København	1650 København V	2021	1515
101 København	1650 København V	2022	1506
101 København	1650 København V	2023	1510
101 København	1650 København V	2024	1528
101 København	1650 København V	2025	1506
101 København	1650 København V	2026	1531
101 København	1651 København V	2010	275
101 København	1651 København V	2011	298
101 København	1651 København V	2012	324
101 København	1651 København V	2013	323
101 København	1651 København V	2014	326
101 København	1651 København V	2015	353
101 København	1651 København V	2016	335
101 København	1651 København V	2017	352
101 København	1651 København V	2018	346
101 København	1651 København V	2019	356
101 København	1651 København V	2020	348
101 København	1651 København V	2021	348
101 København	1651 København V	2022	333
101 København	1651 København V	2023	345
101 København	1651 København V	2024	349
101 København	1651 København V	2025	340
101 København	1651 København V	2026	347
101 København	1652 København V	2010	271
101 København	1652 København V	2011	280
101 København	1652 København V	2012	286
101 København	1652 København V	2013	278
101 København	1652 København V	2014	289
101 København	1652 København V	2015	272
101 København	1652 København V	2016	289
101 København	1652 København V	2017	283
101 København	1652 København V	2018	285
101 København	1652 København V	2019	284
101 København	1652 København V	2020	288
101 København	1652 København V	2021	316
101 København	1652 København V	2022	302
101 København	1652 København V	2023	297
101 København	1652 København V	2024	286
101 København	1652 København V	2025	273
101 København	1652 København V	2026	267
101 København	1653 København V	2010	201
101 København	1653 København V	2011	222
101 København	1653 København V	2012	222
101 København	1653 København V	2013	195
101 København	1653 København V	2014	221
101 København	1653 København V	2015	226
101 København	1653 København V	2016	232
101 København	1653 København V	2017	226
101 København	1653 København V	2018	235
101 København	1653 København V	2019	233
101 København	1653 København V	2020	221
101 København	1653 København V	2021	237
101 København	1653 København V	2022	251
101 København	1653 København V	2023	249
101 København	1653 København V	2024	243
101 København	1653 København V	2025	247
101 København	1653 København V	2026	249
101 København	1654 København V	2010	417
101 København	1654 København V	2011	416
101 København	1654 København V	2012	407
101 København	1654 København V	2013	415
101 København	1654 København V	2014	425
101 København	1654 København V	2015	437
101 København	1654 København V	2016	438
101 København	1654 København V	2017	440
101 København	1654 København V	2018	411
101 København	1654 København V	2019	424
101 København	1654 København V	2020	421
101 København	1654 København V	2021	410
101 København	1654 København V	2022	412
101 København	1654 København V	2023	412
101 København	1654 København V	2024	436
101 København	1654 København V	2025	422
101 København	1654 København V	2026	422
101 København	1655 København V	2010	469
101 København	1655 København V	2011	472
101 København	1655 København V	2012	506
101 København	1655 København V	2013	511
101 København	1655 København V	2014	503
101 København	1655 København V	2015	510
101 København	1655 København V	2016	521
101 København	1655 København V	2017	546
101 København	1655 København V	2018	523
101 København	1655 København V	2019	498
101 København	1655 København V	2020	508
101 København	1655 København V	2021	545
101 København	1655 København V	2022	530
101 København	1655 København V	2023	541
101 København	1655 København V	2024	523
101 København	1655 København V	2025	524
101 København	1655 København V	2026	523
101 København	1656 København V	2010	620
101 København	1656 København V	2011	654
101 København	1656 København V	2012	690
101 København	1656 København V	2013	665
101 København	1656 København V	2014	681
101 København	1656 København V	2015	689
101 København	1656 København V	2016	705
101 København	1656 København V	2017	686
101 København	1656 København V	2018	753
101 København	1656 København V	2019	724
101 København	1656 København V	2020	680
101 København	1656 København V	2021	698
101 København	1656 København V	2022	700
101 København	1656 København V	2023	674
101 København	1656 København V	2024	687
101 København	1656 København V	2025	708
101 København	1656 København V	2026	680
101 København	1657 København V	2010	497
101 København	1657 København V	2011	488
101 København	1657 København V	2012	491
101 København	1657 København V	2013	512
101 København	1657 København V	2014	517
101 København	1657 København V	2015	519
101 København	1657 København V	2016	529
101 København	1657 København V	2017	528
101 København	1657 København V	2018	523
101 København	1657 København V	2019	524
101 København	1657 København V	2020	545
101 København	1657 København V	2021	531
101 København	1657 København V	2022	495
101 København	1657 København V	2023	517
101 København	1657 København V	2024	514
101 København	1657 København V	2025	522
101 København	1657 København V	2026	515
101 København	1658 København V	2010	796
101 København	1658 København V	2011	821
101 København	1658 København V	2012	834
101 København	1658 København V	2013	846
101 København	1658 København V	2014	851
101 København	1658 København V	2015	848
101 København	1658 København V	2016	871
101 København	1658 København V	2017	897
101 København	1658 København V	2018	900
101 København	1658 København V	2019	901
101 København	1658 København V	2020	921
101 København	1658 København V	2021	880
101 København	1658 København V	2022	863
101 København	1658 København V	2023	861
101 København	1658 København V	2024	865
101 København	1658 København V	2025	868
101 København	1658 København V	2026	877
101 København	1659 København V	2010	44
101 København	1659 København V	2011	50
101 København	1659 København V	2012	53
101 København	1659 København V	2013	50
101 København	1659 København V	2014	51
101 København	1659 København V	2015	52
101 København	1659 København V	2016	44
101 København	1659 København V	2017	42
101 København	1659 København V	2018	50
101 København	1659 København V	2019	49
101 København	1659 København V	2020	49
101 København	1659 København V	2021	49
101 København	1659 København V	2022	55
101 København	1659 København V	2023	51
101 København	1659 København V	2024	47
101 København	1659 København V	2025	50
101 København	1659 København V	2026	47
101 København	1660 København V	2010	721
101 København	1660 København V	2011	744
101 København	1660 København V	2012	769
101 København	1660 København V	2013	775
101 København	1660 København V	2014	788
101 København	1660 København V	2015	781
101 København	1660 København V	2016	768
101 København	1660 København V	2017	787
101 København	1660 København V	2018	777
101 København	1660 København V	2019	760
101 København	1660 København V	2020	745
101 København	1660 København V	2021	740
101 København	1660 København V	2022	727
101 København	1660 København V	2023	739
101 København	1660 København V	2024	722
101 København	1660 København V	2025	714
101 København	1660 København V	2026	713
101 København	1661 København V	2010	421
101 København	1661 København V	2011	427
101 København	1661 København V	2012	442
101 København	1661 København V	2013	437
101 København	1661 København V	2014	427
101 København	1661 København V	2015	447
101 København	1661 København V	2016	458
101 København	1661 København V	2017	452
101 København	1661 København V	2018	445
101 København	1661 København V	2019	444
101 København	1661 København V	2020	435
101 København	1661 København V	2021	429
101 København	1661 København V	2022	434
101 København	1661 København V	2023	426
101 København	1661 København V	2024	430
101 København	1661 København V	2025	437
101 København	1661 København V	2026	439
101 København	1662 København V	2010	1066
101 København	1662 København V	2011	1084
101 København	1662 København V	2012	1046
101 København	1662 København V	2013	1030
101 København	1662 København V	2014	1044
101 København	1662 København V	2015	992
101 København	1662 København V	2016	1003
101 København	1662 København V	2017	995
101 København	1662 København V	2018	995
101 København	1662 København V	2019	968
101 København	1662 København V	2020	957
101 København	1662 København V	2021	926
101 København	1662 København V	2022	922
101 København	1662 København V	2023	920
101 København	1662 København V	2024	942
101 København	1662 København V	2025	958
101 København	1662 København V	2026	970
101 København	1663 København V	2010	1480
101 København	1663 København V	2011	1518
101 København	1663 København V	2012	1545
101 København	1663 København V	2013	1582
101 København	1663 København V	2014	1589
101 København	1663 København V	2015	1591
101 København	1663 København V	2016	1616
101 København	1663 København V	2017	1624
101 København	1663 København V	2018	1643
101 København	1663 København V	2019	1636
101 København	1663 København V	2020	1614
101 København	1663 København V	2021	1575
101 København	1663 København V	2022	1559
101 København	1663 København V	2023	1562
101 København	1663 København V	2024	1543
101 København	1663 København V	2025	1556
101 København	1663 København V	2026	1553
101 København	1664 København V	2010	87
101 København	1664 København V	2011	98
101 København	1664 København V	2012	91
101 København	1664 København V	2013	102
101 København	1664 København V	2014	102
101 København	1664 København V	2015	97
101 København	1664 København V	2016	97
101 København	1664 København V	2017	103
101 København	1664 København V	2018	106
101 København	1664 København V	2019	101
101 København	1664 København V	2020	101
101 København	1664 København V	2021	111
101 København	1664 København V	2022	103
101 København	1664 København V	2023	108
101 København	1664 København V	2024	110
101 København	1664 København V	2025	103
101 København	1664 København V	2026	104
101 København	1665 København V	2010	1160
101 København	1665 København V	2011	1183
101 København	1665 København V	2012	1208
101 København	1665 København V	2013	1224
101 København	1665 København V	2014	1240
101 København	1665 København V	2015	1248
101 København	1665 København V	2016	1269
101 København	1665 København V	2017	1285
101 København	1665 København V	2018	1305
101 København	1665 København V	2019	1313
101 København	1665 København V	2020	1301
101 København	1665 København V	2021	1295
101 København	1665 København V	2022	1243
101 København	1665 København V	2023	1271
101 København	1665 København V	2024	1258
101 København	1665 København V	2025	1260
101 København	1665 København V	2026	1259
101 København	1666 København V	2010	701
101 København	1666 København V	2011	724
101 København	1666 København V	2012	734
101 København	1666 København V	2013	723
101 København	1666 København V	2014	740
101 København	1666 København V	2015	772
101 København	1666 København V	2016	765
101 København	1666 København V	2017	774
101 København	1666 København V	2018	757
101 København	1666 København V	2019	746
101 København	1666 København V	2020	714
101 København	1666 København V	2021	697
101 København	1666 København V	2022	686
101 København	1666 København V	2023	698
101 København	1666 København V	2024	692
101 København	1666 København V	2025	672
101 København	1666 København V	2026	709
101 København	1667 København V	2010	146
101 København	1667 København V	2011	149
101 København	1667 København V	2012	162
101 København	1667 København V	2013	177
101 København	1667 København V	2014	169
101 København	1667 København V	2015	174
101 København	1667 København V	2016	168
101 København	1667 København V	2017	178
101 København	1667 København V	2018	178
101 København	1667 København V	2019	170
101 København	1667 København V	2020	170
101 København	1667 København V	2021	165
101 København	1667 København V	2022	171
101 København	1667 København V	2023	157
101 København	1667 København V	2024	161
101 København	1667 København V	2025	165
101 København	1667 København V	2026	162
101 København	1668 København V	2010	440
101 København	1668 København V	2011	444
101 København	1668 København V	2012	459
101 København	1668 København V	2013	480
101 København	1668 København V	2014	466
101 København	1668 København V	2015	479
101 København	1668 København V	2016	472
101 København	1668 København V	2017	467
101 København	1668 København V	2018	471
101 København	1668 København V	2019	477
101 København	1668 København V	2020	446
101 København	1668 København V	2021	453
101 København	1668 København V	2022	453
101 København	1668 København V	2023	430
101 København	1668 København V	2024	429
101 København	1668 København V	2025	435
101 København	1668 København V	2026	444
101 København	1669 København V	2010	703
101 København	1669 København V	2011	694
101 København	1669 København V	2012	711
101 København	1669 København V	2013	746
101 København	1669 København V	2014	742
101 København	1669 København V	2015	754
101 København	1669 København V	2016	783
101 København	1669 København V	2017	760
101 København	1669 København V	2018	768
101 København	1669 København V	2019	772
101 København	1669 København V	2020	757
101 København	1669 København V	2021	749
101 København	1669 København V	2022	760
101 København	1669 København V	2023	744
101 København	1669 København V	2024	750
101 København	1669 København V	2025	737
101 København	1669 København V	2026	756
101 København	1670 København V	2010	397
101 København	1670 København V	2011	391
101 København	1670 København V	2012	401
101 København	1670 København V	2013	432
101 København	1670 København V	2014	429
101 København	1670 København V	2015	399
101 København	1670 København V	2016	416
101 København	1670 København V	2017	416
101 København	1670 København V	2018	413
101 København	1670 København V	2019	421
101 København	1670 København V	2020	420
101 København	1670 København V	2021	405
101 København	1670 København V	2022	410
101 København	1670 København V	2023	395
101 København	1670 København V	2024	373
101 København	1670 København V	2025	397
101 København	1670 København V	2026	410
101 København	1671 København V	2010	494
101 København	1671 København V	2011	505
101 København	1671 København V	2012	520
101 København	1671 København V	2013	512
101 København	1671 København V	2014	535
101 København	1671 København V	2015	523
101 København	1671 København V	2016	545
101 København	1671 København V	2017	539
101 København	1671 København V	2018	547
101 København	1671 København V	2019	541
101 København	1671 København V	2020	544
101 København	1671 København V	2021	547
101 København	1671 København V	2022	538
101 København	1671 København V	2023	547
101 København	1671 København V	2024	543
101 København	1671 København V	2025	540
101 København	1671 København V	2026	539
101 København	1672 København V	2010	127
101 København	1672 København V	2011	139
101 København	1672 København V	2012	138
101 København	1672 København V	2013	146
101 København	1672 København V	2014	141
101 København	1672 København V	2015	134
101 København	1672 København V	2016	148
101 København	1672 København V	2017	137
101 København	1672 København V	2018	154
101 København	1672 København V	2019	161
101 København	1672 København V	2020	156
101 København	1672 København V	2021	147
101 København	1672 København V	2022	150
101 København	1672 København V	2023	147
101 København	1672 København V	2024	150
101 København	1672 København V	2025	153
101 København	1672 København V	2026	154
101 København	1673 København V	2010	144
101 København	1673 København V	2011	131
101 København	1673 København V	2012	139
101 København	1673 København V	2013	146
101 København	1673 København V	2014	143
101 København	1673 København V	2015	140
101 København	1673 København V	2016	138
101 København	1673 København V	2017	144
101 København	1673 København V	2018	147
101 København	1673 København V	2019	147
101 København	1673 København V	2020	151
101 København	1673 København V	2021	149
101 København	1673 København V	2022	154
101 København	1673 København V	2023	149
101 København	1673 København V	2024	148
101 København	1673 København V	2025	144
101 København	1673 København V	2026	143
101 København	1674 København V	2010	989
101 København	1674 København V	2011	1007
101 København	1674 København V	2012	1036
101 København	1674 København V	2013	1085
101 København	1674 København V	2014	1081
101 København	1674 København V	2015	1092
101 København	1674 København V	2016	1100
101 København	1674 København V	2017	1101
101 København	1674 København V	2018	1093
101 København	1674 København V	2019	1065
101 København	1674 København V	2020	1034
101 København	1674 København V	2021	1049
101 København	1674 København V	2022	1184
101 København	1674 København V	2023	1203
101 København	1674 København V	2024	1226
101 København	1674 København V	2025	1251
101 København	1674 København V	2026	1262
101 København	1675 København V	2010	127
101 København	1675 København V	2011	131
101 København	1675 København V	2012	129
101 København	1675 København V	2013	136
101 København	1675 København V	2014	140
101 København	1675 København V	2015	144
101 København	1675 København V	2016	139
101 København	1675 København V	2017	142
101 København	1675 København V	2018	138
101 København	1675 København V	2019	143
101 København	1675 København V	2020	143
101 København	1675 København V	2021	134
101 København	1675 København V	2022	130
101 København	1675 København V	2023	126
101 København	1675 København V	2024	122
101 København	1675 København V	2025	122
101 København	1675 København V	2026	120
101 København	1676 København V	2010	339
101 København	1676 København V	2011	350
101 København	1676 København V	2012	360
101 København	1676 København V	2013	344
101 København	1676 København V	2014	358
101 København	1676 København V	2015	355
101 København	1676 København V	2016	362
101 København	1676 København V	2017	385
101 København	1676 København V	2018	379
101 København	1676 København V	2019	387
101 København	1676 København V	2020	376
101 København	1676 København V	2021	386
101 København	1676 København V	2022	379
101 København	1676 København V	2023	394
101 København	1676 København V	2024	358
101 København	1676 København V	2025	353
101 København	1676 København V	2026	355
101 København	1677 København V	2010	127
101 København	1677 København V	2011	126
101 København	1677 København V	2012	127
101 København	1677 København V	2013	128
101 København	1677 København V	2014	131
101 København	1677 København V	2015	143
101 København	1677 København V	2016	152
101 København	1677 København V	2017	150
101 København	1677 København V	2018	141
101 København	1677 København V	2019	138
101 København	1677 København V	2020	153
101 København	1677 København V	2021	140
101 København	1677 København V	2022	138
101 København	1677 København V	2023	144
101 København	1677 København V	2024	142
101 København	1677 København V	2025	144
101 København	1677 København V	2026	142
101 København	1700 København V	2010	554
101 København	1700 København V	2011	562
101 København	1700 København V	2012	579
101 København	1700 København V	2013	577
101 København	1700 København V	2014	602
101 København	1700 København V	2015	628
101 København	1700 København V	2016	615
101 København	1700 København V	2017	602
101 København	1700 København V	2018	600
101 København	1700 København V	2019	610
101 København	1700 København V	2020	603
101 København	1700 København V	2021	549
101 København	1700 København V	2022	566
101 København	1700 København V	2023	593
101 København	1700 København V	2024	581
101 København	1700 København V	2025	582
101 København	1700 København V	2026	580
101 København	1701 København V	2010	90
101 København	1701 København V	2011	94
101 København	1701 København V	2012	107
101 København	1701 København V	2013	104
101 København	1701 København V	2014	115
101 København	1701 København V	2015	118
101 København	1701 København V	2016	116
101 København	1701 København V	2017	118
101 København	1701 København V	2018	119
101 København	1701 København V	2019	115
101 København	1701 København V	2020	117
101 København	1701 København V	2021	119
101 København	1701 København V	2022	121
101 København	1701 København V	2023	126
101 København	1701 København V	2024	117
101 København	1701 København V	2025	125
101 København	1701 København V	2026	117
101 København	1702 København V	2010	134
101 København	1702 København V	2011	136
101 København	1702 København V	2012	140
101 København	1702 København V	2013	139
101 København	1702 København V	2014	133
101 København	1702 København V	2015	131
101 København	1702 København V	2016	131
101 København	1702 København V	2017	123
101 København	1702 København V	2018	133
101 København	1702 København V	2019	142
101 København	1702 København V	2020	141
101 København	1702 København V	2021	142
101 København	1702 København V	2022	139
101 København	1702 København V	2023	140
101 København	1702 København V	2024	143
101 København	1702 København V	2025	147
101 København	1702 København V	2026	142
101 København	1703 København V	2010	169
101 København	1703 København V	2011	181
101 København	1703 København V	2012	184
101 København	1703 København V	2013	182
101 København	1703 København V	2014	184
101 København	1703 København V	2015	191
101 København	1703 København V	2016	181
101 København	1703 København V	2017	188
101 København	1703 København V	2018	198
101 København	1703 København V	2019	195
101 København	1703 København V	2020	186
101 København	1703 København V	2021	191
101 København	1703 København V	2022	177
101 København	1703 København V	2023	179
101 København	1703 København V	2024	191
101 København	1703 København V	2025	193
101 København	1703 København V	2026	189
101 København	1704 København V	2010	119
101 København	1704 København V	2011	119
101 København	1704 København V	2012	123
101 København	1704 København V	2013	124
101 København	1704 København V	2014	111
101 København	1704 København V	2015	117
101 København	1704 København V	2016	120
101 København	1704 København V	2017	125
101 København	1704 København V	2018	136
101 København	1704 København V	2019	129
101 København	1704 København V	2020	127
101 København	1704 København V	2021	131
101 København	1704 København V	2022	131
101 København	1704 København V	2023	130
101 København	1704 København V	2024	127
101 København	1704 København V	2025	117
101 København	1704 København V	2026	119
101 København	1705 København V	2010	870
101 København	1705 København V	2011	894
101 København	1705 København V	2012	913
101 København	1705 København V	2013	936
101 København	1705 København V	2014	944
101 København	1705 København V	2015	937
101 København	1705 København V	2016	941
101 København	1705 København V	2017	944
101 København	1705 København V	2018	953
101 København	1705 København V	2019	953
101 København	1705 København V	2020	947
101 København	1705 København V	2021	947
101 København	1705 København V	2022	939
101 København	1705 København V	2023	949
101 København	1705 København V	2024	950
101 København	1705 København V	2025	933
101 København	1705 København V	2026	950
101 København	1706 København V	2010	120
101 København	1706 København V	2011	122
101 København	1706 København V	2012	126
101 København	1706 København V	2013	141
101 København	1706 København V	2014	131
101 København	1706 København V	2015	122
101 København	1706 København V	2016	125
101 København	1706 København V	2017	125
101 København	1706 København V	2018	131
101 København	1706 København V	2019	141
101 København	1706 København V	2020	142
101 København	1706 København V	2021	137
101 København	1706 København V	2022	104
101 København	1706 København V	2023	139
101 København	1706 København V	2024	150
101 København	1706 København V	2025	139
101 København	1706 København V	2026	138
101 København	1707 København V	2010	57
101 København	1707 København V	2011	47
101 København	1707 København V	2012	59
101 København	1707 København V	2013	61
101 København	1707 København V	2014	58
101 København	1707 København V	2015	64
101 København	1707 København V	2016	67
101 København	1707 København V	2017	63
101 København	1707 København V	2018	67
101 København	1707 København V	2019	67
101 København	1707 København V	2020	60
101 København	1707 København V	2021	61
101 København	1707 København V	2022	51
101 København	1707 København V	2023	57
101 København	1707 København V	2024	61
101 København	1707 København V	2025	60
101 København	1707 København V	2026	65
101 København	1708 København V	2010	194
101 København	1708 København V	2011	185
101 København	1708 København V	2012	194
101 København	1708 København V	2013	189
101 København	1708 København V	2014	196
101 København	1708 København V	2015	198
101 København	1708 København V	2016	193
101 København	1708 København V	2017	196
101 København	1708 København V	2018	197
101 København	1708 København V	2019	194
101 København	1708 København V	2020	196
101 København	1708 København V	2021	190
101 København	1708 København V	2022	199
101 København	1708 København V	2023	207
101 København	1708 København V	2024	200
101 København	1708 København V	2025	200
101 København	1708 København V	2026	198
101 København	1709 København V	2010	697
101 København	1709 København V	2011	712
101 København	1709 København V	2012	688
101 København	1709 København V	2013	700
101 København	1709 København V	2014	715
101 København	1709 København V	2015	717
101 København	1709 København V	2016	718
101 København	1709 København V	2017	718
101 København	1709 København V	2018	732
101 København	1709 København V	2019	714
101 København	1709 København V	2020	717
101 København	1709 København V	2021	685
101 København	1709 København V	2022	707
101 København	1709 København V	2023	707
101 København	1709 København V	2024	683
101 København	1709 København V	2025	695
101 København	1709 København V	2026	691
101 København	1710 København V	2010	25
101 København	1710 København V	2011	26
101 København	1710 København V	2012	25
101 København	1710 København V	2013	28
101 København	1710 København V	2014	28
101 København	1710 København V	2015	27
101 København	1710 København V	2016	29
101 København	1710 København V	2017	24
101 København	1710 København V	2018	25
101 København	1710 København V	2019	24
101 København	1710 København V	2020	25
101 København	1710 København V	2021	25
101 København	1710 København V	2022	23
101 København	1710 København V	2023	25
101 København	1710 København V	2024	24
101 København	1710 København V	2025	22
101 København	1710 København V	2026	21
101 København	1715 København V	2010	1
101 København	1715 København V	2011	1
101 København	1715 København V	2012	1
101 København	1715 København V	2013	1
101 København	1715 København V	2014	0
101 København	1715 København V	2015	0
101 København	1715 København V	2016	0
101 København	1715 København V	2017	0
101 København	1715 København V	2018	0
101 København	1715 København V	2019	0
101 København	1715 København V	2020	0
101 København	1715 København V	2021	0
101 København	1715 København V	2022	0
101 København	1715 København V	2023	0
101 København	1715 København V	2024	0
101 København	1715 København V	2025	0
101 København	1715 København V	2026	0
101 København	1717 København V	2010	139
101 København	1717 København V	2011	135
101 København	1717 København V	2012	145
101 København	1717 København V	2013	157
101 København	1717 København V	2014	151
101 København	1717 København V	2015	155
101 København	1717 København V	2016	154
101 København	1717 København V	2017	152
101 København	1717 København V	2018	147
101 København	1717 København V	2019	190
101 København	1717 København V	2020	251
101 København	1717 København V	2021	245
101 København	1717 København V	2022	250
101 København	1717 København V	2023	249
101 København	1717 København V	2024	238
101 København	1717 København V	2025	241
101 København	1717 København V	2026	240
101 København	1718 København V	2010	491
101 København	1718 København V	2011	518
101 København	1718 København V	2012	555
101 København	1718 København V	2013	530
101 København	1718 København V	2014	621
101 København	1718 København V	2015	634
101 København	1718 København V	2016	639
101 København	1718 København V	2017	640
101 København	1718 København V	2018	643
101 København	1718 København V	2019	617
101 København	1718 København V	2020	630
101 København	1718 København V	2021	634
101 København	1718 København V	2022	632
101 København	1718 København V	2023	612
101 København	1718 København V	2024	635
101 København	1718 København V	2025	627
101 København	1718 København V	2026	635
101 København	1719 København V	2010	488
101 København	1719 København V	2011	507
101 København	1719 København V	2012	522
101 København	1719 København V	2013	550
101 København	1719 København V	2014	561
101 København	1719 København V	2015	560
101 København	1719 København V	2016	569
101 København	1719 København V	2017	597
101 København	1719 København V	2018	604
101 København	1719 København V	2019	585
101 København	1719 København V	2020	582
101 København	1719 København V	2021	570
101 København	1719 København V	2022	564
101 København	1719 København V	2023	567
101 København	1719 København V	2024	586
101 København	1719 København V	2025	598
101 København	1719 København V	2026	599
101 København	1720 København V	2010	1835
101 København	1720 København V	2011	1844
101 København	1720 København V	2012	1911
101 København	1720 København V	2013	1951
101 København	1720 København V	2014	1988
101 København	1720 København V	2015	1957
101 København	1720 København V	2016	1983
101 København	1720 København V	2017	1950
101 København	1720 København V	2018	1972
101 København	1720 København V	2019	1941
101 København	1720 København V	2020	1958
101 København	1720 København V	2021	1964
101 København	1720 København V	2022	1949
101 København	1720 København V	2023	1977
101 København	1720 København V	2024	1983
101 København	1720 København V	2025	1975
101 København	1720 København V	2026	1970
101 København	1721 København V	2010	808
101 København	1721 København V	2011	812
101 København	1721 København V	2012	830
101 København	1721 København V	2013	830
101 København	1721 København V	2014	871
101 København	1721 København V	2015	885
101 København	1721 København V	2016	890
101 København	1721 København V	2017	894
101 København	1721 København V	2018	921
101 København	1721 København V	2019	920
101 København	1721 København V	2020	909
101 København	1721 København V	2021	904
101 København	1721 København V	2022	895
101 København	1721 København V	2023	906
101 København	1721 København V	2024	899
101 København	1721 København V	2025	895
101 København	1721 København V	2026	896
101 København	1722 København V	2010	419
101 København	1722 København V	2011	442
101 København	1722 København V	2012	469
101 København	1722 København V	2013	459
101 København	1722 København V	2014	458
101 København	1722 København V	2015	467
101 København	1722 København V	2016	458
101 København	1722 København V	2017	467
101 København	1722 København V	2018	473
101 København	1722 København V	2019	467
101 København	1722 København V	2020	479
101 København	1722 København V	2021	455
101 København	1722 København V	2022	454
101 København	1722 København V	2023	471
101 København	1722 København V	2024	476
101 København	1722 København V	2025	489
101 København	1722 København V	2026	496
101 København	1723 København V	2010	124
101 København	1723 København V	2011	113
101 København	1723 København V	2012	120
101 København	1723 København V	2013	115
101 København	1723 København V	2014	120
101 København	1723 København V	2015	124
101 København	1723 København V	2016	120
101 København	1723 København V	2017	112
101 København	1723 København V	2018	111
101 København	1723 København V	2019	101
101 København	1723 København V	2020	94
101 København	1723 København V	2021	95
101 København	1723 København V	2022	98
101 København	1723 København V	2023	108
101 København	1723 København V	2024	107
101 København	1723 København V	2025	105
101 København	1723 København V	2026	101
101 København	1724 København V	2010	129
101 København	1724 København V	2011	128
101 København	1724 København V	2012	117
101 København	1724 København V	2013	111
101 København	1724 København V	2014	116
101 København	1724 København V	2015	122
101 København	1724 København V	2016	128
101 København	1724 København V	2017	126
101 København	1724 København V	2018	118
101 København	1724 København V	2019	118
101 København	1724 København V	2020	116
101 København	1724 København V	2021	117
101 København	1724 København V	2022	117
101 København	1724 København V	2023	107
101 København	1724 København V	2024	114
101 København	1724 København V	2025	114
101 København	1724 København V	2026	113
101 København	1725 København V	2010	332
101 København	1725 København V	2011	355
101 København	1725 København V	2012	343
101 København	1725 København V	2013	348
101 København	1725 København V	2014	357
101 København	1725 København V	2015	354
101 København	1725 København V	2016	366
101 København	1725 København V	2017	368
101 København	1725 København V	2018	346
101 København	1725 København V	2019	340
101 København	1725 København V	2020	345
101 København	1725 København V	2021	341
101 København	1725 København V	2022	351
101 København	1725 København V	2023	354
101 København	1725 København V	2024	350
101 København	1725 København V	2025	344
101 København	1725 København V	2026	350
101 København	1726 København V	2010	361
101 København	1726 København V	2011	399
101 København	1726 København V	2012	404
101 København	1726 København V	2013	438
101 København	1726 København V	2014	435
101 København	1726 København V	2015	439
101 København	1726 København V	2016	436
101 København	1726 København V	2017	441
101 København	1726 København V	2018	442
101 København	1726 København V	2019	458
101 København	1726 København V	2020	458
101 København	1726 København V	2021	442
101 København	1726 København V	2022	443
101 København	1726 København V	2023	447
101 København	1726 København V	2024	430
101 København	1726 København V	2025	446
101 København	1726 København V	2026	457
101 København	1727 København V	2010	344
101 København	1727 København V	2011	349
101 København	1727 København V	2012	328
101 København	1727 København V	2013	335
101 København	1727 København V	2014	339
101 København	1727 København V	2015	359
101 København	1727 København V	2016	356
101 København	1727 København V	2017	371
101 København	1727 København V	2018	373
101 København	1727 København V	2019	356
101 København	1727 København V	2020	352
101 København	1727 København V	2021	361
101 København	1727 København V	2022	353
101 København	1727 København V	2023	340
101 København	1727 København V	2024	337
101 København	1727 København V	2025	352
101 København	1727 København V	2026	366
101 København	1728 København V	2010	253
101 København	1728 København V	2011	250
101 København	1728 København V	2012	236
101 København	1728 København V	2013	249
101 København	1728 København V	2014	262
101 København	1728 København V	2015	264
101 København	1728 København V	2016	268
101 København	1728 København V	2017	276
101 København	1728 København V	2018	267
101 København	1728 København V	2019	280
101 København	1728 København V	2020	292
101 København	1728 København V	2021	282
101 København	1728 København V	2022	288
101 København	1728 København V	2023	275
101 København	1728 København V	2024	278
101 København	1728 København V	2025	273
101 København	1728 København V	2026	274
101 København	1729 København V	2010	203
101 København	1729 København V	2011	212
101 København	1729 København V	2012	221
101 København	1729 København V	2013	221
101 København	1729 København V	2014	228
101 København	1729 København V	2015	238
101 København	1729 København V	2016	224
101 København	1729 København V	2017	220
101 København	1729 København V	2018	222
101 København	1729 København V	2019	222
101 København	1729 København V	2020	217
101 København	1729 København V	2021	223
101 København	1729 København V	2022	218
101 København	1729 København V	2023	211
101 København	1729 København V	2024	221
101 København	1729 København V	2025	213
101 København	1729 København V	2026	212
101 København	1730 København V	2010	153
101 København	1730 København V	2011	152
101 København	1730 København V	2012	145
101 København	1730 København V	2013	151
101 København	1730 København V	2014	153
101 København	1730 København V	2015	152
101 København	1730 København V	2016	153
101 København	1730 København V	2017	161
101 København	1730 København V	2018	169
101 København	1730 København V	2019	154
101 København	1730 København V	2020	164
101 København	1730 København V	2021	165
101 København	1730 København V	2022	157
101 København	1730 København V	2023	162
101 København	1730 København V	2024	169
101 København	1730 København V	2025	164
101 København	1730 København V	2026	171
101 København	1731 København V	2010	86
101 København	1731 København V	2011	95
101 København	1731 København V	2012	97
101 København	1731 København V	2013	99
101 København	1731 København V	2014	98
101 København	1731 København V	2015	95
101 København	1731 København V	2016	100
101 København	1731 København V	2017	99
101 København	1731 København V	2018	93
101 København	1731 København V	2019	102
101 København	1731 København V	2020	92
101 København	1731 København V	2021	91
101 København	1731 København V	2022	92
101 København	1731 København V	2023	95
101 København	1731 København V	2024	97
101 København	1731 København V	2025	92
101 København	1731 København V	2026	90
101 København	1732 København V	2010	90
101 København	1732 København V	2011	103
101 København	1732 København V	2012	109
101 København	1732 København V	2013	110
101 København	1732 København V	2014	109
101 København	1732 København V	2015	110
101 København	1732 København V	2016	122
101 København	1732 København V	2017	117
101 København	1732 København V	2018	124
101 København	1732 København V	2019	121
101 København	1732 København V	2020	116
101 København	1732 København V	2021	117
101 København	1732 København V	2022	109
101 København	1732 København V	2023	117
101 København	1732 København V	2024	119
101 København	1732 København V	2025	119
101 København	1732 København V	2026	116
101 København	1733 København V	2010	101
101 København	1733 København V	2011	103
101 København	1733 København V	2012	105
101 København	1733 København V	2013	104
101 København	1733 København V	2014	111
101 København	1733 København V	2015	112
101 København	1733 København V	2016	114
101 København	1733 København V	2017	106
101 København	1733 København V	2018	105
101 København	1733 København V	2019	113
101 København	1733 København V	2020	110
101 København	1733 København V	2021	106
101 København	1733 København V	2022	104
101 København	1733 København V	2023	108
101 København	1733 København V	2024	111
101 København	1733 København V	2025	108
101 København	1733 København V	2026	115
101 København	1734 København V	2010	99
101 København	1734 København V	2011	104
101 København	1734 København V	2012	110
101 København	1734 København V	2013	112
101 København	1734 København V	2014	124
101 København	1734 København V	2015	119
101 København	1734 København V	2016	113
101 København	1734 København V	2017	121
101 København	1734 København V	2018	117
101 København	1734 København V	2019	122
101 København	1734 København V	2020	120
101 København	1734 København V	2021	122
101 København	1734 København V	2022	120
101 København	1734 København V	2023	120
101 København	1734 København V	2024	116
101 København	1734 København V	2025	119
101 København	1734 København V	2026	119
101 København	1735 København V	2010	194
101 København	1735 København V	2011	198
101 København	1735 København V	2012	208
101 København	1735 København V	2013	210
101 København	1735 København V	2014	220
101 København	1735 København V	2015	224
101 København	1735 København V	2016	216
101 København	1735 København V	2017	210
101 København	1735 København V	2018	209
101 København	1735 København V	2019	218
101 København	1735 København V	2020	214
101 København	1735 København V	2021	217
101 København	1735 København V	2022	214
101 København	1735 København V	2023	214
101 København	1735 København V	2024	212
101 København	1735 København V	2025	213
101 København	1735 København V	2026	207
101 København	1736 København V	2010	168
101 København	1736 København V	2011	177
101 København	1736 København V	2012	173
101 København	1736 København V	2013	179
101 København	1736 København V	2014	166
101 København	1736 København V	2015	172
101 København	1736 København V	2016	180
101 København	1736 København V	2017	185
101 København	1736 København V	2018	187
101 København	1736 København V	2019	175
101 København	1736 København V	2020	182
101 København	1736 København V	2021	186
101 København	1736 København V	2022	190
101 København	1736 København V	2023	193
101 København	1736 København V	2024	194
101 København	1736 København V	2025	191
101 København	1736 København V	2026	183
101 København	1737 København V	2010	220
101 København	1737 København V	2011	224
101 København	1737 København V	2012	225
101 København	1737 København V	2013	226
101 København	1737 København V	2014	228
101 København	1737 København V	2015	236
101 København	1737 København V	2016	237
101 København	1737 København V	2017	236
101 København	1737 København V	2018	236
101 København	1737 København V	2019	243
101 København	1737 København V	2020	241
101 København	1737 København V	2021	256
101 København	1737 København V	2022	246
101 København	1737 København V	2023	251
101 København	1737 København V	2024	241
101 København	1737 København V	2025	242
101 København	1737 København V	2026	248
101 København	1738 København V	2010	204
101 København	1738 København V	2011	214
101 København	1738 København V	2012	211
101 København	1738 København V	2013	216
101 København	1738 København V	2014	221
101 København	1738 København V	2015	230
101 København	1738 København V	2016	234
101 København	1738 København V	2017	239
101 København	1738 København V	2018	254
101 København	1738 København V	2019	247
101 København	1738 København V	2020	244
101 København	1738 København V	2021	229
101 København	1738 København V	2022	226
101 København	1738 København V	2023	223
101 København	1738 København V	2024	227
101 København	1738 København V	2025	222
101 København	1738 København V	2026	230
101 København	1739 København V	2010	77
101 København	1739 København V	2011	74
101 København	1739 København V	2012	81
101 København	1739 København V	2013	71
101 København	1739 København V	2014	80
101 København	1739 København V	2015	98
101 København	1739 København V	2016	95
101 København	1739 København V	2017	100
101 København	1739 København V	2018	98
101 København	1739 København V	2019	104
101 København	1739 København V	2020	95
101 København	1739 København V	2021	94
101 København	1739 København V	2022	89
101 København	1739 København V	2023	88
101 København	1739 København V	2024	91
101 København	1739 København V	2025	88
101 København	1739 København V	2026	92
101 København	1748 København V	2010	0
101 København	1748 København V	2011	0
101 København	1748 København V	2012	0
101 København	1748 København V	2013	0
101 København	1748 København V	2014	0
101 København	1748 København V	2015	0
101 København	1748 København V	2016	0
101 København	1748 København V	2017	0
101 København	1748 København V	2018	0
101 København	1748 København V	2019	0
101 København	1748 København V	2020	0
101 København	1748 København V	2021	0
101 København	1748 København V	2022	0
101 København	1748 København V	2023	0
101 København	1748 København V	2024	0
101 København	1748 København V	2025	0
101 København	1748 København V	2026	0
101 København	1749 København V	2010	199
101 København	1749 København V	2011	211
101 København	1749 København V	2012	221
101 København	1749 København V	2013	233
101 København	1749 København V	2014	232
101 København	1749 København V	2015	238
101 København	1749 København V	2016	241
101 København	1749 København V	2017	234
101 København	1749 København V	2018	231
101 København	1749 København V	2019	221
101 København	1749 København V	2020	222
101 København	1749 København V	2021	213
101 København	1749 København V	2022	218
101 København	1749 København V	2023	230
101 København	1749 København V	2024	221
101 København	1749 København V	2025	224
101 København	1749 København V	2026	219
101 København	1750 København V	2010	794
101 København	1750 København V	2011	813
101 København	1750 København V	2012	818
101 København	1750 København V	2013	807
101 København	1750 København V	2014	803
101 København	1750 København V	2015	821
101 København	1750 København V	2016	857
101 København	1750 København V	2017	871
101 København	1750 København V	2018	883
101 København	1750 København V	2019	894
101 København	1750 København V	2020	893
101 København	1750 København V	2021	861
101 København	1750 København V	2022	854
101 København	1750 København V	2023	851
101 København	1750 København V	2024	842
101 København	1750 København V	2025	820
101 København	1750 København V	2026	840
101 København	1751 København V	2010	331
101 København	1751 København V	2011	339
101 København	1751 København V	2012	359
101 København	1751 København V	2013	361
101 København	1751 København V	2014	361
101 København	1751 København V	2015	354
101 København	1751 København V	2016	357
101 København	1751 København V	2017	382
101 København	1751 København V	2018	374
101 København	1751 København V	2019	384
101 København	1751 København V	2020	366
101 København	1751 København V	2021	355
101 København	1751 København V	2022	413
101 København	1751 København V	2023	416
101 København	1751 København V	2024	403
101 København	1751 København V	2025	413
101 København	1751 København V	2026	433
101 København	1752 København V	2010	276
101 København	1752 København V	2011	287
101 København	1752 København V	2012	290
101 København	1752 København V	2013	308
101 København	1752 København V	2014	315
101 København	1752 København V	2015	309
101 København	1752 København V	2016	312
101 København	1752 København V	2017	327
101 København	1752 København V	2018	327
101 København	1752 København V	2019	332
101 København	1752 København V	2020	325
101 København	1752 København V	2021	320
101 København	1752 København V	2022	318
101 København	1752 København V	2023	328
101 København	1752 København V	2024	326
101 København	1752 København V	2025	331
101 København	1752 København V	2026	320
101 København	1753 København V	2010	78
101 København	1753 København V	2011	76
101 København	1753 København V	2012	68
101 København	1753 København V	2013	70
101 København	1753 København V	2014	71
101 København	1753 København V	2015	80
101 København	1753 København V	2016	80
101 København	1753 København V	2017	83
101 København	1753 København V	2018	87
101 København	1753 København V	2019	86
101 København	1753 København V	2020	92
101 København	1753 København V	2021	80
101 København	1753 København V	2022	84
101 København	1753 København V	2023	78
101 København	1753 København V	2024	76
101 København	1753 København V	2025	81
101 København	1753 København V	2026	80
101 København	1754 København V	2010	532
101 København	1754 København V	2011	547
101 København	1754 København V	2012	564
101 København	1754 København V	2013	578
101 København	1754 København V	2014	598
101 København	1754 København V	2015	591
101 København	1754 København V	2016	601
101 København	1754 København V	2017	584
101 København	1754 København V	2018	585
101 København	1754 København V	2019	615
101 København	1754 København V	2020	592
101 København	1754 København V	2021	590
101 København	1754 København V	2022	580
101 København	1754 København V	2023	572
101 København	1754 København V	2024	575
101 København	1754 København V	2025	581
101 København	1754 København V	2026	566
101 København	1755 København V	2010	94
101 København	1755 København V	2011	95
101 København	1755 København V	2012	105
101 København	1755 København V	2013	102
101 København	1755 København V	2014	98
101 København	1755 København V	2015	103
101 København	1755 København V	2016	103
101 København	1755 København V	2017	112
101 København	1755 København V	2018	101
101 København	1755 København V	2019	105
101 København	1755 København V	2020	104
101 København	1755 København V	2021	107
101 København	1755 København V	2022	106
101 København	1755 København V	2023	109
101 København	1755 København V	2024	102
101 København	1755 København V	2025	104
101 København	1755 København V	2026	100
101 København	1756 København V	2010	321
101 København	1756 København V	2011	350
101 København	1756 København V	2012	346
101 København	1756 København V	2013	346
101 København	1756 København V	2014	340
101 København	1756 København V	2015	350
101 København	1756 København V	2016	347
101 København	1756 København V	2017	345
101 København	1756 København V	2018	358
101 København	1756 København V	2019	345
101 København	1756 København V	2020	345
101 København	1756 København V	2021	354
101 København	1756 København V	2022	394
101 København	1756 København V	2023	425
101 København	1756 København V	2024	411
101 København	1756 København V	2025	424
101 København	1756 København V	2026	403
101 København	1757 København V	2010	209
101 København	1757 København V	2011	201
101 København	1757 København V	2012	192
101 København	1757 København V	2013	192
101 København	1757 København V	2014	195
101 København	1757 København V	2015	207
101 København	1757 København V	2016	218
101 København	1757 København V	2017	204
101 København	1757 København V	2018	206
101 København	1757 København V	2019	190
101 København	1757 København V	2020	180
101 København	1757 København V	2021	179
101 København	1757 København V	2022	170
101 København	1757 København V	2023	180
101 København	1757 København V	2024	191
101 København	1757 København V	2025	174
101 København	1757 København V	2026	180
101 København	1758 København V	2010	307
101 København	1758 København V	2011	325
101 København	1758 København V	2012	312
101 København	1758 København V	2013	319
101 København	1758 København V	2014	331
101 København	1758 København V	2015	326
101 København	1758 København V	2016	322
101 København	1758 København V	2017	320
101 København	1758 København V	2018	312
101 København	1758 København V	2019	322
101 København	1758 København V	2020	319
101 København	1758 København V	2021	332
101 København	1758 København V	2022	338
101 København	1758 København V	2023	340
101 København	1758 København V	2024	338
101 København	1758 København V	2025	321
101 København	1758 København V	2026	330
101 København	1759 København V	2010	32
101 København	1759 København V	2011	34
101 København	1759 København V	2012	34
101 København	1759 København V	2013	35
101 København	1759 København V	2014	40
101 København	1759 København V	2015	32
101 København	1759 København V	2016	33
101 København	1759 København V	2017	33
101 København	1759 København V	2018	30
101 København	1759 København V	2019	33
101 København	1759 København V	2020	27
101 København	1759 København V	2021	29
101 København	1759 København V	2022	29
101 København	1759 København V	2023	29
101 København	1759 København V	2024	27
101 København	1759 København V	2025	27
101 København	1759 København V	2026	27
101 København	1760 København V	2010	596
101 København	1760 København V	2011	610
101 København	1760 København V	2012	613
101 København	1760 København V	2013	617
101 København	1760 København V	2014	649
101 København	1760 København V	2015	654
101 København	1760 København V	2016	682
101 København	1760 København V	2017	671
101 København	1760 København V	2018	671
101 København	1760 København V	2019	683
101 København	1760 København V	2020	673
101 København	1760 København V	2021	686
101 København	1760 København V	2022	671
101 København	1760 København V	2023	650
101 København	1760 København V	2024	658
101 København	1760 København V	2025	678
101 København	1760 København V	2026	652
101 København	1761 København V	2010	386
101 København	1761 København V	2011	409
101 København	1761 København V	2012	405
101 København	1761 København V	2013	404
101 København	1761 København V	2014	411
101 København	1761 København V	2015	421
101 København	1761 København V	2016	426
101 København	1761 København V	2017	418
101 København	1761 København V	2018	411
101 København	1761 København V	2019	395
101 København	1761 København V	2020	387
101 København	1761 København V	2021	388
101 København	1761 København V	2022	389
101 København	1761 København V	2023	391
101 København	1761 København V	2024	374
101 København	1761 København V	2025	382
101 København	1761 København V	2026	373
101 København	1762 København V	2010	378
101 København	1762 København V	2011	373
101 København	1762 København V	2012	380
101 København	1762 København V	2013	374
101 København	1762 København V	2014	383
101 København	1762 København V	2015	383
101 København	1762 København V	2016	394
101 København	1762 København V	2017	393
101 København	1762 København V	2018	389
101 København	1762 København V	2019	388
101 København	1762 København V	2020	389
101 København	1762 København V	2021	395
101 København	1762 København V	2022	382
101 København	1762 København V	2023	387
101 København	1762 København V	2024	395
101 København	1762 København V	2025	401
101 København	1762 København V	2026	403
101 København	1763 København V	2010	502
101 København	1763 København V	2011	488
101 København	1763 København V	2012	506
101 København	1763 København V	2013	512
101 København	1763 København V	2014	521
101 København	1763 København V	2015	539
101 København	1763 København V	2016	535
101 København	1763 København V	2017	565
101 København	1763 København V	2018	555
101 København	1763 København V	2019	549
101 København	1763 København V	2020	558
101 København	1763 København V	2021	547
101 København	1763 København V	2022	531
101 København	1763 København V	2023	530
101 København	1763 København V	2024	540
101 København	1763 København V	2025	552
101 København	1763 København V	2026	547
101 København	1764 København V	2010	266
101 København	1764 København V	2011	266
101 København	1764 København V	2012	263
101 København	1764 København V	2013	265
101 København	1764 København V	2014	270
101 København	1764 København V	2015	270
101 København	1764 København V	2016	269
101 København	1764 København V	2017	260
101 København	1764 København V	2018	262
101 København	1764 København V	2019	267
101 København	1764 København V	2020	259
101 København	1764 København V	2021	258
101 København	1764 København V	2022	249
101 København	1764 København V	2023	259
101 København	1764 København V	2024	251
101 København	1764 København V	2025	269
101 København	1764 København V	2026	269
101 København	1765 København V	2010	141
101 København	1765 København V	2011	147
101 København	1765 København V	2012	156
101 København	1765 København V	2013	146
101 København	1765 København V	2014	148
101 København	1765 København V	2015	157
101 København	1765 København V	2016	153
101 København	1765 København V	2017	166
101 København	1765 København V	2018	157
101 København	1765 København V	2019	164
101 København	1765 København V	2020	157
101 København	1765 København V	2021	154
101 København	1765 København V	2022	159
101 København	1765 København V	2023	163
101 København	1765 København V	2024	158
101 København	1765 København V	2025	156
101 København	1765 København V	2026	164
101 København	1766 København V	2010	48
101 København	1766 København V	2011	47
101 København	1766 København V	2012	45
101 København	1766 København V	2013	51
101 København	1766 København V	2014	48
101 København	1766 København V	2015	49
101 København	1766 København V	2016	49
101 København	1766 København V	2017	47
101 København	1766 København V	2018	48
101 København	1766 København V	2019	49
101 København	1766 København V	2020	50
101 København	1766 København V	2021	48
101 København	1766 København V	2022	46
101 København	1766 København V	2023	46
101 København	1766 København V	2024	46
101 København	1766 København V	2025	46
101 København	1766 København V	2026	47
101 København	1770 København V	2010	183
101 København	1770 København V	2011	187
101 København	1770 København V	2012	185
101 København	1770 København V	2013	179
101 København	1770 København V	2014	176
101 København	1770 København V	2015	178
101 København	1770 København V	2016	179
101 København	1770 København V	2017	171
101 København	1770 København V	2018	168
101 København	1770 København V	2019	166
101 København	1770 København V	2020	172
101 København	1770 København V	2021	183
101 København	1770 København V	2022	187
101 København	1770 København V	2023	185
101 København	1770 København V	2024	188
101 København	1770 København V	2025	191
101 København	1770 København V	2026	184
101 København	1771 København V	2010	52
101 København	1771 København V	2011	52
101 København	1771 København V	2012	52
101 København	1771 København V	2013	50
101 København	1771 København V	2014	51
101 København	1771 København V	2015	51
101 København	1771 København V	2016	55
101 København	1771 København V	2017	55
101 København	1771 København V	2018	50
101 København	1771 København V	2019	50
101 København	1771 København V	2020	49
101 København	1771 København V	2021	48
101 København	1771 København V	2022	48
101 København	1771 København V	2023	51
101 København	1771 København V	2024	51
101 København	1771 København V	2025	50
101 København	1771 København V	2026	49
101 København	1772 København V	2010	54
101 København	1772 København V	2011	53
101 København	1772 København V	2012	55
101 København	1772 København V	2013	57
101 København	1772 København V	2014	53
101 København	1772 København V	2015	53
101 København	1772 København V	2016	54
101 København	1772 København V	2017	53
101 København	1772 København V	2018	57
101 København	1772 København V	2019	52
101 København	1772 København V	2020	52
101 København	1772 København V	2021	53
101 København	1772 København V	2022	57
101 København	1772 København V	2023	54
101 København	1772 København V	2024	51
101 København	1772 København V	2025	46
101 København	1772 København V	2026	53
101 København	1773 København V	2010	60
101 København	1773 København V	2011	59
101 København	1773 København V	2012	65
101 København	1773 København V	2013	62
101 København	1773 København V	2014	64
101 København	1773 København V	2015	65
101 København	1773 København V	2016	65
101 København	1773 København V	2017	62
101 København	1773 København V	2018	59
101 København	1773 København V	2019	55
101 København	1773 København V	2020	54
101 København	1773 København V	2021	56
101 København	1773 København V	2022	59
101 København	1773 København V	2023	56
101 København	1773 København V	2024	56
101 København	1773 København V	2025	58
101 København	1773 København V	2026	55
101 København	1774 København V	2010	131
101 København	1774 København V	2011	124
101 København	1774 København V	2012	127
101 København	1774 København V	2013	134
101 København	1774 København V	2014	127
101 København	1774 København V	2015	135
101 København	1774 København V	2016	137
101 København	1774 København V	2017	133
101 København	1774 København V	2018	121
101 København	1774 København V	2019	122
101 København	1774 København V	2020	135
101 København	1774 København V	2021	124
101 København	1774 København V	2022	120
101 København	1774 København V	2023	129
101 København	1774 København V	2024	127
101 København	1774 København V	2025	130
101 København	1774 København V	2026	129
101 København	1775 København V	2010	58
101 København	1775 København V	2011	49
101 København	1775 København V	2012	55
101 København	1775 København V	2013	58
101 København	1775 København V	2014	55
101 København	1775 København V	2015	60
101 København	1775 København V	2016	56
101 København	1775 København V	2017	51
101 København	1775 København V	2018	48
101 København	1775 København V	2019	50
101 København	1775 København V	2020	51
101 København	1775 København V	2021	47
101 København	1775 København V	2022	41
101 København	1775 København V	2023	42
101 København	1775 København V	2024	45
101 København	1775 København V	2025	47
101 København	1775 København V	2026	51
101 København	1777 København V	2010	146
101 København	1777 København V	2011	146
101 København	1777 København V	2012	146
101 København	1777 København V	2013	143
101 København	1777 København V	2014	142
101 København	1777 København V	2015	141
101 København	1777 København V	2016	131
101 København	1777 København V	2017	124
101 København	1777 København V	2018	121
101 København	1777 København V	2019	127
101 København	1777 København V	2020	132
101 København	1777 København V	2021	122
101 København	1777 København V	2022	132
101 København	1777 København V	2023	126
101 København	1777 København V	2024	130
101 København	1777 København V	2025	132
101 København	1777 København V	2026	124
101 København	1799 København V	2010	0
101 København	1799 København V	2011	51
101 København	1799 København V	2012	53
101 København	1799 København V	2013	55
101 København	1799 København V	2014	53
101 København	1799 København V	2015	47
101 København	1799 København V	2016	30
101 København	1799 København V	2017	91
101 København	1799 København V	2018	481
101 København	1799 København V	2019	1010
101 København	1799 København V	2020	1351
101 København	1799 København V	2021	1556
101 København	1799 København V	2022	2187
101 København	1799 København V	2023	3699
101 København	1799 København V	2024	4137
101 København	1799 København V	2025	4229
101 København	1799 København V	2026	5894
101 København	2000 Frederiksberg	2010	22
101 København	2000 Frederiksberg	2011	24
101 København	2000 Frederiksberg	2012	20
101 København	2000 Frederiksberg	2013	20
101 København	2000 Frederiksberg	2014	21
101 København	2000 Frederiksberg	2015	24
101 København	2000 Frederiksberg	2016	25
101 København	2000 Frederiksberg	2017	24
101 København	2000 Frederiksberg	2018	26
101 København	2000 Frederiksberg	2019	26
101 København	2000 Frederiksberg	2020	28
101 København	2000 Frederiksberg	2021	25
101 København	2000 Frederiksberg	2022	25
101 København	2000 Frederiksberg	2023	26
101 København	2000 Frederiksberg	2024	27
101 København	2000 Frederiksberg	2025	29
101 København	2000 Frederiksberg	2026	26
101 København	2100 København Ø	2010	82564
101 København	2100 København Ø	2011	83798
101 København	2100 København Ø	2012	85331
101 København	2100 København Ø	2013	86389
101 København	2100 København Ø	2014	87847
101 København	2100 København Ø	2015	88566
101 København	2100 København Ø	2016	89817
101 København	2100 København Ø	2017	90382
101 København	2100 København Ø	2018	91379
101 København	2100 København Ø	2019	91106
101 København	2100 København Ø	2020	91132
101 København	2100 København Ø	2021	90740
101 København	2100 København Ø	2022	90732
101 København	2100 København Ø	2023	91049
101 København	2100 København Ø	2024	91440
101 København	2100 København Ø	2025	91554
101 København	2100 København Ø	2026	92234
101 København	2150 Nordhavn	2010	0
101 København	2150 Nordhavn	2011	0
101 København	2150 Nordhavn	2012	0
101 København	2150 Nordhavn	2013	0
101 København	2150 Nordhavn	2014	36
101 København	2150 Nordhavn	2015	42
101 København	2150 Nordhavn	2016	274
101 København	2150 Nordhavn	2017	1478
101 København	2150 Nordhavn	2018	1810
101 København	2150 Nordhavn	2019	1988
101 København	2150 Nordhavn	2020	2384
101 København	2150 Nordhavn	2021	2888
101 København	2150 Nordhavn	2022	3025
101 København	2150 Nordhavn	2023	3363
101 København	2150 Nordhavn	2024	3820
101 København	2150 Nordhavn	2025	4006
101 København	2150 Nordhavn	2026	4096
101 København	2200 København N	2010	70571
101 København	2200 København N	2011	71852
101 København	2200 København N	2012	73135
101 København	2200 København N	2013	74380
101 København	2200 København N	2014	75188
101 København	2200 København N	2015	76201
101 København	2200 København N	2016	77030
101 København	2200 København N	2017	77256
101 København	2200 København N	2018	77818
101 København	2200 København N	2019	77884
101 København	2200 København N	2020	77624
101 København	2200 København N	2021	76551
101 København	2200 København N	2022	76007
101 København	2200 København N	2023	75986
101 København	2200 København N	2024	76491
101 København	2200 København N	2025	77132
101 København	2200 København N	2026	77327
101 København	2300 København S	2010	106623
101 København	2300 København S	2011	108998
101 København	2300 København S	2012	111190
101 København	2300 København S	2013	114034
101 København	2300 København S	2014	116569
101 København	2300 København S	2015	120070
101 København	2300 København S	2016	122882
101 København	2300 København S	2017	125701
101 København	2300 København S	2018	129335
101 København	2300 København S	2019	134149
101 København	2300 København S	2020	138671
101 København	2300 København S	2021	142076
101 København	2300 København S	2022	145640
101 København	2300 København S	2023	148744
101 København	2300 København S	2024	151069
101 København	2300 København S	2025	153669
101 København	2300 København S	2026	155497
101 København	2400 København NV	2010	46993
101 København	2400 København NV	2011	48301
101 København	2400 København NV	2012	49434
101 København	2400 København NV	2013	50663
101 København	2400 København NV	2014	51693
101 København	2400 København NV	2015	52772
101 København	2400 København NV	2016	53642
101 København	2400 København NV	2017	54281
101 København	2400 København NV	2018	54290
101 København	2400 København NV	2019	54595
101 København	2400 København NV	2020	54372
101 København	2400 København NV	2021	53950
101 København	2400 København NV	2022	52930
101 København	2400 København NV	2023	53351
101 København	2400 København NV	2024	53913
101 København	2400 København NV	2025	54410
101 København	2400 København NV	2026	54596
101 København	2450 København SV	2010	19078
101 København	2450 København SV	2011	19784
101 København	2450 København SV	2012	20363
101 København	2450 København SV	2013	20608
101 København	2450 København SV	2014	21090
101 København	2450 København SV	2015	22189
101 København	2450 København SV	2016	23099
101 København	2450 København SV	2017	25179
101 København	2450 København SV	2018	27364
101 København	2450 København SV	2019	28939
101 København	2450 København SV	2020	31708
101 København	2450 København SV	2021	33701
101 København	2450 København SV	2022	36304
101 København	2450 København SV	2023	36448
101 København	2450 København SV	2024	37318
101 København	2450 København SV	2025	39490
101 København	2450 København SV	2026	39452
101 København	2500 Valby	2010	46889
101 København	2500 Valby	2011	47619
101 København	2500 Valby	2012	48446
101 København	2500 Valby	2013	49421
101 København	2500 Valby	2014	50691
101 København	2500 Valby	2015	51467
101 København	2500 Valby	2016	52543
101 København	2500 Valby	2017	54291
101 København	2500 Valby	2018	56027
101 København	2500 Valby	2019	57975
101 København	2500 Valby	2020	59987
101 København	2500 Valby	2021	61675
101 København	2500 Valby	2022	63276
101 København	2500 Valby	2023	65542
101 København	2500 Valby	2024	64863
101 København	2500 Valby	2025	65522
101 København	2500 Valby	2026	65427
101 København	2610 Rødovre	2010	41
101 København	2610 Rødovre	2011	36
101 København	2610 Rødovre	2012	40
101 København	2610 Rødovre	2013	40
101 København	2610 Rødovre	2014	38
101 København	2610 Rødovre	2015	37
101 København	2610 Rødovre	2016	42
101 København	2610 Rødovre	2017	49
101 København	2610 Rødovre	2018	43
101 København	2610 Rødovre	2019	45
101 København	2610 Rødovre	2020	53
101 København	2610 Rødovre	2021	59
101 København	2610 Rødovre	2022	56
101 København	2610 Rødovre	2023	58
101 København	2610 Rødovre	2024	59
101 København	2610 Rødovre	2025	66
101 København	2610 Rødovre	2026	64
101 København	2700 Brønshøj	2010	41155
101 København	2700 Brønshøj	2011	41818
101 København	2700 Brønshøj	2012	42799
101 København	2700 Brønshøj	2013	43667
101 København	2700 Brønshøj	2014	44410
101 København	2700 Brønshøj	2015	45235
101 København	2700 Brønshøj	2016	45753
101 København	2700 Brønshøj	2017	46004
101 København	2700 Brønshøj	2018	46148
101 København	2700 Brønshøj	2019	46547
101 København	2700 Brønshøj	2020	46262
101 København	2700 Brønshøj	2021	45856
101 København	2700 Brønshøj	2022	45456
101 København	2700 Brønshøj	2023	45370
101 København	2700 Brønshøj	2024	45872
101 København	2700 Brønshøj	2025	45950
101 København	2700 Brønshøj	2026	46484
101 København	2720 Vanløse	2010	29956
101 København	2720 Vanløse	2011	30437
101 København	2720 Vanløse	2012	31023
101 København	2720 Vanløse	2013	31408
101 København	2720 Vanløse	2014	31917
101 København	2720 Vanløse	2015	32213
101 København	2720 Vanløse	2016	32932
101 København	2720 Vanløse	2017	33146
101 København	2720 Vanløse	2018	33379
101 København	2720 Vanløse	2019	33720
101 København	2720 Vanløse	2020	33584
101 København	2720 Vanløse	2021	33378
101 København	2720 Vanløse	2022	33164
101 København	2720 Vanløse	2023	33009
101 København	2720 Vanløse	2024	33105
101 København	2720 Vanløse	2025	33160
101 København	2720 Vanløse	2026	33179
101 København	2770 Kastrup	2010	77
101 København	2770 Kastrup	2011	76
101 København	2770 Kastrup	2012	80
101 København	2770 Kastrup	2013	80
101 København	2770 Kastrup	2014	82
101 København	2770 Kastrup	2015	86
101 København	2770 Kastrup	2016	95
101 København	2770 Kastrup	2017	99
101 København	2770 Kastrup	2018	84
101 København	2770 Kastrup	2019	89
101 København	2770 Kastrup	2020	99
101 København	2770 Kastrup	2021	113
101 København	2770 Kastrup	2022	115
101 København	2770 Kastrup	2023	121
101 København	2770 Kastrup	2024	122
101 København	2770 Kastrup	2025	119
101 København	2770 Kastrup	2026	126
101 København	2860 Søborg	2010	223
101 København	2860 Søborg	2011	209
101 København	2860 Søborg	2012	226
101 København	2860 Søborg	2013	231
101 København	2860 Søborg	2014	226
101 København	2860 Søborg	2015	234
101 København	2860 Søborg	2016	244
101 København	2860 Søborg	2017	240
101 København	2860 Søborg	2018	247
101 København	2860 Søborg	2019	238
101 København	2860 Søborg	2020	250
101 København	2860 Søborg	2021	240
101 København	2860 Søborg	2022	237
101 København	2860 Søborg	2023	247
101 København	2860 Søborg	2024	234
101 København	2860 Søborg	2025	236
101 København	2860 Søborg	2026	248
101 København	2900 Hellerup	2010	3506
101 København	2900 Hellerup	2011	3606
101 København	2900 Hellerup	2012	3670
101 København	2900 Hellerup	2013	3749
101 København	2900 Hellerup	2014	3801
101 København	2900 Hellerup	2015	3824
101 København	2900 Hellerup	2016	3914
101 København	2900 Hellerup	2017	3897
101 København	2900 Hellerup	2018	3888
101 København	2900 Hellerup	2019	3864
101 København	2900 Hellerup	2020	3822
101 København	2900 Hellerup	2021	3882
101 København	2900 Hellerup	2022	3882
101 København	2900 Hellerup	2023	3838
101 København	2900 Hellerup	2024	3798
101 København	2900 Hellerup	2025	3786
101 København	2900 Hellerup	2026	3813
101 København	9999 Ukendt	2010	4300
101 København	9999 Ukendt	2011	4954
101 København	9999 Ukendt	2012	3416
101 København	9999 Ukendt	2013	3605
101 København	9999 Ukendt	2014	3574
101 København	9999 Ukendt	2015	3875
101 København	9999 Ukendt	2016	3758
101 København	9999 Ukendt	2017	3713
101 København	9999 Ukendt	2018	3578
101 København	9999 Ukendt	2019	3232
101 København	9999 Ukendt	2020	3531
101 København	9999 Ukendt	2021	3795
101 København	9999 Ukendt	2022	3848
101 København	9999 Ukendt	2023	4162
101 København	9999 Ukendt	2024	4286
101 København	9999 Ukendt	2025	4108
101 København	9999 Ukendt	2026	3714
147 Frederiksberg	1800 Frederiksberg C	2010	653
147 Frederiksberg	1800 Frederiksberg C	2011	662
147 Frederiksberg	1800 Frederiksberg C	2012	658
147 Frederiksberg	1800 Frederiksberg C	2013	680
147 Frederiksberg	1800 Frederiksberg C	2014	681
147 Frederiksberg	1800 Frederiksberg C	2015	719
147 Frederiksberg	1800 Frederiksberg C	2016	743
147 Frederiksberg	1800 Frederiksberg C	2017	732
147 Frederiksberg	1800 Frederiksberg C	2018	731
147 Frederiksberg	1800 Frederiksberg C	2019	721
147 Frederiksberg	1800 Frederiksberg C	2020	716
147 Frederiksberg	1800 Frederiksberg C	2021	717
147 Frederiksberg	1800 Frederiksberg C	2022	713
147 Frederiksberg	1800 Frederiksberg C	2023	727
147 Frederiksberg	1800 Frederiksberg C	2024	715
147 Frederiksberg	1800 Frederiksberg C	2025	717
147 Frederiksberg	1800 Frederiksberg C	2026	722
147 Frederiksberg	1801 Frederiksberg C	2010	285
147 Frederiksberg	1801 Frederiksberg C	2011	297
147 Frederiksberg	1801 Frederiksberg C	2012	277
147 Frederiksberg	1801 Frederiksberg C	2013	293
147 Frederiksberg	1801 Frederiksberg C	2014	290
147 Frederiksberg	1801 Frederiksberg C	2015	307
147 Frederiksberg	1801 Frederiksberg C	2016	307
147 Frederiksberg	1801 Frederiksberg C	2017	304
147 Frederiksberg	1801 Frederiksberg C	2018	309
147 Frederiksberg	1801 Frederiksberg C	2019	339
147 Frederiksberg	1801 Frederiksberg C	2020	366
147 Frederiksberg	1801 Frederiksberg C	2021	373
147 Frederiksberg	1801 Frederiksberg C	2022	373
147 Frederiksberg	1801 Frederiksberg C	2023	390
147 Frederiksberg	1801 Frederiksberg C	2024	364
147 Frederiksberg	1801 Frederiksberg C	2025	380
147 Frederiksberg	1801 Frederiksberg C	2026	385
147 Frederiksberg	1802 Frederiksberg C	2010	224
147 Frederiksberg	1802 Frederiksberg C	2011	243
147 Frederiksberg	1802 Frederiksberg C	2012	250
147 Frederiksberg	1802 Frederiksberg C	2013	251
147 Frederiksberg	1802 Frederiksberg C	2014	253
147 Frederiksberg	1802 Frederiksberg C	2015	259
147 Frederiksberg	1802 Frederiksberg C	2016	269
147 Frederiksberg	1802 Frederiksberg C	2017	260
147 Frederiksberg	1802 Frederiksberg C	2018	261
147 Frederiksberg	1802 Frederiksberg C	2019	261
147 Frederiksberg	1802 Frederiksberg C	2020	266
147 Frederiksberg	1802 Frederiksberg C	2021	251
147 Frederiksberg	1802 Frederiksberg C	2022	253
147 Frederiksberg	1802 Frederiksberg C	2023	242
147 Frederiksberg	1802 Frederiksberg C	2024	234
147 Frederiksberg	1802 Frederiksberg C	2025	231
147 Frederiksberg	1802 Frederiksberg C	2026	242
147 Frederiksberg	1803 Frederiksberg C	2010	94
147 Frederiksberg	1803 Frederiksberg C	2011	103
147 Frederiksberg	1803 Frederiksberg C	2012	104
147 Frederiksberg	1803 Frederiksberg C	2013	105
147 Frederiksberg	1803 Frederiksberg C	2014	105
147 Frederiksberg	1803 Frederiksberg C	2015	106
147 Frederiksberg	1803 Frederiksberg C	2016	101
147 Frederiksberg	1803 Frederiksberg C	2017	102
147 Frederiksberg	1803 Frederiksberg C	2018	100
147 Frederiksberg	1803 Frederiksberg C	2019	99
147 Frederiksberg	1803 Frederiksberg C	2020	92
147 Frederiksberg	1803 Frederiksberg C	2021	87
147 Frederiksberg	1803 Frederiksberg C	2022	94
147 Frederiksberg	1803 Frederiksberg C	2023	98
147 Frederiksberg	1803 Frederiksberg C	2024	94
147 Frederiksberg	1803 Frederiksberg C	2025	90
147 Frederiksberg	1803 Frederiksberg C	2026	93
147 Frederiksberg	1804 Frederiksberg C	2010	288
147 Frederiksberg	1804 Frederiksberg C	2011	288
147 Frederiksberg	1804 Frederiksberg C	2012	286
147 Frederiksberg	1804 Frederiksberg C	2013	283
147 Frederiksberg	1804 Frederiksberg C	2014	302
147 Frederiksberg	1804 Frederiksberg C	2015	308
147 Frederiksberg	1804 Frederiksberg C	2016	315
147 Frederiksberg	1804 Frederiksberg C	2017	301
147 Frederiksberg	1804 Frederiksberg C	2018	308
147 Frederiksberg	1804 Frederiksberg C	2019	293
147 Frederiksberg	1804 Frederiksberg C	2020	299
147 Frederiksberg	1804 Frederiksberg C	2021	284
147 Frederiksberg	1804 Frederiksberg C	2022	270
147 Frederiksberg	1804 Frederiksberg C	2023	265
147 Frederiksberg	1804 Frederiksberg C	2024	268
147 Frederiksberg	1804 Frederiksberg C	2025	264
147 Frederiksberg	1804 Frederiksberg C	2026	272
147 Frederiksberg	1805 Frederiksberg C	2010	27
147 Frederiksberg	1805 Frederiksberg C	2011	27
147 Frederiksberg	1805 Frederiksberg C	2012	27
147 Frederiksberg	1805 Frederiksberg C	2013	30
147 Frederiksberg	1805 Frederiksberg C	2014	30
147 Frederiksberg	1805 Frederiksberg C	2015	29
147 Frederiksberg	1805 Frederiksberg C	2016	29
147 Frederiksberg	1805 Frederiksberg C	2017	31
147 Frederiksberg	1805 Frederiksberg C	2018	28
147 Frederiksberg	1805 Frederiksberg C	2019	28
147 Frederiksberg	1805 Frederiksberg C	2020	30
147 Frederiksberg	1805 Frederiksberg C	2021	30
147 Frederiksberg	1805 Frederiksberg C	2022	31
147 Frederiksberg	1805 Frederiksberg C	2023	30
147 Frederiksberg	1805 Frederiksberg C	2024	28
147 Frederiksberg	1805 Frederiksberg C	2025	27
147 Frederiksberg	1805 Frederiksberg C	2026	25
147 Frederiksberg	1806 Frederiksberg C	2010	206
147 Frederiksberg	1806 Frederiksberg C	2011	216
147 Frederiksberg	1806 Frederiksberg C	2012	216
147 Frederiksberg	1806 Frederiksberg C	2013	210
147 Frederiksberg	1806 Frederiksberg C	2014	205
147 Frederiksberg	1806 Frederiksberg C	2015	207
147 Frederiksberg	1806 Frederiksberg C	2016	211
147 Frederiksberg	1806 Frederiksberg C	2017	201
147 Frederiksberg	1806 Frederiksberg C	2018	216
147 Frederiksberg	1806 Frederiksberg C	2019	206
147 Frederiksberg	1806 Frederiksberg C	2020	200
147 Frederiksberg	1806 Frederiksberg C	2021	187
147 Frederiksberg	1806 Frederiksberg C	2022	191
147 Frederiksberg	1806 Frederiksberg C	2023	188
147 Frederiksberg	1806 Frederiksberg C	2024	191
147 Frederiksberg	1806 Frederiksberg C	2025	189
147 Frederiksberg	1806 Frederiksberg C	2026	185
147 Frederiksberg	1807 Frederiksberg C	2010	181
147 Frederiksberg	1807 Frederiksberg C	2011	195
147 Frederiksberg	1807 Frederiksberg C	2012	193
147 Frederiksberg	1807 Frederiksberg C	2013	190
147 Frederiksberg	1807 Frederiksberg C	2014	199
147 Frederiksberg	1807 Frederiksberg C	2015	200
147 Frederiksberg	1807 Frederiksberg C	2016	207
147 Frederiksberg	1807 Frederiksberg C	2017	207
147 Frederiksberg	1807 Frederiksberg C	2018	201
147 Frederiksberg	1807 Frederiksberg C	2019	200
147 Frederiksberg	1807 Frederiksberg C	2020	211
147 Frederiksberg	1807 Frederiksberg C	2021	208
147 Frederiksberg	1807 Frederiksberg C	2022	194
147 Frederiksberg	1807 Frederiksberg C	2023	198
147 Frederiksberg	1807 Frederiksberg C	2024	197
147 Frederiksberg	1807 Frederiksberg C	2025	203
147 Frederiksberg	1807 Frederiksberg C	2026	204
147 Frederiksberg	1808 Frederiksberg C	2010	123
147 Frederiksberg	1808 Frederiksberg C	2011	122
147 Frederiksberg	1808 Frederiksberg C	2012	125
147 Frederiksberg	1808 Frederiksberg C	2013	137
147 Frederiksberg	1808 Frederiksberg C	2014	140
147 Frederiksberg	1808 Frederiksberg C	2015	124
147 Frederiksberg	1808 Frederiksberg C	2016	129
147 Frederiksberg	1808 Frederiksberg C	2017	130
147 Frederiksberg	1808 Frederiksberg C	2018	123
147 Frederiksberg	1808 Frederiksberg C	2019	123
147 Frederiksberg	1808 Frederiksberg C	2020	122
147 Frederiksberg	1808 Frederiksberg C	2021	121
147 Frederiksberg	1808 Frederiksberg C	2022	115
147 Frederiksberg	1808 Frederiksberg C	2023	117
147 Frederiksberg	1808 Frederiksberg C	2024	120
147 Frederiksberg	1808 Frederiksberg C	2025	117
147 Frederiksberg	1808 Frederiksberg C	2026	119
147 Frederiksberg	1809 Frederiksberg C	2010	253
147 Frederiksberg	1809 Frederiksberg C	2011	252
147 Frederiksberg	1809 Frederiksberg C	2012	252
147 Frederiksberg	1809 Frederiksberg C	2013	251
147 Frederiksberg	1809 Frederiksberg C	2014	244
147 Frederiksberg	1809 Frederiksberg C	2015	238
147 Frederiksberg	1809 Frederiksberg C	2016	240
147 Frederiksberg	1809 Frederiksberg C	2017	238
147 Frederiksberg	1809 Frederiksberg C	2018	231
147 Frederiksberg	1809 Frederiksberg C	2019	219
147 Frederiksberg	1809 Frederiksberg C	2020	230
147 Frederiksberg	1809 Frederiksberg C	2021	221
147 Frederiksberg	1809 Frederiksberg C	2022	212
147 Frederiksberg	1809 Frederiksberg C	2023	222
147 Frederiksberg	1809 Frederiksberg C	2024	222
147 Frederiksberg	1809 Frederiksberg C	2025	232
147 Frederiksberg	1809 Frederiksberg C	2026	228
147 Frederiksberg	1810 Frederiksberg C	2010	777
147 Frederiksberg	1810 Frederiksberg C	2011	769
147 Frederiksberg	1810 Frederiksberg C	2012	765
147 Frederiksberg	1810 Frederiksberg C	2013	781
147 Frederiksberg	1810 Frederiksberg C	2014	787
147 Frederiksberg	1810 Frederiksberg C	2015	807
147 Frederiksberg	1810 Frederiksberg C	2016	788
147 Frederiksberg	1810 Frederiksberg C	2017	813
147 Frederiksberg	1810 Frederiksberg C	2018	814
147 Frederiksberg	1810 Frederiksberg C	2019	791
147 Frederiksberg	1810 Frederiksberg C	2020	789
147 Frederiksberg	1810 Frederiksberg C	2021	762
147 Frederiksberg	1810 Frederiksberg C	2022	768
147 Frederiksberg	1810 Frederiksberg C	2023	751
147 Frederiksberg	1810 Frederiksberg C	2024	747
147 Frederiksberg	1810 Frederiksberg C	2025	771
147 Frederiksberg	1810 Frederiksberg C	2026	752
147 Frederiksberg	1811 Frederiksberg C	2010	59
147 Frederiksberg	1811 Frederiksberg C	2011	54
147 Frederiksberg	1811 Frederiksberg C	2012	56
147 Frederiksberg	1811 Frederiksberg C	2013	56
147 Frederiksberg	1811 Frederiksberg C	2014	56
147 Frederiksberg	1811 Frederiksberg C	2015	51
147 Frederiksberg	1811 Frederiksberg C	2016	55
147 Frederiksberg	1811 Frederiksberg C	2017	58
147 Frederiksberg	1811 Frederiksberg C	2018	57
147 Frederiksberg	1811 Frederiksberg C	2019	53
147 Frederiksberg	1811 Frederiksberg C	2020	49
147 Frederiksberg	1811 Frederiksberg C	2021	52
147 Frederiksberg	1811 Frederiksberg C	2022	53
147 Frederiksberg	1811 Frederiksberg C	2023	56
147 Frederiksberg	1811 Frederiksberg C	2024	57
147 Frederiksberg	1811 Frederiksberg C	2025	52
147 Frederiksberg	1811 Frederiksberg C	2026	53
147 Frederiksberg	1812 Frederiksberg C	2010	475
147 Frederiksberg	1812 Frederiksberg C	2011	496
147 Frederiksberg	1812 Frederiksberg C	2012	483
147 Frederiksberg	1812 Frederiksberg C	2013	487
147 Frederiksberg	1812 Frederiksberg C	2014	477
147 Frederiksberg	1812 Frederiksberg C	2015	456
147 Frederiksberg	1812 Frederiksberg C	2016	465
147 Frederiksberg	1812 Frederiksberg C	2017	473
147 Frederiksberg	1812 Frederiksberg C	2018	464
147 Frederiksberg	1812 Frederiksberg C	2019	476
147 Frederiksberg	1812 Frederiksberg C	2020	478
147 Frederiksberg	1812 Frederiksberg C	2021	480
147 Frederiksberg	1812 Frederiksberg C	2022	479
147 Frederiksberg	1812 Frederiksberg C	2023	488
147 Frederiksberg	1812 Frederiksberg C	2024	468
147 Frederiksberg	1812 Frederiksberg C	2025	465
147 Frederiksberg	1812 Frederiksberg C	2026	456
147 Frederiksberg	1813 Frederiksberg C	2010	595
147 Frederiksberg	1813 Frederiksberg C	2011	599
147 Frederiksberg	1813 Frederiksberg C	2012	618
147 Frederiksberg	1813 Frederiksberg C	2013	639
147 Frederiksberg	1813 Frederiksberg C	2014	639
147 Frederiksberg	1813 Frederiksberg C	2015	637
147 Frederiksberg	1813 Frederiksberg C	2016	636
147 Frederiksberg	1813 Frederiksberg C	2017	670
147 Frederiksberg	1813 Frederiksberg C	2018	648
147 Frederiksberg	1813 Frederiksberg C	2019	603
147 Frederiksberg	1813 Frederiksberg C	2020	625
147 Frederiksberg	1813 Frederiksberg C	2021	589
147 Frederiksberg	1813 Frederiksberg C	2022	595
147 Frederiksberg	1813 Frederiksberg C	2023	603
147 Frederiksberg	1813 Frederiksberg C	2024	602
147 Frederiksberg	1813 Frederiksberg C	2025	598
147 Frederiksberg	1813 Frederiksberg C	2026	588
147 Frederiksberg	1814 Frederiksberg C	2010	393
147 Frederiksberg	1814 Frederiksberg C	2011	399
147 Frederiksberg	1814 Frederiksberg C	2012	401
147 Frederiksberg	1814 Frederiksberg C	2013	399
147 Frederiksberg	1814 Frederiksberg C	2014	397
147 Frederiksberg	1814 Frederiksberg C	2015	421
147 Frederiksberg	1814 Frederiksberg C	2016	415
147 Frederiksberg	1814 Frederiksberg C	2017	433
147 Frederiksberg	1814 Frederiksberg C	2018	423
147 Frederiksberg	1814 Frederiksberg C	2019	420
147 Frederiksberg	1814 Frederiksberg C	2020	428
147 Frederiksberg	1814 Frederiksberg C	2021	419
147 Frederiksberg	1814 Frederiksberg C	2022	409
147 Frederiksberg	1814 Frederiksberg C	2023	414
147 Frederiksberg	1814 Frederiksberg C	2024	437
147 Frederiksberg	1814 Frederiksberg C	2025	448
147 Frederiksberg	1814 Frederiksberg C	2026	439
147 Frederiksberg	1815 Frederiksberg C	2010	227
147 Frederiksberg	1815 Frederiksberg C	2011	235
147 Frederiksberg	1815 Frederiksberg C	2012	224
147 Frederiksberg	1815 Frederiksberg C	2013	233
147 Frederiksberg	1815 Frederiksberg C	2014	237
147 Frederiksberg	1815 Frederiksberg C	2015	241
147 Frederiksberg	1815 Frederiksberg C	2016	235
147 Frederiksberg	1815 Frederiksberg C	2017	245
147 Frederiksberg	1815 Frederiksberg C	2018	240
147 Frederiksberg	1815 Frederiksberg C	2019	238
147 Frederiksberg	1815 Frederiksberg C	2020	237
147 Frederiksberg	1815 Frederiksberg C	2021	247
147 Frederiksberg	1815 Frederiksberg C	2022	241
147 Frederiksberg	1815 Frederiksberg C	2023	236
147 Frederiksberg	1815 Frederiksberg C	2024	240
147 Frederiksberg	1815 Frederiksberg C	2025	243
147 Frederiksberg	1815 Frederiksberg C	2026	234
147 Frederiksberg	1816 Frederiksberg C	2010	120
147 Frederiksberg	1816 Frederiksberg C	2011	117
147 Frederiksberg	1816 Frederiksberg C	2012	136
147 Frederiksberg	1816 Frederiksberg C	2013	156
147 Frederiksberg	1816 Frederiksberg C	2014	153
147 Frederiksberg	1816 Frederiksberg C	2015	141
147 Frederiksberg	1816 Frederiksberg C	2016	148
147 Frederiksberg	1816 Frederiksberg C	2017	150
147 Frederiksberg	1816 Frederiksberg C	2018	158
147 Frederiksberg	1816 Frederiksberg C	2019	152
147 Frederiksberg	1816 Frederiksberg C	2020	141
147 Frederiksberg	1816 Frederiksberg C	2021	147
147 Frederiksberg	1816 Frederiksberg C	2022	153
147 Frederiksberg	1816 Frederiksberg C	2023	157
147 Frederiksberg	1816 Frederiksberg C	2024	151
147 Frederiksberg	1816 Frederiksberg C	2025	153
147 Frederiksberg	1816 Frederiksberg C	2026	160
147 Frederiksberg	1817 Frederiksberg C	2010	432
147 Frederiksberg	1817 Frederiksberg C	2011	436
147 Frederiksberg	1817 Frederiksberg C	2012	457
147 Frederiksberg	1817 Frederiksberg C	2013	448
147 Frederiksberg	1817 Frederiksberg C	2014	454
147 Frederiksberg	1817 Frederiksberg C	2015	456
147 Frederiksberg	1817 Frederiksberg C	2016	470
147 Frederiksberg	1817 Frederiksberg C	2017	484
147 Frederiksberg	1817 Frederiksberg C	2018	478
147 Frederiksberg	1817 Frederiksberg C	2019	467
147 Frederiksberg	1817 Frederiksberg C	2020	452
147 Frederiksberg	1817 Frederiksberg C	2021	460
147 Frederiksberg	1817 Frederiksberg C	2022	452
147 Frederiksberg	1817 Frederiksberg C	2023	461
147 Frederiksberg	1817 Frederiksberg C	2024	449
147 Frederiksberg	1817 Frederiksberg C	2025	453
147 Frederiksberg	1817 Frederiksberg C	2026	450
147 Frederiksberg	1818 Frederiksberg C	2010	108
147 Frederiksberg	1818 Frederiksberg C	2011	109
147 Frederiksberg	1818 Frederiksberg C	2012	108
147 Frederiksberg	1818 Frederiksberg C	2013	113
147 Frederiksberg	1818 Frederiksberg C	2014	127
147 Frederiksberg	1818 Frederiksberg C	2015	129
147 Frederiksberg	1818 Frederiksberg C	2016	125
147 Frederiksberg	1818 Frederiksberg C	2017	117
147 Frederiksberg	1818 Frederiksberg C	2018	121
147 Frederiksberg	1818 Frederiksberg C	2019	122
147 Frederiksberg	1818 Frederiksberg C	2020	122
147 Frederiksberg	1818 Frederiksberg C	2021	130
147 Frederiksberg	1818 Frederiksberg C	2022	129
147 Frederiksberg	1818 Frederiksberg C	2023	129
147 Frederiksberg	1818 Frederiksberg C	2024	133
147 Frederiksberg	1818 Frederiksberg C	2025	140
147 Frederiksberg	1818 Frederiksberg C	2026	134
147 Frederiksberg	1819 Frederiksberg C	2010	160
147 Frederiksberg	1819 Frederiksberg C	2011	165
147 Frederiksberg	1819 Frederiksberg C	2012	168
147 Frederiksberg	1819 Frederiksberg C	2013	169
147 Frederiksberg	1819 Frederiksberg C	2014	170
147 Frederiksberg	1819 Frederiksberg C	2015	171
147 Frederiksberg	1819 Frederiksberg C	2016	169
147 Frederiksberg	1819 Frederiksberg C	2017	165
147 Frederiksberg	1819 Frederiksberg C	2018	175
147 Frederiksberg	1819 Frederiksberg C	2019	164
147 Frederiksberg	1819 Frederiksberg C	2020	176
147 Frederiksberg	1819 Frederiksberg C	2021	164
147 Frederiksberg	1819 Frederiksberg C	2022	170
147 Frederiksberg	1819 Frederiksberg C	2023	161
147 Frederiksberg	1819 Frederiksberg C	2024	167
147 Frederiksberg	1819 Frederiksberg C	2025	162
147 Frederiksberg	1819 Frederiksberg C	2026	159
147 Frederiksberg	1820 Frederiksberg C	2010	1255
147 Frederiksberg	1820 Frederiksberg C	2011	1265
147 Frederiksberg	1820 Frederiksberg C	2012	1273
147 Frederiksberg	1820 Frederiksberg C	2013	1294
147 Frederiksberg	1820 Frederiksberg C	2014	1300
147 Frederiksberg	1820 Frederiksberg C	2015	1321
147 Frederiksberg	1820 Frederiksberg C	2016	1319
147 Frederiksberg	1820 Frederiksberg C	2017	1334
147 Frederiksberg	1820 Frederiksberg C	2018	1317
147 Frederiksberg	1820 Frederiksberg C	2019	1335
147 Frederiksberg	1820 Frederiksberg C	2020	1320
147 Frederiksberg	1820 Frederiksberg C	2021	1334
147 Frederiksberg	1820 Frederiksberg C	2022	1349
147 Frederiksberg	1820 Frederiksberg C	2023	1349
147 Frederiksberg	1820 Frederiksberg C	2024	1351
147 Frederiksberg	1820 Frederiksberg C	2025	1379
147 Frederiksberg	1820 Frederiksberg C	2026	1349
147 Frederiksberg	1822 Frederiksberg C	2010	56
147 Frederiksberg	1822 Frederiksberg C	2011	62
147 Frederiksberg	1822 Frederiksberg C	2012	73
147 Frederiksberg	1822 Frederiksberg C	2013	81
147 Frederiksberg	1822 Frederiksberg C	2014	79
147 Frederiksberg	1822 Frederiksberg C	2015	83
147 Frederiksberg	1822 Frederiksberg C	2016	73
147 Frederiksberg	1822 Frederiksberg C	2017	75
147 Frederiksberg	1822 Frederiksberg C	2018	76
147 Frederiksberg	1822 Frederiksberg C	2019	72
147 Frederiksberg	1822 Frederiksberg C	2020	70
147 Frederiksberg	1822 Frederiksberg C	2021	75
147 Frederiksberg	1822 Frederiksberg C	2022	77
147 Frederiksberg	1822 Frederiksberg C	2023	82
147 Frederiksberg	1822 Frederiksberg C	2024	90
147 Frederiksberg	1822 Frederiksberg C	2025	89
147 Frederiksberg	1822 Frederiksberg C	2026	84
147 Frederiksberg	1823 Frederiksberg C	2010	77
147 Frederiksberg	1823 Frederiksberg C	2011	73
147 Frederiksberg	1823 Frederiksberg C	2012	76
147 Frederiksberg	1823 Frederiksberg C	2013	77
147 Frederiksberg	1823 Frederiksberg C	2014	76
147 Frederiksberg	1823 Frederiksberg C	2015	76
147 Frederiksberg	1823 Frederiksberg C	2016	88
147 Frederiksberg	1823 Frederiksberg C	2017	84
147 Frederiksberg	1823 Frederiksberg C	2018	78
147 Frederiksberg	1823 Frederiksberg C	2019	76
147 Frederiksberg	1823 Frederiksberg C	2020	77
147 Frederiksberg	1823 Frederiksberg C	2021	84
147 Frederiksberg	1823 Frederiksberg C	2022	80
147 Frederiksberg	1823 Frederiksberg C	2023	78
147 Frederiksberg	1823 Frederiksberg C	2024	79
147 Frederiksberg	1823 Frederiksberg C	2025	77
147 Frederiksberg	1823 Frederiksberg C	2026	72
147 Frederiksberg	1824 Frederiksberg C	2010	306
147 Frederiksberg	1824 Frederiksberg C	2011	314
147 Frederiksberg	1824 Frederiksberg C	2012	336
147 Frederiksberg	1824 Frederiksberg C	2013	340
147 Frederiksberg	1824 Frederiksberg C	2014	349
147 Frederiksberg	1824 Frederiksberg C	2015	360
147 Frederiksberg	1824 Frederiksberg C	2016	360
147 Frederiksberg	1824 Frederiksberg C	2017	367
147 Frederiksberg	1824 Frederiksberg C	2018	360
147 Frederiksberg	1824 Frederiksberg C	2019	356
147 Frederiksberg	1824 Frederiksberg C	2020	366
147 Frederiksberg	1824 Frederiksberg C	2021	353
147 Frederiksberg	1824 Frederiksberg C	2022	348
147 Frederiksberg	1824 Frederiksberg C	2023	339
147 Frederiksberg	1824 Frederiksberg C	2024	341
147 Frederiksberg	1824 Frederiksberg C	2025	351
147 Frederiksberg	1824 Frederiksberg C	2026	351
147 Frederiksberg	1825 Frederiksberg C	2010	103
147 Frederiksberg	1825 Frederiksberg C	2011	107
147 Frederiksberg	1825 Frederiksberg C	2012	105
147 Frederiksberg	1825 Frederiksberg C	2013	105
147 Frederiksberg	1825 Frederiksberg C	2014	104
147 Frederiksberg	1825 Frederiksberg C	2015	95
147 Frederiksberg	1825 Frederiksberg C	2016	95
147 Frederiksberg	1825 Frederiksberg C	2017	95
147 Frederiksberg	1825 Frederiksberg C	2018	88
147 Frederiksberg	1825 Frederiksberg C	2019	90
147 Frederiksberg	1825 Frederiksberg C	2020	93
147 Frederiksberg	1825 Frederiksberg C	2021	106
147 Frederiksberg	1825 Frederiksberg C	2022	120
147 Frederiksberg	1825 Frederiksberg C	2023	118
147 Frederiksberg	1825 Frederiksberg C	2024	120
147 Frederiksberg	1825 Frederiksberg C	2025	124
147 Frederiksberg	1825 Frederiksberg C	2026	119
147 Frederiksberg	1826 Frederiksberg C	2010	122
147 Frederiksberg	1826 Frederiksberg C	2011	136
147 Frederiksberg	1826 Frederiksberg C	2012	132
147 Frederiksberg	1826 Frederiksberg C	2013	135
147 Frederiksberg	1826 Frederiksberg C	2014	145
147 Frederiksberg	1826 Frederiksberg C	2015	146
147 Frederiksberg	1826 Frederiksberg C	2016	150
147 Frederiksberg	1826 Frederiksberg C	2017	148
147 Frederiksberg	1826 Frederiksberg C	2018	146
147 Frederiksberg	1826 Frederiksberg C	2019	144
147 Frederiksberg	1826 Frederiksberg C	2020	162
147 Frederiksberg	1826 Frederiksberg C	2021	143
147 Frederiksberg	1826 Frederiksberg C	2022	143
147 Frederiksberg	1826 Frederiksberg C	2023	171
147 Frederiksberg	1826 Frederiksberg C	2024	165
147 Frederiksberg	1826 Frederiksberg C	2025	174
147 Frederiksberg	1826 Frederiksberg C	2026	183
147 Frederiksberg	1827 Frederiksberg C	2010	319
147 Frederiksberg	1827 Frederiksberg C	2011	317
147 Frederiksberg	1827 Frederiksberg C	2012	325
147 Frederiksberg	1827 Frederiksberg C	2013	339
147 Frederiksberg	1827 Frederiksberg C	2014	330
147 Frederiksberg	1827 Frederiksberg C	2015	334
147 Frederiksberg	1827 Frederiksberg C	2016	347
147 Frederiksberg	1827 Frederiksberg C	2017	350
147 Frederiksberg	1827 Frederiksberg C	2018	326
147 Frederiksberg	1827 Frederiksberg C	2019	345
147 Frederiksberg	1827 Frederiksberg C	2020	331
147 Frederiksberg	1827 Frederiksberg C	2021	341
147 Frederiksberg	1827 Frederiksberg C	2022	340
147 Frederiksberg	1827 Frederiksberg C	2023	348
147 Frederiksberg	1827 Frederiksberg C	2024	349
147 Frederiksberg	1827 Frederiksberg C	2025	346
147 Frederiksberg	1827 Frederiksberg C	2026	346
147 Frederiksberg	1828 Frederiksberg C	2010	267
147 Frederiksberg	1828 Frederiksberg C	2011	265
147 Frederiksberg	1828 Frederiksberg C	2012	265
147 Frederiksberg	1828 Frederiksberg C	2013	275
147 Frederiksberg	1828 Frederiksberg C	2014	286
147 Frederiksberg	1828 Frederiksberg C	2015	288
147 Frederiksberg	1828 Frederiksberg C	2016	288
147 Frederiksberg	1828 Frederiksberg C	2017	288
147 Frederiksberg	1828 Frederiksberg C	2018	274
147 Frederiksberg	1828 Frederiksberg C	2019	275
147 Frederiksberg	1828 Frederiksberg C	2020	292
147 Frederiksberg	1828 Frederiksberg C	2021	288
147 Frederiksberg	1828 Frederiksberg C	2022	285
147 Frederiksberg	1828 Frederiksberg C	2023	287
147 Frederiksberg	1828 Frederiksberg C	2024	279
147 Frederiksberg	1828 Frederiksberg C	2025	283
147 Frederiksberg	1828 Frederiksberg C	2026	274
147 Frederiksberg	1829 Frederiksberg C	2010	301
147 Frederiksberg	1829 Frederiksberg C	2011	304
147 Frederiksberg	1829 Frederiksberg C	2012	319
147 Frederiksberg	1829 Frederiksberg C	2013	342
147 Frederiksberg	1829 Frederiksberg C	2014	327
147 Frederiksberg	1829 Frederiksberg C	2015	337
147 Frederiksberg	1829 Frederiksberg C	2016	321
147 Frederiksberg	1829 Frederiksberg C	2017	324
147 Frederiksberg	1829 Frederiksberg C	2018	323
147 Frederiksberg	1829 Frederiksberg C	2019	323
147 Frederiksberg	1829 Frederiksberg C	2020	339
147 Frederiksberg	1829 Frederiksberg C	2021	326
147 Frederiksberg	1829 Frederiksberg C	2022	325
147 Frederiksberg	1829 Frederiksberg C	2023	314
147 Frederiksberg	1829 Frederiksberg C	2024	319
147 Frederiksberg	1829 Frederiksberg C	2025	318
147 Frederiksberg	1829 Frederiksberg C	2026	328
147 Frederiksberg	1850 Frederiksberg C	2010	1725
147 Frederiksberg	1850 Frederiksberg C	2011	1758
147 Frederiksberg	1850 Frederiksberg C	2012	1791
147 Frederiksberg	1850 Frederiksberg C	2013	1836
147 Frederiksberg	1850 Frederiksberg C	2014	1858
147 Frederiksberg	1850 Frederiksberg C	2015	1856
147 Frederiksberg	1850 Frederiksberg C	2016	1877
147 Frederiksberg	1850 Frederiksberg C	2017	1878
147 Frederiksberg	1850 Frederiksberg C	2018	1840
147 Frederiksberg	1850 Frederiksberg C	2019	1832
147 Frederiksberg	1850 Frederiksberg C	2020	1815
147 Frederiksberg	1850 Frederiksberg C	2021	1827
147 Frederiksberg	1850 Frederiksberg C	2022	1826
147 Frederiksberg	1850 Frederiksberg C	2023	1832
147 Frederiksberg	1850 Frederiksberg C	2024	1849
147 Frederiksberg	1850 Frederiksberg C	2025	1869
147 Frederiksberg	1850 Frederiksberg C	2026	1812
147 Frederiksberg	1851 Frederiksberg C	2010	391
147 Frederiksberg	1851 Frederiksberg C	2011	399
147 Frederiksberg	1851 Frederiksberg C	2012	414
147 Frederiksberg	1851 Frederiksberg C	2013	426
147 Frederiksberg	1851 Frederiksberg C	2014	435
147 Frederiksberg	1851 Frederiksberg C	2015	420
147 Frederiksberg	1851 Frederiksberg C	2016	427
147 Frederiksberg	1851 Frederiksberg C	2017	420
147 Frederiksberg	1851 Frederiksberg C	2018	408
147 Frederiksberg	1851 Frederiksberg C	2019	403
147 Frederiksberg	1851 Frederiksberg C	2020	402
147 Frederiksberg	1851 Frederiksberg C	2021	417
147 Frederiksberg	1851 Frederiksberg C	2022	420
147 Frederiksberg	1851 Frederiksberg C	2023	413
147 Frederiksberg	1851 Frederiksberg C	2024	421
147 Frederiksberg	1851 Frederiksberg C	2025	423
147 Frederiksberg	1851 Frederiksberg C	2026	408
147 Frederiksberg	1852 Frederiksberg C	2010	171
147 Frederiksberg	1852 Frederiksberg C	2011	183
147 Frederiksberg	1852 Frederiksberg C	2012	181
147 Frederiksberg	1852 Frederiksberg C	2013	175
147 Frederiksberg	1852 Frederiksberg C	2014	197
147 Frederiksberg	1852 Frederiksberg C	2015	224
147 Frederiksberg	1852 Frederiksberg C	2016	215
147 Frederiksberg	1852 Frederiksberg C	2017	223
147 Frederiksberg	1852 Frederiksberg C	2018	217
147 Frederiksberg	1852 Frederiksberg C	2019	230
147 Frederiksberg	1852 Frederiksberg C	2020	225
147 Frederiksberg	1852 Frederiksberg C	2021	225
147 Frederiksberg	1852 Frederiksberg C	2022	224
147 Frederiksberg	1852 Frederiksberg C	2023	207
147 Frederiksberg	1852 Frederiksberg C	2024	211
147 Frederiksberg	1852 Frederiksberg C	2025	203
147 Frederiksberg	1852 Frederiksberg C	2026	193
147 Frederiksberg	1853 Frederiksberg C	2010	312
147 Frederiksberg	1853 Frederiksberg C	2011	323
147 Frederiksberg	1853 Frederiksberg C	2012	327
147 Frederiksberg	1853 Frederiksberg C	2013	324
147 Frederiksberg	1853 Frederiksberg C	2014	343
147 Frederiksberg	1853 Frederiksberg C	2015	356
147 Frederiksberg	1853 Frederiksberg C	2016	356
147 Frederiksberg	1853 Frederiksberg C	2017	374
147 Frederiksberg	1853 Frederiksberg C	2018	355
147 Frederiksberg	1853 Frederiksberg C	2019	344
147 Frederiksberg	1853 Frederiksberg C	2020	349
147 Frederiksberg	1853 Frederiksberg C	2021	356
147 Frederiksberg	1853 Frederiksberg C	2022	362
147 Frederiksberg	1853 Frederiksberg C	2023	364
147 Frederiksberg	1853 Frederiksberg C	2024	363
147 Frederiksberg	1853 Frederiksberg C	2025	354
147 Frederiksberg	1853 Frederiksberg C	2026	345
147 Frederiksberg	1854 Frederiksberg C	2010	287
147 Frederiksberg	1854 Frederiksberg C	2011	285
147 Frederiksberg	1854 Frederiksberg C	2012	286
147 Frederiksberg	1854 Frederiksberg C	2013	292
147 Frederiksberg	1854 Frederiksberg C	2014	290
147 Frederiksberg	1854 Frederiksberg C	2015	276
147 Frederiksberg	1854 Frederiksberg C	2016	274
147 Frederiksberg	1854 Frederiksberg C	2017	292
147 Frederiksberg	1854 Frederiksberg C	2018	278
147 Frederiksberg	1854 Frederiksberg C	2019	275
147 Frederiksberg	1854 Frederiksberg C	2020	277
147 Frederiksberg	1854 Frederiksberg C	2021	289
147 Frederiksberg	1854 Frederiksberg C	2022	276
147 Frederiksberg	1854 Frederiksberg C	2023	274
147 Frederiksberg	1854 Frederiksberg C	2024	279
147 Frederiksberg	1854 Frederiksberg C	2025	278
147 Frederiksberg	1854 Frederiksberg C	2026	279
147 Frederiksberg	1855 Frederiksberg C	2010	391
147 Frederiksberg	1855 Frederiksberg C	2011	395
147 Frederiksberg	1855 Frederiksberg C	2012	417
147 Frederiksberg	1855 Frederiksberg C	2013	420
147 Frederiksberg	1855 Frederiksberg C	2014	422
147 Frederiksberg	1855 Frederiksberg C	2015	416
147 Frederiksberg	1855 Frederiksberg C	2016	408
147 Frederiksberg	1855 Frederiksberg C	2017	414
147 Frederiksberg	1855 Frederiksberg C	2018	384
147 Frederiksberg	1855 Frederiksberg C	2019	402
147 Frederiksberg	1855 Frederiksberg C	2020	406
147 Frederiksberg	1855 Frederiksberg C	2021	401
147 Frederiksberg	1855 Frederiksberg C	2022	417
147 Frederiksberg	1855 Frederiksberg C	2023	408
147 Frederiksberg	1855 Frederiksberg C	2024	405
147 Frederiksberg	1855 Frederiksberg C	2025	418
147 Frederiksberg	1855 Frederiksberg C	2026	415
147 Frederiksberg	1856 Frederiksberg C	2010	112
147 Frederiksberg	1856 Frederiksberg C	2011	109
147 Frederiksberg	1856 Frederiksberg C	2012	116
147 Frederiksberg	1856 Frederiksberg C	2013	117
147 Frederiksberg	1856 Frederiksberg C	2014	127
147 Frederiksberg	1856 Frederiksberg C	2015	123
147 Frederiksberg	1856 Frederiksberg C	2016	120
147 Frederiksberg	1856 Frederiksberg C	2017	118
147 Frederiksberg	1856 Frederiksberg C	2018	118
147 Frederiksberg	1856 Frederiksberg C	2019	117
147 Frederiksberg	1856 Frederiksberg C	2020	117
147 Frederiksberg	1856 Frederiksberg C	2021	129
147 Frederiksberg	1856 Frederiksberg C	2022	134
147 Frederiksberg	1856 Frederiksberg C	2023	126
147 Frederiksberg	1856 Frederiksberg C	2024	120
147 Frederiksberg	1856 Frederiksberg C	2025	111
147 Frederiksberg	1856 Frederiksberg C	2026	112
147 Frederiksberg	1857 Frederiksberg C	2010	61
147 Frederiksberg	1857 Frederiksberg C	2011	58
147 Frederiksberg	1857 Frederiksberg C	2012	69
147 Frederiksberg	1857 Frederiksberg C	2013	66
147 Frederiksberg	1857 Frederiksberg C	2014	72
147 Frederiksberg	1857 Frederiksberg C	2015	68
147 Frederiksberg	1857 Frederiksberg C	2016	68
147 Frederiksberg	1857 Frederiksberg C	2017	68
147 Frederiksberg	1857 Frederiksberg C	2018	60
147 Frederiksberg	1857 Frederiksberg C	2019	59
147 Frederiksberg	1857 Frederiksberg C	2020	55
147 Frederiksberg	1857 Frederiksberg C	2021	67
147 Frederiksberg	1857 Frederiksberg C	2022	63
147 Frederiksberg	1857 Frederiksberg C	2023	55
147 Frederiksberg	1857 Frederiksberg C	2024	63
147 Frederiksberg	1857 Frederiksberg C	2025	62
147 Frederiksberg	1857 Frederiksberg C	2026	57
147 Frederiksberg	1860 Frederiksberg C	2010	192
147 Frederiksberg	1860 Frederiksberg C	2011	208
147 Frederiksberg	1860 Frederiksberg C	2012	208
147 Frederiksberg	1860 Frederiksberg C	2013	235
147 Frederiksberg	1860 Frederiksberg C	2014	240
147 Frederiksberg	1860 Frederiksberg C	2015	243
147 Frederiksberg	1860 Frederiksberg C	2016	245
147 Frederiksberg	1860 Frederiksberg C	2017	246
147 Frederiksberg	1860 Frederiksberg C	2018	241
147 Frederiksberg	1860 Frederiksberg C	2019	215
147 Frederiksberg	1860 Frederiksberg C	2020	226
147 Frederiksberg	1860 Frederiksberg C	2021	217
147 Frederiksberg	1860 Frederiksberg C	2022	221
147 Frederiksberg	1860 Frederiksberg C	2023	226
147 Frederiksberg	1860 Frederiksberg C	2024	227
147 Frederiksberg	1860 Frederiksberg C	2025	222
147 Frederiksberg	1860 Frederiksberg C	2026	230
147 Frederiksberg	1861 Frederiksberg C	2010	182
147 Frederiksberg	1861 Frederiksberg C	2011	187
147 Frederiksberg	1861 Frederiksberg C	2012	193
147 Frederiksberg	1861 Frederiksberg C	2013	193
147 Frederiksberg	1861 Frederiksberg C	2014	193
147 Frederiksberg	1861 Frederiksberg C	2015	198
147 Frederiksberg	1861 Frederiksberg C	2016	203
147 Frederiksberg	1861 Frederiksberg C	2017	213
147 Frederiksberg	1861 Frederiksberg C	2018	200
147 Frederiksberg	1861 Frederiksberg C	2019	199
147 Frederiksberg	1861 Frederiksberg C	2020	201
147 Frederiksberg	1861 Frederiksberg C	2021	200
147 Frederiksberg	1861 Frederiksberg C	2022	180
147 Frederiksberg	1861 Frederiksberg C	2023	186
147 Frederiksberg	1861 Frederiksberg C	2024	184
147 Frederiksberg	1861 Frederiksberg C	2025	195
147 Frederiksberg	1861 Frederiksberg C	2026	188
147 Frederiksberg	1862 Frederiksberg C	2010	131
147 Frederiksberg	1862 Frederiksberg C	2011	127
147 Frederiksberg	1862 Frederiksberg C	2012	129
147 Frederiksberg	1862 Frederiksberg C	2013	127
147 Frederiksberg	1862 Frederiksberg C	2014	145
147 Frederiksberg	1862 Frederiksberg C	2015	147
147 Frederiksberg	1862 Frederiksberg C	2016	156
147 Frederiksberg	1862 Frederiksberg C	2017	155
147 Frederiksberg	1862 Frederiksberg C	2018	144
147 Frederiksberg	1862 Frederiksberg C	2019	141
147 Frederiksberg	1862 Frederiksberg C	2020	151
147 Frederiksberg	1862 Frederiksberg C	2021	144
147 Frederiksberg	1862 Frederiksberg C	2022	143
147 Frederiksberg	1862 Frederiksberg C	2023	140
147 Frederiksberg	1862 Frederiksberg C	2024	138
147 Frederiksberg	1862 Frederiksberg C	2025	131
147 Frederiksberg	1862 Frederiksberg C	2026	135
147 Frederiksberg	1863 Frederiksberg C	2010	99
147 Frederiksberg	1863 Frederiksberg C	2011	106
147 Frederiksberg	1863 Frederiksberg C	2012	102
147 Frederiksberg	1863 Frederiksberg C	2013	103
147 Frederiksberg	1863 Frederiksberg C	2014	106
147 Frederiksberg	1863 Frederiksberg C	2015	105
147 Frederiksberg	1863 Frederiksberg C	2016	101
147 Frederiksberg	1863 Frederiksberg C	2017	98
147 Frederiksberg	1863 Frederiksberg C	2018	109
147 Frederiksberg	1863 Frederiksberg C	2019	105
147 Frederiksberg	1863 Frederiksberg C	2020	108
147 Frederiksberg	1863 Frederiksberg C	2021	104
147 Frederiksberg	1863 Frederiksberg C	2022	99
147 Frederiksberg	1863 Frederiksberg C	2023	96
147 Frederiksberg	1863 Frederiksberg C	2024	96
147 Frederiksberg	1863 Frederiksberg C	2025	93
147 Frederiksberg	1863 Frederiksberg C	2026	95
147 Frederiksberg	1864 Frederiksberg C	2010	552
147 Frederiksberg	1864 Frederiksberg C	2011	577
147 Frederiksberg	1864 Frederiksberg C	2012	587
147 Frederiksberg	1864 Frederiksberg C	2013	604
147 Frederiksberg	1864 Frederiksberg C	2014	610
147 Frederiksberg	1864 Frederiksberg C	2015	603
147 Frederiksberg	1864 Frederiksberg C	2016	634
147 Frederiksberg	1864 Frederiksberg C	2017	652
147 Frederiksberg	1864 Frederiksberg C	2018	633
147 Frederiksberg	1864 Frederiksberg C	2019	630
147 Frederiksberg	1864 Frederiksberg C	2020	661
147 Frederiksberg	1864 Frederiksberg C	2021	618
147 Frederiksberg	1864 Frederiksberg C	2022	588
147 Frederiksberg	1864 Frederiksberg C	2023	584
147 Frederiksberg	1864 Frederiksberg C	2024	620
147 Frederiksberg	1864 Frederiksberg C	2025	616
147 Frederiksberg	1864 Frederiksberg C	2026	618
147 Frederiksberg	1865 Frederiksberg C	2010	72
147 Frederiksberg	1865 Frederiksberg C	2011	75
147 Frederiksberg	1865 Frederiksberg C	2012	75
147 Frederiksberg	1865 Frederiksberg C	2013	82
147 Frederiksberg	1865 Frederiksberg C	2014	81
147 Frederiksberg	1865 Frederiksberg C	2015	80
147 Frederiksberg	1865 Frederiksberg C	2016	73
147 Frederiksberg	1865 Frederiksberg C	2017	79
147 Frederiksberg	1865 Frederiksberg C	2018	81
147 Frederiksberg	1865 Frederiksberg C	2019	87
147 Frederiksberg	1865 Frederiksberg C	2020	81
147 Frederiksberg	1865 Frederiksberg C	2021	75
147 Frederiksberg	1865 Frederiksberg C	2022	78
147 Frederiksberg	1865 Frederiksberg C	2023	79
147 Frederiksberg	1865 Frederiksberg C	2024	71
147 Frederiksberg	1865 Frederiksberg C	2025	71
147 Frederiksberg	1865 Frederiksberg C	2026	67
147 Frederiksberg	1866 Frederiksberg C	2010	185
147 Frederiksberg	1866 Frederiksberg C	2011	185
147 Frederiksberg	1866 Frederiksberg C	2012	182
147 Frederiksberg	1866 Frederiksberg C	2013	202
147 Frederiksberg	1866 Frederiksberg C	2014	203
147 Frederiksberg	1866 Frederiksberg C	2015	211
147 Frederiksberg	1866 Frederiksberg C	2016	208
147 Frederiksberg	1866 Frederiksberg C	2017	199
147 Frederiksberg	1866 Frederiksberg C	2018	200
147 Frederiksberg	1866 Frederiksberg C	2019	200
147 Frederiksberg	1866 Frederiksberg C	2020	190
147 Frederiksberg	1866 Frederiksberg C	2021	190
147 Frederiksberg	1866 Frederiksberg C	2022	197
147 Frederiksberg	1866 Frederiksberg C	2023	189
147 Frederiksberg	1866 Frederiksberg C	2024	181
147 Frederiksberg	1866 Frederiksberg C	2025	183
147 Frederiksberg	1866 Frederiksberg C	2026	184
147 Frederiksberg	1867 Frederiksberg C	2010	19
147 Frederiksberg	1867 Frederiksberg C	2011	15
147 Frederiksberg	1867 Frederiksberg C	2012	23
147 Frederiksberg	1867 Frederiksberg C	2013	16
147 Frederiksberg	1867 Frederiksberg C	2014	19
147 Frederiksberg	1867 Frederiksberg C	2015	19
147 Frederiksberg	1867 Frederiksberg C	2016	18
147 Frederiksberg	1867 Frederiksberg C	2017	16
147 Frederiksberg	1867 Frederiksberg C	2018	25
147 Frederiksberg	1867 Frederiksberg C	2019	27
147 Frederiksberg	1867 Frederiksberg C	2020	17
147 Frederiksberg	1867 Frederiksberg C	2021	16
147 Frederiksberg	1867 Frederiksberg C	2022	22
147 Frederiksberg	1867 Frederiksberg C	2023	25
147 Frederiksberg	1867 Frederiksberg C	2024	23
147 Frederiksberg	1867 Frederiksberg C	2025	17
147 Frederiksberg	1867 Frederiksberg C	2026	19
147 Frederiksberg	1868 Frederiksberg C	2010	248
147 Frederiksberg	1868 Frederiksberg C	2011	257
147 Frederiksberg	1868 Frederiksberg C	2012	257
147 Frederiksberg	1868 Frederiksberg C	2013	268
147 Frederiksberg	1868 Frederiksberg C	2014	273
147 Frederiksberg	1868 Frederiksberg C	2015	268
147 Frederiksberg	1868 Frederiksberg C	2016	269
147 Frederiksberg	1868 Frederiksberg C	2017	282
147 Frederiksberg	1868 Frederiksberg C	2018	269
147 Frederiksberg	1868 Frederiksberg C	2019	271
147 Frederiksberg	1868 Frederiksberg C	2020	266
147 Frederiksberg	1868 Frederiksberg C	2021	277
147 Frederiksberg	1868 Frederiksberg C	2022	270
147 Frederiksberg	1868 Frederiksberg C	2023	260
147 Frederiksberg	1868 Frederiksberg C	2024	277
147 Frederiksberg	1868 Frederiksberg C	2025	268
147 Frederiksberg	1868 Frederiksberg C	2026	264
147 Frederiksberg	1870 Frederiksberg C	2010	518
147 Frederiksberg	1870 Frederiksberg C	2011	515
147 Frederiksberg	1870 Frederiksberg C	2012	565
147 Frederiksberg	1870 Frederiksberg C	2013	585
147 Frederiksberg	1870 Frederiksberg C	2014	583
147 Frederiksberg	1870 Frederiksberg C	2015	588
147 Frederiksberg	1870 Frederiksberg C	2016	610
147 Frederiksberg	1870 Frederiksberg C	2017	578
147 Frederiksberg	1870 Frederiksberg C	2018	623
147 Frederiksberg	1870 Frederiksberg C	2019	630
147 Frederiksberg	1870 Frederiksberg C	2020	620
147 Frederiksberg	1870 Frederiksberg C	2021	602
147 Frederiksberg	1870 Frederiksberg C	2022	621
147 Frederiksberg	1870 Frederiksberg C	2023	655
147 Frederiksberg	1870 Frederiksberg C	2024	681
147 Frederiksberg	1870 Frederiksberg C	2025	948
147 Frederiksberg	1870 Frederiksberg C	2026	1058
147 Frederiksberg	1871 Frederiksberg C	2010	544
147 Frederiksberg	1871 Frederiksberg C	2011	573
147 Frederiksberg	1871 Frederiksberg C	2012	582
147 Frederiksberg	1871 Frederiksberg C	2013	589
147 Frederiksberg	1871 Frederiksberg C	2014	615
147 Frederiksberg	1871 Frederiksberg C	2015	613
147 Frederiksberg	1871 Frederiksberg C	2016	621
147 Frederiksberg	1871 Frederiksberg C	2017	608
147 Frederiksberg	1871 Frederiksberg C	2018	606
147 Frederiksberg	1871 Frederiksberg C	2019	602
147 Frederiksberg	1871 Frederiksberg C	2020	590
147 Frederiksberg	1871 Frederiksberg C	2021	622
147 Frederiksberg	1871 Frederiksberg C	2022	617
147 Frederiksberg	1871 Frederiksberg C	2023	607
147 Frederiksberg	1871 Frederiksberg C	2024	617
147 Frederiksberg	1871 Frederiksberg C	2025	631
147 Frederiksberg	1871 Frederiksberg C	2026	634
147 Frederiksberg	1872 Frederiksberg C	2010	66
147 Frederiksberg	1872 Frederiksberg C	2011	72
147 Frederiksberg	1872 Frederiksberg C	2012	68
147 Frederiksberg	1872 Frederiksberg C	2013	71
147 Frederiksberg	1872 Frederiksberg C	2014	84
147 Frederiksberg	1872 Frederiksberg C	2015	84
147 Frederiksberg	1872 Frederiksberg C	2016	81
147 Frederiksberg	1872 Frederiksberg C	2017	72
147 Frederiksberg	1872 Frederiksberg C	2018	73
147 Frederiksberg	1872 Frederiksberg C	2019	78
147 Frederiksberg	1872 Frederiksberg C	2020	76
147 Frederiksberg	1872 Frederiksberg C	2021	79
147 Frederiksberg	1872 Frederiksberg C	2022	79
147 Frederiksberg	1872 Frederiksberg C	2023	80
147 Frederiksberg	1872 Frederiksberg C	2024	80
147 Frederiksberg	1872 Frederiksberg C	2025	84
147 Frederiksberg	1872 Frederiksberg C	2026	82
147 Frederiksberg	1873 Frederiksberg C	2010	44
147 Frederiksberg	1873 Frederiksberg C	2011	41
147 Frederiksberg	1873 Frederiksberg C	2012	25
147 Frederiksberg	1873 Frederiksberg C	2013	26
147 Frederiksberg	1873 Frederiksberg C	2014	29
147 Frederiksberg	1873 Frederiksberg C	2015	36
147 Frederiksberg	1873 Frederiksberg C	2016	35
147 Frederiksberg	1873 Frederiksberg C	2017	35
147 Frederiksberg	1873 Frederiksberg C	2018	35
147 Frederiksberg	1873 Frederiksberg C	2019	33
147 Frederiksberg	1873 Frederiksberg C	2020	33
147 Frederiksberg	1873 Frederiksberg C	2021	36
147 Frederiksberg	1873 Frederiksberg C	2022	37
147 Frederiksberg	1873 Frederiksberg C	2023	38
147 Frederiksberg	1873 Frederiksberg C	2024	39
147 Frederiksberg	1873 Frederiksberg C	2025	38
147 Frederiksberg	1873 Frederiksberg C	2026	32
147 Frederiksberg	1874 Frederiksberg C	2010	424
147 Frederiksberg	1874 Frederiksberg C	2011	423
147 Frederiksberg	1874 Frederiksberg C	2012	433
147 Frederiksberg	1874 Frederiksberg C	2013	443
147 Frederiksberg	1874 Frederiksberg C	2014	448
147 Frederiksberg	1874 Frederiksberg C	2015	449
147 Frederiksberg	1874 Frederiksberg C	2016	454
147 Frederiksberg	1874 Frederiksberg C	2017	450
147 Frederiksberg	1874 Frederiksberg C	2018	453
147 Frederiksberg	1874 Frederiksberg C	2019	465
147 Frederiksberg	1874 Frederiksberg C	2020	474
147 Frederiksberg	1874 Frederiksberg C	2021	464
147 Frederiksberg	1874 Frederiksberg C	2022	457
147 Frederiksberg	1874 Frederiksberg C	2023	455
147 Frederiksberg	1874 Frederiksberg C	2024	458
147 Frederiksberg	1874 Frederiksberg C	2025	450
147 Frederiksberg	1874 Frederiksberg C	2026	454
147 Frederiksberg	1875 Frederiksberg C	2010	228
147 Frederiksberg	1875 Frederiksberg C	2011	246
147 Frederiksberg	1875 Frederiksberg C	2012	251
147 Frederiksberg	1875 Frederiksberg C	2013	231
147 Frederiksberg	1875 Frederiksberg C	2014	233
147 Frederiksberg	1875 Frederiksberg C	2015	226
147 Frederiksberg	1875 Frederiksberg C	2016	239
147 Frederiksberg	1875 Frederiksberg C	2017	246
147 Frederiksberg	1875 Frederiksberg C	2018	243
147 Frederiksberg	1875 Frederiksberg C	2019	234
147 Frederiksberg	1875 Frederiksberg C	2020	227
147 Frederiksberg	1875 Frederiksberg C	2021	228
147 Frederiksberg	1875 Frederiksberg C	2022	229
147 Frederiksberg	1875 Frederiksberg C	2023	223
147 Frederiksberg	1875 Frederiksberg C	2024	225
147 Frederiksberg	1875 Frederiksberg C	2025	234
147 Frederiksberg	1875 Frederiksberg C	2026	239
147 Frederiksberg	1876 Frederiksberg C	2010	102
147 Frederiksberg	1876 Frederiksberg C	2011	107
147 Frederiksberg	1876 Frederiksberg C	2012	111
147 Frederiksberg	1876 Frederiksberg C	2013	109
147 Frederiksberg	1876 Frederiksberg C	2014	111
147 Frederiksberg	1876 Frederiksberg C	2015	119
147 Frederiksberg	1876 Frederiksberg C	2016	107
147 Frederiksberg	1876 Frederiksberg C	2017	113
147 Frederiksberg	1876 Frederiksberg C	2018	118
147 Frederiksberg	1876 Frederiksberg C	2019	117
147 Frederiksberg	1876 Frederiksberg C	2020	105
147 Frederiksberg	1876 Frederiksberg C	2021	107
147 Frederiksberg	1876 Frederiksberg C	2022	114
147 Frederiksberg	1876 Frederiksberg C	2023	112
147 Frederiksberg	1876 Frederiksberg C	2024	108
147 Frederiksberg	1876 Frederiksberg C	2025	102
147 Frederiksberg	1876 Frederiksberg C	2026	98
147 Frederiksberg	1877 Frederiksberg C	2010	61
147 Frederiksberg	1877 Frederiksberg C	2011	64
147 Frederiksberg	1877 Frederiksberg C	2012	66
147 Frederiksberg	1877 Frederiksberg C	2013	64
147 Frederiksberg	1877 Frederiksberg C	2014	67
147 Frederiksberg	1877 Frederiksberg C	2015	65
147 Frederiksberg	1877 Frederiksberg C	2016	63
147 Frederiksberg	1877 Frederiksberg C	2017	57
147 Frederiksberg	1877 Frederiksberg C	2018	61
147 Frederiksberg	1877 Frederiksberg C	2019	63
147 Frederiksberg	1877 Frederiksberg C	2020	60
147 Frederiksberg	1877 Frederiksberg C	2021	57
147 Frederiksberg	1877 Frederiksberg C	2022	58
147 Frederiksberg	1877 Frederiksberg C	2023	62
147 Frederiksberg	1877 Frederiksberg C	2024	51
147 Frederiksberg	1877 Frederiksberg C	2025	50
147 Frederiksberg	1877 Frederiksberg C	2026	47
147 Frederiksberg	1878 Frederiksberg C	2010	94
147 Frederiksberg	1878 Frederiksberg C	2011	91
147 Frederiksberg	1878 Frederiksberg C	2012	95
147 Frederiksberg	1878 Frederiksberg C	2013	101
147 Frederiksberg	1878 Frederiksberg C	2014	102
147 Frederiksberg	1878 Frederiksberg C	2015	102
147 Frederiksberg	1878 Frederiksberg C	2016	98
147 Frederiksberg	1878 Frederiksberg C	2017	102
147 Frederiksberg	1878 Frederiksberg C	2018	101
147 Frederiksberg	1878 Frederiksberg C	2019	100
147 Frederiksberg	1878 Frederiksberg C	2020	93
147 Frederiksberg	1878 Frederiksberg C	2021	87
147 Frederiksberg	1878 Frederiksberg C	2022	89
147 Frederiksberg	1878 Frederiksberg C	2023	89
147 Frederiksberg	1878 Frederiksberg C	2024	88
147 Frederiksberg	1878 Frederiksberg C	2025	85
147 Frederiksberg	1878 Frederiksberg C	2026	94
147 Frederiksberg	1879 Frederiksberg C	2010	1325
147 Frederiksberg	1879 Frederiksberg C	2011	1353
147 Frederiksberg	1879 Frederiksberg C	2012	1389
147 Frederiksberg	1879 Frederiksberg C	2013	1437
147 Frederiksberg	1879 Frederiksberg C	2014	1486
147 Frederiksberg	1879 Frederiksberg C	2015	1485
147 Frederiksberg	1879 Frederiksberg C	2016	1485
147 Frederiksberg	1879 Frederiksberg C	2017	1522
147 Frederiksberg	1879 Frederiksberg C	2018	1485
147 Frederiksberg	1879 Frederiksberg C	2019	1498
147 Frederiksberg	1879 Frederiksberg C	2020	1536
147 Frederiksberg	1879 Frederiksberg C	2021	1505
147 Frederiksberg	1879 Frederiksberg C	2022	1497
147 Frederiksberg	1879 Frederiksberg C	2023	1512
147 Frederiksberg	1879 Frederiksberg C	2024	1557
147 Frederiksberg	1879 Frederiksberg C	2025	1537
147 Frederiksberg	1879 Frederiksberg C	2026	1521
147 Frederiksberg	1900 Frederiksberg C	2010	981
147 Frederiksberg	1900 Frederiksberg C	2011	978
147 Frederiksberg	1900 Frederiksberg C	2012	985
147 Frederiksberg	1900 Frederiksberg C	2013	990
147 Frederiksberg	1900 Frederiksberg C	2014	987
147 Frederiksberg	1900 Frederiksberg C	2015	994
147 Frederiksberg	1900 Frederiksberg C	2016	986
147 Frederiksberg	1900 Frederiksberg C	2017	1017
147 Frederiksberg	1900 Frederiksberg C	2018	1037
147 Frederiksberg	1900 Frederiksberg C	2019	1023
147 Frederiksberg	1900 Frederiksberg C	2020	1007
147 Frederiksberg	1900 Frederiksberg C	2021	971
147 Frederiksberg	1900 Frederiksberg C	2022	986
147 Frederiksberg	1900 Frederiksberg C	2023	984
147 Frederiksberg	1900 Frederiksberg C	2024	991
147 Frederiksberg	1900 Frederiksberg C	2025	965
147 Frederiksberg	1900 Frederiksberg C	2026	966
147 Frederiksberg	1901 Frederiksberg C	2010	32
147 Frederiksberg	1901 Frederiksberg C	2011	32
147 Frederiksberg	1901 Frederiksberg C	2012	33
147 Frederiksberg	1901 Frederiksberg C	2013	37
147 Frederiksberg	1901 Frederiksberg C	2014	34
147 Frederiksberg	1901 Frederiksberg C	2015	36
147 Frederiksberg	1901 Frederiksberg C	2016	33
147 Frederiksberg	1901 Frederiksberg C	2017	32
147 Frederiksberg	1901 Frederiksberg C	2018	35
147 Frederiksberg	1901 Frederiksberg C	2019	32
147 Frederiksberg	1901 Frederiksberg C	2020	26
147 Frederiksberg	1901 Frederiksberg C	2021	34
147 Frederiksberg	1901 Frederiksberg C	2022	32
147 Frederiksberg	1901 Frederiksberg C	2023	33
147 Frederiksberg	1901 Frederiksberg C	2024	33
147 Frederiksberg	1901 Frederiksberg C	2025	33
147 Frederiksberg	1901 Frederiksberg C	2026	33
147 Frederiksberg	1902 Frederiksberg C	2010	802
147 Frederiksberg	1902 Frederiksberg C	2011	804
147 Frederiksberg	1902 Frederiksberg C	2012	828
147 Frederiksberg	1902 Frederiksberg C	2013	847
147 Frederiksberg	1902 Frederiksberg C	2014	840
147 Frederiksberg	1902 Frederiksberg C	2015	852
147 Frederiksberg	1902 Frederiksberg C	2016	839
147 Frederiksberg	1902 Frederiksberg C	2017	849
147 Frederiksberg	1902 Frederiksberg C	2018	840
147 Frederiksberg	1902 Frederiksberg C	2019	835
147 Frederiksberg	1902 Frederiksberg C	2020	813
147 Frederiksberg	1902 Frederiksberg C	2021	797
147 Frederiksberg	1902 Frederiksberg C	2022	782
147 Frederiksberg	1902 Frederiksberg C	2023	802
147 Frederiksberg	1902 Frederiksberg C	2024	819
147 Frederiksberg	1902 Frederiksberg C	2025	818
147 Frederiksberg	1902 Frederiksberg C	2026	830
147 Frederiksberg	1903 Frederiksberg C	2010	315
147 Frederiksberg	1903 Frederiksberg C	2011	325
147 Frederiksberg	1903 Frederiksberg C	2012	329
147 Frederiksberg	1903 Frederiksberg C	2013	327
147 Frederiksberg	1903 Frederiksberg C	2014	343
147 Frederiksberg	1903 Frederiksberg C	2015	352
147 Frederiksberg	1903 Frederiksberg C	2016	368
147 Frederiksberg	1903 Frederiksberg C	2017	354
147 Frederiksberg	1903 Frederiksberg C	2018	363
147 Frederiksberg	1903 Frederiksberg C	2019	361
147 Frederiksberg	1903 Frederiksberg C	2020	336
147 Frederiksberg	1903 Frederiksberg C	2021	332
147 Frederiksberg	1903 Frederiksberg C	2022	315
147 Frederiksberg	1903 Frederiksberg C	2023	326
147 Frederiksberg	1903 Frederiksberg C	2024	337
147 Frederiksberg	1903 Frederiksberg C	2025	338
147 Frederiksberg	1903 Frederiksberg C	2026	335
147 Frederiksberg	1904 Frederiksberg C	2010	740
147 Frederiksberg	1904 Frederiksberg C	2011	791
147 Frederiksberg	1904 Frederiksberg C	2012	786
147 Frederiksberg	1904 Frederiksberg C	2013	796
147 Frederiksberg	1904 Frederiksberg C	2014	805
147 Frederiksberg	1904 Frederiksberg C	2015	826
147 Frederiksberg	1904 Frederiksberg C	2016	831
147 Frederiksberg	1904 Frederiksberg C	2017	863
147 Frederiksberg	1904 Frederiksberg C	2018	866
147 Frederiksberg	1904 Frederiksberg C	2019	827
147 Frederiksberg	1904 Frederiksberg C	2020	815
147 Frederiksberg	1904 Frederiksberg C	2021	822
147 Frederiksberg	1904 Frederiksberg C	2022	809
147 Frederiksberg	1904 Frederiksberg C	2023	784
147 Frederiksberg	1904 Frederiksberg C	2024	799
147 Frederiksberg	1904 Frederiksberg C	2025	774
147 Frederiksberg	1904 Frederiksberg C	2026	767
147 Frederiksberg	1905 Frederiksberg C	2010	265
147 Frederiksberg	1905 Frederiksberg C	2011	271
147 Frederiksberg	1905 Frederiksberg C	2012	270
147 Frederiksberg	1905 Frederiksberg C	2013	273
147 Frederiksberg	1905 Frederiksberg C	2014	273
147 Frederiksberg	1905 Frederiksberg C	2015	276
147 Frederiksberg	1905 Frederiksberg C	2016	280
147 Frederiksberg	1905 Frederiksberg C	2017	287
147 Frederiksberg	1905 Frederiksberg C	2018	275
147 Frederiksberg	1905 Frederiksberg C	2019	283
147 Frederiksberg	1905 Frederiksberg C	2020	274
147 Frederiksberg	1905 Frederiksberg C	2021	267
147 Frederiksberg	1905 Frederiksberg C	2022	271
147 Frederiksberg	1905 Frederiksberg C	2023	269
147 Frederiksberg	1905 Frederiksberg C	2024	259
147 Frederiksberg	1905 Frederiksberg C	2025	256
147 Frederiksberg	1905 Frederiksberg C	2026	246
147 Frederiksberg	1906 Frederiksberg C	2010	142
147 Frederiksberg	1906 Frederiksberg C	2011	142
147 Frederiksberg	1906 Frederiksberg C	2012	144
147 Frederiksberg	1906 Frederiksberg C	2013	142
147 Frederiksberg	1906 Frederiksberg C	2014	151
147 Frederiksberg	1906 Frederiksberg C	2015	149
147 Frederiksberg	1906 Frederiksberg C	2016	144
147 Frederiksberg	1906 Frederiksberg C	2017	143
147 Frederiksberg	1906 Frederiksberg C	2018	142
147 Frederiksberg	1906 Frederiksberg C	2019	137
147 Frederiksberg	1906 Frederiksberg C	2020	141
147 Frederiksberg	1906 Frederiksberg C	2021	141
147 Frederiksberg	1906 Frederiksberg C	2022	143
147 Frederiksberg	1906 Frederiksberg C	2023	139
147 Frederiksberg	1906 Frederiksberg C	2024	139
147 Frederiksberg	1906 Frederiksberg C	2025	143
147 Frederiksberg	1906 Frederiksberg C	2026	138
147 Frederiksberg	1908 Frederiksberg C	2010	261
147 Frederiksberg	1908 Frederiksberg C	2011	259
147 Frederiksberg	1908 Frederiksberg C	2012	267
147 Frederiksberg	1908 Frederiksberg C	2013	276
147 Frederiksberg	1908 Frederiksberg C	2014	276
147 Frederiksberg	1908 Frederiksberg C	2015	277
147 Frederiksberg	1908 Frederiksberg C	2016	282
147 Frederiksberg	1908 Frederiksberg C	2017	278
147 Frederiksberg	1908 Frederiksberg C	2018	268
147 Frederiksberg	1908 Frederiksberg C	2019	280
147 Frederiksberg	1908 Frederiksberg C	2020	285
147 Frederiksberg	1908 Frederiksberg C	2021	293
147 Frederiksberg	1908 Frederiksberg C	2022	285
147 Frederiksberg	1908 Frederiksberg C	2023	285
147 Frederiksberg	1908 Frederiksberg C	2024	286
147 Frederiksberg	1908 Frederiksberg C	2025	293
147 Frederiksberg	1908 Frederiksberg C	2026	292
147 Frederiksberg	1909 Frederiksberg C	2010	842
147 Frederiksberg	1909 Frederiksberg C	2011	826
147 Frederiksberg	1909 Frederiksberg C	2012	816
147 Frederiksberg	1909 Frederiksberg C	2013	829
147 Frederiksberg	1909 Frederiksberg C	2014	840
147 Frederiksberg	1909 Frederiksberg C	2015	829
147 Frederiksberg	1909 Frederiksberg C	2016	845
147 Frederiksberg	1909 Frederiksberg C	2017	847
147 Frederiksberg	1909 Frederiksberg C	2018	835
147 Frederiksberg	1909 Frederiksberg C	2019	829
147 Frederiksberg	1909 Frederiksberg C	2020	815
147 Frederiksberg	1909 Frederiksberg C	2021	812
147 Frederiksberg	1909 Frederiksberg C	2022	791
147 Frederiksberg	1909 Frederiksberg C	2023	806
147 Frederiksberg	1909 Frederiksberg C	2024	782
147 Frederiksberg	1909 Frederiksberg C	2025	784
147 Frederiksberg	1909 Frederiksberg C	2026	774
147 Frederiksberg	1910 Frederiksberg C	2010	156
147 Frederiksberg	1910 Frederiksberg C	2011	153
147 Frederiksberg	1910 Frederiksberg C	2012	150
147 Frederiksberg	1910 Frederiksberg C	2013	156
147 Frederiksberg	1910 Frederiksberg C	2014	152
147 Frederiksberg	1910 Frederiksberg C	2015	161
147 Frederiksberg	1910 Frederiksberg C	2016	158
147 Frederiksberg	1910 Frederiksberg C	2017	168
147 Frederiksberg	1910 Frederiksberg C	2018	194
147 Frederiksberg	1910 Frederiksberg C	2019	190
147 Frederiksberg	1910 Frederiksberg C	2020	202
147 Frederiksberg	1910 Frederiksberg C	2021	181
147 Frederiksberg	1910 Frederiksberg C	2022	193
147 Frederiksberg	1910 Frederiksberg C	2023	209
147 Frederiksberg	1910 Frederiksberg C	2024	215
147 Frederiksberg	1910 Frederiksberg C	2025	250
147 Frederiksberg	1910 Frederiksberg C	2026	257
147 Frederiksberg	1911 Frederiksberg C	2010	405
147 Frederiksberg	1911 Frederiksberg C	2011	414
147 Frederiksberg	1911 Frederiksberg C	2012	410
147 Frederiksberg	1911 Frederiksberg C	2013	433
147 Frederiksberg	1911 Frederiksberg C	2014	455
147 Frederiksberg	1911 Frederiksberg C	2015	461
147 Frederiksberg	1911 Frederiksberg C	2016	442
147 Frederiksberg	1911 Frederiksberg C	2017	448
147 Frederiksberg	1911 Frederiksberg C	2018	449
147 Frederiksberg	1911 Frederiksberg C	2019	430
147 Frederiksberg	1911 Frederiksberg C	2020	429
147 Frederiksberg	1911 Frederiksberg C	2021	407
147 Frederiksberg	1911 Frederiksberg C	2022	390
147 Frederiksberg	1911 Frederiksberg C	2023	384
147 Frederiksberg	1911 Frederiksberg C	2024	390
147 Frederiksberg	1911 Frederiksberg C	2025	397
147 Frederiksberg	1911 Frederiksberg C	2026	402
147 Frederiksberg	1912 Frederiksberg C	2010	135
147 Frederiksberg	1912 Frederiksberg C	2011	134
147 Frederiksberg	1912 Frederiksberg C	2012	138
147 Frederiksberg	1912 Frederiksberg C	2013	138
147 Frederiksberg	1912 Frederiksberg C	2014	152
147 Frederiksberg	1912 Frederiksberg C	2015	159
147 Frederiksberg	1912 Frederiksberg C	2016	147
147 Frederiksberg	1912 Frederiksberg C	2017	157
147 Frederiksberg	1912 Frederiksberg C	2018	258
147 Frederiksberg	1912 Frederiksberg C	2019	272
147 Frederiksberg	1912 Frederiksberg C	2020	276
147 Frederiksberg	1912 Frederiksberg C	2021	279
147 Frederiksberg	1912 Frederiksberg C	2022	267
147 Frederiksberg	1912 Frederiksberg C	2023	267
147 Frederiksberg	1912 Frederiksberg C	2024	262
147 Frederiksberg	1912 Frederiksberg C	2025	279
147 Frederiksberg	1912 Frederiksberg C	2026	270
147 Frederiksberg	1913 Frederiksberg C	2010	187
147 Frederiksberg	1913 Frederiksberg C	2011	199
147 Frederiksberg	1913 Frederiksberg C	2012	187
147 Frederiksberg	1913 Frederiksberg C	2013	184
147 Frederiksberg	1913 Frederiksberg C	2014	192
147 Frederiksberg	1913 Frederiksberg C	2015	194
147 Frederiksberg	1913 Frederiksberg C	2016	199
147 Frederiksberg	1913 Frederiksberg C	2017	200
147 Frederiksberg	1913 Frederiksberg C	2018	214
147 Frederiksberg	1913 Frederiksberg C	2019	209
147 Frederiksberg	1913 Frederiksberg C	2020	210
147 Frederiksberg	1913 Frederiksberg C	2021	211
147 Frederiksberg	1913 Frederiksberg C	2022	215
147 Frederiksberg	1913 Frederiksberg C	2023	215
147 Frederiksberg	1913 Frederiksberg C	2024	221
147 Frederiksberg	1913 Frederiksberg C	2025	221
147 Frederiksberg	1913 Frederiksberg C	2026	220
147 Frederiksberg	1914 Frederiksberg C	2010	129
147 Frederiksberg	1914 Frederiksberg C	2011	144
147 Frederiksberg	1914 Frederiksberg C	2012	148
147 Frederiksberg	1914 Frederiksberg C	2013	147
147 Frederiksberg	1914 Frederiksberg C	2014	149
147 Frederiksberg	1914 Frederiksberg C	2015	148
147 Frederiksberg	1914 Frederiksberg C	2016	157
147 Frederiksberg	1914 Frederiksberg C	2017	155
147 Frederiksberg	1914 Frederiksberg C	2018	155
147 Frederiksberg	1914 Frederiksberg C	2019	148
147 Frederiksberg	1914 Frederiksberg C	2020	138
147 Frederiksberg	1914 Frederiksberg C	2021	141
147 Frederiksberg	1914 Frederiksberg C	2022	134
147 Frederiksberg	1914 Frederiksberg C	2023	135
147 Frederiksberg	1914 Frederiksberg C	2024	134
147 Frederiksberg	1914 Frederiksberg C	2025	138
147 Frederiksberg	1914 Frederiksberg C	2026	148
147 Frederiksberg	1915 Frederiksberg C	2010	332
147 Frederiksberg	1915 Frederiksberg C	2011	344
147 Frederiksberg	1915 Frederiksberg C	2012	358
147 Frederiksberg	1915 Frederiksberg C	2013	360
147 Frederiksberg	1915 Frederiksberg C	2014	348
147 Frederiksberg	1915 Frederiksberg C	2015	352
147 Frederiksberg	1915 Frederiksberg C	2016	363
147 Frederiksberg	1915 Frederiksberg C	2017	358
147 Frederiksberg	1915 Frederiksberg C	2018	357
147 Frederiksberg	1915 Frederiksberg C	2019	367
147 Frederiksberg	1915 Frederiksberg C	2020	351
147 Frederiksberg	1915 Frederiksberg C	2021	339
147 Frederiksberg	1915 Frederiksberg C	2022	350
147 Frederiksberg	1915 Frederiksberg C	2023	347
147 Frederiksberg	1915 Frederiksberg C	2024	337
147 Frederiksberg	1915 Frederiksberg C	2025	330
147 Frederiksberg	1915 Frederiksberg C	2026	337
147 Frederiksberg	1916 Frederiksberg C	2010	137
147 Frederiksberg	1916 Frederiksberg C	2011	129
147 Frederiksberg	1916 Frederiksberg C	2012	149
147 Frederiksberg	1916 Frederiksberg C	2013	149
147 Frederiksberg	1916 Frederiksberg C	2014	156
147 Frederiksberg	1916 Frederiksberg C	2015	159
147 Frederiksberg	1916 Frederiksberg C	2016	153
147 Frederiksberg	1916 Frederiksberg C	2017	153
147 Frederiksberg	1916 Frederiksberg C	2018	175
147 Frederiksberg	1916 Frederiksberg C	2019	181
147 Frederiksberg	1916 Frederiksberg C	2020	186
147 Frederiksberg	1916 Frederiksberg C	2021	187
147 Frederiksberg	1916 Frederiksberg C	2022	189
147 Frederiksberg	1916 Frederiksberg C	2023	179
147 Frederiksberg	1916 Frederiksberg C	2024	178
147 Frederiksberg	1916 Frederiksberg C	2025	173
147 Frederiksberg	1916 Frederiksberg C	2026	165
147 Frederiksberg	1917 Frederiksberg C	2010	124
147 Frederiksberg	1917 Frederiksberg C	2011	127
147 Frederiksberg	1917 Frederiksberg C	2012	129
147 Frederiksberg	1917 Frederiksberg C	2013	128
147 Frederiksberg	1917 Frederiksberg C	2014	120
147 Frederiksberg	1917 Frederiksberg C	2015	125
147 Frederiksberg	1917 Frederiksberg C	2016	133
147 Frederiksberg	1917 Frederiksberg C	2017	134
147 Frederiksberg	1917 Frederiksberg C	2018	136
147 Frederiksberg	1917 Frederiksberg C	2019	137
147 Frederiksberg	1917 Frederiksberg C	2020	129
147 Frederiksberg	1917 Frederiksberg C	2021	129
147 Frederiksberg	1917 Frederiksberg C	2022	130
147 Frederiksberg	1917 Frederiksberg C	2023	126
147 Frederiksberg	1917 Frederiksberg C	2024	124
147 Frederiksberg	1917 Frederiksberg C	2025	128
147 Frederiksberg	1917 Frederiksberg C	2026	119
147 Frederiksberg	1920 Frederiksberg C	2010	452
147 Frederiksberg	1920 Frederiksberg C	2011	471
147 Frederiksberg	1920 Frederiksberg C	2012	481
147 Frederiksberg	1920 Frederiksberg C	2013	506
147 Frederiksberg	1920 Frederiksberg C	2014	504
147 Frederiksberg	1920 Frederiksberg C	2015	495
147 Frederiksberg	1920 Frederiksberg C	2016	515
147 Frederiksberg	1920 Frederiksberg C	2017	527
147 Frederiksberg	1920 Frederiksberg C	2018	509
147 Frederiksberg	1920 Frederiksberg C	2019	507
147 Frederiksberg	1920 Frederiksberg C	2020	507
147 Frederiksberg	1920 Frederiksberg C	2021	514
147 Frederiksberg	1920 Frederiksberg C	2022	519
147 Frederiksberg	1920 Frederiksberg C	2023	520
147 Frederiksberg	1920 Frederiksberg C	2024	525
147 Frederiksberg	1920 Frederiksberg C	2025	508
147 Frederiksberg	1920 Frederiksberg C	2026	512
147 Frederiksberg	1921 Frederiksberg C	2010	68
147 Frederiksberg	1921 Frederiksberg C	2011	64
147 Frederiksberg	1921 Frederiksberg C	2012	68
147 Frederiksberg	1921 Frederiksberg C	2013	70
147 Frederiksberg	1921 Frederiksberg C	2014	87
147 Frederiksberg	1921 Frederiksberg C	2015	88
147 Frederiksberg	1921 Frederiksberg C	2016	84
147 Frederiksberg	1921 Frederiksberg C	2017	83
147 Frederiksberg	1921 Frederiksberg C	2018	76
147 Frederiksberg	1921 Frederiksberg C	2019	73
147 Frederiksberg	1921 Frederiksberg C	2020	78
147 Frederiksberg	1921 Frederiksberg C	2021	71
147 Frederiksberg	1921 Frederiksberg C	2022	77
147 Frederiksberg	1921 Frederiksberg C	2023	71
147 Frederiksberg	1921 Frederiksberg C	2024	77
147 Frederiksberg	1921 Frederiksberg C	2025	74
147 Frederiksberg	1921 Frederiksberg C	2026	75
147 Frederiksberg	1922 Frederiksberg C	2010	101
147 Frederiksberg	1922 Frederiksberg C	2011	99
147 Frederiksberg	1922 Frederiksberg C	2012	90
147 Frederiksberg	1922 Frederiksberg C	2013	92
147 Frederiksberg	1922 Frederiksberg C	2014	90
147 Frederiksberg	1922 Frederiksberg C	2015	93
147 Frederiksberg	1922 Frederiksberg C	2016	97
147 Frederiksberg	1922 Frederiksberg C	2017	98
147 Frederiksberg	1922 Frederiksberg C	2018	103
147 Frederiksberg	1922 Frederiksberg C	2019	97
147 Frederiksberg	1922 Frederiksberg C	2020	99
147 Frederiksberg	1922 Frederiksberg C	2021	101
147 Frederiksberg	1922 Frederiksberg C	2022	97
147 Frederiksberg	1922 Frederiksberg C	2023	95
147 Frederiksberg	1922 Frederiksberg C	2024	91
147 Frederiksberg	1922 Frederiksberg C	2025	96
147 Frederiksberg	1922 Frederiksberg C	2026	96
147 Frederiksberg	1923 Frederiksberg C	2010	213
147 Frederiksberg	1923 Frederiksberg C	2011	212
147 Frederiksberg	1923 Frederiksberg C	2012	216
147 Frederiksberg	1923 Frederiksberg C	2013	217
147 Frederiksberg	1923 Frederiksberg C	2014	221
147 Frederiksberg	1923 Frederiksberg C	2015	216
147 Frederiksberg	1923 Frederiksberg C	2016	225
147 Frederiksberg	1923 Frederiksberg C	2017	221
147 Frederiksberg	1923 Frederiksberg C	2018	225
147 Frederiksberg	1923 Frederiksberg C	2019	217
147 Frederiksberg	1923 Frederiksberg C	2020	226
147 Frederiksberg	1923 Frederiksberg C	2021	231
147 Frederiksberg	1923 Frederiksberg C	2022	221
147 Frederiksberg	1923 Frederiksberg C	2023	210
147 Frederiksberg	1923 Frederiksberg C	2024	206
147 Frederiksberg	1923 Frederiksberg C	2025	224
147 Frederiksberg	1923 Frederiksberg C	2026	227
147 Frederiksberg	1924 Frederiksberg C	2010	181
147 Frederiksberg	1924 Frederiksberg C	2011	187
147 Frederiksberg	1924 Frederiksberg C	2012	193
147 Frederiksberg	1924 Frederiksberg C	2013	193
147 Frederiksberg	1924 Frederiksberg C	2014	194
147 Frederiksberg	1924 Frederiksberg C	2015	188
147 Frederiksberg	1924 Frederiksberg C	2016	192
147 Frederiksberg	1924 Frederiksberg C	2017	195
147 Frederiksberg	1924 Frederiksberg C	2018	176
147 Frederiksberg	1924 Frederiksberg C	2019	178
147 Frederiksberg	1924 Frederiksberg C	2020	180
147 Frederiksberg	1924 Frederiksberg C	2021	168
147 Frederiksberg	1924 Frederiksberg C	2022	167
147 Frederiksberg	1924 Frederiksberg C	2023	171
147 Frederiksberg	1924 Frederiksberg C	2024	173
147 Frederiksberg	1924 Frederiksberg C	2025	172
147 Frederiksberg	1924 Frederiksberg C	2026	177
147 Frederiksberg	1925 Frederiksberg C	2010	38
147 Frederiksberg	1925 Frederiksberg C	2011	46
147 Frederiksberg	1925 Frederiksberg C	2012	45
147 Frederiksberg	1925 Frederiksberg C	2013	49
147 Frederiksberg	1925 Frederiksberg C	2014	49
147 Frederiksberg	1925 Frederiksberg C	2015	45
147 Frederiksberg	1925 Frederiksberg C	2016	46
147 Frederiksberg	1925 Frederiksberg C	2017	42
147 Frederiksberg	1925 Frederiksberg C	2018	45
147 Frederiksberg	1925 Frederiksberg C	2019	45
147 Frederiksberg	1925 Frederiksberg C	2020	44
147 Frederiksberg	1925 Frederiksberg C	2021	41
147 Frederiksberg	1925 Frederiksberg C	2022	41
147 Frederiksberg	1925 Frederiksberg C	2023	39
147 Frederiksberg	1925 Frederiksberg C	2024	37
147 Frederiksberg	1925 Frederiksberg C	2025	40
147 Frederiksberg	1925 Frederiksberg C	2026	37
147 Frederiksberg	1926 Frederiksberg C	2010	23
147 Frederiksberg	1926 Frederiksberg C	2011	26
147 Frederiksberg	1926 Frederiksberg C	2012	31
147 Frederiksberg	1926 Frederiksberg C	2013	31
147 Frederiksberg	1926 Frederiksberg C	2014	32
147 Frederiksberg	1926 Frederiksberg C	2015	30
147 Frederiksberg	1926 Frederiksberg C	2016	26
147 Frederiksberg	1926 Frederiksberg C	2017	32
147 Frederiksberg	1926 Frederiksberg C	2018	24
147 Frederiksberg	1926 Frederiksberg C	2019	21
147 Frederiksberg	1926 Frederiksberg C	2020	26
147 Frederiksberg	1926 Frederiksberg C	2021	21
147 Frederiksberg	1926 Frederiksberg C	2022	14
147 Frederiksberg	1926 Frederiksberg C	2023	37
147 Frederiksberg	1926 Frederiksberg C	2024	37
147 Frederiksberg	1926 Frederiksberg C	2025	34
147 Frederiksberg	1926 Frederiksberg C	2026	37
147 Frederiksberg	1927 Frederiksberg C	2010	60
147 Frederiksberg	1927 Frederiksberg C	2011	60
147 Frederiksberg	1927 Frederiksberg C	2012	60
147 Frederiksberg	1927 Frederiksberg C	2013	61
147 Frederiksberg	1927 Frederiksberg C	2014	58
147 Frederiksberg	1927 Frederiksberg C	2015	62
147 Frederiksberg	1927 Frederiksberg C	2016	66
147 Frederiksberg	1927 Frederiksberg C	2017	64
147 Frederiksberg	1927 Frederiksberg C	2018	73
147 Frederiksberg	1927 Frederiksberg C	2019	72
147 Frederiksberg	1927 Frederiksberg C	2020	72
147 Frederiksberg	1927 Frederiksberg C	2021	64
147 Frederiksberg	1927 Frederiksberg C	2022	67
147 Frederiksberg	1927 Frederiksberg C	2023	63
147 Frederiksberg	1927 Frederiksberg C	2024	61
147 Frederiksberg	1927 Frederiksberg C	2025	58
147 Frederiksberg	1927 Frederiksberg C	2026	63
147 Frederiksberg	1928 Frederiksberg C	2010	15
147 Frederiksberg	1928 Frederiksberg C	2011	19
147 Frederiksberg	1928 Frederiksberg C	2012	19
147 Frederiksberg	1928 Frederiksberg C	2013	15
147 Frederiksberg	1928 Frederiksberg C	2014	16
147 Frederiksberg	1928 Frederiksberg C	2015	17
147 Frederiksberg	1928 Frederiksberg C	2016	17
147 Frederiksberg	1928 Frederiksberg C	2017	16
147 Frederiksberg	1928 Frederiksberg C	2018	16
147 Frederiksberg	1928 Frederiksberg C	2019	15
147 Frederiksberg	1928 Frederiksberg C	2020	15
147 Frederiksberg	1928 Frederiksberg C	2021	15
147 Frederiksberg	1928 Frederiksberg C	2022	16
147 Frederiksberg	1928 Frederiksberg C	2023	15
147 Frederiksberg	1928 Frederiksberg C	2024	15
147 Frederiksberg	1928 Frederiksberg C	2025	15
147 Frederiksberg	1928 Frederiksberg C	2026	14
147 Frederiksberg	1950 Frederiksberg C	2010	451
147 Frederiksberg	1950 Frederiksberg C	2011	462
147 Frederiksberg	1950 Frederiksberg C	2012	453
147 Frederiksberg	1950 Frederiksberg C	2013	423
147 Frederiksberg	1950 Frederiksberg C	2014	451
147 Frederiksberg	1950 Frederiksberg C	2015	445
147 Frederiksberg	1950 Frederiksberg C	2016	482
147 Frederiksberg	1950 Frederiksberg C	2017	476
147 Frederiksberg	1950 Frederiksberg C	2018	444
147 Frederiksberg	1950 Frederiksberg C	2019	433
147 Frederiksberg	1950 Frederiksberg C	2020	429
147 Frederiksberg	1950 Frederiksberg C	2021	440
147 Frederiksberg	1950 Frederiksberg C	2022	428
147 Frederiksberg	1950 Frederiksberg C	2023	458
147 Frederiksberg	1950 Frederiksberg C	2024	471
147 Frederiksberg	1950 Frederiksberg C	2025	496
147 Frederiksberg	1950 Frederiksberg C	2026	472
147 Frederiksberg	1951 Frederiksberg C	2010	149
147 Frederiksberg	1951 Frederiksberg C	2011	147
147 Frederiksberg	1951 Frederiksberg C	2012	151
147 Frederiksberg	1951 Frederiksberg C	2013	156
147 Frederiksberg	1951 Frederiksberg C	2014	161
147 Frederiksberg	1951 Frederiksberg C	2015	167
147 Frederiksberg	1951 Frederiksberg C	2016	164
147 Frederiksberg	1951 Frederiksberg C	2017	171
147 Frederiksberg	1951 Frederiksberg C	2018	170
147 Frederiksberg	1951 Frederiksberg C	2019	171
147 Frederiksberg	1951 Frederiksberg C	2020	160
147 Frederiksberg	1951 Frederiksberg C	2021	167
147 Frederiksberg	1951 Frederiksberg C	2022	160
147 Frederiksberg	1951 Frederiksberg C	2023	161
147 Frederiksberg	1951 Frederiksberg C	2024	170
147 Frederiksberg	1951 Frederiksberg C	2025	162
147 Frederiksberg	1951 Frederiksberg C	2026	166
147 Frederiksberg	1952 Frederiksberg C	2010	267
147 Frederiksberg	1952 Frederiksberg C	2011	281
147 Frederiksberg	1952 Frederiksberg C	2012	299
147 Frederiksberg	1952 Frederiksberg C	2013	298
147 Frederiksberg	1952 Frederiksberg C	2014	306
147 Frederiksberg	1952 Frederiksberg C	2015	301
147 Frederiksberg	1952 Frederiksberg C	2016	307
147 Frederiksberg	1952 Frederiksberg C	2017	312
147 Frederiksberg	1952 Frederiksberg C	2018	334
147 Frederiksberg	1952 Frederiksberg C	2019	314
147 Frederiksberg	1952 Frederiksberg C	2020	323
147 Frederiksberg	1952 Frederiksberg C	2021	322
147 Frederiksberg	1952 Frederiksberg C	2022	315
147 Frederiksberg	1952 Frederiksberg C	2023	310
147 Frederiksberg	1952 Frederiksberg C	2024	316
147 Frederiksberg	1952 Frederiksberg C	2025	334
147 Frederiksberg	1952 Frederiksberg C	2026	324
147 Frederiksberg	1953 Frederiksberg C	2010	382
147 Frederiksberg	1953 Frederiksberg C	2011	393
147 Frederiksberg	1953 Frederiksberg C	2012	381
147 Frederiksberg	1953 Frederiksberg C	2013	399
147 Frederiksberg	1953 Frederiksberg C	2014	394
147 Frederiksberg	1953 Frederiksberg C	2015	411
147 Frederiksberg	1953 Frederiksberg C	2016	417
147 Frederiksberg	1953 Frederiksberg C	2017	421
147 Frederiksberg	1953 Frederiksberg C	2018	402
147 Frederiksberg	1953 Frederiksberg C	2019	394
147 Frederiksberg	1953 Frederiksberg C	2020	413
147 Frederiksberg	1953 Frederiksberg C	2021	412
147 Frederiksberg	1953 Frederiksberg C	2022	410
147 Frederiksberg	1953 Frederiksberg C	2023	412
147 Frederiksberg	1953 Frederiksberg C	2024	412
147 Frederiksberg	1953 Frederiksberg C	2025	419
147 Frederiksberg	1953 Frederiksberg C	2026	415
147 Frederiksberg	1954 Frederiksberg C	2010	981
147 Frederiksberg	1954 Frederiksberg C	2011	978
147 Frederiksberg	1954 Frederiksberg C	2012	989
147 Frederiksberg	1954 Frederiksberg C	2013	1024
147 Frederiksberg	1954 Frederiksberg C	2014	1061
147 Frederiksberg	1954 Frederiksberg C	2015	1069
147 Frederiksberg	1954 Frederiksberg C	2016	1090
147 Frederiksberg	1954 Frederiksberg C	2017	1116
147 Frederiksberg	1954 Frederiksberg C	2018	1052
147 Frederiksberg	1954 Frederiksberg C	2019	958
147 Frederiksberg	1954 Frederiksberg C	2020	1098
147 Frederiksberg	1954 Frederiksberg C	2021	1077
147 Frederiksberg	1954 Frederiksberg C	2022	1120
147 Frederiksberg	1954 Frederiksberg C	2023	1134
147 Frederiksberg	1954 Frederiksberg C	2024	1165
147 Frederiksberg	1954 Frederiksberg C	2025	1166
147 Frederiksberg	1954 Frederiksberg C	2026	1166
147 Frederiksberg	1955 Frederiksberg C	2010	323
147 Frederiksberg	1955 Frederiksberg C	2011	333
147 Frederiksberg	1955 Frederiksberg C	2012	351
147 Frederiksberg	1955 Frederiksberg C	2013	343
147 Frederiksberg	1955 Frederiksberg C	2014	357
147 Frederiksberg	1955 Frederiksberg C	2015	364
147 Frederiksberg	1955 Frederiksberg C	2016	363
147 Frederiksberg	1955 Frederiksberg C	2017	358
147 Frederiksberg	1955 Frederiksberg C	2018	339
147 Frederiksberg	1955 Frederiksberg C	2019	349
147 Frederiksberg	1955 Frederiksberg C	2020	351
147 Frederiksberg	1955 Frederiksberg C	2021	364
147 Frederiksberg	1955 Frederiksberg C	2022	361
147 Frederiksberg	1955 Frederiksberg C	2023	351
147 Frederiksberg	1955 Frederiksberg C	2024	351
147 Frederiksberg	1955 Frederiksberg C	2025	356
147 Frederiksberg	1955 Frederiksberg C	2026	371
147 Frederiksberg	1956 Frederiksberg C	2010	325
147 Frederiksberg	1956 Frederiksberg C	2011	337
147 Frederiksberg	1956 Frederiksberg C	2012	340
147 Frederiksberg	1956 Frederiksberg C	2013	362
147 Frederiksberg	1956 Frederiksberg C	2014	362
147 Frederiksberg	1956 Frederiksberg C	2015	366
147 Frederiksberg	1956 Frederiksberg C	2016	375
147 Frederiksberg	1956 Frederiksberg C	2017	387
147 Frederiksberg	1956 Frederiksberg C	2018	379
147 Frederiksberg	1956 Frederiksberg C	2019	379
147 Frederiksberg	1956 Frederiksberg C	2020	376
147 Frederiksberg	1956 Frederiksberg C	2021	365
147 Frederiksberg	1956 Frederiksberg C	2022	358
147 Frederiksberg	1956 Frederiksberg C	2023	361
147 Frederiksberg	1956 Frederiksberg C	2024	364
147 Frederiksberg	1956 Frederiksberg C	2025	363
147 Frederiksberg	1956 Frederiksberg C	2026	376
147 Frederiksberg	1957 Frederiksberg C	2010	336
147 Frederiksberg	1957 Frederiksberg C	2011	344
147 Frederiksberg	1957 Frederiksberg C	2012	337
147 Frederiksberg	1957 Frederiksberg C	2013	354
147 Frederiksberg	1957 Frederiksberg C	2014	375
147 Frederiksberg	1957 Frederiksberg C	2015	374
147 Frederiksberg	1957 Frederiksberg C	2016	379
147 Frederiksberg	1957 Frederiksberg C	2017	377
147 Frederiksberg	1957 Frederiksberg C	2018	374
147 Frederiksberg	1957 Frederiksberg C	2019	374
147 Frederiksberg	1957 Frederiksberg C	2020	371
147 Frederiksberg	1957 Frederiksberg C	2021	366
147 Frederiksberg	1957 Frederiksberg C	2022	387
147 Frederiksberg	1957 Frederiksberg C	2023	396
147 Frederiksberg	1957 Frederiksberg C	2024	398
147 Frederiksberg	1957 Frederiksberg C	2025	392
147 Frederiksberg	1957 Frederiksberg C	2026	380
147 Frederiksberg	1958 Frederiksberg C	2010	278
147 Frederiksberg	1958 Frederiksberg C	2011	273
147 Frederiksberg	1958 Frederiksberg C	2012	269
147 Frederiksberg	1958 Frederiksberg C	2013	273
147 Frederiksberg	1958 Frederiksberg C	2014	295
147 Frederiksberg	1958 Frederiksberg C	2015	308
147 Frederiksberg	1958 Frederiksberg C	2016	320
147 Frederiksberg	1958 Frederiksberg C	2017	307
147 Frederiksberg	1958 Frederiksberg C	2018	289
147 Frederiksberg	1958 Frederiksberg C	2019	278
147 Frederiksberg	1958 Frederiksberg C	2020	280
147 Frederiksberg	1958 Frederiksberg C	2021	277
147 Frederiksberg	1958 Frederiksberg C	2022	297
147 Frederiksberg	1958 Frederiksberg C	2023	289
147 Frederiksberg	1958 Frederiksberg C	2024	306
147 Frederiksberg	1958 Frederiksberg C	2025	292
147 Frederiksberg	1958 Frederiksberg C	2026	310
147 Frederiksberg	1959 Frederiksberg C	2010	57
147 Frederiksberg	1959 Frederiksberg C	2011	65
147 Frederiksberg	1959 Frederiksberg C	2012	76
147 Frederiksberg	1959 Frederiksberg C	2013	78
147 Frederiksberg	1959 Frederiksberg C	2014	74
147 Frederiksberg	1959 Frederiksberg C	2015	65
147 Frederiksberg	1959 Frederiksberg C	2016	69
147 Frederiksberg	1959 Frederiksberg C	2017	69
147 Frederiksberg	1959 Frederiksberg C	2018	70
147 Frederiksberg	1959 Frederiksberg C	2019	73
147 Frederiksberg	1959 Frederiksberg C	2020	72
147 Frederiksberg	1959 Frederiksberg C	2021	76
147 Frederiksberg	1959 Frederiksberg C	2022	72
147 Frederiksberg	1959 Frederiksberg C	2023	83
147 Frederiksberg	1959 Frederiksberg C	2024	75
147 Frederiksberg	1959 Frederiksberg C	2025	81
147 Frederiksberg	1959 Frederiksberg C	2026	80
147 Frederiksberg	1960 Frederiksberg C	2010	301
147 Frederiksberg	1960 Frederiksberg C	2011	305
147 Frederiksberg	1960 Frederiksberg C	2012	308
147 Frederiksberg	1960 Frederiksberg C	2013	309
147 Frederiksberg	1960 Frederiksberg C	2014	306
147 Frederiksberg	1960 Frederiksberg C	2015	322
147 Frederiksberg	1960 Frederiksberg C	2016	318
147 Frederiksberg	1960 Frederiksberg C	2017	322
147 Frederiksberg	1960 Frederiksberg C	2018	314
147 Frederiksberg	1960 Frederiksberg C	2019	303
147 Frederiksberg	1960 Frederiksberg C	2020	319
147 Frederiksberg	1960 Frederiksberg C	2021	332
147 Frederiksberg	1960 Frederiksberg C	2022	323
147 Frederiksberg	1960 Frederiksberg C	2023	334
147 Frederiksberg	1960 Frederiksberg C	2024	330
147 Frederiksberg	1960 Frederiksberg C	2025	515
147 Frederiksberg	1960 Frederiksberg C	2026	591
147 Frederiksberg	1961 Frederiksberg C	2010	405
147 Frederiksberg	1961 Frederiksberg C	2011	406
147 Frederiksberg	1961 Frederiksberg C	2012	423
147 Frederiksberg	1961 Frederiksberg C	2013	428
147 Frederiksberg	1961 Frederiksberg C	2014	406
147 Frederiksberg	1961 Frederiksberg C	2015	409
147 Frederiksberg	1961 Frederiksberg C	2016	404
147 Frederiksberg	1961 Frederiksberg C	2017	422
147 Frederiksberg	1961 Frederiksberg C	2018	398
147 Frederiksberg	1961 Frederiksberg C	2019	420
147 Frederiksberg	1961 Frederiksberg C	2020	400
147 Frederiksberg	1961 Frederiksberg C	2021	399
147 Frederiksberg	1961 Frederiksberg C	2022	395
147 Frederiksberg	1961 Frederiksberg C	2023	387
147 Frederiksberg	1961 Frederiksberg C	2024	386
147 Frederiksberg	1961 Frederiksberg C	2025	396
147 Frederiksberg	1961 Frederiksberg C	2026	404
147 Frederiksberg	1962 Frederiksberg C	2010	172
147 Frederiksberg	1962 Frederiksberg C	2011	189
147 Frederiksberg	1962 Frederiksberg C	2012	186
147 Frederiksberg	1962 Frederiksberg C	2013	180
147 Frederiksberg	1962 Frederiksberg C	2014	197
147 Frederiksberg	1962 Frederiksberg C	2015	195
147 Frederiksberg	1962 Frederiksberg C	2016	199
147 Frederiksberg	1962 Frederiksberg C	2017	209
147 Frederiksberg	1962 Frederiksberg C	2018	210
147 Frederiksberg	1962 Frederiksberg C	2019	210
147 Frederiksberg	1962 Frederiksberg C	2020	204
147 Frederiksberg	1962 Frederiksberg C	2021	212
147 Frederiksberg	1962 Frederiksberg C	2022	203
147 Frederiksberg	1962 Frederiksberg C	2023	191
147 Frederiksberg	1962 Frederiksberg C	2024	184
147 Frederiksberg	1962 Frederiksberg C	2025	217
147 Frederiksberg	1962 Frederiksberg C	2026	229
147 Frederiksberg	1963 Frederiksberg C	2010	169
147 Frederiksberg	1963 Frederiksberg C	2011	177
147 Frederiksberg	1963 Frederiksberg C	2012	171
147 Frederiksberg	1963 Frederiksberg C	2013	174
147 Frederiksberg	1963 Frederiksberg C	2014	180
147 Frederiksberg	1963 Frederiksberg C	2015	195
147 Frederiksberg	1963 Frederiksberg C	2016	186
147 Frederiksberg	1963 Frederiksberg C	2017	176
147 Frederiksberg	1963 Frederiksberg C	2018	166
147 Frederiksberg	1963 Frederiksberg C	2019	179
147 Frederiksberg	1963 Frederiksberg C	2020	182
147 Frederiksberg	1963 Frederiksberg C	2021	164
147 Frederiksberg	1963 Frederiksberg C	2022	155
147 Frederiksberg	1963 Frederiksberg C	2023	151
147 Frederiksberg	1963 Frederiksberg C	2024	162
147 Frederiksberg	1963 Frederiksberg C	2025	163
147 Frederiksberg	1963 Frederiksberg C	2026	157
147 Frederiksberg	1964 Frederiksberg C	2010	392
147 Frederiksberg	1964 Frederiksberg C	2011	395
147 Frederiksberg	1964 Frederiksberg C	2012	419
147 Frederiksberg	1964 Frederiksberg C	2013	433
147 Frederiksberg	1964 Frederiksberg C	2014	436
147 Frederiksberg	1964 Frederiksberg C	2015	459
147 Frederiksberg	1964 Frederiksberg C	2016	459
147 Frederiksberg	1964 Frederiksberg C	2017	444
147 Frederiksberg	1964 Frederiksberg C	2018	445
147 Frederiksberg	1964 Frederiksberg C	2019	431
147 Frederiksberg	1964 Frederiksberg C	2020	435
147 Frederiksberg	1964 Frederiksberg C	2021	427
147 Frederiksberg	1964 Frederiksberg C	2022	431
147 Frederiksberg	1964 Frederiksberg C	2023	423
147 Frederiksberg	1964 Frederiksberg C	2024	429
147 Frederiksberg	1964 Frederiksberg C	2025	460
147 Frederiksberg	1964 Frederiksberg C	2026	455
147 Frederiksberg	1965 Frederiksberg C	2010	54
147 Frederiksberg	1965 Frederiksberg C	2011	64
147 Frederiksberg	1965 Frederiksberg C	2012	66
147 Frederiksberg	1965 Frederiksberg C	2013	75
147 Frederiksberg	1965 Frederiksberg C	2014	70
147 Frederiksberg	1965 Frederiksberg C	2015	64
147 Frederiksberg	1965 Frederiksberg C	2016	70
147 Frederiksberg	1965 Frederiksberg C	2017	65
147 Frederiksberg	1965 Frederiksberg C	2018	67
147 Frederiksberg	1965 Frederiksberg C	2019	68
147 Frederiksberg	1965 Frederiksberg C	2020	68
147 Frederiksberg	1965 Frederiksberg C	2021	71
147 Frederiksberg	1965 Frederiksberg C	2022	71
147 Frederiksberg	1965 Frederiksberg C	2023	75
147 Frederiksberg	1965 Frederiksberg C	2024	78
147 Frederiksberg	1965 Frederiksberg C	2025	81
147 Frederiksberg	1965 Frederiksberg C	2026	78
147 Frederiksberg	1966 Frederiksberg C	2010	263
147 Frederiksberg	1966 Frederiksberg C	2011	241
147 Frederiksberg	1966 Frederiksberg C	2012	251
147 Frederiksberg	1966 Frederiksberg C	2013	246
147 Frederiksberg	1966 Frederiksberg C	2014	235
147 Frederiksberg	1966 Frederiksberg C	2015	239
147 Frederiksberg	1966 Frederiksberg C	2016	250
147 Frederiksberg	1966 Frederiksberg C	2017	248
147 Frederiksberg	1966 Frederiksberg C	2018	223
147 Frederiksberg	1966 Frederiksberg C	2019	258
147 Frederiksberg	1966 Frederiksberg C	2020	253
147 Frederiksberg	1966 Frederiksberg C	2021	247
147 Frederiksberg	1966 Frederiksberg C	2022	242
147 Frederiksberg	1966 Frederiksberg C	2023	253
147 Frederiksberg	1966 Frederiksberg C	2024	244
147 Frederiksberg	1966 Frederiksberg C	2025	242
147 Frederiksberg	1966 Frederiksberg C	2026	251
147 Frederiksberg	1967 Frederiksberg C	2010	212
147 Frederiksberg	1967 Frederiksberg C	2011	211
147 Frederiksberg	1967 Frederiksberg C	2012	226
147 Frederiksberg	1967 Frederiksberg C	2013	226
147 Frederiksberg	1967 Frederiksberg C	2014	226
147 Frederiksberg	1967 Frederiksberg C	2015	232
147 Frederiksberg	1967 Frederiksberg C	2016	231
147 Frederiksberg	1967 Frederiksberg C	2017	241
147 Frederiksberg	1967 Frederiksberg C	2018	238
147 Frederiksberg	1967 Frederiksberg C	2019	233
147 Frederiksberg	1967 Frederiksberg C	2020	231
147 Frederiksberg	1967 Frederiksberg C	2021	221
147 Frederiksberg	1967 Frederiksberg C	2022	216
147 Frederiksberg	1967 Frederiksberg C	2023	218
147 Frederiksberg	1967 Frederiksberg C	2024	209
147 Frederiksberg	1967 Frederiksberg C	2025	209
147 Frederiksberg	1967 Frederiksberg C	2026	210
147 Frederiksberg	1970 Frederiksberg C	2010	486
147 Frederiksberg	1970 Frederiksberg C	2011	496
147 Frederiksberg	1970 Frederiksberg C	2012	503
147 Frederiksberg	1970 Frederiksberg C	2013	516
147 Frederiksberg	1970 Frederiksberg C	2014	518
147 Frederiksberg	1970 Frederiksberg C	2015	535
147 Frederiksberg	1970 Frederiksberg C	2016	541
147 Frederiksberg	1970 Frederiksberg C	2017	523
147 Frederiksberg	1970 Frederiksberg C	2018	528
147 Frederiksberg	1970 Frederiksberg C	2019	521
147 Frederiksberg	1970 Frederiksberg C	2020	531
147 Frederiksberg	1970 Frederiksberg C	2021	541
147 Frederiksberg	1970 Frederiksberg C	2022	526
147 Frederiksberg	1970 Frederiksberg C	2023	527
147 Frederiksberg	1970 Frederiksberg C	2024	530
147 Frederiksberg	1970 Frederiksberg C	2025	522
147 Frederiksberg	1970 Frederiksberg C	2026	523
147 Frederiksberg	1971 Frederiksberg C	2010	131
147 Frederiksberg	1971 Frederiksberg C	2011	129
147 Frederiksberg	1971 Frederiksberg C	2012	138
147 Frederiksberg	1971 Frederiksberg C	2013	144
147 Frederiksberg	1971 Frederiksberg C	2014	145
147 Frederiksberg	1971 Frederiksberg C	2015	148
147 Frederiksberg	1971 Frederiksberg C	2016	154
147 Frederiksberg	1971 Frederiksberg C	2017	149
147 Frederiksberg	1971 Frederiksberg C	2018	149
147 Frederiksberg	1971 Frederiksberg C	2019	150
147 Frederiksberg	1971 Frederiksberg C	2020	155
147 Frederiksberg	1971 Frederiksberg C	2021	149
147 Frederiksberg	1971 Frederiksberg C	2022	143
147 Frederiksberg	1971 Frederiksberg C	2023	142
147 Frederiksberg	1971 Frederiksberg C	2024	144
147 Frederiksberg	1971 Frederiksberg C	2025	147
147 Frederiksberg	1971 Frederiksberg C	2026	145
147 Frederiksberg	1972 Frederiksberg C	2010	359
147 Frederiksberg	1972 Frederiksberg C	2011	373
147 Frederiksberg	1972 Frederiksberg C	2012	368
147 Frederiksberg	1972 Frederiksberg C	2013	376
147 Frederiksberg	1972 Frederiksberg C	2014	375
147 Frederiksberg	1972 Frederiksberg C	2015	383
147 Frederiksberg	1972 Frederiksberg C	2016	378
147 Frederiksberg	1972 Frederiksberg C	2017	393
147 Frederiksberg	1972 Frederiksberg C	2018	385
147 Frederiksberg	1972 Frederiksberg C	2019	374
147 Frederiksberg	1972 Frederiksberg C	2020	382
147 Frederiksberg	1972 Frederiksberg C	2021	362
147 Frederiksberg	1972 Frederiksberg C	2022	355
147 Frederiksberg	1972 Frederiksberg C	2023	378
147 Frederiksberg	1972 Frederiksberg C	2024	372
147 Frederiksberg	1972 Frederiksberg C	2025	377
147 Frederiksberg	1972 Frederiksberg C	2026	380
147 Frederiksberg	1973 Frederiksberg C	2010	272
147 Frederiksberg	1973 Frederiksberg C	2011	284
147 Frederiksberg	1973 Frederiksberg C	2012	296
147 Frederiksberg	1973 Frederiksberg C	2013	297
147 Frederiksberg	1973 Frederiksberg C	2014	282
147 Frederiksberg	1973 Frederiksberg C	2015	292
147 Frederiksberg	1973 Frederiksberg C	2016	297
147 Frederiksberg	1973 Frederiksberg C	2017	320
147 Frederiksberg	1973 Frederiksberg C	2018	312
147 Frederiksberg	1973 Frederiksberg C	2019	331
147 Frederiksberg	1973 Frederiksberg C	2020	328
147 Frederiksberg	1973 Frederiksberg C	2021	305
147 Frederiksberg	1973 Frederiksberg C	2022	298
147 Frederiksberg	1973 Frederiksberg C	2023	308
147 Frederiksberg	1973 Frederiksberg C	2024	297
147 Frederiksberg	1973 Frederiksberg C	2025	307
147 Frederiksberg	1973 Frederiksberg C	2026	311
147 Frederiksberg	1974 Frederiksberg C	2010	20
147 Frederiksberg	1974 Frederiksberg C	2011	21
147 Frederiksberg	1974 Frederiksberg C	2012	19
147 Frederiksberg	1974 Frederiksberg C	2013	20
147 Frederiksberg	1974 Frederiksberg C	2014	22
147 Frederiksberg	1974 Frederiksberg C	2015	23
147 Frederiksberg	1974 Frederiksberg C	2016	23
147 Frederiksberg	1974 Frederiksberg C	2017	23
147 Frederiksberg	1974 Frederiksberg C	2018	22
147 Frederiksberg	1974 Frederiksberg C	2019	22
147 Frederiksberg	1974 Frederiksberg C	2020	23
147 Frederiksberg	1974 Frederiksberg C	2021	24
147 Frederiksberg	1974 Frederiksberg C	2022	24
147 Frederiksberg	1974 Frederiksberg C	2023	23
147 Frederiksberg	1974 Frederiksberg C	2024	26
147 Frederiksberg	1974 Frederiksberg C	2025	24
147 Frederiksberg	1974 Frederiksberg C	2026	24
147 Frederiksberg	2000 Frederiksberg	2010	65111
147 Frederiksberg	2000 Frederiksberg	2011	66493
147 Frederiksberg	2000 Frederiksberg	2012	67350
147 Frederiksberg	2000 Frederiksberg	2013	68467
147 Frederiksberg	2000 Frederiksberg	2014	68697
147 Frederiksberg	2000 Frederiksberg	2015	69202
147 Frederiksberg	2000 Frederiksberg	2016	70180
147 Frederiksberg	2000 Frederiksberg	2017	70349
147 Frederiksberg	2000 Frederiksberg	2018	70071
147 Frederiksberg	2000 Frederiksberg	2019	69971
147 Frederiksberg	2000 Frederiksberg	2020	70197
147 Frederiksberg	2000 Frederiksberg	2021	69947
147 Frederiksberg	2000 Frederiksberg	2022	70044
147 Frederiksberg	2000 Frederiksberg	2023	70829
147 Frederiksberg	2000 Frederiksberg	2024	70920
147 Frederiksberg	2000 Frederiksberg	2025	71251
147 Frederiksberg	2000 Frederiksberg	2026	71538
147 Frederiksberg	2200 København N	2010	79
147 Frederiksberg	2200 København N	2011	84
147 Frederiksberg	2200 København N	2012	91
147 Frederiksberg	2200 København N	2013	94
147 Frederiksberg	2200 København N	2014	98
147 Frederiksberg	2200 København N	2015	91
147 Frederiksberg	2200 København N	2016	104
147 Frederiksberg	2200 København N	2017	101
147 Frederiksberg	2200 København N	2018	91
147 Frederiksberg	2200 København N	2019	94
147 Frederiksberg	2200 København N	2020	128
147 Frederiksberg	2200 København N	2021	129
147 Frederiksberg	2200 København N	2022	116
147 Frederiksberg	2200 København N	2023	127
147 Frederiksberg	2200 København N	2024	125
147 Frederiksberg	2200 København N	2025	126
147 Frederiksberg	2200 København N	2026	129
147 Frederiksberg	2720 Vanløse	2010	4
147 Frederiksberg	2720 Vanløse	2011	5
147 Frederiksberg	2720 Vanløse	2012	8
147 Frederiksberg	2720 Vanløse	2013	8
147 Frederiksberg	2720 Vanløse	2014	7
147 Frederiksberg	2720 Vanløse	2015	8
147 Frederiksberg	2720 Vanløse	2016	6
147 Frederiksberg	2720 Vanløse	2017	10
147 Frederiksberg	2720 Vanløse	2018	9
147 Frederiksberg	2720 Vanløse	2019	8
147 Frederiksberg	2720 Vanløse	2020	7
147 Frederiksberg	2720 Vanløse	2021	6
147 Frederiksberg	2720 Vanløse	2022	9
147 Frederiksberg	2720 Vanløse	2023	8
147 Frederiksberg	2720 Vanløse	2024	9
147 Frederiksberg	2720 Vanløse	2025	10
147 Frederiksberg	2720 Vanløse	2026	12
147 Frederiksberg	9999 Ukendt	2010	581
147 Frederiksberg	9999 Ukendt	2011	681
147 Frederiksberg	9999 Ukendt	2012	766
147 Frederiksberg	9999 Ukendt	2013	839
147 Frederiksberg	9999 Ukendt	2014	843
147 Frederiksberg	9999 Ukendt	2015	514
147 Frederiksberg	9999 Ukendt	2016	544
147 Frederiksberg	9999 Ukendt	2017	638
147 Frederiksberg	9999 Ukendt	2018	649
147 Frederiksberg	9999 Ukendt	2019	550
147 Frederiksberg	9999 Ukendt	2020	469
147 Frederiksberg	9999 Ukendt	2021	388
147 Frederiksberg	9999 Ukendt	2022	368
147 Frederiksberg	9999 Ukendt	2023	508
147 Frederiksberg	9999 Ukendt	2024	489
147 Frederiksberg	9999 Ukendt	2025	442
147 Frederiksberg	9999 Ukendt	2026	430
151 Ballerup	2730 Herlev	2010	97
151 Ballerup	2730 Herlev	2011	95
151 Ballerup	2730 Herlev	2012	97
151 Ballerup	2730 Herlev	2013	101
151 Ballerup	2730 Herlev	2014	102
151 Ballerup	2730 Herlev	2015	103
151 Ballerup	2730 Herlev	2016	103
151 Ballerup	2730 Herlev	2017	105
151 Ballerup	2730 Herlev	2018	103
151 Ballerup	2730 Herlev	2019	99
151 Ballerup	2730 Herlev	2020	94
151 Ballerup	2730 Herlev	2021	100
151 Ballerup	2730 Herlev	2022	104
151 Ballerup	2730 Herlev	2023	102
151 Ballerup	2730 Herlev	2024	100
151 Ballerup	2730 Herlev	2025	100
151 Ballerup	2730 Herlev	2026	98
151 Ballerup	2740 Skovlunde	2010	12045
151 Ballerup	2740 Skovlunde	2011	12129
151 Ballerup	2740 Skovlunde	2012	12196
151 Ballerup	2740 Skovlunde	2013	12184
151 Ballerup	2740 Skovlunde	2014	12237
151 Ballerup	2740 Skovlunde	2015	12202
151 Ballerup	2740 Skovlunde	2016	12221
151 Ballerup	2740 Skovlunde	2017	12298
151 Ballerup	2740 Skovlunde	2018	12321
151 Ballerup	2740 Skovlunde	2019	12421
151 Ballerup	2740 Skovlunde	2020	12505
151 Ballerup	2740 Skovlunde	2021	12698
151 Ballerup	2740 Skovlunde	2022	12735
151 Ballerup	2740 Skovlunde	2023	12993
151 Ballerup	2740 Skovlunde	2024	13222
151 Ballerup	2740 Skovlunde	2025	13768
151 Ballerup	2740 Skovlunde	2026	14011
151 Ballerup	2750 Ballerup	2010	29702
151 Ballerup	2750 Ballerup	2011	29780
151 Ballerup	2750 Ballerup	2012	29727
151 Ballerup	2750 Ballerup	2013	29904
151 Ballerup	2750 Ballerup	2014	30021
151 Ballerup	2750 Ballerup	2015	29974
151 Ballerup	2750 Ballerup	2016	29800
151 Ballerup	2750 Ballerup	2017	29757
151 Ballerup	2750 Ballerup	2018	29857
151 Ballerup	2750 Ballerup	2019	29946
151 Ballerup	2750 Ballerup	2020	29966
151 Ballerup	2750 Ballerup	2021	30476
151 Ballerup	2750 Ballerup	2022	30464
151 Ballerup	2750 Ballerup	2023	31042
151 Ballerup	2750 Ballerup	2024	32048
151 Ballerup	2750 Ballerup	2025	33183
151 Ballerup	2750 Ballerup	2026	33954
151 Ballerup	2760 Måløv	2010	5360
151 Ballerup	2760 Måløv	2011	5376
151 Ballerup	2760 Måløv	2012	5435
151 Ballerup	2760 Måløv	2013	5579
151 Ballerup	2760 Måløv	2014	5746
151 Ballerup	2760 Måløv	2015	5731
151 Ballerup	2760 Måløv	2016	5788
151 Ballerup	2760 Måløv	2017	5781
151 Ballerup	2760 Måløv	2018	5732
151 Ballerup	2760 Måløv	2019	5725
151 Ballerup	2760 Måløv	2020	5763
151 Ballerup	2760 Måløv	2021	5759
151 Ballerup	2760 Måløv	2022	5688
151 Ballerup	2760 Måløv	2023	5613
151 Ballerup	2760 Måløv	2024	5573
151 Ballerup	2760 Måløv	2025	5584
151 Ballerup	2760 Måløv	2026	5582
151 Ballerup	3500 Værløse	2010	226
151 Ballerup	3500 Værløse	2011	235
151 Ballerup	3500 Værløse	2012	225
151 Ballerup	3500 Værløse	2013	225
151 Ballerup	3500 Værløse	2014	229
151 Ballerup	3500 Værløse	2015	233
151 Ballerup	3500 Værløse	2016	231
151 Ballerup	3500 Værløse	2017	233
151 Ballerup	3500 Værløse	2018	236
151 Ballerup	3500 Værløse	2019	232
151 Ballerup	3500 Værløse	2020	243
151 Ballerup	3500 Værløse	2021	248
151 Ballerup	3500 Værløse	2022	255
151 Ballerup	3500 Værløse	2023	255
151 Ballerup	3500 Værløse	2024	243
151 Ballerup	3500 Værløse	2025	236
151 Ballerup	3500 Værløse	2026	241
151 Ballerup	9999 Ukendt	2010	222
151 Ballerup	9999 Ukendt	2011	315
151 Ballerup	9999 Ukendt	2012	314
151 Ballerup	9999 Ukendt	2013	218
151 Ballerup	9999 Ukendt	2014	179
151 Ballerup	9999 Ukendt	2015	112
151 Ballerup	9999 Ukendt	2016	81
151 Ballerup	9999 Ukendt	2017	57
151 Ballerup	9999 Ukendt	2018	46
151 Ballerup	9999 Ukendt	2019	35
151 Ballerup	9999 Ukendt	2020	31
151 Ballerup	9999 Ukendt	2021	29
151 Ballerup	9999 Ukendt	2022	28
151 Ballerup	9999 Ukendt	2023	34
151 Ballerup	9999 Ukendt	2024	51
151 Ballerup	9999 Ukendt	2025	68
151 Ballerup	9999 Ukendt	2026	64
153 Brøndby	2605 Brøndby	2010	19908
153 Brøndby	2605 Brøndby	2011	19983
153 Brøndby	2605 Brøndby	2012	19949
153 Brøndby	2605 Brøndby	2013	20029
153 Brøndby	2605 Brøndby	2014	20275
153 Brøndby	2605 Brøndby	2015	20449
153 Brøndby	2605 Brøndby	2016	20570
153 Brøndby	2605 Brøndby	2017	20681
153 Brøndby	2605 Brøndby	2018	20716
153 Brøndby	2605 Brøndby	2019	20951
153 Brøndby	2605 Brøndby	2020	20880
153 Brøndby	2605 Brøndby	2021	20955
153 Brøndby	2605 Brøndby	2022	21400
153 Brøndby	2605 Brøndby	2023	23029
153 Brøndby	2605 Brøndby	2024	24860
153 Brøndby	2605 Brøndby	2025	26131
153 Brøndby	2605 Brøndby	2026	26655
153 Brøndby	2650 Hvidovre	2010	47
153 Brøndby	2650 Hvidovre	2011	41
153 Brøndby	2650 Hvidovre	2012	31
153 Brøndby	2650 Hvidovre	2013	28
153 Brøndby	2650 Hvidovre	2014	23
153 Brøndby	2650 Hvidovre	2015	20
153 Brøndby	2650 Hvidovre	2016	19
153 Brøndby	2650 Hvidovre	2017	17
153 Brøndby	2650 Hvidovre	2018	13
153 Brøndby	2650 Hvidovre	2019	10
153 Brøndby	2650 Hvidovre	2020	8
153 Brøndby	2650 Hvidovre	2021	7
153 Brøndby	2650 Hvidovre	2022	7
153 Brøndby	2650 Hvidovre	2023	6
153 Brøndby	2650 Hvidovre	2024	5
153 Brøndby	2650 Hvidovre	2025	5
153 Brøndby	2650 Hvidovre	2026	5
153 Brøndby	2660 Brøndby Strand	2010	13755
153 Brøndby	2660 Brøndby Strand	2011	13913
153 Brøndby	2660 Brøndby Strand	2012	14012
153 Brøndby	2660 Brøndby Strand	2013	14045
153 Brøndby	2660 Brøndby Strand	2014	14164
153 Brøndby	2660 Brøndby Strand	2015	14425
153 Brøndby	2660 Brøndby Strand	2016	14562
153 Brøndby	2660 Brøndby Strand	2017	14761
153 Brøndby	2660 Brøndby Strand	2018	14703
153 Brøndby	2660 Brøndby Strand	2019	14382
153 Brøndby	2660 Brøndby Strand	2020	14127
153 Brøndby	2660 Brøndby Strand	2021	14180
153 Brøndby	2660 Brøndby Strand	2022	14184
153 Brøndby	2660 Brøndby Strand	2023	14014
153 Brøndby	2660 Brøndby Strand	2024	14130
153 Brøndby	2660 Brøndby Strand	2025	14201
153 Brøndby	2660 Brøndby Strand	2026	14246
153 Brøndby	9999 Ukendt	2010	85
153 Brøndby	9999 Ukendt	2011	84
153 Brøndby	9999 Ukendt	2012	92
153 Brøndby	9999 Ukendt	2013	108
153 Brøndby	9999 Ukendt	2014	118
153 Brøndby	9999 Ukendt	2015	156
153 Brøndby	9999 Ukendt	2016	171
153 Brøndby	9999 Ukendt	2017	135
153 Brøndby	9999 Ukendt	2018	106
153 Brøndby	9999 Ukendt	2019	54
153 Brøndby	9999 Ukendt	2020	75
153 Brøndby	9999 Ukendt	2021	90
153 Brøndby	9999 Ukendt	2022	60
153 Brøndby	9999 Ukendt	2023	79
153 Brøndby	9999 Ukendt	2024	72
153 Brøndby	9999 Ukendt	2025	64
153 Brøndby	9999 Ukendt	2026	84
155 Dragør	2791 Dragør	2010	13523
155 Dragør	2791 Dragør	2011	13676
155 Dragør	2791 Dragør	2012	13659
155 Dragør	2791 Dragør	2013	13881
155 Dragør	2791 Dragør	2014	13952
155 Dragør	2791 Dragør	2015	13982
155 Dragør	2791 Dragør	2016	14102
155 Dragør	2791 Dragør	2017	14252
155 Dragør	2791 Dragør	2018	14248
155 Dragør	2791 Dragør	2019	14252
155 Dragør	2791 Dragør	2020	14473
155 Dragør	2791 Dragør	2021	14554
155 Dragør	2791 Dragør	2022	14632
155 Dragør	2791 Dragør	2023	14604
155 Dragør	2791 Dragør	2024	14566
155 Dragør	2791 Dragør	2025	14440
155 Dragør	2791 Dragør	2026	14470
155 Dragør	9999 Ukendt	2010	41
155 Dragør	9999 Ukendt	2011	41
155 Dragør	9999 Ukendt	2012	33
155 Dragør	9999 Ukendt	2013	36
155 Dragør	9999 Ukendt	2014	25
155 Dragør	9999 Ukendt	2015	46
155 Dragør	9999 Ukendt	2016	40
155 Dragør	9999 Ukendt	2017	36
155 Dragør	9999 Ukendt	2018	24
155 Dragør	9999 Ukendt	2019	18
155 Dragør	9999 Ukendt	2020	21
155 Dragør	9999 Ukendt	2021	15
155 Dragør	9999 Ukendt	2022	8
155 Dragør	9999 Ukendt	2023	5
155 Dragør	9999 Ukendt	2024	3
155 Dragør	9999 Ukendt	2025	10
155 Dragør	9999 Ukendt	2026	4
157 Gentofte	2800 Kgs. Lyngby	2010	44
157 Gentofte	2800 Kgs. Lyngby	2011	49
157 Gentofte	2800 Kgs. Lyngby	2012	47
157 Gentofte	2800 Kgs. Lyngby	2013	51
157 Gentofte	2800 Kgs. Lyngby	2014	46
157 Gentofte	2800 Kgs. Lyngby	2015	45
157 Gentofte	2800 Kgs. Lyngby	2016	47
157 Gentofte	2800 Kgs. Lyngby	2017	47
157 Gentofte	2800 Kgs. Lyngby	2018	46
157 Gentofte	2800 Kgs. Lyngby	2019	50
157 Gentofte	2800 Kgs. Lyngby	2020	49
157 Gentofte	2800 Kgs. Lyngby	2021	53
157 Gentofte	2800 Kgs. Lyngby	2022	49
157 Gentofte	2800 Kgs. Lyngby	2023	48
157 Gentofte	2800 Kgs. Lyngby	2024	48
157 Gentofte	2800 Kgs. Lyngby	2025	52
157 Gentofte	2800 Kgs. Lyngby	2026	50
157 Gentofte	2820 Gentofte	2010	21158
157 Gentofte	2820 Gentofte	2011	21123
157 Gentofte	2820 Gentofte	2012	21430
157 Gentofte	2820 Gentofte	2013	21672
157 Gentofte	2820 Gentofte	2014	22090
157 Gentofte	2820 Gentofte	2015	22227
157 Gentofte	2820 Gentofte	2016	22485
157 Gentofte	2820 Gentofte	2017	22662
157 Gentofte	2820 Gentofte	2018	22672
157 Gentofte	2820 Gentofte	2019	22657
157 Gentofte	2820 Gentofte	2020	22468
157 Gentofte	2820 Gentofte	2021	22456
157 Gentofte	2820 Gentofte	2022	22375
157 Gentofte	2820 Gentofte	2023	22829
157 Gentofte	2820 Gentofte	2024	22911
157 Gentofte	2820 Gentofte	2025	23069
157 Gentofte	2820 Gentofte	2026	23133
157 Gentofte	2870 Dyssegård	2010	5758
157 Gentofte	2870 Dyssegård	2011	5782
157 Gentofte	2870 Dyssegård	2012	5969
157 Gentofte	2870 Dyssegård	2013	6022
157 Gentofte	2870 Dyssegård	2014	6086
157 Gentofte	2870 Dyssegård	2015	6147
157 Gentofte	2870 Dyssegård	2016	6193
157 Gentofte	2870 Dyssegård	2017	6260
157 Gentofte	2870 Dyssegård	2018	6278
157 Gentofte	2870 Dyssegård	2019	6272
157 Gentofte	2870 Dyssegård	2020	6316
157 Gentofte	2870 Dyssegård	2021	6223
157 Gentofte	2870 Dyssegård	2022	6173
157 Gentofte	2870 Dyssegård	2023	6198
157 Gentofte	2870 Dyssegård	2024	6219
157 Gentofte	2870 Dyssegård	2025	6232
157 Gentofte	2870 Dyssegård	2026	6232
157 Gentofte	2900 Hellerup	2010	20172
157 Gentofte	2900 Hellerup	2011	20505
157 Gentofte	2900 Hellerup	2012	20678
157 Gentofte	2900 Hellerup	2013	20862
157 Gentofte	2900 Hellerup	2014	20980
157 Gentofte	2900 Hellerup	2015	21238
157 Gentofte	2900 Hellerup	2016	21243
157 Gentofte	2900 Hellerup	2017	21217
157 Gentofte	2900 Hellerup	2018	21242
157 Gentofte	2900 Hellerup	2019	21212
157 Gentofte	2900 Hellerup	2020	21127
157 Gentofte	2900 Hellerup	2021	20981
157 Gentofte	2900 Hellerup	2022	20892
157 Gentofte	2900 Hellerup	2023	21057
157 Gentofte	2900 Hellerup	2024	21047
157 Gentofte	2900 Hellerup	2025	21013
157 Gentofte	2900 Hellerup	2026	20949
157 Gentofte	2920 Charlottenlund	2010	20827
157 Gentofte	2920 Charlottenlund	2011	21017
157 Gentofte	2920 Charlottenlund	2012	21275
157 Gentofte	2920 Charlottenlund	2013	21356
157 Gentofte	2920 Charlottenlund	2014	21619
157 Gentofte	2920 Charlottenlund	2015	21689
157 Gentofte	2920 Charlottenlund	2016	21843
157 Gentofte	2920 Charlottenlund	2017	22026
157 Gentofte	2920 Charlottenlund	2018	21970
157 Gentofte	2920 Charlottenlund	2019	21753
157 Gentofte	2920 Charlottenlund	2020	21750
157 Gentofte	2920 Charlottenlund	2021	21713
157 Gentofte	2920 Charlottenlund	2022	21498
157 Gentofte	2920 Charlottenlund	2023	21463
157 Gentofte	2920 Charlottenlund	2024	21544
157 Gentofte	2920 Charlottenlund	2025	21514
157 Gentofte	2920 Charlottenlund	2026	21494
157 Gentofte	2930 Klampenborg	2010	2704
157 Gentofte	2930 Klampenborg	2011	2746
157 Gentofte	2930 Klampenborg	2012	2801
157 Gentofte	2930 Klampenborg	2013	2761
157 Gentofte	2930 Klampenborg	2014	2772
157 Gentofte	2930 Klampenborg	2015	2839
157 Gentofte	2930 Klampenborg	2016	2818
157 Gentofte	2930 Klampenborg	2017	2851
157 Gentofte	2930 Klampenborg	2018	2864
157 Gentofte	2930 Klampenborg	2019	2871
157 Gentofte	2930 Klampenborg	2020	2858
157 Gentofte	2930 Klampenborg	2021	2848
157 Gentofte	2930 Klampenborg	2022	2890
157 Gentofte	2930 Klampenborg	2023	2959
157 Gentofte	2930 Klampenborg	2024	2974
157 Gentofte	2930 Klampenborg	2025	2886
157 Gentofte	2930 Klampenborg	2026	2954
157 Gentofte	9999 Ukendt	2010	389
157 Gentofte	9999 Ukendt	2011	492
157 Gentofte	9999 Ukendt	2012	614
157 Gentofte	9999 Ukendt	2013	636
157 Gentofte	9999 Ukendt	2014	689
157 Gentofte	9999 Ukendt	2015	747
157 Gentofte	9999 Ukendt	2016	721
157 Gentofte	9999 Ukendt	2017	742
157 Gentofte	9999 Ukendt	2018	731
157 Gentofte	9999 Ukendt	2019	361
157 Gentofte	9999 Ukendt	2020	262
157 Gentofte	9999 Ukendt	2021	276
157 Gentofte	9999 Ukendt	2022	340
157 Gentofte	9999 Ukendt	2023	284
157 Gentofte	9999 Ukendt	2024	290
157 Gentofte	9999 Ukendt	2025	310
157 Gentofte	9999 Ukendt	2026	294
159 Gladsaxe	2730 Herlev	2010	8645
159 Gladsaxe	2730 Herlev	2011	8734
159 Gladsaxe	2730 Herlev	2012	8801
159 Gladsaxe	2730 Herlev	2013	8898
159 Gladsaxe	2730 Herlev	2014	8948
159 Gladsaxe	2730 Herlev	2015	0
159 Gladsaxe	2730 Herlev	2016	0
159 Gladsaxe	2730 Herlev	2017	0
159 Gladsaxe	2730 Herlev	2018	0
159 Gladsaxe	2730 Herlev	2019	0
159 Gladsaxe	2730 Herlev	2020	0
159 Gladsaxe	2730 Herlev	2021	0
159 Gladsaxe	2730 Herlev	2022	0
159 Gladsaxe	2730 Herlev	2023	0
159 Gladsaxe	2730 Herlev	2024	0
159 Gladsaxe	2730 Herlev	2025	0
159 Gladsaxe	2730 Herlev	2026	0
159 Gladsaxe	2800 Kgs. Lyngby	2010	7754
159 Gladsaxe	2800 Kgs. Lyngby	2011	7808
159 Gladsaxe	2800 Kgs. Lyngby	2012	7876
159 Gladsaxe	2800 Kgs. Lyngby	2013	7896
159 Gladsaxe	2800 Kgs. Lyngby	2014	7970
159 Gladsaxe	2800 Kgs. Lyngby	2015	8020
159 Gladsaxe	2800 Kgs. Lyngby	2016	8025
159 Gladsaxe	2800 Kgs. Lyngby	2017	8037
159 Gladsaxe	2800 Kgs. Lyngby	2018	7944
159 Gladsaxe	2800 Kgs. Lyngby	2019	7924
159 Gladsaxe	2800 Kgs. Lyngby	2020	7920
159 Gladsaxe	2800 Kgs. Lyngby	2021	7896
159 Gladsaxe	2800 Kgs. Lyngby	2022	7870
159 Gladsaxe	2800 Kgs. Lyngby	2023	7994
159 Gladsaxe	2800 Kgs. Lyngby	2024	7979
159 Gladsaxe	2800 Kgs. Lyngby	2025	8002
159 Gladsaxe	2800 Kgs. Lyngby	2026	8072
159 Gladsaxe	2820 Gentofte	2010	520
159 Gladsaxe	2820 Gentofte	2011	535
159 Gladsaxe	2820 Gentofte	2012	542
159 Gladsaxe	2820 Gentofte	2013	555
159 Gladsaxe	2820 Gentofte	2014	555
159 Gladsaxe	2820 Gentofte	2015	550
159 Gladsaxe	2820 Gentofte	2016	582
159 Gladsaxe	2820 Gentofte	2017	593
159 Gladsaxe	2820 Gentofte	2018	581
159 Gladsaxe	2820 Gentofte	2019	562
159 Gladsaxe	2820 Gentofte	2020	547
159 Gladsaxe	2820 Gentofte	2021	557
159 Gladsaxe	2820 Gentofte	2022	546
159 Gladsaxe	2820 Gentofte	2023	557
159 Gladsaxe	2820 Gentofte	2024	547
159 Gladsaxe	2820 Gentofte	2025	564
159 Gladsaxe	2820 Gentofte	2026	559
159 Gladsaxe	2860 Søborg	2010	30500
159 Gladsaxe	2860 Søborg	2011	30992
159 Gladsaxe	2860 Søborg	2012	31150
159 Gladsaxe	2860 Søborg	2013	31512
159 Gladsaxe	2860 Søborg	2014	31977
159 Gladsaxe	2860 Søborg	2015	41405
159 Gladsaxe	2860 Søborg	2016	41746
159 Gladsaxe	2860 Søborg	2017	42413
159 Gladsaxe	2860 Søborg	2018	42973
159 Gladsaxe	2860 Søborg	2019	42984
159 Gladsaxe	2860 Søborg	2020	42535
159 Gladsaxe	2860 Søborg	2021	42540
159 Gladsaxe	2860 Søborg	2022	42650
159 Gladsaxe	2860 Søborg	2023	43198
159 Gladsaxe	2860 Søborg	2024	43709
159 Gladsaxe	2860 Søborg	2025	44120
159 Gladsaxe	2860 Søborg	2026	43949
159 Gladsaxe	2880 Bagsværd	2010	16634
159 Gladsaxe	2880 Bagsværd	2011	16845
159 Gladsaxe	2880 Bagsværd	2012	16901
159 Gladsaxe	2880 Bagsværd	2013	17140
159 Gladsaxe	2880 Bagsværd	2014	17181
159 Gladsaxe	2880 Bagsværd	2015	17347
159 Gladsaxe	2880 Bagsværd	2016	17527
159 Gladsaxe	2880 Bagsværd	2017	17697
159 Gladsaxe	2880 Bagsværd	2018	17954
159 Gladsaxe	2880 Bagsværd	2019	18183
159 Gladsaxe	2880 Bagsværd	2020	18236
159 Gladsaxe	2880 Bagsværd	2021	18184
159 Gladsaxe	2880 Bagsværd	2022	18160
159 Gladsaxe	2880 Bagsværd	2023	18223
159 Gladsaxe	2880 Bagsværd	2024	18339
159 Gladsaxe	2880 Bagsværd	2025	18252
159 Gladsaxe	2880 Bagsværd	2026	18587
159 Gladsaxe	3500 Værløse	2010	4
159 Gladsaxe	3500 Værløse	2011	4
159 Gladsaxe	3500 Værløse	2012	4
159 Gladsaxe	3500 Værløse	2013	4
159 Gladsaxe	3500 Værløse	2014	4
159 Gladsaxe	3500 Værløse	2015	4
159 Gladsaxe	3500 Værløse	2016	4
159 Gladsaxe	3500 Værløse	2017	4
159 Gladsaxe	3500 Værløse	2018	3
159 Gladsaxe	3500 Værløse	2019	2
159 Gladsaxe	3500 Værløse	2020	2
159 Gladsaxe	3500 Værløse	2021	2
159 Gladsaxe	3500 Værløse	2022	0
159 Gladsaxe	3500 Værløse	2023	2
159 Gladsaxe	3500 Værløse	2024	2
159 Gladsaxe	3500 Værløse	2025	3
159 Gladsaxe	3500 Værløse	2026	4
159 Gladsaxe	9999 Ukendt	2010	45
159 Gladsaxe	9999 Ukendt	2011	33
159 Gladsaxe	9999 Ukendt	2012	29
159 Gladsaxe	9999 Ukendt	2013	25
159 Gladsaxe	9999 Ukendt	2014	21
159 Gladsaxe	9999 Ukendt	2015	21
159 Gladsaxe	9999 Ukendt	2016	30
159 Gladsaxe	9999 Ukendt	2017	31
159 Gladsaxe	9999 Ukendt	2018	29
159 Gladsaxe	9999 Ukendt	2019	26
159 Gladsaxe	9999 Ukendt	2020	22
159 Gladsaxe	9999 Ukendt	2021	21
159 Gladsaxe	9999 Ukendt	2022	33
159 Gladsaxe	9999 Ukendt	2023	27
159 Gladsaxe	9999 Ukendt	2024	24
159 Gladsaxe	9999 Ukendt	2025	17
159 Gladsaxe	9999 Ukendt	2026	14
161 Glostrup	2600 Glostrup	2010	21289
161 Glostrup	2600 Glostrup	2011	21377
161 Glostrup	2600 Glostrup	2012	21645
161 Glostrup	2600 Glostrup	2013	21868
161 Glostrup	2600 Glostrup	2014	22065
161 Glostrup	2600 Glostrup	2015	22357
161 Glostrup	2600 Glostrup	2016	22461
161 Glostrup	2600 Glostrup	2017	22526
161 Glostrup	2600 Glostrup	2018	22661
161 Glostrup	2600 Glostrup	2019	22613
161 Glostrup	2600 Glostrup	2020	23126
161 Glostrup	2600 Glostrup	2021	23378
161 Glostrup	2600 Glostrup	2022	23512
161 Glostrup	2600 Glostrup	2023	23631
161 Glostrup	2600 Glostrup	2024	23653
161 Glostrup	2600 Glostrup	2025	24864
161 Glostrup	2600 Glostrup	2026	25830
161 Glostrup	2605 Brøndby	2010	1
161 Glostrup	2605 Brøndby	2011	1
161 Glostrup	2605 Brøndby	2012	1
161 Glostrup	2605 Brøndby	2013	1
161 Glostrup	2605 Brøndby	2014	0
161 Glostrup	2605 Brøndby	2015	0
161 Glostrup	2605 Brøndby	2016	0
161 Glostrup	2605 Brøndby	2017	2
161 Glostrup	2605 Brøndby	2018	2
161 Glostrup	2605 Brøndby	2019	2
161 Glostrup	2605 Brøndby	2020	2
161 Glostrup	2605 Brøndby	2021	2
161 Glostrup	2605 Brøndby	2022	2
161 Glostrup	2605 Brøndby	2023	2
161 Glostrup	2605 Brøndby	2024	2
161 Glostrup	2605 Brøndby	2025	2
161 Glostrup	2605 Brøndby	2026	0
161 Glostrup	9999 Ukendt	2010	6
161 Glostrup	9999 Ukendt	2011	6
161 Glostrup	9999 Ukendt	2012	4
161 Glostrup	9999 Ukendt	2013	0
161 Glostrup	9999 Ukendt	2014	1
161 Glostrup	9999 Ukendt	2015	0
161 Glostrup	9999 Ukendt	2016	0
161 Glostrup	9999 Ukendt	2017	0
161 Glostrup	9999 Ukendt	2018	0
161 Glostrup	9999 Ukendt	2019	0
161 Glostrup	9999 Ukendt	2020	0
161 Glostrup	9999 Ukendt	2021	0
161 Glostrup	9999 Ukendt	2022	0
161 Glostrup	9999 Ukendt	2023	2
161 Glostrup	9999 Ukendt	2024	0
161 Glostrup	9999 Ukendt	2025	3
161 Glostrup	9999 Ukendt	2026	4
163 Herlev	2730 Herlev	2010	26542
163 Herlev	2730 Herlev	2011	26583
163 Herlev	2730 Herlev	2012	26596
163 Herlev	2730 Herlev	2013	26947
163 Herlev	2730 Herlev	2014	27695
163 Herlev	2730 Herlev	2015	28139
163 Herlev	2730 Herlev	2016	28412
163 Herlev	2730 Herlev	2017	28391
163 Herlev	2730 Herlev	2018	28560
163 Herlev	2730 Herlev	2019	28780
163 Herlev	2730 Herlev	2020	28947
163 Herlev	2730 Herlev	2021	28897
163 Herlev	2730 Herlev	2022	28846
163 Herlev	2730 Herlev	2023	29186
163 Herlev	2730 Herlev	2024	29853
163 Herlev	2730 Herlev	2025	30759
163 Herlev	2730 Herlev	2026	32007
163 Herlev	2740 Skovlunde	2010	5
163 Herlev	2740 Skovlunde	2011	4
163 Herlev	2740 Skovlunde	2012	3
163 Herlev	2740 Skovlunde	2013	3
163 Herlev	2740 Skovlunde	2014	2
163 Herlev	2740 Skovlunde	2015	2
163 Herlev	2740 Skovlunde	2016	4
163 Herlev	2740 Skovlunde	2017	4
163 Herlev	2740 Skovlunde	2018	5
163 Herlev	2740 Skovlunde	2019	2
163 Herlev	2740 Skovlunde	2020	2
163 Herlev	2740 Skovlunde	2021	3
163 Herlev	2740 Skovlunde	2022	4
163 Herlev	2740 Skovlunde	2023	4
163 Herlev	2740 Skovlunde	2024	5
163 Herlev	2740 Skovlunde	2025	5
163 Herlev	2740 Skovlunde	2026	6
163 Herlev	2880 Bagsværd	2010	9
163 Herlev	2880 Bagsværd	2011	8
163 Herlev	2880 Bagsværd	2012	7
163 Herlev	2880 Bagsværd	2013	5
163 Herlev	2880 Bagsværd	2014	5
163 Herlev	2880 Bagsværd	2015	5
163 Herlev	2880 Bagsværd	2016	5
163 Herlev	2880 Bagsværd	2017	4
163 Herlev	2880 Bagsværd	2018	4
163 Herlev	2880 Bagsværd	2019	4
163 Herlev	2880 Bagsværd	2020	4
163 Herlev	2880 Bagsværd	2021	13
163 Herlev	2880 Bagsværd	2022	13
163 Herlev	2880 Bagsværd	2023	10
163 Herlev	2880 Bagsværd	2024	11
163 Herlev	2880 Bagsværd	2025	11
163 Herlev	2880 Bagsværd	2026	12
163 Herlev	9999 Ukendt	2010	0
163 Herlev	9999 Ukendt	2011	2
163 Herlev	9999 Ukendt	2012	2
163 Herlev	9999 Ukendt	2013	3
163 Herlev	9999 Ukendt	2014	4
163 Herlev	9999 Ukendt	2015	2
163 Herlev	9999 Ukendt	2016	2
163 Herlev	9999 Ukendt	2017	7
163 Herlev	9999 Ukendt	2018	3
163 Herlev	9999 Ukendt	2019	0
163 Herlev	9999 Ukendt	2020	0
163 Herlev	9999 Ukendt	2021	0
163 Herlev	9999 Ukendt	2022	4
163 Herlev	9999 Ukendt	2023	15
163 Herlev	9999 Ukendt	2024	7
163 Herlev	9999 Ukendt	2025	9
163 Herlev	9999 Ukendt	2026	5
165 Albertslund	2600 Glostrup	2010	2188
165 Albertslund	2600 Glostrup	2011	2190
165 Albertslund	2600 Glostrup	2012	2207
165 Albertslund	2600 Glostrup	2013	2207
165 Albertslund	2600 Glostrup	2014	2207
165 Albertslund	2600 Glostrup	2015	2221
165 Albertslund	2600 Glostrup	2016	2222
165 Albertslund	2600 Glostrup	2017	2267
165 Albertslund	2600 Glostrup	2018	2238
165 Albertslund	2600 Glostrup	2019	2272
165 Albertslund	2600 Glostrup	2020	2273
165 Albertslund	2600 Glostrup	2021	2235
165 Albertslund	2600 Glostrup	2022	2260
165 Albertslund	2600 Glostrup	2023	2261
165 Albertslund	2600 Glostrup	2024	2289
165 Albertslund	2600 Glostrup	2025	2755
165 Albertslund	2600 Glostrup	2026	3235
165 Albertslund	2620 Albertslund	2010	25458
165 Albertslund	2620 Albertslund	2011	25466
165 Albertslund	2620 Albertslund	2012	25560
165 Albertslund	2620 Albertslund	2013	25550
165 Albertslund	2620 Albertslund	2014	25452
165 Albertslund	2620 Albertslund	2015	25527
165 Albertslund	2620 Albertslund	2016	25603
165 Albertslund	2620 Albertslund	2017	25572
165 Albertslund	2620 Albertslund	2018	25441
165 Albertslund	2620 Albertslund	2019	25543
165 Albertslund	2620 Albertslund	2020	25399
165 Albertslund	2620 Albertslund	2021	25057
165 Albertslund	2620 Albertslund	2022	25254
165 Albertslund	2620 Albertslund	2023	25188
165 Albertslund	2620 Albertslund	2024	25320
165 Albertslund	2620 Albertslund	2025	25282
165 Albertslund	2620 Albertslund	2026	25946
165 Albertslund	2750 Ballerup	2010	0
165 Albertslund	2750 Ballerup	2011	0
165 Albertslund	2750 Ballerup	2012	0
165 Albertslund	2750 Ballerup	2013	0
165 Albertslund	2750 Ballerup	2014	0
165 Albertslund	2750 Ballerup	2015	0
165 Albertslund	2750 Ballerup	2016	0
165 Albertslund	2750 Ballerup	2017	0
165 Albertslund	2750 Ballerup	2018	0
165 Albertslund	2750 Ballerup	2019	0
165 Albertslund	2750 Ballerup	2020	0
165 Albertslund	2750 Ballerup	2021	0
165 Albertslund	2750 Ballerup	2022	0
165 Albertslund	2750 Ballerup	2023	0
165 Albertslund	2750 Ballerup	2024	0
165 Albertslund	2750 Ballerup	2025	0
165 Albertslund	2750 Ballerup	2026	0
165 Albertslund	9999 Ukendt	2010	84
165 Albertslund	9999 Ukendt	2011	144
165 Albertslund	9999 Ukendt	2012	97
165 Albertslund	9999 Ukendt	2013	67
165 Albertslund	9999 Ukendt	2014	69
165 Albertslund	9999 Ukendt	2015	58
165 Albertslund	9999 Ukendt	2016	55
165 Albertslund	9999 Ukendt	2017	57
165 Albertslund	9999 Ukendt	2018	64
165 Albertslund	9999 Ukendt	2019	62
165 Albertslund	9999 Ukendt	2020	59
165 Albertslund	9999 Ukendt	2021	74
165 Albertslund	9999 Ukendt	2022	85
165 Albertslund	9999 Ukendt	2023	81
165 Albertslund	9999 Ukendt	2024	68
165 Albertslund	9999 Ukendt	2025	80
165 Albertslund	9999 Ukendt	2026	81
167 Hvidovre	2610 Rødovre	2010	512
167 Hvidovre	2610 Rødovre	2011	517
167 Hvidovre	2610 Rødovre	2012	508
167 Hvidovre	2610 Rødovre	2013	539
167 Hvidovre	2610 Rødovre	2014	547
167 Hvidovre	2610 Rødovre	2015	521
167 Hvidovre	2610 Rødovre	2016	545
167 Hvidovre	2610 Rødovre	2017	556
167 Hvidovre	2610 Rødovre	2018	564
167 Hvidovre	2610 Rødovre	2019	563
167 Hvidovre	2610 Rødovre	2020	559
167 Hvidovre	2610 Rødovre	2021	537
167 Hvidovre	2610 Rødovre	2022	537
167 Hvidovre	2610 Rødovre	2023	541
167 Hvidovre	2610 Rødovre	2024	568
167 Hvidovre	2610 Rødovre	2025	559
167 Hvidovre	2610 Rødovre	2026	547
167 Hvidovre	2650 Hvidovre	2010	49198
167 Hvidovre	2650 Hvidovre	2011	49548
167 Hvidovre	2650 Hvidovre	2012	50079
167 Hvidovre	2650 Hvidovre	2013	50790
167 Hvidovre	2650 Hvidovre	2014	51278
167 Hvidovre	2650 Hvidovre	2015	51836
167 Hvidovre	2650 Hvidovre	2016	52269
167 Hvidovre	2650 Hvidovre	2017	52387
167 Hvidovre	2650 Hvidovre	2018	52699
167 Hvidovre	2650 Hvidovre	2019	52827
167 Hvidovre	2650 Hvidovre	2020	52944
167 Hvidovre	2650 Hvidovre	2021	52893
167 Hvidovre	2650 Hvidovre	2022	52702
167 Hvidovre	2650 Hvidovre	2023	52873
167 Hvidovre	2650 Hvidovre	2024	53164
167 Hvidovre	2650 Hvidovre	2025	53173
167 Hvidovre	2650 Hvidovre	2026	53653
167 Hvidovre	2660 Brøndby Strand	2010	10
167 Hvidovre	2660 Brøndby Strand	2011	11
167 Hvidovre	2660 Brøndby Strand	2012	11
167 Hvidovre	2660 Brøndby Strand	2013	8
167 Hvidovre	2660 Brøndby Strand	2014	14
167 Hvidovre	2660 Brøndby Strand	2015	13
167 Hvidovre	2660 Brøndby Strand	2016	11
167 Hvidovre	2660 Brøndby Strand	2017	15
167 Hvidovre	2660 Brøndby Strand	2018	13
167 Hvidovre	2660 Brøndby Strand	2019	20
167 Hvidovre	2660 Brøndby Strand	2020	19
167 Hvidovre	2660 Brøndby Strand	2021	17
167 Hvidovre	2660 Brøndby Strand	2022	23
167 Hvidovre	2660 Brøndby Strand	2023	19
167 Hvidovre	2660 Brøndby Strand	2024	7
167 Hvidovre	2660 Brøndby Strand	2025	7
167 Hvidovre	2660 Brøndby Strand	2026	11
167 Hvidovre	9999 Ukendt	2010	4
167 Hvidovre	9999 Ukendt	2011	5
167 Hvidovre	9999 Ukendt	2012	2
167 Hvidovre	9999 Ukendt	2013	4
167 Hvidovre	9999 Ukendt	2014	3
167 Hvidovre	9999 Ukendt	2015	10
167 Hvidovre	9999 Ukendt	2016	6
167 Hvidovre	9999 Ukendt	2017	6
167 Hvidovre	9999 Ukendt	2018	6
167 Hvidovre	9999 Ukendt	2019	6
167 Hvidovre	9999 Ukendt	2020	5
167 Hvidovre	9999 Ukendt	2021	4
167 Hvidovre	9999 Ukendt	2022	5
167 Hvidovre	9999 Ukendt	2023	10
167 Hvidovre	9999 Ukendt	2024	21
167 Hvidovre	9999 Ukendt	2025	21
167 Hvidovre	9999 Ukendt	2026	17
169 Høje-Taastrup	2630 Taastrup	2010	34558
169 Høje-Taastrup	2630 Taastrup	2011	34668
169 Høje-Taastrup	2630 Taastrup	2012	35037
169 Høje-Taastrup	2630 Taastrup	2013	35351
169 Høje-Taastrup	2630 Taastrup	2014	35549
169 Høje-Taastrup	2630 Taastrup	2015	35865
169 Høje-Taastrup	2630 Taastrup	2016	36469
169 Høje-Taastrup	2630 Taastrup	2017	36643
169 Høje-Taastrup	2630 Taastrup	2018	36970
169 Høje-Taastrup	2630 Taastrup	2019	36761
169 Høje-Taastrup	2630 Taastrup	2020	36789
169 Høje-Taastrup	2630 Taastrup	2021	37124
169 Høje-Taastrup	2630 Taastrup	2022	37687
169 Høje-Taastrup	2630 Taastrup	2023	38653
169 Høje-Taastrup	2630 Taastrup	2024	39701
169 Høje-Taastrup	2630 Taastrup	2025	40645
169 Høje-Taastrup	2630 Taastrup	2026	40801
169 Høje-Taastrup	2640 Hedehusene	2010	12961
169 Høje-Taastrup	2640 Hedehusene	2011	12922
169 Høje-Taastrup	2640 Hedehusene	2012	12860
169 Høje-Taastrup	2640 Hedehusene	2013	12952
169 Høje-Taastrup	2640 Hedehusene	2014	13047
169 Høje-Taastrup	2640 Hedehusene	2015	13175
169 Høje-Taastrup	2640 Hedehusene	2016	13304
169 Høje-Taastrup	2640 Hedehusene	2017	13419
169 Høje-Taastrup	2640 Hedehusene	2018	13495
169 Høje-Taastrup	2640 Hedehusene	2019	13788
169 Høje-Taastrup	2640 Hedehusene	2020	13821
169 Høje-Taastrup	2640 Hedehusene	2021	14479
169 Høje-Taastrup	2640 Hedehusene	2022	15235
169 Høje-Taastrup	2640 Hedehusene	2023	16445
169 Høje-Taastrup	2640 Hedehusene	2024	17655
169 Høje-Taastrup	2640 Hedehusene	2025	18277
169 Høje-Taastrup	2640 Hedehusene	2026	19542
169 Høje-Taastrup	4000 Roskilde	2010	21
169 Høje-Taastrup	4000 Roskilde	2011	22
169 Høje-Taastrup	4000 Roskilde	2012	24
169 Høje-Taastrup	4000 Roskilde	2013	23
169 Høje-Taastrup	4000 Roskilde	2014	26
169 Høje-Taastrup	4000 Roskilde	2015	26
169 Høje-Taastrup	4000 Roskilde	2016	25
169 Høje-Taastrup	4000 Roskilde	2017	23
169 Høje-Taastrup	4000 Roskilde	2018	22
169 Høje-Taastrup	4000 Roskilde	2019	22
169 Høje-Taastrup	4000 Roskilde	2020	23
169 Høje-Taastrup	4000 Roskilde	2021	18
169 Høje-Taastrup	4000 Roskilde	2022	15
169 Høje-Taastrup	4000 Roskilde	2023	17
169 Høje-Taastrup	4000 Roskilde	2024	20
169 Høje-Taastrup	4000 Roskilde	2025	17
169 Høje-Taastrup	4000 Roskilde	2026	11
169 Høje-Taastrup	9999 Ukendt	2010	124
169 Høje-Taastrup	9999 Ukendt	2011	141
169 Høje-Taastrup	9999 Ukendt	2012	160
169 Høje-Taastrup	9999 Ukendt	2013	145
169 Høje-Taastrup	9999 Ukendt	2014	185
169 Høje-Taastrup	9999 Ukendt	2015	164
169 Høje-Taastrup	9999 Ukendt	2016	162
169 Høje-Taastrup	9999 Ukendt	2017	161
169 Høje-Taastrup	9999 Ukendt	2018	109
169 Høje-Taastrup	9999 Ukendt	2019	115
169 Høje-Taastrup	9999 Ukendt	2020	126
169 Høje-Taastrup	9999 Ukendt	2021	108
169 Høje-Taastrup	9999 Ukendt	2022	116
169 Høje-Taastrup	9999 Ukendt	2023	143
169 Høje-Taastrup	9999 Ukendt	2024	164
169 Høje-Taastrup	9999 Ukendt	2025	120
169 Høje-Taastrup	9999 Ukendt	2026	104
173 Lyngby-Taarbæk	2800 Kgs. Lyngby	2010	31088
173 Lyngby-Taarbæk	2800 Kgs. Lyngby	2011	31389
173 Lyngby-Taarbæk	2800 Kgs. Lyngby	2012	31687
173 Lyngby-Taarbæk	2800 Kgs. Lyngby	2013	32236
173 Lyngby-Taarbæk	2800 Kgs. Lyngby	2014	32421
173 Lyngby-Taarbæk	2800 Kgs. Lyngby	2015	32729
173 Lyngby-Taarbæk	2800 Kgs. Lyngby	2016	32967
173 Lyngby-Taarbæk	2800 Kgs. Lyngby	2017	33234
173 Lyngby-Taarbæk	2800 Kgs. Lyngby	2018	33467
173 Lyngby-Taarbæk	2800 Kgs. Lyngby	2019	33583
173 Lyngby-Taarbæk	2800 Kgs. Lyngby	2020	33614
173 Lyngby-Taarbæk	2800 Kgs. Lyngby	2021	33757
173 Lyngby-Taarbæk	2800 Kgs. Lyngby	2022	35003
173 Lyngby-Taarbæk	2800 Kgs. Lyngby	2023	35462
173 Lyngby-Taarbæk	2800 Kgs. Lyngby	2024	35595
173 Lyngby-Taarbæk	2800 Kgs. Lyngby	2025	35681
173 Lyngby-Taarbæk	2800 Kgs. Lyngby	2026	35646
173 Lyngby-Taarbæk	2830 Virum	2010	19504
173 Lyngby-Taarbæk	2830 Virum	2011	19757
173 Lyngby-Taarbæk	2830 Virum	2012	19891
173 Lyngby-Taarbæk	2830 Virum	2013	19988
173 Lyngby-Taarbæk	2830 Virum	2014	20128
173 Lyngby-Taarbæk	2830 Virum	2015	20332
173 Lyngby-Taarbæk	2830 Virum	2016	20383
173 Lyngby-Taarbæk	2830 Virum	2017	20251
173 Lyngby-Taarbæk	2830 Virum	2018	20317
173 Lyngby-Taarbæk	2830 Virum	2019	20550
173 Lyngby-Taarbæk	2830 Virum	2020	20961
173 Lyngby-Taarbæk	2830 Virum	2021	21189
173 Lyngby-Taarbæk	2830 Virum	2022	21165
173 Lyngby-Taarbæk	2830 Virum	2023	21325
173 Lyngby-Taarbæk	2830 Virum	2024	21302
173 Lyngby-Taarbæk	2830 Virum	2025	21398
173 Lyngby-Taarbæk	2830 Virum	2026	21397
173 Lyngby-Taarbæk	2840 Holte	2010	11
173 Lyngby-Taarbæk	2840 Holte	2011	13
173 Lyngby-Taarbæk	2840 Holte	2012	12
173 Lyngby-Taarbæk	2840 Holte	2013	11
173 Lyngby-Taarbæk	2840 Holte	2014	10
173 Lyngby-Taarbæk	2840 Holte	2015	12
173 Lyngby-Taarbæk	2840 Holte	2016	11
173 Lyngby-Taarbæk	2840 Holte	2017	11
173 Lyngby-Taarbæk	2840 Holte	2018	12
173 Lyngby-Taarbæk	2840 Holte	2019	11
173 Lyngby-Taarbæk	2840 Holte	2020	11
173 Lyngby-Taarbæk	2840 Holte	2021	11
173 Lyngby-Taarbæk	2840 Holte	2022	11
173 Lyngby-Taarbæk	2840 Holte	2023	11
173 Lyngby-Taarbæk	2840 Holte	2024	11
173 Lyngby-Taarbæk	2840 Holte	2025	10
173 Lyngby-Taarbæk	2840 Holte	2026	10
173 Lyngby-Taarbæk	2930 Klampenborg	2010	1472
173 Lyngby-Taarbæk	2930 Klampenborg	2011	1463
173 Lyngby-Taarbæk	2930 Klampenborg	2012	1518
173 Lyngby-Taarbæk	2930 Klampenborg	2013	1475
173 Lyngby-Taarbæk	2930 Klampenborg	2014	1493
173 Lyngby-Taarbæk	2930 Klampenborg	2015	1478
173 Lyngby-Taarbæk	2930 Klampenborg	2016	1471
173 Lyngby-Taarbæk	2930 Klampenborg	2017	1479
173 Lyngby-Taarbæk	2930 Klampenborg	2018	1494
173 Lyngby-Taarbæk	2930 Klampenborg	2019	1504
173 Lyngby-Taarbæk	2930 Klampenborg	2020	1497
173 Lyngby-Taarbæk	2930 Klampenborg	2021	1507
173 Lyngby-Taarbæk	2930 Klampenborg	2022	1492
173 Lyngby-Taarbæk	2930 Klampenborg	2023	1458
173 Lyngby-Taarbæk	2930 Klampenborg	2024	1473
173 Lyngby-Taarbæk	2930 Klampenborg	2025	1470
173 Lyngby-Taarbæk	2930 Klampenborg	2026	1431
173 Lyngby-Taarbæk	3500 Værløse	2010	1
173 Lyngby-Taarbæk	3500 Værløse	2011	1
173 Lyngby-Taarbæk	3500 Værløse	2012	1
173 Lyngby-Taarbæk	3500 Værløse	2013	1
173 Lyngby-Taarbæk	3500 Værløse	2014	1
173 Lyngby-Taarbæk	3500 Værløse	2015	1
173 Lyngby-Taarbæk	3500 Værløse	2016	1
173 Lyngby-Taarbæk	3500 Værløse	2017	1
173 Lyngby-Taarbæk	3500 Værløse	2018	1
173 Lyngby-Taarbæk	3500 Værløse	2019	1
173 Lyngby-Taarbæk	3500 Værløse	2020	1
173 Lyngby-Taarbæk	3500 Værløse	2021	1
173 Lyngby-Taarbæk	3500 Værløse	2022	1
173 Lyngby-Taarbæk	3500 Værløse	2023	1
173 Lyngby-Taarbæk	3500 Værløse	2024	1
173 Lyngby-Taarbæk	3500 Værløse	2025	1
173 Lyngby-Taarbæk	3500 Værløse	2026	1
173 Lyngby-Taarbæk	9999 Ukendt	2010	161
173 Lyngby-Taarbæk	9999 Ukendt	2011	131
173 Lyngby-Taarbæk	9999 Ukendt	2012	142
173 Lyngby-Taarbæk	9999 Ukendt	2013	129
173 Lyngby-Taarbæk	9999 Ukendt	2014	184
173 Lyngby-Taarbæk	9999 Ukendt	2015	226
173 Lyngby-Taarbæk	9999 Ukendt	2016	264
173 Lyngby-Taarbæk	9999 Ukendt	2017	264
173 Lyngby-Taarbæk	9999 Ukendt	2018	181
173 Lyngby-Taarbæk	9999 Ukendt	2019	141
173 Lyngby-Taarbæk	9999 Ukendt	2020	130
173 Lyngby-Taarbæk	9999 Ukendt	2021	149
173 Lyngby-Taarbæk	9999 Ukendt	2022	154
173 Lyngby-Taarbæk	9999 Ukendt	2023	177
173 Lyngby-Taarbæk	9999 Ukendt	2024	156
173 Lyngby-Taarbæk	9999 Ukendt	2025	153
173 Lyngby-Taarbæk	9999 Ukendt	2026	129
175 Rødovre	2610 Rødovre	2010	36133
175 Rødovre	2610 Rødovre	2011	36388
175 Rødovre	2610 Rødovre	2012	36692
175 Rødovre	2610 Rødovre	2013	37169
175 Rødovre	2610 Rødovre	2014	37399
175 Rødovre	2610 Rødovre	2015	37588
175 Rødovre	2610 Rødovre	2016	37864
175 Rødovre	2610 Rødovre	2017	38358
175 Rødovre	2610 Rødovre	2018	39188
175 Rødovre	2610 Rødovre	2019	39907
175 Rødovre	2610 Rødovre	2020	40536
175 Rødovre	2610 Rødovre	2021	40997
175 Rødovre	2610 Rødovre	2022	41260
175 Rødovre	2610 Rødovre	2023	42457
175 Rødovre	2610 Rødovre	2024	44207
175 Rødovre	2610 Rødovre	2025	44609
175 Rødovre	2610 Rødovre	2026	45008
175 Rødovre	9999 Ukendt	2010	100
175 Rødovre	9999 Ukendt	2011	136
175 Rødovre	9999 Ukendt	2012	191
175 Rødovre	9999 Ukendt	2013	182
175 Rødovre	9999 Ukendt	2014	153
175 Rødovre	9999 Ukendt	2015	155
175 Rødovre	9999 Ukendt	2016	138
175 Rødovre	9999 Ukendt	2017	134
175 Rødovre	9999 Ukendt	2018	155
175 Rødovre	9999 Ukendt	2019	145
175 Rødovre	9999 Ukendt	2020	116
175 Rødovre	9999 Ukendt	2021	116
175 Rødovre	9999 Ukendt	2022	122
175 Rødovre	9999 Ukendt	2023	106
175 Rødovre	9999 Ukendt	2024	121
175 Rødovre	9999 Ukendt	2025	125
175 Rødovre	9999 Ukendt	2026	130
183 Ishøj	2635 Ishøj	2010	20533
183 Ishøj	2635 Ishøj	2011	20726
183 Ishøj	2635 Ishøj	2012	21012
183 Ishøj	2635 Ishøj	2013	21062
183 Ishøj	2635 Ishøj	2014	21479
183 Ishøj	2635 Ishøj	2015	21952
183 Ishøj	2635 Ishøj	2016	22289
183 Ishøj	2635 Ishøj	2017	22647
183 Ishøj	2635 Ishøj	2018	22915
183 Ishøj	2635 Ishøj	2019	22870
183 Ishøj	2635 Ishøj	2020	22916
183 Ishøj	2635 Ishøj	2021	23055
183 Ishøj	2635 Ishøj	2022	23150
183 Ishøj	2635 Ishøj	2023	23383
183 Ishøj	2635 Ishøj	2024	23588
183 Ishøj	2635 Ishøj	2025	24291
183 Ishøj	2635 Ishøj	2026	24608
183 Ishøj	2640 Hedehusene	2010	73
183 Ishøj	2640 Hedehusene	2011	71
183 Ishøj	2640 Hedehusene	2012	75
183 Ishøj	2640 Hedehusene	2013	69
183 Ishøj	2640 Hedehusene	2014	68
183 Ishøj	2640 Hedehusene	2015	73
183 Ishøj	2640 Hedehusene	2016	69
183 Ishøj	2640 Hedehusene	2017	72
183 Ishøj	2640 Hedehusene	2018	72
183 Ishøj	2640 Hedehusene	2019	76
183 Ishøj	2640 Hedehusene	2020	73
183 Ishøj	2640 Hedehusene	2021	76
183 Ishøj	2640 Hedehusene	2022	75
183 Ishøj	2640 Hedehusene	2023	74
183 Ishøj	2640 Hedehusene	2024	75
183 Ishøj	2640 Hedehusene	2025	74
183 Ishøj	2640 Hedehusene	2026	77
183 Ishøj	9999 Ukendt	2010	0
183 Ishøj	9999 Ukendt	2011	0
183 Ishøj	9999 Ukendt	2012	0
183 Ishøj	9999 Ukendt	2013	0
183 Ishøj	9999 Ukendt	2014	0
183 Ishøj	9999 Ukendt	2015	0
183 Ishøj	9999 Ukendt	2016	0
183 Ishøj	9999 Ukendt	2017	0
183 Ishøj	9999 Ukendt	2018	1
183 Ishøj	9999 Ukendt	2019	0
183 Ishøj	9999 Ukendt	2020	0
183 Ishøj	9999 Ukendt	2021	0
183 Ishøj	9999 Ukendt	2022	0
183 Ishøj	9999 Ukendt	2023	0
183 Ishøj	9999 Ukendt	2024	0
183 Ishøj	9999 Ukendt	2025	0
183 Ishøj	9999 Ukendt	2026	0
185 Tårnby	2300 København S	2010	11
185 Tårnby	2300 København S	2011	11
185 Tårnby	2300 København S	2012	9
185 Tårnby	2300 København S	2013	13
185 Tårnby	2300 København S	2014	12
185 Tårnby	2300 København S	2015	10
185 Tårnby	2300 København S	2016	11
185 Tårnby	2300 København S	2017	5
185 Tårnby	2300 København S	2018	13
185 Tårnby	2300 København S	2019	13
185 Tårnby	2300 København S	2020	14
185 Tårnby	2300 København S	2021	13
185 Tårnby	2300 København S	2022	11
185 Tårnby	2300 København S	2023	12
185 Tårnby	2300 København S	2024	12
185 Tårnby	2300 København S	2025	11
185 Tårnby	2300 København S	2026	12
185 Tårnby	2770 Kastrup	2010	37546
185 Tårnby	2770 Kastrup	2011	37968
185 Tårnby	2770 Kastrup	2012	38230
185 Tårnby	2770 Kastrup	2013	38609
185 Tårnby	2770 Kastrup	2014	38968
185 Tårnby	2770 Kastrup	2015	39519
185 Tårnby	2770 Kastrup	2016	39747
185 Tårnby	2770 Kastrup	2017	39934
185 Tårnby	2770 Kastrup	2018	40039
185 Tårnby	2770 Kastrup	2019	39929
185 Tårnby	2770 Kastrup	2020	39944
185 Tårnby	2770 Kastrup	2021	39633
185 Tårnby	2770 Kastrup	2022	39713
185 Tårnby	2770 Kastrup	2023	40028
185 Tårnby	2770 Kastrup	2024	40877
185 Tårnby	2770 Kastrup	2025	41023
185 Tårnby	2770 Kastrup	2026	41149
185 Tårnby	2791 Dragør	2010	2729
185 Tårnby	2791 Dragør	2011	2744
185 Tårnby	2791 Dragør	2012	2774
185 Tårnby	2791 Dragør	2013	2815
185 Tårnby	2791 Dragør	2014	2829
185 Tårnby	2791 Dragør	2015	2849
185 Tårnby	2791 Dragør	2016	2933
185 Tårnby	2791 Dragør	2017	2916
185 Tårnby	2791 Dragør	2018	2874
185 Tårnby	2791 Dragør	2019	2889
185 Tårnby	2791 Dragør	2020	2889
185 Tårnby	2791 Dragør	2021	2896
185 Tårnby	2791 Dragør	2022	2894
185 Tårnby	2791 Dragør	2023	2893
185 Tårnby	2791 Dragør	2024	2939
185 Tårnby	2791 Dragør	2025	2892
185 Tårnby	2791 Dragør	2026	2919
185 Tårnby	9999 Ukendt	2010	97
185 Tårnby	9999 Ukendt	2011	112
185 Tårnby	9999 Ukendt	2012	138
185 Tårnby	9999 Ukendt	2013	135
185 Tårnby	9999 Ukendt	2014	183
185 Tårnby	9999 Ukendt	2015	195
185 Tårnby	9999 Ukendt	2016	169
185 Tårnby	9999 Ukendt	2017	155
185 Tårnby	9999 Ukendt	2018	137
185 Tårnby	9999 Ukendt	2019	153
185 Tårnby	9999 Ukendt	2020	142
185 Tårnby	9999 Ukendt	2021	128
185 Tårnby	9999 Ukendt	2022	105
185 Tårnby	9999 Ukendt	2023	109
185 Tårnby	9999 Ukendt	2024	87
185 Tårnby	9999 Ukendt	2025	108
185 Tårnby	9999 Ukendt	2026	134
187 Vallensbæk	2625 Vallensbæk	2010	5818
187 Vallensbæk	2625 Vallensbæk	2011	5863
187 Vallensbæk	2625 Vallensbæk	2012	5905
187 Vallensbæk	2625 Vallensbæk	2013	5880
187 Vallensbæk	2625 Vallensbæk	2014	5891
187 Vallensbæk	2625 Vallensbæk	2015	5902
187 Vallensbæk	2625 Vallensbæk	2016	6001
187 Vallensbæk	2625 Vallensbæk	2017	6145
187 Vallensbæk	2625 Vallensbæk	2018	6394
187 Vallensbæk	2625 Vallensbæk	2019	6415
187 Vallensbæk	2625 Vallensbæk	2020	6471
187 Vallensbæk	2625 Vallensbæk	2021	6454
187 Vallensbæk	2625 Vallensbæk	2022	6388
187 Vallensbæk	2625 Vallensbæk	2023	6451
187 Vallensbæk	2625 Vallensbæk	2024	6450
187 Vallensbæk	2625 Vallensbæk	2025	6429
187 Vallensbæk	2625 Vallensbæk	2026	6523
187 Vallensbæk	2665 Vallensbæk Strand	2010	8226
187 Vallensbæk	2665 Vallensbæk Strand	2011	8581
187 Vallensbæk	2665 Vallensbæk Strand	2012	8659
187 Vallensbæk	2665 Vallensbæk Strand	2013	8916
187 Vallensbæk	2665 Vallensbæk Strand	2014	9204
187 Vallensbæk	2665 Vallensbæk Strand	2015	9302
187 Vallensbæk	2665 Vallensbæk Strand	2016	9418
187 Vallensbæk	2665 Vallensbæk Strand	2017	9560
187 Vallensbæk	2665 Vallensbæk Strand	2018	9886
187 Vallensbæk	2665 Vallensbæk Strand	2019	10239
187 Vallensbæk	2665 Vallensbæk Strand	2020	10162
187 Vallensbæk	2665 Vallensbæk Strand	2021	10061
187 Vallensbæk	2665 Vallensbæk Strand	2022	10100
187 Vallensbæk	2665 Vallensbæk Strand	2023	10580
187 Vallensbæk	2665 Vallensbæk Strand	2024	11348
187 Vallensbæk	2665 Vallensbæk Strand	2025	11891
187 Vallensbæk	2665 Vallensbæk Strand	2026	12166
187 Vallensbæk	9999 Ukendt	2010	1
187 Vallensbæk	9999 Ukendt	2011	1
187 Vallensbæk	9999 Ukendt	2012	1
187 Vallensbæk	9999 Ukendt	2013	1
187 Vallensbæk	9999 Ukendt	2014	0
187 Vallensbæk	9999 Ukendt	2015	0
187 Vallensbæk	9999 Ukendt	2016	0
187 Vallensbæk	9999 Ukendt	2017	0
187 Vallensbæk	9999 Ukendt	2018	0
187 Vallensbæk	9999 Ukendt	2019	0
187 Vallensbæk	9999 Ukendt	2020	0
187 Vallensbæk	9999 Ukendt	2021	0
187 Vallensbæk	9999 Ukendt	2022	0
187 Vallensbæk	9999 Ukendt	2023	0
187 Vallensbæk	9999 Ukendt	2024	2
187 Vallensbæk	9999 Ukendt	2025	2
187 Vallensbæk	9999 Ukendt	2026	0
190 Furesø	2880 Bagsværd	2010	3
190 Furesø	2880 Bagsværd	2011	10
190 Furesø	2880 Bagsværd	2012	11
190 Furesø	2880 Bagsværd	2013	12
190 Furesø	2880 Bagsværd	2014	15
190 Furesø	2880 Bagsværd	2015	16
190 Furesø	2880 Bagsværd	2016	11
190 Furesø	2880 Bagsværd	2017	11
190 Furesø	2880 Bagsværd	2018	11
190 Furesø	2880 Bagsværd	2019	11
190 Furesø	2880 Bagsværd	2020	11
190 Furesø	2880 Bagsværd	2021	11
190 Furesø	2880 Bagsværd	2022	11
190 Furesø	2880 Bagsværd	2023	11
190 Furesø	2880 Bagsværd	2024	11
190 Furesø	2880 Bagsværd	2025	11
190 Furesø	2880 Bagsværd	2026	10
190 Furesø	3460 Birkerød	2010	251
190 Furesø	3460 Birkerød	2011	241
190 Furesø	3460 Birkerød	2012	251
190 Furesø	3460 Birkerød	2013	263
190 Furesø	3460 Birkerød	2014	261
190 Furesø	3460 Birkerød	2015	264
190 Furesø	3460 Birkerød	2016	287
190 Furesø	3460 Birkerød	2017	268
190 Furesø	3460 Birkerød	2018	261
190 Furesø	3460 Birkerød	2019	262
190 Furesø	3460 Birkerød	2020	274
190 Furesø	3460 Birkerød	2021	265
190 Furesø	3460 Birkerød	2022	259
190 Furesø	3460 Birkerød	2023	246
190 Furesø	3460 Birkerød	2024	258
190 Furesø	3460 Birkerød	2025	260
190 Furesø	3460 Birkerød	2026	267
190 Furesø	3500 Værløse	2010	19103
190 Furesø	3500 Værløse	2011	19264
190 Furesø	3500 Værløse	2012	19290
190 Furesø	3500 Værløse	2013	19599
190 Furesø	3500 Værløse	2014	19612
190 Furesø	3500 Værløse	2015	19726
190 Furesø	3500 Værløse	2016	19906
190 Furesø	3500 Værløse	2017	20076
190 Furesø	3500 Værløse	2018	20064
190 Furesø	3500 Værløse	2019	20051
190 Furesø	3500 Værløse	2020	19976
190 Furesø	3500 Værløse	2021	20188
190 Furesø	3500 Værløse	2022	20491
190 Furesø	3500 Værløse	2023	21191
190 Furesø	3500 Værløse	2024	21546
190 Furesø	3500 Værløse	2025	21621
190 Furesø	3500 Værløse	2026	21749
190 Furesø	3520 Farum	2010	18852
190 Furesø	3520 Farum	2011	18741
190 Furesø	3520 Farum	2012	18664
190 Furesø	3520 Farum	2013	18334
190 Furesø	3520 Farum	2014	18585
190 Furesø	3520 Farum	2015	19039
190 Furesø	3520 Farum	2016	19921
190 Furesø	3520 Farum	2017	20217
190 Furesø	3520 Farum	2018	20540
190 Furesø	3520 Farum	2019	20710
190 Furesø	3520 Farum	2020	20675
190 Furesø	3520 Farum	2021	20512
190 Furesø	3520 Farum	2022	20604
190 Furesø	3520 Farum	2023	20606
190 Furesø	3520 Farum	2024	20701
190 Furesø	3520 Farum	2025	20629
190 Furesø	3520 Farum	2026	20827
190 Furesø	3540 Lynge	2010	0
190 Furesø	3540 Lynge	2011	0
190 Furesø	3540 Lynge	2012	0
190 Furesø	3540 Lynge	2013	0
190 Furesø	3540 Lynge	2014	0
190 Furesø	3540 Lynge	2015	0
190 Furesø	3540 Lynge	2016	0
190 Furesø	3540 Lynge	2017	0
190 Furesø	3540 Lynge	2018	0
190 Furesø	3540 Lynge	2019	0
190 Furesø	3540 Lynge	2020	0
190 Furesø	3540 Lynge	2021	0
190 Furesø	3540 Lynge	2022	0
190 Furesø	3540 Lynge	2023	0
190 Furesø	3540 Lynge	2024	0
190 Furesø	3540 Lynge	2025	0
190 Furesø	3540 Lynge	2026	0
190 Furesø	9999 Ukendt	2010	23
190 Furesø	9999 Ukendt	2011	30
190 Furesø	9999 Ukendt	2012	27
190 Furesø	9999 Ukendt	2013	28
190 Furesø	9999 Ukendt	2014	19
190 Furesø	9999 Ukendt	2015	32
190 Furesø	9999 Ukendt	2016	31
190 Furesø	9999 Ukendt	2017	41
190 Furesø	9999 Ukendt	2018	35
190 Furesø	9999 Ukendt	2019	35
190 Furesø	9999 Ukendt	2020	29
190 Furesø	9999 Ukendt	2021	25
190 Furesø	9999 Ukendt	2022	37
190 Furesø	9999 Ukendt	2023	23
190 Furesø	9999 Ukendt	2024	17
190 Furesø	9999 Ukendt	2025	19
190 Furesø	9999 Ukendt	2026	21
201 Allerød	3400 Hillerød	2010	31
201 Allerød	3400 Hillerød	2011	32
201 Allerød	3400 Hillerød	2012	31
201 Allerød	3400 Hillerød	2013	28
201 Allerød	3400 Hillerød	2014	27
201 Allerød	3400 Hillerød	2015	31
201 Allerød	3400 Hillerød	2016	25
201 Allerød	3400 Hillerød	2017	24
201 Allerød	3400 Hillerød	2018	23
201 Allerød	3400 Hillerød	2019	23
201 Allerød	3400 Hillerød	2020	23
201 Allerød	3400 Hillerød	2021	21
201 Allerød	3400 Hillerød	2022	21
201 Allerød	3400 Hillerød	2023	23
201 Allerød	3400 Hillerød	2024	26
201 Allerød	3400 Hillerød	2025	25
201 Allerød	3400 Hillerød	2026	21
201 Allerød	3450 Allerød	2010	18647
201 Allerød	3450 Allerød	2011	18688
201 Allerød	3450 Allerød	2012	18671
201 Allerød	3450 Allerød	2013	18691
201 Allerød	3450 Allerød	2014	18818
201 Allerød	3450 Allerød	2015	18984
201 Allerød	3450 Allerød	2016	19364
201 Allerød	3450 Allerød	2017	19612
201 Allerød	3450 Allerød	2018	19755
201 Allerød	3450 Allerød	2019	20275
201 Allerød	3450 Allerød	2020	20265
201 Allerød	3450 Allerød	2021	20445
201 Allerød	3450 Allerød	2022	20468
201 Allerød	3450 Allerød	2023	20635
201 Allerød	3450 Allerød	2024	20584
201 Allerød	3450 Allerød	2025	20732
201 Allerød	3450 Allerød	2026	20849
201 Allerød	3460 Birkerød	2010	300
201 Allerød	3460 Birkerød	2011	269
201 Allerød	3460 Birkerød	2012	266
201 Allerød	3460 Birkerød	2013	272
201 Allerød	3460 Birkerød	2014	261
201 Allerød	3460 Birkerød	2015	272
201 Allerød	3460 Birkerød	2016	259
201 Allerød	3460 Birkerød	2017	245
201 Allerød	3460 Birkerød	2018	262
201 Allerød	3460 Birkerød	2019	243
201 Allerød	3460 Birkerød	2020	250
201 Allerød	3460 Birkerød	2021	252
201 Allerød	3460 Birkerød	2022	238
201 Allerød	3460 Birkerød	2023	236
201 Allerød	3460 Birkerød	2024	235
201 Allerød	3460 Birkerød	2025	236
201 Allerød	3460 Birkerød	2026	216
201 Allerød	3520 Farum	2010	51
201 Allerød	3520 Farum	2011	54
201 Allerød	3520 Farum	2012	52
201 Allerød	3520 Farum	2013	48
201 Allerød	3520 Farum	2014	48
201 Allerød	3520 Farum	2015	45
201 Allerød	3520 Farum	2016	43
201 Allerød	3520 Farum	2017	42
201 Allerød	3520 Farum	2018	43
201 Allerød	3520 Farum	2019	42
201 Allerød	3520 Farum	2020	41
201 Allerød	3520 Farum	2021	43
201 Allerød	3520 Farum	2022	38
201 Allerød	3520 Farum	2023	40
201 Allerød	3520 Farum	2024	37
201 Allerød	3520 Farum	2025	38
201 Allerød	3520 Farum	2026	36
201 Allerød	3540 Lynge	2010	5031
201 Allerød	3540 Lynge	2011	5014
201 Allerød	3540 Lynge	2012	4980
201 Allerød	3540 Lynge	2013	4989
201 Allerød	3540 Lynge	2014	4987
201 Allerød	3540 Lynge	2015	5028
201 Allerød	3540 Lynge	2016	5003
201 Allerød	3540 Lynge	2017	4976
201 Allerød	3540 Lynge	2018	5099
201 Allerød	3540 Lynge	2019	5019
201 Allerød	3540 Lynge	2020	5010
201 Allerød	3540 Lynge	2021	5092
201 Allerød	3540 Lynge	2022	5071
201 Allerød	3540 Lynge	2023	5095
201 Allerød	3540 Lynge	2024	5036
201 Allerød	3540 Lynge	2025	5050
201 Allerød	3540 Lynge	2026	5327
201 Allerød	3550 Slangerup	2010	2
201 Allerød	3550 Slangerup	2011	2
201 Allerød	3550 Slangerup	2012	2
201 Allerød	3550 Slangerup	2013	2
201 Allerød	3550 Slangerup	2014	2
201 Allerød	3550 Slangerup	2015	2
201 Allerød	3550 Slangerup	2016	2
201 Allerød	3550 Slangerup	2017	2
201 Allerød	3550 Slangerup	2018	2
201 Allerød	3550 Slangerup	2019	2
201 Allerød	3550 Slangerup	2020	2
201 Allerød	3550 Slangerup	2021	2
201 Allerød	3550 Slangerup	2022	2
201 Allerød	3550 Slangerup	2023	2
201 Allerød	3550 Slangerup	2024	2
201 Allerød	3550 Slangerup	2025	2
201 Allerød	3550 Slangerup	2026	2
201 Allerød	9999 Ukendt	2010	27
201 Allerød	9999 Ukendt	2011	37
201 Allerød	9999 Ukendt	2012	41
201 Allerød	9999 Ukendt	2013	43
201 Allerød	9999 Ukendt	2014	32
201 Allerød	9999 Ukendt	2015	49
201 Allerød	9999 Ukendt	2016	36
201 Allerød	9999 Ukendt	2017	41
201 Allerød	9999 Ukendt	2018	51
201 Allerød	9999 Ukendt	2019	42
201 Allerød	9999 Ukendt	2020	42
201 Allerød	9999 Ukendt	2021	38
201 Allerød	9999 Ukendt	2022	29
201 Allerød	9999 Ukendt	2023	30
201 Allerød	9999 Ukendt	2024	42
201 Allerød	9999 Ukendt	2025	45
201 Allerød	9999 Ukendt	2026	45
210 Fredensborg	2970 Hørsholm	2010	134
210 Fredensborg	2970 Hørsholm	2011	136
210 Fredensborg	2970 Hørsholm	2012	140
210 Fredensborg	2970 Hørsholm	2013	131
210 Fredensborg	2970 Hørsholm	2014	131
210 Fredensborg	2970 Hørsholm	2015	126
210 Fredensborg	2970 Hørsholm	2016	120
210 Fredensborg	2970 Hørsholm	2017	123
210 Fredensborg	2970 Hørsholm	2018	125
210 Fredensborg	2970 Hørsholm	2019	122
210 Fredensborg	2970 Hørsholm	2020	116
210 Fredensborg	2970 Hørsholm	2021	126
210 Fredensborg	2970 Hørsholm	2022	122
210 Fredensborg	2970 Hørsholm	2023	136
210 Fredensborg	2970 Hørsholm	2024	135
210 Fredensborg	2970 Hørsholm	2025	135
210 Fredensborg	2970 Hørsholm	2026	153
210 Fredensborg	2980 Kokkedal	2010	10469
210 Fredensborg	2980 Kokkedal	2011	10470
210 Fredensborg	2980 Kokkedal	2012	10602
210 Fredensborg	2980 Kokkedal	2013	10652
210 Fredensborg	2980 Kokkedal	2014	10719
210 Fredensborg	2980 Kokkedal	2015	10816
210 Fredensborg	2980 Kokkedal	2016	10903
210 Fredensborg	2980 Kokkedal	2017	11032
210 Fredensborg	2980 Kokkedal	2018	11149
210 Fredensborg	2980 Kokkedal	2019	11090
210 Fredensborg	2980 Kokkedal	2020	11039
210 Fredensborg	2980 Kokkedal	2021	11123
210 Fredensborg	2980 Kokkedal	2022	11033
210 Fredensborg	2980 Kokkedal	2023	11060
210 Fredensborg	2980 Kokkedal	2024	11112
210 Fredensborg	2980 Kokkedal	2025	11276
210 Fredensborg	2980 Kokkedal	2026	11442
210 Fredensborg	2990 Nivå	2010	8266
210 Fredensborg	2990 Nivå	2011	8243
210 Fredensborg	2990 Nivå	2012	8334
210 Fredensborg	2990 Nivå	2013	8191
210 Fredensborg	2990 Nivå	2014	8197
210 Fredensborg	2990 Nivå	2015	8187
210 Fredensborg	2990 Nivå	2016	8190
210 Fredensborg	2990 Nivå	2017	8382
210 Fredensborg	2990 Nivå	2018	8425
210 Fredensborg	2990 Nivå	2019	8461
210 Fredensborg	2990 Nivå	2020	8397
210 Fredensborg	2990 Nivå	2021	8380
210 Fredensborg	2990 Nivå	2022	8455
210 Fredensborg	2990 Nivå	2023	8894
210 Fredensborg	2990 Nivå	2024	9216
210 Fredensborg	2990 Nivå	2025	9284
210 Fredensborg	2990 Nivå	2026	9359
210 Fredensborg	3050 Humlebæk	2010	9358
210 Fredensborg	3050 Humlebæk	2011	9389
210 Fredensborg	3050 Humlebæk	2012	9390
210 Fredensborg	3050 Humlebæk	2013	9340
210 Fredensborg	3050 Humlebæk	2014	9382
210 Fredensborg	3050 Humlebæk	2015	9504
210 Fredensborg	3050 Humlebæk	2016	9725
210 Fredensborg	3050 Humlebæk	2017	9709
210 Fredensborg	3050 Humlebæk	2018	9751
210 Fredensborg	3050 Humlebæk	2019	9755
210 Fredensborg	3050 Humlebæk	2020	9843
210 Fredensborg	3050 Humlebæk	2021	9851
210 Fredensborg	3050 Humlebæk	2022	9852
210 Fredensborg	3050 Humlebæk	2023	9845
210 Fredensborg	3050 Humlebæk	2024	9854
210 Fredensborg	3050 Humlebæk	2025	9750
210 Fredensborg	3050 Humlebæk	2026	9781
210 Fredensborg	3060 Espergærde	2010	1
210 Fredensborg	3060 Espergærde	2011	1
210 Fredensborg	3060 Espergærde	2012	1
210 Fredensborg	3060 Espergærde	2013	1
210 Fredensborg	3060 Espergærde	2014	1
210 Fredensborg	3060 Espergærde	2015	1
210 Fredensborg	3060 Espergærde	2016	1
210 Fredensborg	3060 Espergærde	2017	1
210 Fredensborg	3060 Espergærde	2018	1
210 Fredensborg	3060 Espergærde	2019	0
210 Fredensborg	3060 Espergærde	2020	0
210 Fredensborg	3060 Espergærde	2021	0
210 Fredensborg	3060 Espergærde	2022	0
210 Fredensborg	3060 Espergærde	2023	1
210 Fredensborg	3060 Espergærde	2024	0
210 Fredensborg	3060 Espergærde	2025	0
210 Fredensborg	3060 Espergærde	2026	0
210 Fredensborg	3400 Hillerød	2010	57
210 Fredensborg	3400 Hillerød	2011	55
210 Fredensborg	3400 Hillerød	2012	58
210 Fredensborg	3400 Hillerød	2013	67
210 Fredensborg	3400 Hillerød	2014	61
210 Fredensborg	3400 Hillerød	2015	71
210 Fredensborg	3400 Hillerød	2016	65
210 Fredensborg	3400 Hillerød	2017	65
210 Fredensborg	3400 Hillerød	2018	64
210 Fredensborg	3400 Hillerød	2019	56
210 Fredensborg	3400 Hillerød	2020	55
210 Fredensborg	3400 Hillerød	2021	55
210 Fredensborg	3400 Hillerød	2022	58
210 Fredensborg	3400 Hillerød	2023	62
210 Fredensborg	3400 Hillerød	2024	58
210 Fredensborg	3400 Hillerød	2025	66
210 Fredensborg	3400 Hillerød	2026	69
210 Fredensborg	3450 Allerød	2010	145
210 Fredensborg	3450 Allerød	2011	143
210 Fredensborg	3450 Allerød	2012	140
210 Fredensborg	3450 Allerød	2013	144
210 Fredensborg	3450 Allerød	2014	145
210 Fredensborg	3450 Allerød	2015	137
210 Fredensborg	3450 Allerød	2016	142
210 Fredensborg	3450 Allerød	2017	143
210 Fredensborg	3450 Allerød	2018	146
210 Fredensborg	3450 Allerød	2019	142
210 Fredensborg	3450 Allerød	2020	143
210 Fredensborg	3450 Allerød	2021	151
210 Fredensborg	3450 Allerød	2022	154
210 Fredensborg	3450 Allerød	2023	149
210 Fredensborg	3450 Allerød	2024	152
210 Fredensborg	3450 Allerød	2025	161
210 Fredensborg	3450 Allerød	2026	166
210 Fredensborg	3480 Fredensborg	2010	10545
210 Fredensborg	3480 Fredensborg	2011	10644
210 Fredensborg	3480 Fredensborg	2012	10613
210 Fredensborg	3480 Fredensborg	2013	10637
210 Fredensborg	3480 Fredensborg	2014	10651
210 Fredensborg	3480 Fredensborg	2015	10619
210 Fredensborg	3480 Fredensborg	2016	10652
210 Fredensborg	3480 Fredensborg	2017	10764
210 Fredensborg	3480 Fredensborg	2018	10843
210 Fredensborg	3480 Fredensborg	2019	10933
210 Fredensborg	3480 Fredensborg	2020	11015
210 Fredensborg	3480 Fredensborg	2021	11046
210 Fredensborg	3480 Fredensborg	2022	11275
210 Fredensborg	3480 Fredensborg	2023	11269
210 Fredensborg	3480 Fredensborg	2024	11203
210 Fredensborg	3480 Fredensborg	2025	11239
210 Fredensborg	3480 Fredensborg	2026	11213
210 Fredensborg	3490 Kvistgård	2010	165
210 Fredensborg	3490 Kvistgård	2011	161
210 Fredensborg	3490 Kvistgård	2012	172
210 Fredensborg	3490 Kvistgård	2013	177
210 Fredensborg	3490 Kvistgård	2014	179
210 Fredensborg	3490 Kvistgård	2015	172
210 Fredensborg	3490 Kvistgård	2016	171
210 Fredensborg	3490 Kvistgård	2017	173
210 Fredensborg	3490 Kvistgård	2018	168
210 Fredensborg	3490 Kvistgård	2019	162
210 Fredensborg	3490 Kvistgård	2020	154
210 Fredensborg	3490 Kvistgård	2021	160
210 Fredensborg	3490 Kvistgård	2022	162
210 Fredensborg	3490 Kvistgård	2023	174
210 Fredensborg	3490 Kvistgård	2024	173
210 Fredensborg	3490 Kvistgård	2025	171
210 Fredensborg	3490 Kvistgård	2026	175
210 Fredensborg	9999 Ukendt	2010	86
210 Fredensborg	9999 Ukendt	2011	99
210 Fredensborg	9999 Ukendt	2012	115
210 Fredensborg	9999 Ukendt	2013	122
210 Fredensborg	9999 Ukendt	2014	119
210 Fredensborg	9999 Ukendt	2015	139
210 Fredensborg	9999 Ukendt	2016	143
210 Fredensborg	9999 Ukendt	2017	112
210 Fredensborg	9999 Ukendt	2018	107
210 Fredensborg	9999 Ukendt	2019	98
210 Fredensborg	9999 Ukendt	2020	103
210 Fredensborg	9999 Ukendt	2021	106
210 Fredensborg	9999 Ukendt	2022	100
210 Fredensborg	9999 Ukendt	2023	99
210 Fredensborg	9999 Ukendt	2024	106
210 Fredensborg	9999 Ukendt	2025	104
210 Fredensborg	9999 Ukendt	2026	87
217 Helsingør	3000 Helsingør	2010	29984
217 Helsingør	3000 Helsingør	2011	30088
217 Helsingør	3000 Helsingør	2012	30176
217 Helsingør	3000 Helsingør	2013	30286
217 Helsingør	3000 Helsingør	2014	30336
217 Helsingør	3000 Helsingør	2015	30449
217 Helsingør	3000 Helsingør	2016	30821
217 Helsingør	3000 Helsingør	2017	30995
217 Helsingør	3000 Helsingør	2018	31083
217 Helsingør	3000 Helsingør	2019	31029
217 Helsingør	3000 Helsingør	2020	31061
217 Helsingør	3000 Helsingør	2021	31070
217 Helsingør	3000 Helsingør	2022	30859
217 Helsingør	3000 Helsingør	2023	31118
217 Helsingør	3000 Helsingør	2024	31092
217 Helsingør	3000 Helsingør	2025	31084
217 Helsingør	3000 Helsingør	2026	31327
217 Helsingør	3050 Humlebæk	2010	56
217 Helsingør	3050 Humlebæk	2011	0
217 Helsingør	3050 Humlebæk	2012	0
217 Helsingør	3050 Humlebæk	2013	0
217 Helsingør	3050 Humlebæk	2014	0
217 Helsingør	3050 Humlebæk	2015	0
217 Helsingør	3050 Humlebæk	2016	0
217 Helsingør	3050 Humlebæk	2017	0
217 Helsingør	3050 Humlebæk	2018	0
217 Helsingør	3050 Humlebæk	2019	0
217 Helsingør	3050 Humlebæk	2020	0
217 Helsingør	3050 Humlebæk	2021	0
217 Helsingør	3050 Humlebæk	2022	0
217 Helsingør	3050 Humlebæk	2023	0
217 Helsingør	3050 Humlebæk	2024	0
217 Helsingør	3050 Humlebæk	2025	0
217 Helsingør	3050 Humlebæk	2026	0
217 Helsingør	3060 Espergærde	2010	11530
217 Helsingør	3060 Espergærde	2011	11618
217 Helsingør	3060 Espergærde	2012	11592
217 Helsingør	3060 Espergærde	2013	11558
217 Helsingør	3060 Espergærde	2014	11516
217 Helsingør	3060 Espergærde	2015	11469
217 Helsingør	3060 Espergærde	2016	11448
217 Helsingør	3060 Espergærde	2017	11552
217 Helsingør	3060 Espergærde	2018	11666
217 Helsingør	3060 Espergærde	2019	11655
217 Helsingør	3060 Espergærde	2020	11756
217 Helsingør	3060 Espergærde	2021	11815
217 Helsingør	3060 Espergærde	2022	11846
217 Helsingør	3060 Espergærde	2023	11904
217 Helsingør	3060 Espergærde	2024	12379
217 Helsingør	3060 Espergærde	2025	12622
217 Helsingør	3060 Espergærde	2026	12757
217 Helsingør	3070 Snekkersten	2010	5646
217 Helsingør	3070 Snekkersten	2011	5650
217 Helsingør	3070 Snekkersten	2012	5594
217 Helsingør	3070 Snekkersten	2013	5619
217 Helsingør	3070 Snekkersten	2014	5562
217 Helsingør	3070 Snekkersten	2015	5578
217 Helsingør	3070 Snekkersten	2016	5579
217 Helsingør	3070 Snekkersten	2017	5592
217 Helsingør	3070 Snekkersten	2018	5615
217 Helsingør	3070 Snekkersten	2019	5640
217 Helsingør	3070 Snekkersten	2020	5606
217 Helsingør	3070 Snekkersten	2021	5570
217 Helsingør	3070 Snekkersten	2022	5530
217 Helsingør	3070 Snekkersten	2023	5509
217 Helsingør	3070 Snekkersten	2024	5451
217 Helsingør	3070 Snekkersten	2025	5406
217 Helsingør	3070 Snekkersten	2026	5346
217 Helsingør	3080 Tikøb	2010	1359
217 Helsingør	3080 Tikøb	2011	1347
217 Helsingør	3080 Tikøb	2012	1365
217 Helsingør	3080 Tikøb	2013	1377
217 Helsingør	3080 Tikøb	2014	1397
217 Helsingør	3080 Tikøb	2015	1415
217 Helsingør	3080 Tikøb	2016	1409
217 Helsingør	3080 Tikøb	2017	1398
217 Helsingør	3080 Tikøb	2018	1428
217 Helsingør	3080 Tikøb	2019	1431
217 Helsingør	3080 Tikøb	2020	1461
217 Helsingør	3080 Tikøb	2021	1410
217 Helsingør	3080 Tikøb	2022	1431
217 Helsingør	3080 Tikøb	2023	1463
217 Helsingør	3080 Tikøb	2024	1457
217 Helsingør	3080 Tikøb	2025	1480
217 Helsingør	3080 Tikøb	2026	1466
217 Helsingør	3100 Hornbæk	2010	5200
217 Helsingør	3100 Hornbæk	2011	5184
217 Helsingør	3100 Hornbæk	2012	5225
217 Helsingør	3100 Hornbæk	2013	5217
217 Helsingør	3100 Hornbæk	2014	5200
217 Helsingør	3100 Hornbæk	2015	5209
217 Helsingør	3100 Hornbæk	2016	5259
217 Helsingør	3100 Hornbæk	2017	5264
217 Helsingør	3100 Hornbæk	2018	5259
217 Helsingør	3100 Hornbæk	2019	5265
217 Helsingør	3100 Hornbæk	2020	5312
217 Helsingør	3100 Hornbæk	2021	5358
217 Helsingør	3100 Hornbæk	2022	5374
217 Helsingør	3100 Hornbæk	2023	5522
217 Helsingør	3100 Hornbæk	2024	5575
217 Helsingør	3100 Hornbæk	2025	5464
217 Helsingør	3100 Hornbæk	2026	5411
217 Helsingør	3140 Ålsgårde	2010	4867
217 Helsingør	3140 Ålsgårde	2011	4957
217 Helsingør	3140 Ålsgårde	2012	4943
217 Helsingør	3140 Ålsgårde	2013	4924
217 Helsingør	3140 Ålsgårde	2014	4913
217 Helsingør	3140 Ålsgårde	2015	4904
217 Helsingør	3140 Ålsgårde	2016	4934
217 Helsingør	3140 Ålsgårde	2017	4940
217 Helsingør	3140 Ålsgårde	2018	4917
217 Helsingør	3140 Ålsgårde	2019	4917
217 Helsingør	3140 Ålsgårde	2020	4900
217 Helsingør	3140 Ålsgårde	2021	5179
217 Helsingør	3140 Ålsgårde	2022	5275
217 Helsingør	3140 Ålsgårde	2023	5292
217 Helsingør	3140 Ålsgårde	2024	5307
217 Helsingør	3140 Ålsgårde	2025	5251
217 Helsingør	3140 Ålsgårde	2026	5226
217 Helsingør	3150 Hellebæk	2010	855
217 Helsingør	3150 Hellebæk	2011	863
217 Helsingør	3150 Hellebæk	2012	848
217 Helsingør	3150 Hellebæk	2013	851
217 Helsingør	3150 Hellebæk	2014	833
217 Helsingør	3150 Hellebæk	2015	829
217 Helsingør	3150 Hellebæk	2016	825
217 Helsingør	3150 Hellebæk	2017	832
217 Helsingør	3150 Hellebæk	2018	841
217 Helsingør	3150 Hellebæk	2019	821
217 Helsingør	3150 Hellebæk	2020	795
217 Helsingør	3150 Hellebæk	2021	812
217 Helsingør	3150 Hellebæk	2022	763
217 Helsingør	3150 Hellebæk	2023	794
217 Helsingør	3150 Hellebæk	2024	804
217 Helsingør	3150 Hellebæk	2025	793
217 Helsingør	3150 Hellebæk	2026	801
217 Helsingør	3230 Græsted	2010	117
217 Helsingør	3230 Græsted	2011	115
217 Helsingør	3230 Græsted	2012	116
217 Helsingør	3230 Græsted	2013	108
217 Helsingør	3230 Græsted	2014	117
217 Helsingør	3230 Græsted	2015	121
217 Helsingør	3230 Græsted	2016	121
217 Helsingør	3230 Græsted	2017	136
217 Helsingør	3230 Græsted	2018	131
217 Helsingør	3230 Græsted	2019	134
217 Helsingør	3230 Græsted	2020	124
217 Helsingør	3230 Græsted	2021	129
217 Helsingør	3230 Græsted	2022	122
217 Helsingør	3230 Græsted	2023	118
217 Helsingør	3230 Græsted	2024	114
217 Helsingør	3230 Græsted	2025	104
217 Helsingør	3230 Græsted	2026	113
217 Helsingør	3480 Fredensborg	2010	42
217 Helsingør	3480 Fredensborg	2011	32
217 Helsingør	3480 Fredensborg	2012	31
217 Helsingør	3480 Fredensborg	2013	44
217 Helsingør	3480 Fredensborg	2014	42
217 Helsingør	3480 Fredensborg	2015	40
217 Helsingør	3480 Fredensborg	2016	39
217 Helsingør	3480 Fredensborg	2017	41
217 Helsingør	3480 Fredensborg	2018	41
217 Helsingør	3480 Fredensborg	2019	42
217 Helsingør	3480 Fredensborg	2020	42
217 Helsingør	3480 Fredensborg	2021	42
217 Helsingør	3480 Fredensborg	2022	43
217 Helsingør	3480 Fredensborg	2023	40
217 Helsingør	3480 Fredensborg	2024	34
217 Helsingør	3480 Fredensborg	2025	42
217 Helsingør	3480 Fredensborg	2026	44
217 Helsingør	3490 Kvistgård	2010	1350
217 Helsingør	3490 Kvistgård	2011	1372
217 Helsingør	3490 Kvistgård	2012	1412
217 Helsingør	3490 Kvistgård	2013	1433
217 Helsingør	3490 Kvistgård	2014	1443
217 Helsingør	3490 Kvistgård	2015	1470
217 Helsingør	3490 Kvistgård	2016	1531
217 Helsingør	3490 Kvistgård	2017	1550
217 Helsingør	3490 Kvistgård	2018	1561
217 Helsingør	3490 Kvistgård	2019	1525
217 Helsingør	3490 Kvistgård	2020	1520
217 Helsingør	3490 Kvistgård	2021	1479
217 Helsingør	3490 Kvistgård	2022	1492
217 Helsingør	3490 Kvistgård	2023	1504
217 Helsingør	3490 Kvistgård	2024	1494
217 Helsingør	3490 Kvistgård	2025	1578
217 Helsingør	3490 Kvistgård	2026	1623
217 Helsingør	9999 Ukendt	2010	137
217 Helsingør	9999 Ukendt	2011	142
217 Helsingør	9999 Ukendt	2012	191
217 Helsingør	9999 Ukendt	2013	196
217 Helsingør	9999 Ukendt	2014	160
217 Helsingør	9999 Ukendt	2015	148
217 Helsingør	9999 Ukendt	2016	126
217 Helsingør	9999 Ukendt	2017	143
217 Helsingør	9999 Ukendt	2018	144
217 Helsingør	9999 Ukendt	2019	108
217 Helsingør	9999 Ukendt	2020	118
217 Helsingør	9999 Ukendt	2021	136
217 Helsingør	9999 Ukendt	2022	140
217 Helsingør	9999 Ukendt	2023	135
217 Helsingør	9999 Ukendt	2024	131
217 Helsingør	9999 Ukendt	2025	129
217 Helsingør	9999 Ukendt	2026	130
219 Hillerød	3200 Helsinge	2010	3
219 Hillerød	3200 Helsinge	2011	4
219 Hillerød	3200 Helsinge	2012	3
219 Hillerød	3200 Helsinge	2013	3
219 Hillerød	3200 Helsinge	2014	3
219 Hillerød	3200 Helsinge	2015	4
219 Hillerød	3200 Helsinge	2016	2
219 Hillerød	3200 Helsinge	2017	4
219 Hillerød	3200 Helsinge	2018	4
219 Hillerød	3200 Helsinge	2019	4
219 Hillerød	3200 Helsinge	2020	3
219 Hillerød	3200 Helsinge	2021	3
219 Hillerød	3200 Helsinge	2022	3
219 Hillerød	3200 Helsinge	2023	4
219 Hillerød	3200 Helsinge	2024	4
219 Hillerød	3200 Helsinge	2025	5
219 Hillerød	3200 Helsinge	2026	5
219 Hillerød	3230 Græsted	2010	1
219 Hillerød	3230 Græsted	2011	1
219 Hillerød	3230 Græsted	2012	1
219 Hillerød	3230 Græsted	2013	1
219 Hillerød	3230 Græsted	2014	1
219 Hillerød	3230 Græsted	2015	1
219 Hillerød	3230 Græsted	2016	1
219 Hillerød	3230 Græsted	2017	0
219 Hillerød	3230 Græsted	2018	2
219 Hillerød	3230 Græsted	2019	1
219 Hillerød	3230 Græsted	2020	1
219 Hillerød	3230 Græsted	2021	1
219 Hillerød	3230 Græsted	2022	1
219 Hillerød	3230 Græsted	2023	1
219 Hillerød	3230 Græsted	2024	1
219 Hillerød	3230 Græsted	2025	4
219 Hillerød	3230 Græsted	2026	4
219 Hillerød	3310 Ølsted	2010	91
219 Hillerød	3310 Ølsted	2011	85
219 Hillerød	3310 Ølsted	2012	77
219 Hillerød	3310 Ølsted	2013	78
219 Hillerød	3310 Ølsted	2014	78
219 Hillerød	3310 Ølsted	2015	83
219 Hillerød	3310 Ølsted	2016	80
219 Hillerød	3310 Ølsted	2017	84
219 Hillerød	3310 Ølsted	2018	89
219 Hillerød	3310 Ølsted	2019	84
219 Hillerød	3310 Ølsted	2020	82
219 Hillerød	3310 Ølsted	2021	89
219 Hillerød	3310 Ølsted	2022	86
219 Hillerød	3310 Ølsted	2023	87
219 Hillerød	3310 Ølsted	2024	80
219 Hillerød	3310 Ølsted	2025	88
219 Hillerød	3310 Ølsted	2026	88
219 Hillerød	3320 Skævinge	2010	5127
219 Hillerød	3320 Skævinge	2011	5253
219 Hillerød	3320 Skævinge	2012	5242
219 Hillerød	3320 Skævinge	2013	5197
219 Hillerød	3320 Skævinge	2014	5278
219 Hillerød	3320 Skævinge	2015	5264
219 Hillerød	3320 Skævinge	2016	5307
219 Hillerød	3320 Skævinge	2017	5343
219 Hillerød	3320 Skævinge	2018	5350
219 Hillerød	3320 Skævinge	2019	5377
219 Hillerød	3320 Skævinge	2020	5273
219 Hillerød	3320 Skævinge	2021	5253
219 Hillerød	3320 Skævinge	2022	5268
219 Hillerød	3320 Skævinge	2023	5514
219 Hillerød	3320 Skævinge	2024	5597
219 Hillerød	3320 Skævinge	2025	5668
219 Hillerød	3320 Skævinge	2026	5667
219 Hillerød	3330 Gørløse	2010	1365
219 Hillerød	3330 Gørløse	2011	1378
219 Hillerød	3330 Gørløse	2012	1385
219 Hillerød	3330 Gørløse	2013	1375
219 Hillerød	3330 Gørløse	2014	1387
219 Hillerød	3330 Gørløse	2015	1400
219 Hillerød	3330 Gørløse	2016	1427
219 Hillerød	3330 Gørløse	2017	1474
219 Hillerød	3330 Gørløse	2018	1524
219 Hillerød	3330 Gørløse	2019	1559
219 Hillerød	3330 Gørløse	2020	1564
219 Hillerød	3330 Gørløse	2021	1539
219 Hillerød	3330 Gørløse	2022	1569
219 Hillerød	3330 Gørløse	2023	1576
219 Hillerød	3330 Gørløse	2024	1566
219 Hillerød	3330 Gørløse	2025	1572
219 Hillerød	3330 Gørløse	2026	1579
219 Hillerød	3400 Hillerød	2010	37141
219 Hillerød	3400 Hillerød	2011	37518
219 Hillerød	3400 Hillerød	2012	37742
219 Hillerød	3400 Hillerød	2013	37934
219 Hillerød	3400 Hillerød	2014	38252
219 Hillerød	3400 Hillerød	2015	38662
219 Hillerød	3400 Hillerød	2016	39137
219 Hillerød	3400 Hillerød	2017	39456
219 Hillerød	3400 Hillerød	2018	39912
219 Hillerød	3400 Hillerød	2019	40269
219 Hillerød	3400 Hillerød	2020	40499
219 Hillerød	3400 Hillerød	2021	40839
219 Hillerød	3400 Hillerød	2022	42472
219 Hillerød	3400 Hillerød	2023	43159
219 Hillerød	3400 Hillerød	2024	43378
219 Hillerød	3400 Hillerød	2025	43709
219 Hillerød	3400 Hillerød	2026	44015
219 Hillerød	3450 Allerød	2010	16
219 Hillerød	3450 Allerød	2011	14
219 Hillerød	3450 Allerød	2012	14
219 Hillerød	3450 Allerød	2013	19
219 Hillerød	3450 Allerød	2014	13
219 Hillerød	3450 Allerød	2015	13
219 Hillerød	3450 Allerød	2016	17
219 Hillerød	3450 Allerød	2017	17
219 Hillerød	3450 Allerød	2018	17
219 Hillerød	3450 Allerød	2019	16
219 Hillerød	3450 Allerød	2020	15
219 Hillerød	3450 Allerød	2021	16
219 Hillerød	3450 Allerød	2022	15
219 Hillerød	3450 Allerød	2023	17
219 Hillerød	3450 Allerød	2024	17
219 Hillerød	3450 Allerød	2025	17
219 Hillerød	3450 Allerød	2026	20
219 Hillerød	3480 Fredensborg	2010	2030
219 Hillerød	3480 Fredensborg	2011	1987
219 Hillerød	3480 Fredensborg	2012	2023
219 Hillerød	3480 Fredensborg	2013	1998
219 Hillerød	3480 Fredensborg	2014	2006
219 Hillerød	3480 Fredensborg	2015	2009
219 Hillerød	3480 Fredensborg	2016	2033
219 Hillerød	3480 Fredensborg	2017	2053
219 Hillerød	3480 Fredensborg	2018	2072
219 Hillerød	3480 Fredensborg	2019	2044
219 Hillerød	3480 Fredensborg	2020	2073
219 Hillerød	3480 Fredensborg	2021	2099
219 Hillerød	3480 Fredensborg	2022	2109
219 Hillerød	3480 Fredensborg	2023	2075
219 Hillerød	3480 Fredensborg	2024	2053
219 Hillerød	3480 Fredensborg	2025	2057
219 Hillerød	3480 Fredensborg	2026	2072
219 Hillerød	3540 Lynge	2010	75
219 Hillerød	3540 Lynge	2011	79
219 Hillerød	3540 Lynge	2012	76
219 Hillerød	3540 Lynge	2013	81
219 Hillerød	3540 Lynge	2014	72
219 Hillerød	3540 Lynge	2015	74
219 Hillerød	3540 Lynge	2016	73
219 Hillerød	3540 Lynge	2017	74
219 Hillerød	3540 Lynge	2018	74
219 Hillerød	3540 Lynge	2019	80
219 Hillerød	3540 Lynge	2020	85
219 Hillerød	3540 Lynge	2021	76
219 Hillerød	3540 Lynge	2022	71
219 Hillerød	3540 Lynge	2023	70
219 Hillerød	3540 Lynge	2024	70
219 Hillerød	3540 Lynge	2025	72
219 Hillerød	3540 Lynge	2026	73
219 Hillerød	3550 Slangerup	2010	1327
219 Hillerød	3550 Slangerup	2011	1325
219 Hillerød	3550 Slangerup	2012	1362
219 Hillerød	3550 Slangerup	2013	1360
219 Hillerød	3550 Slangerup	2014	1340
219 Hillerød	3550 Slangerup	2015	1335
219 Hillerød	3550 Slangerup	2016	1327
219 Hillerød	3550 Slangerup	2017	1350
219 Hillerød	3550 Slangerup	2018	1358
219 Hillerød	3550 Slangerup	2019	1317
219 Hillerød	3550 Slangerup	2020	1333
219 Hillerød	3550 Slangerup	2021	1364
219 Hillerød	3550 Slangerup	2022	1423
219 Hillerød	3550 Slangerup	2023	1416
219 Hillerød	3550 Slangerup	2024	1411
219 Hillerød	3550 Slangerup	2025	1405
219 Hillerød	3550 Slangerup	2026	1375
219 Hillerød	3600 Frederikssund	2010	262
219 Hillerød	3600 Frederikssund	2011	250
219 Hillerød	3600 Frederikssund	2012	257
219 Hillerød	3600 Frederikssund	2013	249
219 Hillerød	3600 Frederikssund	2014	248
219 Hillerød	3600 Frederikssund	2015	229
219 Hillerød	3600 Frederikssund	2016	229
219 Hillerød	3600 Frederikssund	2017	227
219 Hillerød	3600 Frederikssund	2018	224
219 Hillerød	3600 Frederikssund	2019	231
219 Hillerød	3600 Frederikssund	2020	240
219 Hillerød	3600 Frederikssund	2021	232
219 Hillerød	3600 Frederikssund	2022	225
219 Hillerød	3600 Frederikssund	2023	226
219 Hillerød	3600 Frederikssund	2024	233
219 Hillerød	3600 Frederikssund	2025	235
219 Hillerød	3600 Frederikssund	2026	233
219 Hillerød	9999 Ukendt	2010	35
219 Hillerød	9999 Ukendt	2011	22
219 Hillerød	9999 Ukendt	2012	21
219 Hillerød	9999 Ukendt	2013	20
219 Hillerød	9999 Ukendt	2014	17
219 Hillerød	9999 Ukendt	2015	34
219 Hillerød	9999 Ukendt	2016	39
219 Hillerød	9999 Ukendt	2017	27
219 Hillerød	9999 Ukendt	2018	24
219 Hillerød	9999 Ukendt	2019	16
219 Hillerød	9999 Ukendt	2020	15
219 Hillerød	9999 Ukendt	2021	17
219 Hillerød	9999 Ukendt	2022	15
219 Hillerød	9999 Ukendt	2023	14
219 Hillerød	9999 Ukendt	2024	12
219 Hillerød	9999 Ukendt	2025	23
219 Hillerød	9999 Ukendt	2026	51
223 Hørsholm	2950 Vedbæk	2010	586
223 Hørsholm	2950 Vedbæk	2011	586
223 Hørsholm	2950 Vedbæk	2012	593
223 Hørsholm	2950 Vedbæk	2013	599
223 Hørsholm	2950 Vedbæk	2014	619
223 Hørsholm	2950 Vedbæk	2015	604
223 Hørsholm	2950 Vedbæk	2016	613
223 Hørsholm	2950 Vedbæk	2017	637
223 Hørsholm	2950 Vedbæk	2018	640
223 Hørsholm	2950 Vedbæk	2019	615
223 Hørsholm	2950 Vedbæk	2020	626
223 Hørsholm	2950 Vedbæk	2021	621
223 Hørsholm	2950 Vedbæk	2022	574
223 Hørsholm	2950 Vedbæk	2023	602
223 Hørsholm	2950 Vedbæk	2024	598
223 Hørsholm	2950 Vedbæk	2025	606
223 Hørsholm	2950 Vedbæk	2026	611
223 Hørsholm	2960 Rungsted Kyst	2010	5708
223 Hørsholm	2960 Rungsted Kyst	2011	5726
223 Hørsholm	2960 Rungsted Kyst	2012	5705
223 Hørsholm	2960 Rungsted Kyst	2013	5725
223 Hørsholm	2960 Rungsted Kyst	2014	5721
223 Hørsholm	2960 Rungsted Kyst	2015	5701
223 Hørsholm	2960 Rungsted Kyst	2016	5798
223 Hørsholm	2960 Rungsted Kyst	2017	5737
223 Hørsholm	2960 Rungsted Kyst	2018	5760
223 Hørsholm	2960 Rungsted Kyst	2019	5797
223 Hørsholm	2960 Rungsted Kyst	2020	5747
223 Hørsholm	2960 Rungsted Kyst	2021	5835
223 Hørsholm	2960 Rungsted Kyst	2022	5924
223 Hørsholm	2960 Rungsted Kyst	2023	5833
223 Hørsholm	2960 Rungsted Kyst	2024	5844
223 Hørsholm	2960 Rungsted Kyst	2025	5813
223 Hørsholm	2960 Rungsted Kyst	2026	5828
223 Hørsholm	2970 Hørsholm	2010	18015
223 Hørsholm	2970 Hørsholm	2011	18018
223 Hørsholm	2970 Hørsholm	2012	17958
223 Hørsholm	2970 Hørsholm	2013	18106
223 Hørsholm	2970 Hørsholm	2014	18253
223 Hørsholm	2970 Hørsholm	2015	18496
223 Hørsholm	2970 Hørsholm	2016	18499
223 Hørsholm	2970 Hørsholm	2017	18537
223 Hørsholm	2970 Hørsholm	2018	18581
223 Hørsholm	2970 Hørsholm	2019	18559
223 Hørsholm	2970 Hørsholm	2020	18456
223 Hørsholm	2970 Hørsholm	2021	18435
223 Hørsholm	2970 Hørsholm	2022	18237
223 Hørsholm	2970 Hørsholm	2023	18263
223 Hørsholm	2970 Hørsholm	2024	18350
223 Hørsholm	2970 Hørsholm	2025	18724
223 Hørsholm	2970 Hørsholm	2026	18889
223 Hørsholm	2980 Kokkedal	2010	2
223 Hørsholm	2980 Kokkedal	2011	4
223 Hørsholm	2980 Kokkedal	2012	3
223 Hørsholm	2980 Kokkedal	2013	3
223 Hørsholm	2980 Kokkedal	2014	4
223 Hørsholm	2980 Kokkedal	2015	4
223 Hørsholm	2980 Kokkedal	2016	4
223 Hørsholm	2980 Kokkedal	2017	4
223 Hørsholm	2980 Kokkedal	2018	5
223 Hørsholm	2980 Kokkedal	2019	5
223 Hørsholm	2980 Kokkedal	2020	5
223 Hørsholm	2980 Kokkedal	2021	5
223 Hørsholm	2980 Kokkedal	2022	5
223 Hørsholm	2980 Kokkedal	2023	3
223 Hørsholm	2980 Kokkedal	2024	3
223 Hørsholm	2980 Kokkedal	2025	3
223 Hørsholm	2980 Kokkedal	2026	3
223 Hørsholm	9999 Ukendt	2010	67
223 Hørsholm	9999 Ukendt	2011	81
223 Hørsholm	9999 Ukendt	2012	106
223 Hørsholm	9999 Ukendt	2013	110
223 Hørsholm	9999 Ukendt	2014	112
223 Hørsholm	9999 Ukendt	2015	51
223 Hørsholm	9999 Ukendt	2016	51
223 Hørsholm	9999 Ukendt	2017	62
223 Hørsholm	9999 Ukendt	2018	42
223 Hørsholm	9999 Ukendt	2019	31
223 Hørsholm	9999 Ukendt	2020	30
223 Hørsholm	9999 Ukendt	2021	21
223 Hørsholm	9999 Ukendt	2022	21
223 Hørsholm	9999 Ukendt	2023	14
223 Hørsholm	9999 Ukendt	2024	16
223 Hørsholm	9999 Ukendt	2025	22
223 Hørsholm	9999 Ukendt	2026	23
230 Rudersdal	2800 Kgs. Lyngby	2010	8
230 Rudersdal	2800 Kgs. Lyngby	2011	12
230 Rudersdal	2800 Kgs. Lyngby	2012	9
230 Rudersdal	2800 Kgs. Lyngby	2013	6
230 Rudersdal	2800 Kgs. Lyngby	2014	6
230 Rudersdal	2800 Kgs. Lyngby	2015	12
230 Rudersdal	2800 Kgs. Lyngby	2016	14
230 Rudersdal	2800 Kgs. Lyngby	2017	14
230 Rudersdal	2800 Kgs. Lyngby	2018	14
230 Rudersdal	2800 Kgs. Lyngby	2019	15
230 Rudersdal	2800 Kgs. Lyngby	2020	12
230 Rudersdal	2800 Kgs. Lyngby	2021	14
230 Rudersdal	2800 Kgs. Lyngby	2022	15
230 Rudersdal	2800 Kgs. Lyngby	2023	14
230 Rudersdal	2800 Kgs. Lyngby	2024	15
230 Rudersdal	2800 Kgs. Lyngby	2025	15
230 Rudersdal	2800 Kgs. Lyngby	2026	14
230 Rudersdal	2830 Virum	2010	642
230 Rudersdal	2830 Virum	2011	629
230 Rudersdal	2830 Virum	2012	631
230 Rudersdal	2830 Virum	2013	634
230 Rudersdal	2830 Virum	2014	634
230 Rudersdal	2830 Virum	2015	626
230 Rudersdal	2830 Virum	2016	595
230 Rudersdal	2830 Virum	2017	617
230 Rudersdal	2830 Virum	2018	628
230 Rudersdal	2830 Virum	2019	617
230 Rudersdal	2830 Virum	2020	614
230 Rudersdal	2830 Virum	2021	608
230 Rudersdal	2830 Virum	2022	637
230 Rudersdal	2830 Virum	2023	629
230 Rudersdal	2830 Virum	2024	638
230 Rudersdal	2830 Virum	2025	626
230 Rudersdal	2830 Virum	2026	610
230 Rudersdal	2840 Holte	2010	15164
230 Rudersdal	2840 Holte	2011	15291
230 Rudersdal	2840 Holte	2012	15243
230 Rudersdal	2840 Holte	2013	15210
230 Rudersdal	2840 Holte	2014	15260
230 Rudersdal	2840 Holte	2015	15379
230 Rudersdal	2840 Holte	2016	15474
230 Rudersdal	2840 Holte	2017	15529
230 Rudersdal	2840 Holte	2018	15389
230 Rudersdal	2840 Holte	2019	15399
230 Rudersdal	2840 Holte	2020	15311
230 Rudersdal	2840 Holte	2021	15352
230 Rudersdal	2840 Holte	2022	15415
230 Rudersdal	2840 Holte	2023	15233
230 Rudersdal	2840 Holte	2024	15323
230 Rudersdal	2840 Holte	2025	15452
230 Rudersdal	2840 Holte	2026	15665
230 Rudersdal	2850 Nærum	2010	7169
230 Rudersdal	2850 Nærum	2011	7168
230 Rudersdal	2850 Nærum	2012	7205
230 Rudersdal	2850 Nærum	2013	7265
230 Rudersdal	2850 Nærum	2014	7378
230 Rudersdal	2850 Nærum	2015	7496
230 Rudersdal	2850 Nærum	2016	7535
230 Rudersdal	2850 Nærum	2017	7585
230 Rudersdal	2850 Nærum	2018	7645
230 Rudersdal	2850 Nærum	2019	7893
230 Rudersdal	2850 Nærum	2020	7881
230 Rudersdal	2850 Nærum	2021	7825
230 Rudersdal	2850 Nærum	2022	7841
230 Rudersdal	2850 Nærum	2023	7936
230 Rudersdal	2850 Nærum	2024	7890
230 Rudersdal	2850 Nærum	2025	7878
230 Rudersdal	2850 Nærum	2026	7957
230 Rudersdal	2942 Skodsborg	2010	1653
230 Rudersdal	2942 Skodsborg	2011	1641
230 Rudersdal	2942 Skodsborg	2012	1662
230 Rudersdal	2942 Skodsborg	2013	1673
230 Rudersdal	2942 Skodsborg	2014	1737
230 Rudersdal	2942 Skodsborg	2015	1718
230 Rudersdal	2942 Skodsborg	2016	1687
230 Rudersdal	2942 Skodsborg	2017	1722
230 Rudersdal	2942 Skodsborg	2018	1720
230 Rudersdal	2942 Skodsborg	2019	1710
230 Rudersdal	2942 Skodsborg	2020	1733
230 Rudersdal	2942 Skodsborg	2021	1726
230 Rudersdal	2942 Skodsborg	2022	1762
230 Rudersdal	2942 Skodsborg	2023	1750
230 Rudersdal	2942 Skodsborg	2024	1702
230 Rudersdal	2942 Skodsborg	2025	1717
230 Rudersdal	2942 Skodsborg	2026	1718
230 Rudersdal	2950 Vedbæk	2010	7340
230 Rudersdal	2950 Vedbæk	2011	7370
230 Rudersdal	2950 Vedbæk	2012	7308
230 Rudersdal	2950 Vedbæk	2013	7354
230 Rudersdal	2950 Vedbæk	2014	7253
230 Rudersdal	2950 Vedbæk	2015	7366
230 Rudersdal	2950 Vedbæk	2016	7455
230 Rudersdal	2950 Vedbæk	2017	7502
230 Rudersdal	2950 Vedbæk	2018	7485
230 Rudersdal	2950 Vedbæk	2019	7552
230 Rudersdal	2950 Vedbæk	2020	7738
230 Rudersdal	2950 Vedbæk	2021	8004
230 Rudersdal	2950 Vedbæk	2022	8083
230 Rudersdal	2950 Vedbæk	2023	8166
230 Rudersdal	2950 Vedbæk	2024	8132
230 Rudersdal	2950 Vedbæk	2025	8109
230 Rudersdal	2950 Vedbæk	2026	8123
230 Rudersdal	2970 Hørsholm	2010	1606
230 Rudersdal	2970 Hørsholm	2011	1638
230 Rudersdal	2970 Hørsholm	2012	1650
230 Rudersdal	2970 Hørsholm	2013	1624
230 Rudersdal	2970 Hørsholm	2014	1651
230 Rudersdal	2970 Hørsholm	2015	1704
230 Rudersdal	2970 Hørsholm	2016	1724
230 Rudersdal	2970 Hørsholm	2017	1751
230 Rudersdal	2970 Hørsholm	2018	1755
230 Rudersdal	2970 Hørsholm	2019	1745
230 Rudersdal	2970 Hørsholm	2020	1789
230 Rudersdal	2970 Hørsholm	2021	1781
230 Rudersdal	2970 Hørsholm	2022	1780
230 Rudersdal	2970 Hørsholm	2023	1776
230 Rudersdal	2970 Hørsholm	2024	1755
230 Rudersdal	2970 Hørsholm	2025	1753
230 Rudersdal	2970 Hørsholm	2026	1750
230 Rudersdal	3460 Birkerød	2010	20695
230 Rudersdal	3460 Birkerød	2011	20858
230 Rudersdal	3460 Birkerød	2012	20774
230 Rudersdal	3460 Birkerød	2013	20923
230 Rudersdal	3460 Birkerød	2014	20991
230 Rudersdal	3460 Birkerød	2015	21026
230 Rudersdal	3460 Birkerød	2016	21150
230 Rudersdal	3460 Birkerød	2017	21306
230 Rudersdal	3460 Birkerød	2018	21256
230 Rudersdal	3460 Birkerød	2019	21456
230 Rudersdal	3460 Birkerød	2020	21521
230 Rudersdal	3460 Birkerød	2021	21604
230 Rudersdal	3460 Birkerød	2022	21584
230 Rudersdal	3460 Birkerød	2023	21567
230 Rudersdal	3460 Birkerød	2024	21643
230 Rudersdal	3460 Birkerød	2025	21695
230 Rudersdal	3460 Birkerød	2026	21987
230 Rudersdal	9999 Ukendt	2010	167
230 Rudersdal	9999 Ukendt	2011	158
230 Rudersdal	9999 Ukendt	2012	148
230 Rudersdal	9999 Ukendt	2013	138
230 Rudersdal	9999 Ukendt	2014	124
230 Rudersdal	9999 Ukendt	2015	114
230 Rudersdal	9999 Ukendt	2016	105
230 Rudersdal	9999 Ukendt	2017	107
230 Rudersdal	9999 Ukendt	2018	97
230 Rudersdal	9999 Ukendt	2019	122
230 Rudersdal	9999 Ukendt	2020	129
230 Rudersdal	9999 Ukendt	2021	110
230 Rudersdal	9999 Ukendt	2022	130
230 Rudersdal	9999 Ukendt	2023	122
230 Rudersdal	9999 Ukendt	2024	139
230 Rudersdal	9999 Ukendt	2025	97
230 Rudersdal	9999 Ukendt	2026	88
240 Egedal	2750 Ballerup	2010	8
240 Egedal	2750 Ballerup	2011	8
240 Egedal	2750 Ballerup	2012	8
240 Egedal	2750 Ballerup	2013	8
240 Egedal	2750 Ballerup	2014	9
240 Egedal	2750 Ballerup	2015	8
240 Egedal	2750 Ballerup	2016	8
240 Egedal	2750 Ballerup	2017	5
240 Egedal	2750 Ballerup	2018	11
240 Egedal	2750 Ballerup	2019	11
240 Egedal	2750 Ballerup	2020	11
240 Egedal	2750 Ballerup	2021	10
240 Egedal	2750 Ballerup	2022	9
240 Egedal	2750 Ballerup	2023	9
240 Egedal	2750 Ballerup	2024	10
240 Egedal	2750 Ballerup	2025	11
240 Egedal	2750 Ballerup	2026	11
240 Egedal	2765 Smørum	2010	11035
240 Egedal	2765 Smørum	2011	11080
240 Egedal	2765 Smørum	2012	11147
240 Egedal	2765 Smørum	2013	11166
240 Egedal	2765 Smørum	2014	11228
240 Egedal	2765 Smørum	2015	11347
240 Egedal	2765 Smørum	2016	11348
240 Egedal	2765 Smørum	2017	11403
240 Egedal	2765 Smørum	2018	11400
240 Egedal	2765 Smørum	2019	11543
240 Egedal	2765 Smørum	2020	11610
240 Egedal	2765 Smørum	2021	11781
240 Egedal	2765 Smørum	2022	11957
240 Egedal	2765 Smørum	2023	12377
240 Egedal	2765 Smørum	2024	12457
240 Egedal	2765 Smørum	2025	12459
240 Egedal	2765 Smørum	2026	12554
240 Egedal	3500 Værløse	2010	38
240 Egedal	3500 Værløse	2011	33
240 Egedal	3500 Værløse	2012	33
240 Egedal	3500 Værløse	2013	34
240 Egedal	3500 Værløse	2014	36
240 Egedal	3500 Værløse	2015	35
240 Egedal	3500 Værløse	2016	30
240 Egedal	3500 Værløse	2017	32
240 Egedal	3500 Værløse	2018	36
240 Egedal	3500 Værløse	2019	34
240 Egedal	3500 Værløse	2020	34
240 Egedal	3500 Værløse	2021	36
240 Egedal	3500 Værløse	2022	35
240 Egedal	3500 Værløse	2023	31
240 Egedal	3500 Værløse	2024	33
240 Egedal	3500 Værløse	2025	34
240 Egedal	3500 Værløse	2026	37
240 Egedal	3520 Farum	2010	45
240 Egedal	3520 Farum	2011	44
240 Egedal	3520 Farum	2012	47
240 Egedal	3520 Farum	2013	48
240 Egedal	3520 Farum	2014	50
240 Egedal	3520 Farum	2015	50
240 Egedal	3520 Farum	2016	52
240 Egedal	3520 Farum	2017	58
240 Egedal	3520 Farum	2018	54
240 Egedal	3520 Farum	2019	58
240 Egedal	3520 Farum	2020	54
240 Egedal	3520 Farum	2021	52
240 Egedal	3520 Farum	2022	51
240 Egedal	3520 Farum	2023	47
240 Egedal	3520 Farum	2024	43
240 Egedal	3520 Farum	2025	46
240 Egedal	3520 Farum	2026	46
240 Egedal	3540 Lynge	2010	2
240 Egedal	3540 Lynge	2011	2
240 Egedal	3540 Lynge	2012	2
240 Egedal	3540 Lynge	2013	2
240 Egedal	3540 Lynge	2014	1
240 Egedal	3540 Lynge	2015	2
240 Egedal	3540 Lynge	2016	2
240 Egedal	3540 Lynge	2017	0
240 Egedal	3540 Lynge	2018	0
240 Egedal	3540 Lynge	2019	0
240 Egedal	3540 Lynge	2020	0
240 Egedal	3540 Lynge	2021	0
240 Egedal	3540 Lynge	2022	0
240 Egedal	3540 Lynge	2023	0
240 Egedal	3540 Lynge	2024	0
240 Egedal	3540 Lynge	2025	0
240 Egedal	3540 Lynge	2026	0
240 Egedal	3550 Slangerup	2010	601
240 Egedal	3550 Slangerup	2011	585
240 Egedal	3550 Slangerup	2012	583
240 Egedal	3550 Slangerup	2013	560
240 Egedal	3550 Slangerup	2014	569
240 Egedal	3550 Slangerup	2015	563
240 Egedal	3550 Slangerup	2016	553
240 Egedal	3550 Slangerup	2017	546
240 Egedal	3550 Slangerup	2018	556
240 Egedal	3550 Slangerup	2019	544
240 Egedal	3550 Slangerup	2020	529
240 Egedal	3550 Slangerup	2021	512
240 Egedal	3550 Slangerup	2022	504
240 Egedal	3550 Slangerup	2023	490
240 Egedal	3550 Slangerup	2024	499
240 Egedal	3550 Slangerup	2025	508
240 Egedal	3550 Slangerup	2026	491
240 Egedal	3650 Ølstykke	2010	16385
240 Egedal	3650 Ølstykke	2011	16338
240 Egedal	3650 Ølstykke	2012	16422
240 Egedal	3650 Ølstykke	2013	16468
240 Egedal	3650 Ølstykke	2014	16447
240 Egedal	3650 Ølstykke	2015	16492
240 Egedal	3650 Ølstykke	2016	16587
240 Egedal	3650 Ølstykke	2017	16660
240 Egedal	3650 Ølstykke	2018	16578
240 Egedal	3650 Ølstykke	2019	16681
240 Egedal	3650 Ølstykke	2020	16656
240 Egedal	3650 Ølstykke	2021	16767
240 Egedal	3650 Ølstykke	2022	17099
240 Egedal	3650 Ølstykke	2023	17452
240 Egedal	3650 Ølstykke	2024	17649
240 Egedal	3650 Ølstykke	2025	17622
240 Egedal	3650 Ølstykke	2026	18067
240 Egedal	3660 Stenløse	2010	10709
240 Egedal	3660 Stenløse	2011	10843
240 Egedal	3660 Stenløse	2012	10889
240 Egedal	3660 Stenløse	2013	11055
240 Egedal	3660 Stenløse	2014	11190
240 Egedal	3660 Stenløse	2015	11398
240 Egedal	3660 Stenløse	2016	11477
240 Egedal	3660 Stenløse	2017	11651
240 Egedal	3660 Stenløse	2018	11645
240 Egedal	3660 Stenløse	2019	11815
240 Egedal	3660 Stenløse	2020	11823
240 Egedal	3660 Stenløse	2021	11890
240 Egedal	3660 Stenløse	2022	12073
240 Egedal	3660 Stenløse	2023	12132
240 Egedal	3660 Stenløse	2024	12173
240 Egedal	3660 Stenløse	2025	12199
240 Egedal	3660 Stenløse	2026	12360
240 Egedal	3670 Veksø Sjælland	2010	2634
240 Egedal	3670 Veksø Sjælland	2011	2645
240 Egedal	3670 Veksø Sjælland	2012	2657
240 Egedal	3670 Veksø Sjælland	2013	2641
240 Egedal	3670 Veksø Sjælland	2014	2640
240 Egedal	3670 Veksø Sjælland	2015	2631
240 Egedal	3670 Veksø Sjælland	2016	2668
240 Egedal	3670 Veksø Sjælland	2017	2674
240 Egedal	3670 Veksø Sjælland	2018	2670
240 Egedal	3670 Veksø Sjælland	2019	2602
240 Egedal	3670 Veksø Sjælland	2020	2585
240 Egedal	3670 Veksø Sjælland	2021	2594
240 Egedal	3670 Veksø Sjælland	2022	2596
240 Egedal	3670 Veksø Sjælland	2023	2602
240 Egedal	3670 Veksø Sjælland	2024	2598
240 Egedal	3670 Veksø Sjælland	2025	2618
240 Egedal	3670 Veksø Sjælland	2026	2605
240 Egedal	9999 Ukendt	2010	56
240 Egedal	9999 Ukendt	2011	36
240 Egedal	9999 Ukendt	2012	33
240 Egedal	9999 Ukendt	2013	36
240 Egedal	9999 Ukendt	2014	40
240 Egedal	9999 Ukendt	2015	47
240 Egedal	9999 Ukendt	2016	48
240 Egedal	9999 Ukendt	2017	53
240 Egedal	9999 Ukendt	2018	50
240 Egedal	9999 Ukendt	2019	47
240 Egedal	9999 Ukendt	2020	52
240 Egedal	9999 Ukendt	2021	54
240 Egedal	9999 Ukendt	2022	51
240 Egedal	9999 Ukendt	2023	62
240 Egedal	9999 Ukendt	2024	70
240 Egedal	9999 Ukendt	2025	66
240 Egedal	9999 Ukendt	2026	69
250 Frederikssund	3550 Slangerup	2010	7894
250 Frederikssund	3550 Slangerup	2011	7976
250 Frederikssund	3550 Slangerup	2012	7926
250 Frederikssund	3550 Slangerup	2013	7956
250 Frederikssund	3550 Slangerup	2014	7952
250 Frederikssund	3550 Slangerup	2015	7873
250 Frederikssund	3550 Slangerup	2016	7980
250 Frederikssund	3550 Slangerup	2017	8004
250 Frederikssund	3550 Slangerup	2018	7977
250 Frederikssund	3550 Slangerup	2019	7996
250 Frederikssund	3550 Slangerup	2020	7922
250 Frederikssund	3550 Slangerup	2021	7875
250 Frederikssund	3550 Slangerup	2022	7908
250 Frederikssund	3550 Slangerup	2023	7896
250 Frederikssund	3550 Slangerup	2024	7872
250 Frederikssund	3550 Slangerup	2025	7975
250 Frederikssund	3550 Slangerup	2026	8245
250 Frederikssund	3600 Frederikssund	2010	19669
250 Frederikssund	3600 Frederikssund	2011	19787
250 Frederikssund	3600 Frederikssund	2012	19901
250 Frederikssund	3600 Frederikssund	2013	19908
250 Frederikssund	3600 Frederikssund	2014	19993
250 Frederikssund	3600 Frederikssund	2015	20150
250 Frederikssund	3600 Frederikssund	2016	20282
250 Frederikssund	3600 Frederikssund	2017	20447
250 Frederikssund	3600 Frederikssund	2018	20552
250 Frederikssund	3600 Frederikssund	2019	20600
250 Frederikssund	3600 Frederikssund	2020	20642
250 Frederikssund	3600 Frederikssund	2021	20912
250 Frederikssund	3600 Frederikssund	2022	21227
250 Frederikssund	3600 Frederikssund	2023	21478
250 Frederikssund	3600 Frederikssund	2024	21682
250 Frederikssund	3600 Frederikssund	2025	22273
250 Frederikssund	3600 Frederikssund	2026	22347
250 Frederikssund	3630 Jægerspris	2010	9232
250 Frederikssund	3630 Jægerspris	2011	9163
250 Frederikssund	3630 Jægerspris	2012	9124
250 Frederikssund	3630 Jægerspris	2013	9143
250 Frederikssund	3630 Jægerspris	2014	9132
250 Frederikssund	3630 Jægerspris	2015	9093
250 Frederikssund	3630 Jægerspris	2016	9124
250 Frederikssund	3630 Jægerspris	2017	9251
250 Frederikssund	3630 Jægerspris	2018	9330
250 Frederikssund	3630 Jægerspris	2019	9442
250 Frederikssund	3630 Jægerspris	2020	9471
250 Frederikssund	3630 Jægerspris	2021	9429
250 Frederikssund	3630 Jægerspris	2022	9425
250 Frederikssund	3630 Jægerspris	2023	9491
250 Frederikssund	3630 Jægerspris	2024	9526
250 Frederikssund	3630 Jægerspris	2025	9570
250 Frederikssund	3630 Jægerspris	2026	9524
250 Frederikssund	3650 Ølstykke	2010	10
250 Frederikssund	3650 Ølstykke	2011	0
250 Frederikssund	3650 Ølstykke	2012	0
250 Frederikssund	3650 Ølstykke	2013	0
250 Frederikssund	3650 Ølstykke	2014	0
250 Frederikssund	3650 Ølstykke	2015	0
250 Frederikssund	3650 Ølstykke	2016	0
250 Frederikssund	3650 Ølstykke	2017	0
250 Frederikssund	3650 Ølstykke	2018	0
250 Frederikssund	3650 Ølstykke	2019	0
250 Frederikssund	3650 Ølstykke	2020	0
250 Frederikssund	3650 Ølstykke	2021	0
250 Frederikssund	3650 Ølstykke	2022	0
250 Frederikssund	3650 Ølstykke	2023	0
250 Frederikssund	3650 Ølstykke	2024	0
250 Frederikssund	3650 Ølstykke	2025	0
250 Frederikssund	3650 Ølstykke	2026	0
250 Frederikssund	4050 Skibby	2010	7313
250 Frederikssund	4050 Skibby	2011	7303
250 Frederikssund	4050 Skibby	2012	7304
250 Frederikssund	4050 Skibby	2013	7247
250 Frederikssund	4050 Skibby	2014	7214
250 Frederikssund	4050 Skibby	2015	7200
250 Frederikssund	4050 Skibby	2016	7263
250 Frederikssund	4050 Skibby	2017	7263
250 Frederikssund	4050 Skibby	2018	7244
250 Frederikssund	4050 Skibby	2019	7216
250 Frederikssund	4050 Skibby	2020	7097
250 Frederikssund	4050 Skibby	2021	7139
250 Frederikssund	4050 Skibby	2022	7149
250 Frederikssund	4050 Skibby	2023	7155
250 Frederikssund	4050 Skibby	2024	7186
250 Frederikssund	4050 Skibby	2025	7151
250 Frederikssund	4050 Skibby	2026	7238
250 Frederikssund	9999 Ukendt	2010	64
250 Frederikssund	9999 Ukendt	2011	78
250 Frederikssund	9999 Ukendt	2012	90
250 Frederikssund	9999 Ukendt	2013	111
250 Frederikssund	9999 Ukendt	2014	110
250 Frederikssund	9999 Ukendt	2015	97
250 Frederikssund	9999 Ukendt	2016	76
250 Frederikssund	9999 Ukendt	2017	71
250 Frederikssund	9999 Ukendt	2018	86
250 Frederikssund	9999 Ukendt	2019	78
250 Frederikssund	9999 Ukendt	2020	91
250 Frederikssund	9999 Ukendt	2021	84
250 Frederikssund	9999 Ukendt	2022	91
250 Frederikssund	9999 Ukendt	2023	97
250 Frederikssund	9999 Ukendt	2024	92
250 Frederikssund	9999 Ukendt	2025	83
250 Frederikssund	9999 Ukendt	2026	96
253 Greve	2640 Hedehusene	2010	4
253 Greve	2640 Hedehusene	2011	3
253 Greve	2640 Hedehusene	2012	3
253 Greve	2640 Hedehusene	2013	3
253 Greve	2640 Hedehusene	2014	3
253 Greve	2640 Hedehusene	2015	2
253 Greve	2640 Hedehusene	2016	2
253 Greve	2640 Hedehusene	2017	2
253 Greve	2640 Hedehusene	2018	2
253 Greve	2640 Hedehusene	2019	2
253 Greve	2640 Hedehusene	2020	0
253 Greve	2640 Hedehusene	2021	2
253 Greve	2640 Hedehusene	2022	2
253 Greve	2640 Hedehusene	2023	3
253 Greve	2640 Hedehusene	2024	3
253 Greve	2640 Hedehusene	2025	2
253 Greve	2640 Hedehusene	2026	3
253 Greve	2670 Greve	2010	34342
253 Greve	2670 Greve	2011	34452
253 Greve	2670 Greve	2012	34460
253 Greve	2670 Greve	2013	34535
253 Greve	2670 Greve	2014	34580
253 Greve	2670 Greve	2015	35031
253 Greve	2670 Greve	2016	35409
253 Greve	2670 Greve	2017	35526
253 Greve	2670 Greve	2018	35536
253 Greve	2670 Greve	2019	35648
253 Greve	2670 Greve	2020	35753
253 Greve	2670 Greve	2021	35779
253 Greve	2670 Greve	2022	36069
253 Greve	2670 Greve	2023	36436
253 Greve	2670 Greve	2024	37049
253 Greve	2670 Greve	2025	38248
253 Greve	2670 Greve	2026	38700
253 Greve	2690 Karlslunde	2010	8091
253 Greve	2690 Karlslunde	2011	8089
253 Greve	2690 Karlslunde	2012	8131
253 Greve	2690 Karlslunde	2013	8070
253 Greve	2690 Karlslunde	2014	8111
253 Greve	2690 Karlslunde	2015	8405
253 Greve	2690 Karlslunde	2016	8571
253 Greve	2690 Karlslunde	2017	8768
253 Greve	2690 Karlslunde	2018	8853
253 Greve	2690 Karlslunde	2019	9016
253 Greve	2690 Karlslunde	2020	9167
253 Greve	2690 Karlslunde	2021	9174
253 Greve	2690 Karlslunde	2022	9129
253 Greve	2690 Karlslunde	2023	9314
253 Greve	2690 Karlslunde	2024	9297
253 Greve	2690 Karlslunde	2025	9356
253 Greve	2690 Karlslunde	2026	9373
253 Greve	4000 Roskilde	2010	0
253 Greve	4000 Roskilde	2011	0
253 Greve	4000 Roskilde	2012	0
253 Greve	4000 Roskilde	2013	0
253 Greve	4000 Roskilde	2014	0
253 Greve	4000 Roskilde	2015	0
253 Greve	4000 Roskilde	2016	0
253 Greve	4000 Roskilde	2017	0
253 Greve	4000 Roskilde	2018	0
253 Greve	4000 Roskilde	2019	0
253 Greve	4000 Roskilde	2020	0
253 Greve	4000 Roskilde	2021	0
253 Greve	4000 Roskilde	2022	0
253 Greve	4000 Roskilde	2023	0
253 Greve	4000 Roskilde	2024	0
253 Greve	4000 Roskilde	2025	0
253 Greve	4000 Roskilde	2026	0
253 Greve	4030 Tune	2010	5249
253 Greve	4030 Tune	2011	5270
253 Greve	4030 Tune	2012	5216
253 Greve	4030 Tune	2013	5261
253 Greve	4030 Tune	2014	5293
253 Greve	4030 Tune	2015	5301
253 Greve	4030 Tune	2016	5403
253 Greve	4030 Tune	2017	5492
253 Greve	4030 Tune	2018	5479
253 Greve	4030 Tune	2019	5498
253 Greve	4030 Tune	2020	5515
253 Greve	4030 Tune	2021	5447
253 Greve	4030 Tune	2022	5513
253 Greve	4030 Tune	2023	5635
253 Greve	4030 Tune	2024	5734
253 Greve	4030 Tune	2025	5826
253 Greve	4030 Tune	2026	5909
253 Greve	9999 Ukendt	2010	140
253 Greve	9999 Ukendt	2011	164
253 Greve	9999 Ukendt	2012	132
253 Greve	9999 Ukendt	2013	111
253 Greve	9999 Ukendt	2014	108
253 Greve	9999 Ukendt	2015	96
253 Greve	9999 Ukendt	2016	133
253 Greve	9999 Ukendt	2017	133
253 Greve	9999 Ukendt	2018	104
253 Greve	9999 Ukendt	2019	103
253 Greve	9999 Ukendt	2020	123
253 Greve	9999 Ukendt	2021	112
253 Greve	9999 Ukendt	2022	105
253 Greve	9999 Ukendt	2023	119
253 Greve	9999 Ukendt	2024	74
253 Greve	9999 Ukendt	2025	104
253 Greve	9999 Ukendt	2026	135
259 Køge	4000 Roskilde	2010	0
259 Køge	4000 Roskilde	2011	0
259 Køge	4000 Roskilde	2012	0
259 Køge	4000 Roskilde	2013	0
259 Køge	4000 Roskilde	2014	0
259 Køge	4000 Roskilde	2015	0
259 Køge	4000 Roskilde	2016	0
259 Køge	4000 Roskilde	2017	0
259 Køge	4000 Roskilde	2018	0
259 Køge	4000 Roskilde	2019	0
259 Køge	4000 Roskilde	2020	0
259 Køge	4000 Roskilde	2021	0
259 Køge	4000 Roskilde	2022	0
259 Køge	4000 Roskilde	2023	0
259 Køge	4000 Roskilde	2024	0
259 Køge	4000 Roskilde	2025	0
259 Køge	4000 Roskilde	2026	0
259 Køge	4100 Ringsted	2010	1319
259 Køge	4100 Ringsted	2011	1299
259 Køge	4100 Ringsted	2012	1315
259 Køge	4100 Ringsted	2013	1338
259 Køge	4100 Ringsted	2014	1309
259 Køge	4100 Ringsted	2015	1330
259 Køge	4100 Ringsted	2016	1301
259 Køge	4100 Ringsted	2017	1312
259 Køge	4100 Ringsted	2018	1317
259 Køge	4100 Ringsted	2019	1306
259 Køge	4100 Ringsted	2020	1309
259 Køge	4100 Ringsted	2021	1330
259 Køge	4100 Ringsted	2022	1311
259 Køge	4100 Ringsted	2023	1312
259 Køge	4100 Ringsted	2024	1349
259 Køge	4100 Ringsted	2025	1371
259 Køge	4100 Ringsted	2026	1327
259 Køge	4130 Viby Sjælland	2010	246
259 Køge	4130 Viby Sjælland	2011	249
259 Køge	4130 Viby Sjælland	2012	231
259 Køge	4130 Viby Sjælland	2013	235
259 Køge	4130 Viby Sjælland	2014	225
259 Køge	4130 Viby Sjælland	2015	218
259 Køge	4130 Viby Sjælland	2016	216
259 Køge	4130 Viby Sjælland	2017	220
259 Køge	4130 Viby Sjælland	2018	219
259 Køge	4130 Viby Sjælland	2019	226
259 Køge	4130 Viby Sjælland	2020	221
259 Køge	4130 Viby Sjælland	2021	231
259 Køge	4130 Viby Sjælland	2022	237
259 Køge	4130 Viby Sjælland	2023	239
259 Køge	4130 Viby Sjælland	2024	237
259 Køge	4130 Viby Sjælland	2025	231
259 Køge	4130 Viby Sjælland	2026	233
259 Køge	4140 Borup	2010	5784
259 Køge	4140 Borup	2011	5805
259 Køge	4140 Borup	2012	5755
259 Køge	4140 Borup	2013	5798
259 Køge	4140 Borup	2014	6004
259 Køge	4140 Borup	2015	6092
259 Køge	4140 Borup	2016	6218
259 Køge	4140 Borup	2017	6266
259 Køge	4140 Borup	2018	6291
259 Køge	4140 Borup	2019	6307
259 Køge	4140 Borup	2020	6279
259 Køge	4140 Borup	2021	6330
259 Køge	4140 Borup	2022	6374
259 Køge	4140 Borup	2023	6478
259 Køge	4140 Borup	2024	6467
259 Køge	4140 Borup	2025	6649
259 Køge	4140 Borup	2026	6626
259 Køge	4174 Jystrup Midtsj	2010	2
259 Køge	4174 Jystrup Midtsj	2011	2
259 Køge	4174 Jystrup Midtsj	2012	2
259 Køge	4174 Jystrup Midtsj	2013	2
259 Køge	4174 Jystrup Midtsj	2014	2
259 Køge	4174 Jystrup Midtsj	2015	2
259 Køge	4174 Jystrup Midtsj	2016	2
259 Køge	4174 Jystrup Midtsj	2017	0
259 Køge	4174 Jystrup Midtsj	2018	1
259 Køge	4174 Jystrup Midtsj	2019	1
259 Køge	4174 Jystrup Midtsj	2020	1
259 Køge	4174 Jystrup Midtsj	2021	1
259 Køge	4174 Jystrup Midtsj	2022	1
259 Køge	4174 Jystrup Midtsj	2023	1
259 Køge	4174 Jystrup Midtsj	2024	1
259 Køge	4174 Jystrup Midtsj	2025	1
259 Køge	4174 Jystrup Midtsj	2026	1
259 Køge	4320 Lejre	2010	4
259 Køge	4320 Lejre	2011	4
259 Køge	4320 Lejre	2012	4
259 Køge	4320 Lejre	2013	4
259 Køge	4320 Lejre	2014	2
259 Køge	4320 Lejre	2015	2
259 Køge	4320 Lejre	2016	1
259 Køge	4320 Lejre	2017	1
259 Køge	4320 Lejre	2018	2
259 Køge	4320 Lejre	2019	1
259 Køge	4320 Lejre	2020	1
259 Køge	4320 Lejre	2021	1
259 Køge	4320 Lejre	2022	1
259 Køge	4320 Lejre	2023	1
259 Køge	4320 Lejre	2024	1
259 Køge	4320 Lejre	2025	1
259 Køge	4320 Lejre	2026	1
259 Køge	4600 Køge	2010	31624
259 Køge	4600 Køge	2011	31738
259 Køge	4600 Køge	2012	31842
259 Køge	4600 Køge	2013	32202
259 Køge	4600 Køge	2014	32318
259 Køge	4600 Køge	2015	32944
259 Køge	4600 Køge	2016	33294
259 Køge	4600 Køge	2017	33397
259 Køge	4600 Køge	2018	33522
259 Køge	4600 Køge	2019	33993
259 Køge	4600 Køge	2020	34221
259 Køge	4600 Køge	2021	34656
259 Køge	4600 Køge	2022	35061
259 Køge	4600 Køge	2023	35457
259 Køge	4600 Køge	2024	35725
259 Køge	4600 Køge	2025	35895
259 Køge	4600 Køge	2026	36382
259 Køge	4623 Lille Skensved	2010	5101
259 Køge	4623 Lille Skensved	2011	5121
259 Køge	4623 Lille Skensved	2012	5113
259 Køge	4623 Lille Skensved	2013	5154
259 Køge	4623 Lille Skensved	2014	5355
259 Køge	4623 Lille Skensved	2015	5461
259 Køge	4623 Lille Skensved	2016	5524
259 Køge	4623 Lille Skensved	2017	5534
259 Køge	4623 Lille Skensved	2018	5581
259 Køge	4623 Lille Skensved	2019	5523
259 Køge	4623 Lille Skensved	2020	5582
259 Køge	4623 Lille Skensved	2021	5530
259 Køge	4623 Lille Skensved	2022	5382
259 Køge	4623 Lille Skensved	2023	5408
259 Køge	4623 Lille Skensved	2024	5457
259 Køge	4623 Lille Skensved	2025	5513
259 Køge	4623 Lille Skensved	2026	5531
259 Køge	4632 Bjæverskov	2010	5280
259 Køge	4632 Bjæverskov	2011	5242
259 Køge	4632 Bjæverskov	2012	5222
259 Køge	4632 Bjæverskov	2013	5254
259 Køge	4632 Bjæverskov	2014	5271
259 Køge	4632 Bjæverskov	2015	5285
259 Køge	4632 Bjæverskov	2016	5297
259 Køge	4632 Bjæverskov	2017	5355
259 Køge	4632 Bjæverskov	2018	5388
259 Køge	4632 Bjæverskov	2019	5332
259 Køge	4632 Bjæverskov	2020	5341
259 Køge	4632 Bjæverskov	2021	5309
259 Køge	4632 Bjæverskov	2022	5254
259 Køge	4632 Bjæverskov	2023	5400
259 Køge	4632 Bjæverskov	2024	5506
259 Køge	4632 Bjæverskov	2025	5543
259 Køge	4632 Bjæverskov	2026	5639
259 Køge	4681 Herfølge	2010	6174
259 Køge	4681 Herfølge	2011	6233
259 Køge	4681 Herfølge	2012	6256
259 Køge	4681 Herfølge	2013	6238
259 Køge	4681 Herfølge	2014	6295
259 Køge	4681 Herfølge	2015	6360
259 Køge	4681 Herfølge	2016	6383
259 Køge	4681 Herfølge	2017	6358
259 Køge	4681 Herfølge	2018	6377
259 Køge	4681 Herfølge	2019	6407
259 Køge	4681 Herfølge	2020	6397
259 Køge	4681 Herfølge	2021	6450
259 Køge	4681 Herfølge	2022	6425
259 Køge	4681 Herfølge	2023	6399
259 Køge	4681 Herfølge	2024	6366
259 Køge	4681 Herfølge	2025	6337
259 Køge	4681 Herfølge	2026	6370
259 Køge	4682 Tureby	2010	1493
259 Køge	4682 Tureby	2011	1472
259 Køge	4682 Tureby	2012	1448
259 Køge	4682 Tureby	2013	1446
259 Køge	4682 Tureby	2014	1463
259 Køge	4682 Tureby	2015	1476
259 Køge	4682 Tureby	2016	1506
259 Køge	4682 Tureby	2017	1491
259 Køge	4682 Tureby	2018	1463
259 Køge	4682 Tureby	2019	1443
259 Køge	4682 Tureby	2020	1467
259 Køge	4682 Tureby	2021	1469
259 Køge	4682 Tureby	2022	1467
259 Køge	4682 Tureby	2023	1519
259 Køge	4682 Tureby	2024	1514
259 Køge	4682 Tureby	2025	1541
259 Køge	4682 Tureby	2026	1545
259 Køge	9999 Ukendt	2010	98
259 Køge	9999 Ukendt	2011	106
259 Køge	9999 Ukendt	2012	119
259 Køge	9999 Ukendt	2013	100
259 Køge	9999 Ukendt	2014	130
259 Køge	9999 Ukendt	2015	115
259 Køge	9999 Ukendt	2016	126
259 Køge	9999 Ukendt	2017	175
259 Køge	9999 Ukendt	2018	195
259 Køge	9999 Ukendt	2019	136
259 Køge	9999 Ukendt	2020	160
259 Køge	9999 Ukendt	2021	168
259 Køge	9999 Ukendt	2022	205
259 Køge	9999 Ukendt	2023	244
259 Køge	9999 Ukendt	2024	225
259 Køge	9999 Ukendt	2025	253
259 Køge	9999 Ukendt	2026	307
260 Halsnæs	3300 Frederiksværk	2010	15331
260 Halsnæs	3300 Frederiksværk	2011	15263
260 Halsnæs	3300 Frederiksværk	2012	15185
260 Halsnæs	3300 Frederiksværk	2013	15081
260 Halsnæs	3300 Frederiksværk	2014	15023
260 Halsnæs	3300 Frederiksværk	2015	15120
260 Halsnæs	3300 Frederiksværk	2016	15353
260 Halsnæs	3300 Frederiksværk	2017	15434
260 Halsnæs	3300 Frederiksværk	2018	15473
260 Halsnæs	3300 Frederiksværk	2019	15597
260 Halsnæs	3300 Frederiksværk	2020	15732
260 Halsnæs	3300 Frederiksværk	2021	15713
260 Halsnæs	3300 Frederiksværk	2022	15730
260 Halsnæs	3300 Frederiksværk	2023	15844
260 Halsnæs	3300 Frederiksværk	2024	15847
260 Halsnæs	3300 Frederiksværk	2025	15851
260 Halsnæs	3300 Frederiksværk	2026	15882
260 Halsnæs	3310 Ølsted	2010	2999
260 Halsnæs	3310 Ølsted	2011	3026
260 Halsnæs	3310 Ølsted	2012	3081
260 Halsnæs	3310 Ølsted	2013	3121
260 Halsnæs	3310 Ølsted	2014	3096
260 Halsnæs	3310 Ølsted	2015	3105
260 Halsnæs	3310 Ølsted	2016	3145
260 Halsnæs	3310 Ølsted	2017	3152
260 Halsnæs	3310 Ølsted	2018	3105
260 Halsnæs	3310 Ølsted	2019	3105
260 Halsnæs	3310 Ølsted	2020	3116
260 Halsnæs	3310 Ølsted	2021	3141
260 Halsnæs	3310 Ølsted	2022	3148
260 Halsnæs	3310 Ølsted	2023	3186
260 Halsnæs	3310 Ølsted	2024	3207
260 Halsnæs	3310 Ølsted	2025	3266
260 Halsnæs	3310 Ølsted	2026	3305
260 Halsnæs	3320 Skævinge	2010	4
260 Halsnæs	3320 Skævinge	2011	4
260 Halsnæs	3320 Skævinge	2012	4
260 Halsnæs	3320 Skævinge	2013	4
260 Halsnæs	3320 Skævinge	2014	4
260 Halsnæs	3320 Skævinge	2015	4
260 Halsnæs	3320 Skævinge	2016	4
260 Halsnæs	3320 Skævinge	2017	4
260 Halsnæs	3320 Skævinge	2018	4
260 Halsnæs	3320 Skævinge	2019	4
260 Halsnæs	3320 Skævinge	2020	4
260 Halsnæs	3320 Skævinge	2021	4
260 Halsnæs	3320 Skævinge	2022	4
260 Halsnæs	3320 Skævinge	2023	4
260 Halsnæs	3320 Skævinge	2024	4
260 Halsnæs	3320 Skævinge	2025	4
260 Halsnæs	3320 Skævinge	2026	4
260 Halsnæs	3360 Liseleje	2010	1447
260 Halsnæs	3360 Liseleje	2011	1450
260 Halsnæs	3360 Liseleje	2012	1464
260 Halsnæs	3360 Liseleje	2013	1448
260 Halsnæs	3360 Liseleje	2014	1420
260 Halsnæs	3360 Liseleje	2015	1409
260 Halsnæs	3360 Liseleje	2016	1421
260 Halsnæs	3360 Liseleje	2017	1432
260 Halsnæs	3360 Liseleje	2018	1453
260 Halsnæs	3360 Liseleje	2019	1417
260 Halsnæs	3360 Liseleje	2020	1405
260 Halsnæs	3360 Liseleje	2021	1396
260 Halsnæs	3360 Liseleje	2022	1383
260 Halsnæs	3360 Liseleje	2023	1375
260 Halsnæs	3360 Liseleje	2024	1359
260 Halsnæs	3360 Liseleje	2025	1330
260 Halsnæs	3360 Liseleje	2026	1336
260 Halsnæs	3370 Melby	2010	1532
260 Halsnæs	3370 Melby	2011	1550
260 Halsnæs	3370 Melby	2012	1536
260 Halsnæs	3370 Melby	2013	1535
260 Halsnæs	3370 Melby	2014	1553
260 Halsnæs	3370 Melby	2015	1554
260 Halsnæs	3370 Melby	2016	1564
260 Halsnæs	3370 Melby	2017	1574
260 Halsnæs	3370 Melby	2018	1554
260 Halsnæs	3370 Melby	2019	1554
260 Halsnæs	3370 Melby	2020	1543
260 Halsnæs	3370 Melby	2021	1544
260 Halsnæs	3370 Melby	2022	1548
260 Halsnæs	3370 Melby	2023	1531
260 Halsnæs	3370 Melby	2024	1562
260 Halsnæs	3370 Melby	2025	1574
260 Halsnæs	3370 Melby	2026	1575
260 Halsnæs	3390 Hundested	2010	9750
260 Halsnæs	3390 Hundested	2011	9751
260 Halsnæs	3390 Hundested	2012	9700
260 Halsnæs	3390 Hundested	2013	9602
260 Halsnæs	3390 Hundested	2014	9543
260 Halsnæs	3390 Hundested	2015	9536
260 Halsnæs	3390 Hundested	2016	9547
260 Halsnæs	3390 Hundested	2017	9554
260 Halsnæs	3390 Hundested	2018	9566
260 Halsnæs	3390 Hundested	2019	9584
260 Halsnæs	3390 Hundested	2020	9573
260 Halsnæs	3390 Hundested	2021	9616
260 Halsnæs	3390 Hundested	2022	9525
260 Halsnæs	3390 Hundested	2023	9515
260 Halsnæs	3390 Hundested	2024	9527
260 Halsnæs	3390 Hundested	2025	9603
260 Halsnæs	3390 Hundested	2026	9631
260 Halsnæs	3600 Frederikssund	2010	7
260 Halsnæs	3600 Frederikssund	2011	7
260 Halsnæs	3600 Frederikssund	2012	7
260 Halsnæs	3600 Frederikssund	2013	9
260 Halsnæs	3600 Frederikssund	2014	6
260 Halsnæs	3600 Frederikssund	2015	6
260 Halsnæs	3600 Frederikssund	2016	6
260 Halsnæs	3600 Frederikssund	2017	6
260 Halsnæs	3600 Frederikssund	2018	7
260 Halsnæs	3600 Frederikssund	2019	5
260 Halsnæs	3600 Frederikssund	2020	6
260 Halsnæs	3600 Frederikssund	2021	6
260 Halsnæs	3600 Frederikssund	2022	6
260 Halsnæs	3600 Frederikssund	2023	6
260 Halsnæs	3600 Frederikssund	2024	4
260 Halsnæs	3600 Frederikssund	2025	3
260 Halsnæs	3600 Frederikssund	2026	3
260 Halsnæs	9999 Ukendt	2010	7
260 Halsnæs	9999 Ukendt	2011	5
260 Halsnæs	9999 Ukendt	2012	3
260 Halsnæs	9999 Ukendt	2013	3
260 Halsnæs	9999 Ukendt	2014	2
260 Halsnæs	9999 Ukendt	2015	2
260 Halsnæs	9999 Ukendt	2016	9
260 Halsnæs	9999 Ukendt	2017	6
260 Halsnæs	9999 Ukendt	2018	6
260 Halsnæs	9999 Ukendt	2019	5
260 Halsnæs	9999 Ukendt	2020	5
260 Halsnæs	9999 Ukendt	2021	0
260 Halsnæs	9999 Ukendt	2022	0
260 Halsnæs	9999 Ukendt	2023	5
260 Halsnæs	9999 Ukendt	2024	5
260 Halsnæs	9999 Ukendt	2025	2
260 Halsnæs	9999 Ukendt	2026	2
265 Roskilde	2640 Hedehusene	2010	22
265 Roskilde	2640 Hedehusene	2011	22
265 Roskilde	2640 Hedehusene	2012	24
265 Roskilde	2640 Hedehusene	2013	22
265 Roskilde	2640 Hedehusene	2014	22
265 Roskilde	2640 Hedehusene	2015	23
265 Roskilde	2640 Hedehusene	2016	23
265 Roskilde	2640 Hedehusene	2017	24
265 Roskilde	2640 Hedehusene	2018	23
265 Roskilde	2640 Hedehusene	2019	27
265 Roskilde	2640 Hedehusene	2020	27
265 Roskilde	2640 Hedehusene	2021	27
265 Roskilde	2640 Hedehusene	2022	26
265 Roskilde	2640 Hedehusene	2023	23
265 Roskilde	2640 Hedehusene	2024	24
265 Roskilde	2640 Hedehusene	2025	23
265 Roskilde	2640 Hedehusene	2026	24
265 Roskilde	3670 Veksø Sjælland	2010	250
265 Roskilde	3670 Veksø Sjælland	2011	254
265 Roskilde	3670 Veksø Sjælland	2012	236
265 Roskilde	3670 Veksø Sjælland	2013	246
265 Roskilde	3670 Veksø Sjælland	2014	257
265 Roskilde	3670 Veksø Sjælland	2015	282
265 Roskilde	3670 Veksø Sjælland	2016	292
265 Roskilde	3670 Veksø Sjælland	2017	307
265 Roskilde	3670 Veksø Sjælland	2018	291
265 Roskilde	3670 Veksø Sjælland	2019	299
265 Roskilde	3670 Veksø Sjælland	2020	262
265 Roskilde	3670 Veksø Sjælland	2021	260
265 Roskilde	3670 Veksø Sjælland	2022	278
265 Roskilde	3670 Veksø Sjælland	2023	270
265 Roskilde	3670 Veksø Sjælland	2024	258
265 Roskilde	3670 Veksø Sjælland	2025	240
265 Roskilde	3670 Veksø Sjælland	2026	242
265 Roskilde	4000 Roskilde	2010	61821
265 Roskilde	4000 Roskilde	2011	62368
265 Roskilde	4000 Roskilde	2012	63023
265 Roskilde	4000 Roskilde	2013	63424
265 Roskilde	4000 Roskilde	2014	64111
265 Roskilde	4000 Roskilde	2015	64877
265 Roskilde	4000 Roskilde	2016	65980
265 Roskilde	4000 Roskilde	2017	66538
265 Roskilde	4000 Roskilde	2018	66971
265 Roskilde	4000 Roskilde	2019	67311
265 Roskilde	4000 Roskilde	2020	67576
265 Roskilde	4000 Roskilde	2021	68425
265 Roskilde	4000 Roskilde	2022	68755
265 Roskilde	4000 Roskilde	2023	69492
265 Roskilde	4000 Roskilde	2024	69849
265 Roskilde	4000 Roskilde	2025	70340
265 Roskilde	4000 Roskilde	2026	71123
265 Roskilde	4030 Tune	2010	4
265 Roskilde	4030 Tune	2011	4
265 Roskilde	4030 Tune	2012	4
265 Roskilde	4030 Tune	2013	4
265 Roskilde	4030 Tune	2014	4
265 Roskilde	4030 Tune	2015	4
265 Roskilde	4030 Tune	2016	4
265 Roskilde	4030 Tune	2017	4
265 Roskilde	4030 Tune	2018	4
265 Roskilde	4030 Tune	2019	3
265 Roskilde	4030 Tune	2020	2
265 Roskilde	4030 Tune	2021	2
265 Roskilde	4030 Tune	2022	4
265 Roskilde	4030 Tune	2023	0
265 Roskilde	4030 Tune	2024	3
265 Roskilde	4030 Tune	2025	0
265 Roskilde	4030 Tune	2026	1
265 Roskilde	4040 Jyllinge	2010	10196
265 Roskilde	4040 Jyllinge	2011	10190
265 Roskilde	4040 Jyllinge	2012	10194
265 Roskilde	4040 Jyllinge	2013	10161
265 Roskilde	4040 Jyllinge	2014	10137
265 Roskilde	4040 Jyllinge	2015	10125
265 Roskilde	4040 Jyllinge	2016	10177
265 Roskilde	4040 Jyllinge	2017	10242
265 Roskilde	4040 Jyllinge	2018	10183
265 Roskilde	4040 Jyllinge	2019	10138
265 Roskilde	4040 Jyllinge	2020	10230
265 Roskilde	4040 Jyllinge	2021	10318
265 Roskilde	4040 Jyllinge	2022	10439
265 Roskilde	4040 Jyllinge	2023	10725
265 Roskilde	4040 Jyllinge	2024	10801
265 Roskilde	4040 Jyllinge	2025	10822
265 Roskilde	4040 Jyllinge	2026	10941
265 Roskilde	4130 Viby Sjælland	2010	5791
265 Roskilde	4130 Viby Sjælland	2011	5805
265 Roskilde	4130 Viby Sjælland	2012	5769
265 Roskilde	4130 Viby Sjælland	2013	5811
265 Roskilde	4130 Viby Sjælland	2014	5810
265 Roskilde	4130 Viby Sjælland	2015	5849
265 Roskilde	4130 Viby Sjælland	2016	5833
265 Roskilde	4130 Viby Sjælland	2017	5928
265 Roskilde	4130 Viby Sjælland	2018	5927
265 Roskilde	4130 Viby Sjælland	2019	5889
265 Roskilde	4130 Viby Sjælland	2020	5916
265 Roskilde	4130 Viby Sjælland	2021	5975
265 Roskilde	4130 Viby Sjælland	2022	6029
265 Roskilde	4130 Viby Sjælland	2023	6063
265 Roskilde	4130 Viby Sjælland	2024	6101
265 Roskilde	4130 Viby Sjælland	2025	6338
265 Roskilde	4130 Viby Sjælland	2026	6501
265 Roskilde	4140 Borup	2010	4
265 Roskilde	4140 Borup	2011	4
265 Roskilde	4140 Borup	2012	4
265 Roskilde	4140 Borup	2013	4
265 Roskilde	4140 Borup	2014	4
265 Roskilde	4140 Borup	2015	4
265 Roskilde	4140 Borup	2016	4
265 Roskilde	4140 Borup	2017	4
265 Roskilde	4140 Borup	2018	4
265 Roskilde	4140 Borup	2019	4
265 Roskilde	4140 Borup	2020	4
265 Roskilde	4140 Borup	2021	4
265 Roskilde	4140 Borup	2022	4
265 Roskilde	4140 Borup	2023	4
265 Roskilde	4140 Borup	2024	4
265 Roskilde	4140 Borup	2025	4
265 Roskilde	4140 Borup	2026	4
265 Roskilde	4320 Lejre	2010	23
265 Roskilde	4320 Lejre	2011	22
265 Roskilde	4320 Lejre	2012	24
265 Roskilde	4320 Lejre	2013	23
265 Roskilde	4320 Lejre	2014	24
265 Roskilde	4320 Lejre	2015	25
265 Roskilde	4320 Lejre	2016	24
265 Roskilde	4320 Lejre	2017	24
265 Roskilde	4320 Lejre	2018	24
265 Roskilde	4320 Lejre	2019	26
265 Roskilde	4320 Lejre	2020	23
265 Roskilde	4320 Lejre	2021	22
265 Roskilde	4320 Lejre	2022	23
265 Roskilde	4320 Lejre	2023	25
265 Roskilde	4320 Lejre	2024	24
265 Roskilde	4320 Lejre	2025	24
265 Roskilde	4320 Lejre	2026	23
265 Roskilde	4621 Gadstrup	2010	3382
265 Roskilde	4621 Gadstrup	2011	3399
265 Roskilde	4621 Gadstrup	2012	3423
265 Roskilde	4621 Gadstrup	2013	3442
265 Roskilde	4621 Gadstrup	2014	3415
265 Roskilde	4621 Gadstrup	2015	3387
265 Roskilde	4621 Gadstrup	2016	3422
265 Roskilde	4621 Gadstrup	2017	3474
265 Roskilde	4621 Gadstrup	2018	3461
265 Roskilde	4621 Gadstrup	2019	3464
265 Roskilde	4621 Gadstrup	2020	3470
265 Roskilde	4621 Gadstrup	2021	3455
265 Roskilde	4621 Gadstrup	2022	3491
265 Roskilde	4621 Gadstrup	2023	3441
265 Roskilde	4621 Gadstrup	2024	3464
265 Roskilde	4621 Gadstrup	2025	3455
265 Roskilde	4621 Gadstrup	2026	3482
265 Roskilde	4622 Havdrup	2010	286
265 Roskilde	4622 Havdrup	2011	278
265 Roskilde	4622 Havdrup	2012	276
265 Roskilde	4622 Havdrup	2013	274
265 Roskilde	4622 Havdrup	2014	271
265 Roskilde	4622 Havdrup	2015	278
265 Roskilde	4622 Havdrup	2016	281
265 Roskilde	4622 Havdrup	2017	289
265 Roskilde	4622 Havdrup	2018	283
265 Roskilde	4622 Havdrup	2019	255
265 Roskilde	4622 Havdrup	2020	256
265 Roskilde	4622 Havdrup	2021	264
265 Roskilde	4622 Havdrup	2022	259
265 Roskilde	4622 Havdrup	2023	253
265 Roskilde	4622 Havdrup	2024	265
265 Roskilde	4622 Havdrup	2025	256
265 Roskilde	4622 Havdrup	2026	273
265 Roskilde	4623 Lille Skensved	2010	4
265 Roskilde	4623 Lille Skensved	2011	4
265 Roskilde	4623 Lille Skensved	2012	4
265 Roskilde	4623 Lille Skensved	2013	4
265 Roskilde	4623 Lille Skensved	2014	4
265 Roskilde	4623 Lille Skensved	2015	4
265 Roskilde	4623 Lille Skensved	2016	4
265 Roskilde	4623 Lille Skensved	2017	4
265 Roskilde	4623 Lille Skensved	2018	4
265 Roskilde	4623 Lille Skensved	2019	4
265 Roskilde	4623 Lille Skensved	2020	4
265 Roskilde	4623 Lille Skensved	2021	4
265 Roskilde	4623 Lille Skensved	2022	4
265 Roskilde	4623 Lille Skensved	2023	4
265 Roskilde	4623 Lille Skensved	2024	4
265 Roskilde	4623 Lille Skensved	2025	4
265 Roskilde	4623 Lille Skensved	2026	4
265 Roskilde	9999 Ukendt	2010	164
265 Roskilde	9999 Ukendt	2011	192
265 Roskilde	9999 Ukendt	2012	156
265 Roskilde	9999 Ukendt	2013	139
265 Roskilde	9999 Ukendt	2014	160
265 Roskilde	9999 Ukendt	2015	168
265 Roskilde	9999 Ukendt	2016	163
265 Roskilde	9999 Ukendt	2017	177
265 Roskilde	9999 Ukendt	2018	207
265 Roskilde	9999 Ukendt	2019	157
265 Roskilde	9999 Ukendt	2020	144
265 Roskilde	9999 Ukendt	2021	133
265 Roskilde	9999 Ukendt	2022	135
265 Roskilde	9999 Ukendt	2023	146
265 Roskilde	9999 Ukendt	2024	134
265 Roskilde	9999 Ukendt	2025	117
265 Roskilde	9999 Ukendt	2026	79
269 Solrød	2680 Solrød Strand	2010	16092
269 Solrød	2680 Solrød Strand	2011	16198
269 Solrød	2680 Solrød Strand	2012	16347
269 Solrød	2680 Solrød Strand	2013	16367
269 Solrød	2680 Solrød Strand	2014	16576
269 Solrød	2680 Solrød Strand	2015	16772
269 Solrød	2680 Solrød Strand	2016	16851
269 Solrød	2680 Solrød Strand	2017	17103
269 Solrød	2680 Solrød Strand	2018	17436
269 Solrød	2680 Solrød Strand	2019	17914
269 Solrød	2680 Solrød Strand	2020	18052
269 Solrød	2680 Solrød Strand	2021	18166
269 Solrød	2680 Solrød Strand	2022	18589
269 Solrød	2680 Solrød Strand	2023	18972
269 Solrød	2680 Solrød Strand	2024	19255
269 Solrød	2680 Solrød Strand	2025	19318
269 Solrød	2680 Solrød Strand	2026	19405
269 Solrød	2690 Karlslunde	2010	236
269 Solrød	2690 Karlslunde	2011	246
269 Solrød	2690 Karlslunde	2012	252
269 Solrød	2690 Karlslunde	2013	244
269 Solrød	2690 Karlslunde	2014	238
269 Solrød	2690 Karlslunde	2015	241
269 Solrød	2690 Karlslunde	2016	247
269 Solrød	2690 Karlslunde	2017	247
269 Solrød	2690 Karlslunde	2018	258
269 Solrød	2690 Karlslunde	2019	259
269 Solrød	2690 Karlslunde	2020	258
269 Solrød	2690 Karlslunde	2021	271
269 Solrød	2690 Karlslunde	2022	267
269 Solrød	2690 Karlslunde	2023	276
269 Solrød	2690 Karlslunde	2024	285
269 Solrød	2690 Karlslunde	2025	270
269 Solrød	2690 Karlslunde	2026	274
269 Solrød	4622 Havdrup	2010	4417
269 Solrød	4622 Havdrup	2011	4396
269 Solrød	4622 Havdrup	2012	4430
269 Solrød	4622 Havdrup	2013	4411
269 Solrød	4622 Havdrup	2014	4409
269 Solrød	4622 Havdrup	2015	4423
269 Solrød	4622 Havdrup	2016	4561
269 Solrød	4622 Havdrup	2017	4677
269 Solrød	4622 Havdrup	2018	4706
269 Solrød	4622 Havdrup	2019	4769
269 Solrød	4622 Havdrup	2020	4835
269 Solrød	4622 Havdrup	2021	4880
269 Solrød	4622 Havdrup	2022	4835
269 Solrød	4622 Havdrup	2023	4860
269 Solrød	4622 Havdrup	2024	4917
269 Solrød	4622 Havdrup	2025	5021
269 Solrød	4622 Havdrup	2026	5243
269 Solrød	4623 Lille Skensved	2010	120
269 Solrød	4623 Lille Skensved	2011	114
269 Solrød	4623 Lille Skensved	2012	110
269 Solrød	4623 Lille Skensved	2013	111
269 Solrød	4623 Lille Skensved	2014	112
269 Solrød	4623 Lille Skensved	2015	116
269 Solrød	4623 Lille Skensved	2016	125
269 Solrød	4623 Lille Skensved	2017	116
269 Solrød	4623 Lille Skensved	2018	106
269 Solrød	4623 Lille Skensved	2019	109
269 Solrød	4623 Lille Skensved	2020	98
269 Solrød	4623 Lille Skensved	2021	112
269 Solrød	4623 Lille Skensved	2022	98
269 Solrød	4623 Lille Skensved	2023	103
269 Solrød	4623 Lille Skensved	2024	117
269 Solrød	4623 Lille Skensved	2025	122
269 Solrød	4623 Lille Skensved	2026	117
269 Solrød	9999 Ukendt	2010	17
269 Solrød	9999 Ukendt	2011	10
269 Solrød	9999 Ukendt	2012	17
269 Solrød	9999 Ukendt	2013	12
269 Solrød	9999 Ukendt	2014	4
269 Solrød	9999 Ukendt	2015	0
269 Solrød	9999 Ukendt	2016	4
269 Solrød	9999 Ukendt	2017	4
269 Solrød	9999 Ukendt	2018	12
269 Solrød	9999 Ukendt	2019	14
269 Solrød	9999 Ukendt	2020	12
269 Solrød	9999 Ukendt	2021	12
269 Solrød	9999 Ukendt	2022	5
269 Solrød	9999 Ukendt	2023	5
269 Solrød	9999 Ukendt	2024	5
269 Solrød	9999 Ukendt	2025	1
269 Solrød	9999 Ukendt	2026	1
270 Gribskov	3100 Hornbæk	2010	86
270 Gribskov	3100 Hornbæk	2011	87
270 Gribskov	3100 Hornbæk	2012	81
270 Gribskov	3100 Hornbæk	2013	84
270 Gribskov	3100 Hornbæk	2014	83
270 Gribskov	3100 Hornbæk	2015	85
270 Gribskov	3100 Hornbæk	2016	79
270 Gribskov	3100 Hornbæk	2017	84
270 Gribskov	3100 Hornbæk	2018	76
270 Gribskov	3100 Hornbæk	2019	84
270 Gribskov	3100 Hornbæk	2020	79
270 Gribskov	3100 Hornbæk	2021	81
270 Gribskov	3100 Hornbæk	2022	76
270 Gribskov	3100 Hornbæk	2023	78
270 Gribskov	3100 Hornbæk	2024	75
270 Gribskov	3100 Hornbæk	2025	75
270 Gribskov	3100 Hornbæk	2026	66
270 Gribskov	3120 Dronningmølle	2010	1552
270 Gribskov	3120 Dronningmølle	2011	1504
270 Gribskov	3120 Dronningmølle	2012	1478
270 Gribskov	3120 Dronningmølle	2013	1482
270 Gribskov	3120 Dronningmølle	2014	1492
270 Gribskov	3120 Dronningmølle	2015	1496
270 Gribskov	3120 Dronningmølle	2016	1486
270 Gribskov	3120 Dronningmølle	2017	1469
270 Gribskov	3120 Dronningmølle	2018	1494
270 Gribskov	3120 Dronningmølle	2019	1461
270 Gribskov	3120 Dronningmølle	2020	1474
270 Gribskov	3120 Dronningmølle	2021	1484
270 Gribskov	3120 Dronningmølle	2022	1458
270 Gribskov	3120 Dronningmølle	2023	1458
270 Gribskov	3120 Dronningmølle	2024	1410
270 Gribskov	3120 Dronningmølle	2025	1388
270 Gribskov	3120 Dronningmølle	2026	1332
270 Gribskov	3200 Helsinge	2010	14762
270 Gribskov	3200 Helsinge	2011	14715
270 Gribskov	3200 Helsinge	2012	14677
270 Gribskov	3200 Helsinge	2013	14670
270 Gribskov	3200 Helsinge	2014	14813
270 Gribskov	3200 Helsinge	2015	14858
270 Gribskov	3200 Helsinge	2016	14937
270 Gribskov	3200 Helsinge	2017	15071
270 Gribskov	3200 Helsinge	2018	15129
270 Gribskov	3200 Helsinge	2019	15188
270 Gribskov	3200 Helsinge	2020	15120
270 Gribskov	3200 Helsinge	2021	15173
270 Gribskov	3200 Helsinge	2022	15404
270 Gribskov	3200 Helsinge	2023	15838
270 Gribskov	3200 Helsinge	2024	16285
270 Gribskov	3200 Helsinge	2025	16437
270 Gribskov	3200 Helsinge	2026	16673
270 Gribskov	3210 Vejby	2010	3295
270 Gribskov	3210 Vejby	2011	3289
270 Gribskov	3210 Vejby	2012	3312
270 Gribskov	3210 Vejby	2013	3307
270 Gribskov	3210 Vejby	2014	3350
270 Gribskov	3210 Vejby	2015	3329
270 Gribskov	3210 Vejby	2016	3353
270 Gribskov	3210 Vejby	2017	3302
270 Gribskov	3210 Vejby	2018	3258
270 Gribskov	3210 Vejby	2019	3268
270 Gribskov	3210 Vejby	2020	3215
270 Gribskov	3210 Vejby	2021	3190
270 Gribskov	3210 Vejby	2022	3166
270 Gribskov	3210 Vejby	2023	3084
270 Gribskov	3210 Vejby	2024	3060
270 Gribskov	3210 Vejby	2025	3000
270 Gribskov	3210 Vejby	2026	2955
270 Gribskov	3220 Tisvildeleje	2010	1772
270 Gribskov	3220 Tisvildeleje	2011	1774
270 Gribskov	3220 Tisvildeleje	2012	1759
270 Gribskov	3220 Tisvildeleje	2013	1772
270 Gribskov	3220 Tisvildeleje	2014	1782
270 Gribskov	3220 Tisvildeleje	2015	1767
270 Gribskov	3220 Tisvildeleje	2016	1733
270 Gribskov	3220 Tisvildeleje	2017	1746
270 Gribskov	3220 Tisvildeleje	2018	1740
270 Gribskov	3220 Tisvildeleje	2019	1721
270 Gribskov	3220 Tisvildeleje	2020	1702
270 Gribskov	3220 Tisvildeleje	2021	1668
270 Gribskov	3220 Tisvildeleje	2022	1665
270 Gribskov	3220 Tisvildeleje	2023	1628
270 Gribskov	3220 Tisvildeleje	2024	1616
270 Gribskov	3220 Tisvildeleje	2025	1578
270 Gribskov	3220 Tisvildeleje	2026	1556
270 Gribskov	3230 Græsted	2010	9375
270 Gribskov	3230 Græsted	2011	9434
270 Gribskov	3230 Græsted	2012	9389
270 Gribskov	3230 Græsted	2013	9396
270 Gribskov	3230 Græsted	2014	9400
270 Gribskov	3230 Græsted	2015	9445
270 Gribskov	3230 Græsted	2016	9572
270 Gribskov	3230 Græsted	2017	9539
270 Gribskov	3230 Græsted	2018	9591
270 Gribskov	3230 Græsted	2019	9591
270 Gribskov	3230 Græsted	2020	9512
270 Gribskov	3230 Græsted	2021	9471
270 Gribskov	3230 Græsted	2022	9422
270 Gribskov	3230 Græsted	2023	9587
270 Gribskov	3230 Græsted	2024	9613
270 Gribskov	3230 Græsted	2025	9635
270 Gribskov	3230 Græsted	2026	9477
270 Gribskov	3250 Gilleleje	2010	9532
270 Gribskov	3250 Gilleleje	2011	9579
270 Gribskov	3250 Gilleleje	2012	9571
270 Gribskov	3250 Gilleleje	2013	9608
270 Gribskov	3250 Gilleleje	2014	9515
270 Gribskov	3250 Gilleleje	2015	9545
270 Gribskov	3250 Gilleleje	2016	9607
270 Gribskov	3250 Gilleleje	2017	9677
270 Gribskov	3250 Gilleleje	2018	9600
270 Gribskov	3250 Gilleleje	2019	9563
270 Gribskov	3250 Gilleleje	2020	9632
270 Gribskov	3250 Gilleleje	2021	9597
270 Gribskov	3250 Gilleleje	2022	9651
270 Gribskov	3250 Gilleleje	2023	9575
270 Gribskov	3250 Gilleleje	2024	9518
270 Gribskov	3250 Gilleleje	2025	9364
270 Gribskov	3250 Gilleleje	2026	9409
270 Gribskov	3300 Frederiksværk	2010	312
270 Gribskov	3300 Frederiksværk	2011	311
270 Gribskov	3300 Frederiksværk	2012	323
270 Gribskov	3300 Frederiksværk	2013	326
270 Gribskov	3300 Frederiksværk	2014	329
270 Gribskov	3300 Frederiksværk	2015	315
270 Gribskov	3300 Frederiksværk	2016	321
270 Gribskov	3300 Frederiksværk	2017	309
270 Gribskov	3300 Frederiksværk	2018	314
270 Gribskov	3300 Frederiksværk	2019	308
270 Gribskov	3300 Frederiksværk	2020	304
270 Gribskov	3300 Frederiksværk	2021	297
270 Gribskov	3300 Frederiksværk	2022	299
270 Gribskov	3300 Frederiksværk	2023	291
270 Gribskov	3300 Frederiksværk	2024	329
270 Gribskov	3300 Frederiksværk	2025	316
270 Gribskov	3300 Frederiksværk	2026	313
270 Gribskov	9999 Ukendt	2010	8
270 Gribskov	9999 Ukendt	2011	7
270 Gribskov	9999 Ukendt	2012	13
270 Gribskov	9999 Ukendt	2013	10
270 Gribskov	9999 Ukendt	2014	14
270 Gribskov	9999 Ukendt	2015	15
270 Gribskov	9999 Ukendt	2016	19
270 Gribskov	9999 Ukendt	2017	16
270 Gribskov	9999 Ukendt	2018	15
270 Gribskov	9999 Ukendt	2019	11
270 Gribskov	9999 Ukendt	2020	10
270 Gribskov	9999 Ukendt	2021	10
270 Gribskov	9999 Ukendt	2022	6
270 Gribskov	9999 Ukendt	2023	8
270 Gribskov	9999 Ukendt	2024	14
270 Gribskov	9999 Ukendt	2025	4
270 Gribskov	9999 Ukendt	2026	6
306 Odsherred	4500 Nykøbing Sj	2010	9332
306 Odsherred	4500 Nykøbing Sj	2011	9325
306 Odsherred	4500 Nykøbing Sj	2012	9281
306 Odsherred	4500 Nykøbing Sj	2013	9207
306 Odsherred	4500 Nykøbing Sj	2014	9268
306 Odsherred	4500 Nykøbing Sj	2015	9342
306 Odsherred	4500 Nykøbing Sj	2016	9341
306 Odsherred	4500 Nykøbing Sj	2017	9332
306 Odsherred	4500 Nykøbing Sj	2018	9338
306 Odsherred	4500 Nykøbing Sj	2019	9297
306 Odsherred	4500 Nykøbing Sj	2020	9240
306 Odsherred	4500 Nykøbing Sj	2021	9257
306 Odsherred	4500 Nykøbing Sj	2022	9200
306 Odsherred	4500 Nykøbing Sj	2023	9351
306 Odsherred	4500 Nykøbing Sj	2024	9202
306 Odsherred	4500 Nykøbing Sj	2025	9114
306 Odsherred	4500 Nykøbing Sj	2026	9108
306 Odsherred	4534 Hørve	2010	3497
306 Odsherred	4534 Hørve	2011	3491
306 Odsherred	4534 Hørve	2012	3486
306 Odsherred	4534 Hørve	2013	3467
306 Odsherred	4534 Hørve	2014	3524
306 Odsherred	4534 Hørve	2015	3512
306 Odsherred	4534 Hørve	2016	3558
306 Odsherred	4534 Hørve	2017	3591
306 Odsherred	4534 Hørve	2018	3605
306 Odsherred	4534 Hørve	2019	3531
306 Odsherred	4534 Hørve	2020	3516
306 Odsherred	4534 Hørve	2021	3502
306 Odsherred	4534 Hørve	2022	3469
306 Odsherred	4534 Hørve	2023	3471
306 Odsherred	4534 Hørve	2024	3417
306 Odsherred	4534 Hørve	2025	3402
306 Odsherred	4534 Hørve	2026	3420
306 Odsherred	4540 Fårevejle	2010	3839
306 Odsherred	4540 Fårevejle	2011	3821
306 Odsherred	4540 Fårevejle	2012	3813
306 Odsherred	4540 Fårevejle	2013	3767
306 Odsherred	4540 Fårevejle	2014	3754
306 Odsherred	4540 Fårevejle	2015	3777
306 Odsherred	4540 Fårevejle	2016	3803
306 Odsherred	4540 Fårevejle	2017	3863
306 Odsherred	4540 Fårevejle	2018	3892
306 Odsherred	4540 Fårevejle	2019	3871
306 Odsherred	4540 Fårevejle	2020	3811
306 Odsherred	4540 Fårevejle	2021	3783
306 Odsherred	4540 Fårevejle	2022	3785
306 Odsherred	4540 Fårevejle	2023	3776
306 Odsherred	4540 Fårevejle	2024	3778
306 Odsherred	4540 Fårevejle	2025	3727
306 Odsherred	4540 Fårevejle	2026	3660
306 Odsherred	4550 Asnæs	2010	4047
306 Odsherred	4550 Asnæs	2011	3998
306 Odsherred	4550 Asnæs	2012	3929
306 Odsherred	4550 Asnæs	2013	3942
306 Odsherred	4550 Asnæs	2014	3958
306 Odsherred	4550 Asnæs	2015	3971
306 Odsherred	4550 Asnæs	2016	3970
306 Odsherred	4550 Asnæs	2017	3988
306 Odsherred	4550 Asnæs	2018	4000
306 Odsherred	4550 Asnæs	2019	4098
306 Odsherred	4550 Asnæs	2020	4068
306 Odsherred	4550 Asnæs	2021	4103
306 Odsherred	4550 Asnæs	2022	4191
306 Odsherred	4550 Asnæs	2023	4167
306 Odsherred	4550 Asnæs	2024	4146
306 Odsherred	4550 Asnæs	2025	4083
306 Odsherred	4550 Asnæs	2026	4038
306 Odsherred	4560 Vig	2010	3447
306 Odsherred	4560 Vig	2011	3424
306 Odsherred	4560 Vig	2012	3393
306 Odsherred	4560 Vig	2013	3407
306 Odsherred	4560 Vig	2014	3393
306 Odsherred	4560 Vig	2015	3378
306 Odsherred	4560 Vig	2016	3378
306 Odsherred	4560 Vig	2017	3441
306 Odsherred	4560 Vig	2018	3436
306 Odsherred	4560 Vig	2019	3479
306 Odsherred	4560 Vig	2020	3507
306 Odsherred	4560 Vig	2021	3541
306 Odsherred	4560 Vig	2022	3633
306 Odsherred	4560 Vig	2023	3658
306 Odsherred	4560 Vig	2024	3635
306 Odsherred	4560 Vig	2025	3590
306 Odsherred	4560 Vig	2026	3593
306 Odsherred	4571 Grevinge	2010	2463
306 Odsherred	4571 Grevinge	2011	2477
306 Odsherred	4571 Grevinge	2012	2465
306 Odsherred	4571 Grevinge	2013	2454
306 Odsherred	4571 Grevinge	2014	2429
306 Odsherred	4571 Grevinge	2015	2424
306 Odsherred	4571 Grevinge	2016	2407
306 Odsherred	4571 Grevinge	2017	2470
306 Odsherred	4571 Grevinge	2018	2457
306 Odsherred	4571 Grevinge	2019	2508
306 Odsherred	4571 Grevinge	2020	2494
306 Odsherred	4571 Grevinge	2021	2437
306 Odsherred	4571 Grevinge	2022	2422
306 Odsherred	4571 Grevinge	2023	2424
306 Odsherred	4571 Grevinge	2024	2378
306 Odsherred	4571 Grevinge	2025	2340
306 Odsherred	4571 Grevinge	2026	2297
306 Odsherred	4572 Nørre Asmindrup	2010	1176
306 Odsherred	4572 Nørre Asmindrup	2011	1137
306 Odsherred	4572 Nørre Asmindrup	2012	1116
306 Odsherred	4572 Nørre Asmindrup	2013	1097
306 Odsherred	4572 Nørre Asmindrup	2014	1100
306 Odsherred	4572 Nørre Asmindrup	2015	1109
306 Odsherred	4572 Nørre Asmindrup	2016	1115
306 Odsherred	4572 Nørre Asmindrup	2017	1112
306 Odsherred	4572 Nørre Asmindrup	2018	1100
306 Odsherred	4572 Nørre Asmindrup	2019	1094
306 Odsherred	4572 Nørre Asmindrup	2020	1116
306 Odsherred	4572 Nørre Asmindrup	2021	1088
306 Odsherred	4572 Nørre Asmindrup	2022	1079
306 Odsherred	4572 Nørre Asmindrup	2023	1086
306 Odsherred	4572 Nørre Asmindrup	2024	1080
306 Odsherred	4572 Nørre Asmindrup	2025	1084
306 Odsherred	4572 Nørre Asmindrup	2026	1064
306 Odsherred	4573 Højby	2010	2527
306 Odsherred	4573 Højby	2011	2471
306 Odsherred	4573 Højby	2012	2474
306 Odsherred	4573 Højby	2013	2463
306 Odsherred	4573 Højby	2014	2483
306 Odsherred	4573 Højby	2015	2544
306 Odsherred	4573 Højby	2016	2578
306 Odsherred	4573 Højby	2017	2598
306 Odsherred	4573 Højby	2018	2632
306 Odsherred	4573 Højby	2019	2591
306 Odsherred	4573 Højby	2020	2579
306 Odsherred	4573 Højby	2021	2584
306 Odsherred	4573 Højby	2022	2529
306 Odsherred	4573 Højby	2023	2493
306 Odsherred	4573 Højby	2024	2506
306 Odsherred	4573 Højby	2025	2483
306 Odsherred	4573 Højby	2026	2443
306 Odsherred	4581 Rørvig	2010	1317
306 Odsherred	4581 Rørvig	2011	1323
306 Odsherred	4581 Rørvig	2012	1297
306 Odsherred	4581 Rørvig	2013	1306
306 Odsherred	4581 Rørvig	2014	1283
306 Odsherred	4581 Rørvig	2015	1291
306 Odsherred	4581 Rørvig	2016	1321
306 Odsherred	4581 Rørvig	2017	1297
306 Odsherred	4581 Rørvig	2018	1311
306 Odsherred	4581 Rørvig	2019	1308
306 Odsherred	4581 Rørvig	2020	1302
306 Odsherred	4581 Rørvig	2021	1322
306 Odsherred	4581 Rørvig	2022	1309
306 Odsherred	4581 Rørvig	2023	1317
306 Odsherred	4581 Rørvig	2024	1293
306 Odsherred	4581 Rørvig	2025	1225
306 Odsherred	4581 Rørvig	2026	1222
306 Odsherred	4583 Sjællands Odde	2010	1366
306 Odsherred	4583 Sjællands Odde	2011	1365
306 Odsherred	4583 Sjællands Odde	2012	1372
306 Odsherred	4583 Sjællands Odde	2013	1327
306 Odsherred	4583 Sjællands Odde	2014	1322
306 Odsherred	4583 Sjællands Odde	2015	1293
306 Odsherred	4583 Sjællands Odde	2016	1325
306 Odsherred	4583 Sjællands Odde	2017	1317
306 Odsherred	4583 Sjællands Odde	2018	1295
306 Odsherred	4583 Sjællands Odde	2019	1323
306 Odsherred	4583 Sjællands Odde	2020	1300
306 Odsherred	4583 Sjællands Odde	2021	1286
306 Odsherred	4583 Sjællands Odde	2022	1243
306 Odsherred	4583 Sjællands Odde	2023	1212
306 Odsherred	4583 Sjællands Odde	2024	1158
306 Odsherred	4583 Sjællands Odde	2025	1165
306 Odsherred	4583 Sjællands Odde	2026	1129
306 Odsherred	4591 Føllenslev	2010	14
306 Odsherred	4591 Føllenslev	2011	11
306 Odsherred	4591 Føllenslev	2012	12
306 Odsherred	4591 Føllenslev	2013	13
306 Odsherred	4591 Føllenslev	2014	17
306 Odsherred	4591 Føllenslev	2015	18
306 Odsherred	4591 Føllenslev	2016	16
306 Odsherred	4591 Føllenslev	2017	11
306 Odsherred	4591 Føllenslev	2018	14
306 Odsherred	4591 Føllenslev	2019	13
306 Odsherred	4591 Føllenslev	2020	16
306 Odsherred	4591 Føllenslev	2021	14
306 Odsherred	4591 Føllenslev	2022	12
306 Odsherred	4591 Føllenslev	2023	14
306 Odsherred	4591 Føllenslev	2024	8
306 Odsherred	4591 Føllenslev	2025	8
306 Odsherred	4591 Føllenslev	2026	9
306 Odsherred	9999 Ukendt	2010	5
306 Odsherred	9999 Ukendt	2011	2
306 Odsherred	9999 Ukendt	2012	2
306 Odsherred	9999 Ukendt	2013	2
306 Odsherred	9999 Ukendt	2014	3
306 Odsherred	9999 Ukendt	2015	6
306 Odsherred	9999 Ukendt	2016	4
306 Odsherred	9999 Ukendt	2017	3
306 Odsherred	9999 Ukendt	2018	3
306 Odsherred	9999 Ukendt	2019	9
306 Odsherred	9999 Ukendt	2020	8
306 Odsherred	9999 Ukendt	2021	6
306 Odsherred	9999 Ukendt	2022	9
306 Odsherred	9999 Ukendt	2023	8
306 Odsherred	9999 Ukendt	2024	4
306 Odsherred	9999 Ukendt	2025	4
306 Odsherred	9999 Ukendt	2026	5
316 Holbæk	4100 Ringsted	2010	127
316 Holbæk	4100 Ringsted	2011	129
316 Holbæk	4100 Ringsted	2012	133
316 Holbæk	4100 Ringsted	2013	132
316 Holbæk	4100 Ringsted	2014	132
316 Holbæk	4100 Ringsted	2015	128
316 Holbæk	4100 Ringsted	2016	128
316 Holbæk	4100 Ringsted	2017	132
316 Holbæk	4100 Ringsted	2018	119
316 Holbæk	4100 Ringsted	2019	120
316 Holbæk	4100 Ringsted	2020	120
316 Holbæk	4100 Ringsted	2021	120
316 Holbæk	4100 Ringsted	2022	117
316 Holbæk	4100 Ringsted	2023	116
316 Holbæk	4100 Ringsted	2024	120
316 Holbæk	4100 Ringsted	2025	107
316 Holbæk	4100 Ringsted	2026	110
316 Holbæk	4295 Stenlille	2010	6
316 Holbæk	4295 Stenlille	2011	6
316 Holbæk	4295 Stenlille	2012	6
316 Holbæk	4295 Stenlille	2013	7
316 Holbæk	4295 Stenlille	2014	9
316 Holbæk	4295 Stenlille	2015	8
316 Holbæk	4295 Stenlille	2016	6
316 Holbæk	4295 Stenlille	2017	7
316 Holbæk	4295 Stenlille	2018	7
316 Holbæk	4295 Stenlille	2019	5
316 Holbæk	4295 Stenlille	2020	5
316 Holbæk	4295 Stenlille	2021	6
316 Holbæk	4295 Stenlille	2022	5
316 Holbæk	4295 Stenlille	2023	6
316 Holbæk	4295 Stenlille	2024	6
316 Holbæk	4295 Stenlille	2025	9
316 Holbæk	4295 Stenlille	2026	8
316 Holbæk	4296 Nyrup	2010	5
316 Holbæk	4296 Nyrup	2011	5
316 Holbæk	4296 Nyrup	2012	5
316 Holbæk	4296 Nyrup	2013	3
316 Holbæk	4296 Nyrup	2014	3
316 Holbæk	4296 Nyrup	2015	3
316 Holbæk	4296 Nyrup	2016	3
316 Holbæk	4296 Nyrup	2017	3
316 Holbæk	4296 Nyrup	2018	3
316 Holbæk	4296 Nyrup	2019	3
316 Holbæk	4296 Nyrup	2020	3
316 Holbæk	4296 Nyrup	2021	3
316 Holbæk	4296 Nyrup	2022	5
316 Holbæk	4296 Nyrup	2023	3
316 Holbæk	4296 Nyrup	2024	5
316 Holbæk	4296 Nyrup	2025	2
316 Holbæk	4296 Nyrup	2026	8
316 Holbæk	4300 Holbæk	2010	34139
316 Holbæk	4300 Holbæk	2011	34007
316 Holbæk	4300 Holbæk	2012	34088
316 Holbæk	4300 Holbæk	2013	33908
316 Holbæk	4300 Holbæk	2014	33835
316 Holbæk	4300 Holbæk	2015	33811
316 Holbæk	4300 Holbæk	2016	34513
316 Holbæk	4300 Holbæk	2017	35088
316 Holbæk	4300 Holbæk	2018	34367
316 Holbæk	4300 Holbæk	2019	34731
316 Holbæk	4300 Holbæk	2020	35058
316 Holbæk	4300 Holbæk	2021	35503
316 Holbæk	4300 Holbæk	2022	36080
316 Holbæk	4300 Holbæk	2023	36550
316 Holbæk	4300 Holbæk	2024	37095
316 Holbæk	4300 Holbæk	2025	37475
316 Holbæk	4300 Holbæk	2026	37742
316 Holbæk	4305 Orø	2010	0
316 Holbæk	4305 Orø	2011	0
316 Holbæk	4305 Orø	2012	0
316 Holbæk	4305 Orø	2013	0
316 Holbæk	4305 Orø	2014	0
316 Holbæk	4305 Orø	2015	0
316 Holbæk	4305 Orø	2016	0
316 Holbæk	4305 Orø	2017	0
316 Holbæk	4305 Orø	2018	910
316 Holbæk	4305 Orø	2019	933
316 Holbæk	4305 Orø	2020	951
316 Holbæk	4305 Orø	2021	968
316 Holbæk	4305 Orø	2022	987
316 Holbæk	4305 Orø	2023	1003
316 Holbæk	4305 Orø	2024	995
316 Holbæk	4305 Orø	2025	1020
316 Holbæk	4305 Orø	2026	1006
316 Holbæk	4330 Hvalsø	2010	324
316 Holbæk	4330 Hvalsø	2011	329
316 Holbæk	4330 Hvalsø	2012	327
316 Holbæk	4330 Hvalsø	2013	334
316 Holbæk	4330 Hvalsø	2014	322
316 Holbæk	4330 Hvalsø	2015	324
316 Holbæk	4330 Hvalsø	2016	323
316 Holbæk	4330 Hvalsø	2017	338
316 Holbæk	4330 Hvalsø	2018	332
316 Holbæk	4330 Hvalsø	2019	335
316 Holbæk	4330 Hvalsø	2020	326
316 Holbæk	4330 Hvalsø	2021	324
316 Holbæk	4330 Hvalsø	2022	346
316 Holbæk	4330 Hvalsø	2023	330
316 Holbæk	4330 Hvalsø	2024	332
316 Holbæk	4330 Hvalsø	2025	321
316 Holbæk	4330 Hvalsø	2026	327
316 Holbæk	4340 Tølløse	2010	6722
316 Holbæk	4340 Tølløse	2011	6745
316 Holbæk	4340 Tølløse	2012	6719
316 Holbæk	4340 Tølløse	2013	6552
316 Holbæk	4340 Tølløse	2014	6611
316 Holbæk	4340 Tølløse	2015	6584
316 Holbæk	4340 Tølløse	2016	6555
316 Holbæk	4340 Tølløse	2017	6638
316 Holbæk	4340 Tølløse	2018	6710
316 Holbæk	4340 Tølløse	2019	6761
316 Holbæk	4340 Tølløse	2020	6691
316 Holbæk	4340 Tølløse	2021	6650
316 Holbæk	4340 Tølløse	2022	6681
316 Holbæk	4340 Tølløse	2023	6810
316 Holbæk	4340 Tølløse	2024	6801
316 Holbæk	4340 Tølløse	2025	6867
316 Holbæk	4340 Tølløse	2026	6832
316 Holbæk	4350 Ugerløse	2010	1673
316 Holbæk	4350 Ugerløse	2011	1678
316 Holbæk	4350 Ugerløse	2012	1630
316 Holbæk	4350 Ugerløse	2013	1640
316 Holbæk	4350 Ugerløse	2014	1671
316 Holbæk	4350 Ugerløse	2015	1650
316 Holbæk	4350 Ugerløse	2016	1668
316 Holbæk	4350 Ugerløse	2017	1679
316 Holbæk	4350 Ugerløse	2018	1657
316 Holbæk	4350 Ugerløse	2019	1689
316 Holbæk	4350 Ugerløse	2020	1652
316 Holbæk	4350 Ugerløse	2021	1617
316 Holbæk	4350 Ugerløse	2022	1640
316 Holbæk	4350 Ugerløse	2023	1601
316 Holbæk	4350 Ugerløse	2024	1609
316 Holbæk	4350 Ugerløse	2025	1603
316 Holbæk	4350 Ugerløse	2026	1622
316 Holbæk	4360 Kirke Eskilstrup	2010	1254
316 Holbæk	4360 Kirke Eskilstrup	2011	1253
316 Holbæk	4360 Kirke Eskilstrup	2012	1265
316 Holbæk	4360 Kirke Eskilstrup	2013	1259
316 Holbæk	4360 Kirke Eskilstrup	2014	1225
316 Holbæk	4360 Kirke Eskilstrup	2015	1243
316 Holbæk	4360 Kirke Eskilstrup	2016	1246
316 Holbæk	4360 Kirke Eskilstrup	2017	1256
316 Holbæk	4360 Kirke Eskilstrup	2018	1239
316 Holbæk	4360 Kirke Eskilstrup	2019	1220
316 Holbæk	4360 Kirke Eskilstrup	2020	1230
316 Holbæk	4360 Kirke Eskilstrup	2021	1203
316 Holbæk	4360 Kirke Eskilstrup	2022	1201
316 Holbæk	4360 Kirke Eskilstrup	2023	1222
316 Holbæk	4360 Kirke Eskilstrup	2024	1219
316 Holbæk	4360 Kirke Eskilstrup	2025	1213
316 Holbæk	4360 Kirke Eskilstrup	2026	1196
316 Holbæk	4370 Store Merløse	2010	1707
316 Holbæk	4370 Store Merløse	2011	1718
316 Holbæk	4370 Store Merløse	2012	1705
316 Holbæk	4370 Store Merløse	2013	1701
316 Holbæk	4370 Store Merløse	2014	1708
316 Holbæk	4370 Store Merløse	2015	1697
316 Holbæk	4370 Store Merløse	2016	1691
316 Holbæk	4370 Store Merløse	2017	1726
316 Holbæk	4370 Store Merløse	2018	1687
316 Holbæk	4370 Store Merløse	2019	1692
316 Holbæk	4370 Store Merløse	2020	1675
316 Holbæk	4370 Store Merløse	2021	1658
316 Holbæk	4370 Store Merløse	2022	1661
316 Holbæk	4370 Store Merløse	2023	1656
316 Holbæk	4370 Store Merløse	2024	1661
316 Holbæk	4370 Store Merløse	2025	1651
316 Holbæk	4370 Store Merløse	2026	1639
316 Holbæk	4390 Vipperød	2010	3393
316 Holbæk	4390 Vipperød	2011	3361
316 Holbæk	4390 Vipperød	2012	3330
316 Holbæk	4390 Vipperød	2013	3323
316 Holbæk	4390 Vipperød	2014	3326
316 Holbæk	4390 Vipperød	2015	3296
316 Holbæk	4390 Vipperød	2016	3368
316 Holbæk	4390 Vipperød	2017	3372
316 Holbæk	4390 Vipperød	2018	3353
316 Holbæk	4390 Vipperød	2019	3231
316 Holbæk	4390 Vipperød	2020	3202
316 Holbæk	4390 Vipperød	2021	3310
316 Holbæk	4390 Vipperød	2022	3454
316 Holbæk	4390 Vipperød	2023	3575
316 Holbæk	4390 Vipperød	2024	3684
316 Holbæk	4390 Vipperød	2025	3717
316 Holbæk	4390 Vipperød	2026	3870
316 Holbæk	4420 Regstrup	2010	3606
316 Holbæk	4420 Regstrup	2011	3601
316 Holbæk	4420 Regstrup	2012	3593
316 Holbæk	4420 Regstrup	2013	3566
316 Holbæk	4420 Regstrup	2014	3523
316 Holbæk	4420 Regstrup	2015	3549
316 Holbæk	4420 Regstrup	2016	3557
316 Holbæk	4420 Regstrup	2017	3613
316 Holbæk	4420 Regstrup	2018	3585
316 Holbæk	4420 Regstrup	2019	3545
316 Holbæk	4420 Regstrup	2020	3533
316 Holbæk	4420 Regstrup	2021	3545
316 Holbæk	4420 Regstrup	2022	3584
316 Holbæk	4420 Regstrup	2023	3593
316 Holbæk	4420 Regstrup	2024	3580
316 Holbæk	4420 Regstrup	2025	3498
316 Holbæk	4420 Regstrup	2026	3505
316 Holbæk	4440 Mørkøv	2010	4602
316 Holbæk	4440 Mørkøv	2011	4641
316 Holbæk	4440 Mørkøv	2012	4623
316 Holbæk	4440 Mørkøv	2013	4633
316 Holbæk	4440 Mørkøv	2014	4659
316 Holbæk	4440 Mørkøv	2015	4659
316 Holbæk	4440 Mørkøv	2016	4684
316 Holbæk	4440 Mørkøv	2017	4616
316 Holbæk	4440 Mørkøv	2018	4673
316 Holbæk	4440 Mørkøv	2019	4643
316 Holbæk	4440 Mørkøv	2020	4658
316 Holbæk	4440 Mørkøv	2021	4577
316 Holbæk	4440 Mørkøv	2022	4586
316 Holbæk	4440 Mørkøv	2023	4595
316 Holbæk	4440 Mørkøv	2024	4622
316 Holbæk	4440 Mørkøv	2025	4691
316 Holbæk	4440 Mørkøv	2026	4734
316 Holbæk	4450 Jyderup	2010	5405
316 Holbæk	4450 Jyderup	2011	5390
316 Holbæk	4450 Jyderup	2012	5367
316 Holbæk	4450 Jyderup	2013	5386
316 Holbæk	4450 Jyderup	2014	5398
316 Holbæk	4450 Jyderup	2015	5436
316 Holbæk	4450 Jyderup	2016	5512
316 Holbæk	4450 Jyderup	2017	5620
316 Holbæk	4450 Jyderup	2018	5566
316 Holbæk	4450 Jyderup	2019	5568
316 Holbæk	4450 Jyderup	2020	5604
316 Holbæk	4450 Jyderup	2021	5570
316 Holbæk	4450 Jyderup	2022	5569
316 Holbæk	4450 Jyderup	2023	5547
316 Holbæk	4450 Jyderup	2024	5543
316 Holbæk	4450 Jyderup	2025	5477
316 Holbæk	4450 Jyderup	2026	5482
316 Holbæk	4460 Snertinge	2010	98
316 Holbæk	4460 Snertinge	2011	95
316 Holbæk	4460 Snertinge	2012	85
316 Holbæk	4460 Snertinge	2013	80
316 Holbæk	4460 Snertinge	2014	74
316 Holbæk	4460 Snertinge	2015	82
316 Holbæk	4460 Snertinge	2016	86
316 Holbæk	4460 Snertinge	2017	84
316 Holbæk	4460 Snertinge	2018	87
316 Holbæk	4460 Snertinge	2019	86
316 Holbæk	4460 Snertinge	2020	84
316 Holbæk	4460 Snertinge	2021	82
316 Holbæk	4460 Snertinge	2022	83
316 Holbæk	4460 Snertinge	2023	85
316 Holbæk	4460 Snertinge	2024	82
316 Holbæk	4460 Snertinge	2025	84
316 Holbæk	4460 Snertinge	2026	82
316 Holbæk	4470 Svebølle	2010	4
316 Holbæk	4470 Svebølle	2011	4
316 Holbæk	4470 Svebølle	2012	4
316 Holbæk	4470 Svebølle	2013	4
316 Holbæk	4470 Svebølle	2014	0
316 Holbæk	4470 Svebølle	2015	0
316 Holbæk	4470 Svebølle	2016	0
316 Holbæk	4470 Svebølle	2017	0
316 Holbæk	4470 Svebølle	2018	0
316 Holbæk	4470 Svebølle	2019	0
316 Holbæk	4470 Svebølle	2020	0
316 Holbæk	4470 Svebølle	2021	0
316 Holbæk	4470 Svebølle	2022	0
316 Holbæk	4470 Svebølle	2023	0
316 Holbæk	4470 Svebølle	2024	0
316 Holbæk	4470 Svebølle	2025	0
316 Holbæk	4470 Svebølle	2026	0
316 Holbæk	4520 Svinninge	2010	4418
316 Holbæk	4520 Svinninge	2011	4453
316 Holbæk	4520 Svinninge	2012	4433
316 Holbæk	4520 Svinninge	2013	4449
316 Holbæk	4520 Svinninge	2014	4432
316 Holbæk	4520 Svinninge	2015	4465
316 Holbæk	4520 Svinninge	2016	4508
316 Holbæk	4520 Svinninge	2017	4586
316 Holbæk	4520 Svinninge	2018	4514
316 Holbæk	4520 Svinninge	2019	4555
316 Holbæk	4520 Svinninge	2020	4554
316 Holbæk	4520 Svinninge	2021	4544
316 Holbæk	4520 Svinninge	2022	4580
316 Holbæk	4520 Svinninge	2023	4526
316 Holbæk	4520 Svinninge	2024	4545
316 Holbæk	4520 Svinninge	2025	4544
316 Holbæk	4520 Svinninge	2026	4609
316 Holbæk	4532 Gislinge	2010	1982
316 Holbæk	4532 Gislinge	2011	2025
316 Holbæk	4532 Gislinge	2012	2004
316 Holbæk	4532 Gislinge	2013	1976
316 Holbæk	4532 Gislinge	2014	2005
316 Holbæk	4532 Gislinge	2015	2010
316 Holbæk	4532 Gislinge	2016	2051
316 Holbæk	4532 Gislinge	2017	2118
316 Holbæk	4532 Gislinge	2018	2096
316 Holbæk	4532 Gislinge	2019	2113
316 Holbæk	4532 Gislinge	2020	2127
316 Holbæk	4532 Gislinge	2021	2153
316 Holbæk	4532 Gislinge	2022	2153
316 Holbæk	4532 Gislinge	2023	2153
316 Holbæk	4532 Gislinge	2024	2163
316 Holbæk	4532 Gislinge	2025	2137
316 Holbæk	4532 Gislinge	2026	2147
316 Holbæk	9999 Ukendt	2010	85
316 Holbæk	9999 Ukendt	2011	81
316 Holbæk	9999 Ukendt	2012	98
316 Holbæk	9999 Ukendt	2013	310
316 Holbæk	9999 Ukendt	2014	83
316 Holbæk	9999 Ukendt	2015	90
316 Holbæk	9999 Ukendt	2016	73
316 Holbæk	9999 Ukendt	2017	74
316 Holbæk	9999 Ukendt	2018	78
316 Holbæk	9999 Ukendt	2019	67
316 Holbæk	9999 Ukendt	2020	68
316 Holbæk	9999 Ukendt	2021	80
316 Holbæk	9999 Ukendt	2022	78
316 Holbæk	9999 Ukendt	2023	69
316 Holbæk	9999 Ukendt	2024	67
316 Holbæk	9999 Ukendt	2025	74
316 Holbæk	9999 Ukendt	2026	90
320 Faxe	4100 Ringsted	2010	48
320 Faxe	4100 Ringsted	2011	49
320 Faxe	4100 Ringsted	2012	47
320 Faxe	4100 Ringsted	2013	46
320 Faxe	4100 Ringsted	2014	43
320 Faxe	4100 Ringsted	2015	47
320 Faxe	4100 Ringsted	2016	48
320 Faxe	4100 Ringsted	2017	48
320 Faxe	4100 Ringsted	2018	42
320 Faxe	4100 Ringsted	2019	45
320 Faxe	4100 Ringsted	2020	45
320 Faxe	4100 Ringsted	2021	40
320 Faxe	4100 Ringsted	2022	40
320 Faxe	4100 Ringsted	2023	40
320 Faxe	4100 Ringsted	2024	41
320 Faxe	4100 Ringsted	2025	40
320 Faxe	4100 Ringsted	2026	39
320 Faxe	4160 Herlufmagle	2010	4
320 Faxe	4160 Herlufmagle	2011	2
320 Faxe	4160 Herlufmagle	2012	2
320 Faxe	4160 Herlufmagle	2013	2
320 Faxe	4160 Herlufmagle	2014	2
320 Faxe	4160 Herlufmagle	2015	2
320 Faxe	4160 Herlufmagle	2016	2
320 Faxe	4160 Herlufmagle	2017	4
320 Faxe	4160 Herlufmagle	2018	4
320 Faxe	4160 Herlufmagle	2019	4
320 Faxe	4160 Herlufmagle	2020	4
320 Faxe	4160 Herlufmagle	2021	4
320 Faxe	4160 Herlufmagle	2022	4
320 Faxe	4160 Herlufmagle	2023	4
320 Faxe	4160 Herlufmagle	2024	3
320 Faxe	4160 Herlufmagle	2025	3
320 Faxe	4160 Herlufmagle	2026	3
320 Faxe	4640 Faxe	2010	6553
320 Faxe	4640 Faxe	2011	6481
320 Faxe	4640 Faxe	2012	6396
320 Faxe	4640 Faxe	2013	6401
320 Faxe	4640 Faxe	2014	6457
320 Faxe	4640 Faxe	2015	6436
320 Faxe	4640 Faxe	2016	6550
320 Faxe	4640 Faxe	2017	6608
320 Faxe	4640 Faxe	2018	6613
320 Faxe	4640 Faxe	2019	6699
320 Faxe	4640 Faxe	2020	6679
320 Faxe	4640 Faxe	2021	6667
320 Faxe	4640 Faxe	2022	6771
320 Faxe	4640 Faxe	2023	6700
320 Faxe	4640 Faxe	2024	6658
320 Faxe	4640 Faxe	2025	6566
320 Faxe	4640 Faxe	2026	6583
320 Faxe	4652 Hårlev	2010	1
320 Faxe	4652 Hårlev	2011	1
320 Faxe	4652 Hårlev	2012	1
320 Faxe	4652 Hårlev	2013	1
320 Faxe	4652 Hårlev	2014	1
320 Faxe	4652 Hårlev	2015	1
320 Faxe	4652 Hårlev	2016	1
320 Faxe	4652 Hårlev	2017	1
320 Faxe	4652 Hårlev	2018	1
320 Faxe	4652 Hårlev	2019	1
320 Faxe	4652 Hårlev	2020	1
320 Faxe	4652 Hårlev	2021	1
320 Faxe	4652 Hårlev	2022	1
320 Faxe	4652 Hårlev	2023	1
320 Faxe	4652 Hårlev	2024	1
320 Faxe	4652 Hårlev	2025	1
320 Faxe	4652 Hårlev	2026	1
320 Faxe	4653 Karise	2010	3477
320 Faxe	4653 Karise	2011	3476
320 Faxe	4653 Karise	2012	3419
320 Faxe	4653 Karise	2013	3412
320 Faxe	4653 Karise	2014	3405
320 Faxe	4653 Karise	2015	3399
320 Faxe	4653 Karise	2016	3434
320 Faxe	4653 Karise	2017	3444
320 Faxe	4653 Karise	2018	3463
320 Faxe	4653 Karise	2019	3654
320 Faxe	4653 Karise	2020	3635
320 Faxe	4653 Karise	2021	3635
320 Faxe	4653 Karise	2022	3586
320 Faxe	4653 Karise	2023	3563
320 Faxe	4653 Karise	2024	3584
320 Faxe	4653 Karise	2025	3610
320 Faxe	4653 Karise	2026	3599
320 Faxe	4654 Faxe Ladeplads	2010	3169
320 Faxe	4654 Faxe Ladeplads	2011	3150
320 Faxe	4654 Faxe Ladeplads	2012	3126
320 Faxe	4654 Faxe Ladeplads	2013	3128
320 Faxe	4654 Faxe Ladeplads	2014	3138
320 Faxe	4654 Faxe Ladeplads	2015	3116
320 Faxe	4654 Faxe Ladeplads	2016	3092
320 Faxe	4654 Faxe Ladeplads	2017	3138
320 Faxe	4654 Faxe Ladeplads	2018	3150
320 Faxe	4654 Faxe Ladeplads	2019	3165
320 Faxe	4654 Faxe Ladeplads	2020	3132
320 Faxe	4654 Faxe Ladeplads	2021	3130
320 Faxe	4654 Faxe Ladeplads	2022	3144
320 Faxe	4654 Faxe Ladeplads	2023	3142
320 Faxe	4654 Faxe Ladeplads	2024	3133
320 Faxe	4654 Faxe Ladeplads	2025	3146
320 Faxe	4654 Faxe Ladeplads	2026	3143
320 Faxe	4682 Tureby	2010	494
320 Faxe	4682 Tureby	2011	491
320 Faxe	4682 Tureby	2012	503
320 Faxe	4682 Tureby	2013	487
320 Faxe	4682 Tureby	2014	496
320 Faxe	4682 Tureby	2015	517
320 Faxe	4682 Tureby	2016	523
320 Faxe	4682 Tureby	2017	517
320 Faxe	4682 Tureby	2018	501
320 Faxe	4682 Tureby	2019	498
320 Faxe	4682 Tureby	2020	497
320 Faxe	4682 Tureby	2021	491
320 Faxe	4682 Tureby	2022	493
320 Faxe	4682 Tureby	2023	501
320 Faxe	4682 Tureby	2024	505
320 Faxe	4682 Tureby	2025	489
320 Faxe	4682 Tureby	2026	514
320 Faxe	4683 Rønnede	2010	3474
320 Faxe	4683 Rønnede	2011	3459
320 Faxe	4683 Rønnede	2012	3446
320 Faxe	4683 Rønnede	2013	3447
320 Faxe	4683 Rønnede	2014	3381
320 Faxe	4683 Rønnede	2015	3369
320 Faxe	4683 Rønnede	2016	3373
320 Faxe	4683 Rønnede	2017	3405
320 Faxe	4683 Rønnede	2018	3420
320 Faxe	4683 Rønnede	2019	3398
320 Faxe	4683 Rønnede	2020	3396
320 Faxe	4683 Rønnede	2021	3449
320 Faxe	4683 Rønnede	2022	3669
320 Faxe	4683 Rønnede	2023	3677
320 Faxe	4683 Rønnede	2024	3875
320 Faxe	4683 Rønnede	2025	3874
320 Faxe	4683 Rønnede	2026	3901
320 Faxe	4684 Holmegaard	2010	3
320 Faxe	4684 Holmegaard	2011	2
320 Faxe	4684 Holmegaard	2012	1
320 Faxe	4684 Holmegaard	2013	0
320 Faxe	4684 Holmegaard	2014	4
320 Faxe	4684 Holmegaard	2015	5
320 Faxe	4684 Holmegaard	2016	5
320 Faxe	4684 Holmegaard	2017	5
320 Faxe	4684 Holmegaard	2018	4
320 Faxe	4684 Holmegaard	2019	5
320 Faxe	4684 Holmegaard	2020	5
320 Faxe	4684 Holmegaard	2021	4
320 Faxe	4684 Holmegaard	2022	4
320 Faxe	4684 Holmegaard	2023	4
320 Faxe	4684 Holmegaard	2024	3
320 Faxe	4684 Holmegaard	2025	4
320 Faxe	4684 Holmegaard	2026	4
320 Faxe	4690 Haslev	2010	17923
320 Faxe	4690 Haslev	2011	18001
320 Faxe	4690 Haslev	2012	17991
320 Faxe	4690 Haslev	2013	18032
320 Faxe	4690 Haslev	2014	18022
320 Faxe	4690 Haslev	2015	18139
320 Faxe	4690 Haslev	2016	18423
320 Faxe	4690 Haslev	2017	18553
320 Faxe	4690 Haslev	2018	18751
320 Faxe	4690 Haslev	2019	18866
320 Faxe	4690 Haslev	2020	18991
320 Faxe	4690 Haslev	2021	19097
320 Faxe	4690 Haslev	2022	19240
320 Faxe	4690 Haslev	2023	19506
320 Faxe	4690 Haslev	2024	19762
320 Faxe	4690 Haslev	2025	19906
320 Faxe	4690 Haslev	2026	20166
320 Faxe	4733 Tappernøje	2010	158
320 Faxe	4733 Tappernøje	2011	165
320 Faxe	4733 Tappernøje	2012	178
320 Faxe	4733 Tappernøje	2013	167
320 Faxe	4733 Tappernøje	2014	161
320 Faxe	4733 Tappernøje	2015	156
320 Faxe	4733 Tappernøje	2016	151
320 Faxe	4733 Tappernøje	2017	156
320 Faxe	4733 Tappernøje	2018	151
320 Faxe	4733 Tappernøje	2019	149
320 Faxe	4733 Tappernøje	2020	151
320 Faxe	4733 Tappernøje	2021	152
320 Faxe	4733 Tappernøje	2022	147
320 Faxe	4733 Tappernøje	2023	139
320 Faxe	4733 Tappernøje	2024	131
320 Faxe	4733 Tappernøje	2025	120
320 Faxe	4733 Tappernøje	2026	123
320 Faxe	9999 Ukendt	2010	2
320 Faxe	9999 Ukendt	2011	0
320 Faxe	9999 Ukendt	2012	0
320 Faxe	9999 Ukendt	2013	0
320 Faxe	9999 Ukendt	2014	9
320 Faxe	9999 Ukendt	2015	8
320 Faxe	9999 Ukendt	2016	12
320 Faxe	9999 Ukendt	2017	37
320 Faxe	9999 Ukendt	2018	39
320 Faxe	9999 Ukendt	2019	29
320 Faxe	9999 Ukendt	2020	40
320 Faxe	9999 Ukendt	2021	43
320 Faxe	9999 Ukendt	2022	62
320 Faxe	9999 Ukendt	2023	67
320 Faxe	9999 Ukendt	2024	57
320 Faxe	9999 Ukendt	2025	61
320 Faxe	9999 Ukendt	2026	67
326 Kalundborg	4200 Slagelse	2010	845
326 Kalundborg	4200 Slagelse	2011	839
326 Kalundborg	4200 Slagelse	2012	833
326 Kalundborg	4200 Slagelse	2013	835
326 Kalundborg	4200 Slagelse	2014	856
326 Kalundborg	4200 Slagelse	2015	862
326 Kalundborg	4200 Slagelse	2016	875
326 Kalundborg	4200 Slagelse	2017	863
326 Kalundborg	4200 Slagelse	2018	868
326 Kalundborg	4200 Slagelse	2019	877
326 Kalundborg	4200 Slagelse	2020	871
326 Kalundborg	4200 Slagelse	2021	889
326 Kalundborg	4200 Slagelse	2022	895
326 Kalundborg	4200 Slagelse	2023	910
326 Kalundborg	4200 Slagelse	2024	897
326 Kalundborg	4200 Slagelse	2025	899
326 Kalundborg	4200 Slagelse	2026	895
326 Kalundborg	4270 Høng	2010	6594
326 Kalundborg	4270 Høng	2011	6557
326 Kalundborg	4270 Høng	2012	6483
326 Kalundborg	4270 Høng	2013	6435
326 Kalundborg	4270 Høng	2014	6412
326 Kalundborg	4270 Høng	2015	6438
326 Kalundborg	4270 Høng	2016	6460
326 Kalundborg	4270 Høng	2017	6402
326 Kalundborg	4270 Høng	2018	6358
326 Kalundborg	4270 Høng	2019	6401
326 Kalundborg	4270 Høng	2020	6401
326 Kalundborg	4270 Høng	2021	6470
326 Kalundborg	4270 Høng	2022	6519
326 Kalundborg	4270 Høng	2023	6519
326 Kalundborg	4270 Høng	2024	6466
326 Kalundborg	4270 Høng	2025	6422
326 Kalundborg	4270 Høng	2026	6395
326 Kalundborg	4281 Gørlev	2010	5005
326 Kalundborg	4281 Gørlev	2011	5039
326 Kalundborg	4281 Gørlev	2012	4996
326 Kalundborg	4281 Gørlev	2013	4925
326 Kalundborg	4281 Gørlev	2014	4931
326 Kalundborg	4281 Gørlev	2015	4967
326 Kalundborg	4281 Gørlev	2016	4994
326 Kalundborg	4281 Gørlev	2017	5002
326 Kalundborg	4281 Gørlev	2018	5036
326 Kalundborg	4281 Gørlev	2019	5054
326 Kalundborg	4281 Gørlev	2020	5060
326 Kalundborg	4281 Gørlev	2021	5074
326 Kalundborg	4281 Gørlev	2022	5011
326 Kalundborg	4281 Gørlev	2023	5010
326 Kalundborg	4281 Gørlev	2024	4961
326 Kalundborg	4281 Gørlev	2025	4973
326 Kalundborg	4281 Gørlev	2026	4937
326 Kalundborg	4291 Ruds Vedby	2010	872
326 Kalundborg	4291 Ruds Vedby	2011	863
326 Kalundborg	4291 Ruds Vedby	2012	837
326 Kalundborg	4291 Ruds Vedby	2013	834
326 Kalundborg	4291 Ruds Vedby	2014	826
326 Kalundborg	4291 Ruds Vedby	2015	817
326 Kalundborg	4291 Ruds Vedby	2016	787
326 Kalundborg	4291 Ruds Vedby	2017	795
326 Kalundborg	4291 Ruds Vedby	2018	808
326 Kalundborg	4291 Ruds Vedby	2019	805
326 Kalundborg	4291 Ruds Vedby	2020	760
326 Kalundborg	4291 Ruds Vedby	2021	776
326 Kalundborg	4291 Ruds Vedby	2022	768
326 Kalundborg	4291 Ruds Vedby	2023	768
326 Kalundborg	4291 Ruds Vedby	2024	766
326 Kalundborg	4291 Ruds Vedby	2025	739
326 Kalundborg	4291 Ruds Vedby	2026	749
326 Kalundborg	4293 Dianalund	2010	11
326 Kalundborg	4293 Dianalund	2011	10
326 Kalundborg	4293 Dianalund	2012	11
326 Kalundborg	4293 Dianalund	2013	10
326 Kalundborg	4293 Dianalund	2014	9
326 Kalundborg	4293 Dianalund	2015	9
326 Kalundborg	4293 Dianalund	2016	10
326 Kalundborg	4293 Dianalund	2017	9
326 Kalundborg	4293 Dianalund	2018	9
326 Kalundborg	4293 Dianalund	2019	10
326 Kalundborg	4293 Dianalund	2020	11
326 Kalundborg	4293 Dianalund	2021	11
326 Kalundborg	4293 Dianalund	2022	12
326 Kalundborg	4293 Dianalund	2023	14
326 Kalundborg	4293 Dianalund	2024	14
326 Kalundborg	4293 Dianalund	2025	14
326 Kalundborg	4293 Dianalund	2026	12
326 Kalundborg	4400 Kalundborg	2010	23398
326 Kalundborg	4400 Kalundborg	2011	23335
326 Kalundborg	4400 Kalundborg	2012	23130
326 Kalundborg	4400 Kalundborg	2013	23071
326 Kalundborg	4400 Kalundborg	2014	22994
326 Kalundborg	4400 Kalundborg	2015	23041
326 Kalundborg	4400 Kalundborg	2016	23182
326 Kalundborg	4400 Kalundborg	2017	23233
326 Kalundborg	4400 Kalundborg	2018	23299
326 Kalundborg	4400 Kalundborg	2019	23111
326 Kalundborg	4400 Kalundborg	2020	22994
326 Kalundborg	4400 Kalundborg	2021	22930
326 Kalundborg	4400 Kalundborg	2022	22840
326 Kalundborg	4400 Kalundborg	2023	23064
326 Kalundborg	4400 Kalundborg	2024	23067
326 Kalundborg	4400 Kalundborg	2025	23078
326 Kalundborg	4400 Kalundborg	2026	23095
326 Kalundborg	4450 Jyderup	2010	821
326 Kalundborg	4450 Jyderup	2011	795
326 Kalundborg	4450 Jyderup	2012	780
326 Kalundborg	4450 Jyderup	2013	759
326 Kalundborg	4450 Jyderup	2014	759
326 Kalundborg	4450 Jyderup	2015	760
326 Kalundborg	4450 Jyderup	2016	770
326 Kalundborg	4450 Jyderup	2017	757
326 Kalundborg	4450 Jyderup	2018	789
326 Kalundborg	4450 Jyderup	2019	772
326 Kalundborg	4450 Jyderup	2020	771
326 Kalundborg	4450 Jyderup	2021	772
326 Kalundborg	4450 Jyderup	2022	773
326 Kalundborg	4450 Jyderup	2023	781
326 Kalundborg	4450 Jyderup	2024	751
326 Kalundborg	4450 Jyderup	2025	759
326 Kalundborg	4450 Jyderup	2026	767
326 Kalundborg	4460 Snertinge	2010	1316
326 Kalundborg	4460 Snertinge	2011	1304
326 Kalundborg	4460 Snertinge	2012	1313
326 Kalundborg	4460 Snertinge	2013	1289
326 Kalundborg	4460 Snertinge	2014	1283
326 Kalundborg	4460 Snertinge	2015	1283
326 Kalundborg	4460 Snertinge	2016	1272
326 Kalundborg	4460 Snertinge	2017	1314
326 Kalundborg	4460 Snertinge	2018	1298
326 Kalundborg	4460 Snertinge	2019	1293
326 Kalundborg	4460 Snertinge	2020	1283
326 Kalundborg	4460 Snertinge	2021	1275
326 Kalundborg	4460 Snertinge	2022	1288
326 Kalundborg	4460 Snertinge	2023	1277
326 Kalundborg	4460 Snertinge	2024	1240
326 Kalundborg	4460 Snertinge	2025	1230
326 Kalundborg	4460 Snertinge	2026	1232
326 Kalundborg	4470 Svebølle	2010	3255
326 Kalundborg	4470 Svebølle	2011	3201
326 Kalundborg	4470 Svebølle	2012	3243
326 Kalundborg	4470 Svebølle	2013	3221
326 Kalundborg	4470 Svebølle	2014	3228
326 Kalundborg	4470 Svebølle	2015	3240
326 Kalundborg	4470 Svebølle	2016	3246
326 Kalundborg	4470 Svebølle	2017	3246
326 Kalundborg	4470 Svebølle	2018	3331
326 Kalundborg	4470 Svebølle	2019	3253
326 Kalundborg	4470 Svebølle	2020	3236
326 Kalundborg	4470 Svebølle	2021	3225
326 Kalundborg	4470 Svebølle	2022	3235
326 Kalundborg	4470 Svebølle	2023	3228
326 Kalundborg	4470 Svebølle	2024	3231
326 Kalundborg	4470 Svebølle	2025	3193
326 Kalundborg	4470 Svebølle	2026	3117
326 Kalundborg	4480 Store Fuglede	2010	1061
326 Kalundborg	4480 Store Fuglede	2011	1068
326 Kalundborg	4480 Store Fuglede	2012	1053
326 Kalundborg	4480 Store Fuglede	2013	1046
326 Kalundborg	4480 Store Fuglede	2014	1082
326 Kalundborg	4480 Store Fuglede	2015	1068
326 Kalundborg	4480 Store Fuglede	2016	1072
326 Kalundborg	4480 Store Fuglede	2017	1127
326 Kalundborg	4480 Store Fuglede	2018	1109
326 Kalundborg	4480 Store Fuglede	2019	1102
326 Kalundborg	4480 Store Fuglede	2020	1087
326 Kalundborg	4480 Store Fuglede	2021	1077
326 Kalundborg	4480 Store Fuglede	2022	1082
326 Kalundborg	4480 Store Fuglede	2023	1083
326 Kalundborg	4480 Store Fuglede	2024	1055
326 Kalundborg	4480 Store Fuglede	2025	1017
326 Kalundborg	4480 Store Fuglede	2026	991
326 Kalundborg	4490 Jerslev Sjælland	2010	2741
326 Kalundborg	4490 Jerslev Sjælland	2011	2740
326 Kalundborg	4490 Jerslev Sjælland	2012	2696
326 Kalundborg	4490 Jerslev Sjælland	2013	2667
326 Kalundborg	4490 Jerslev Sjælland	2014	2708
326 Kalundborg	4490 Jerslev Sjælland	2015	2714
326 Kalundborg	4490 Jerslev Sjælland	2016	2710
326 Kalundborg	4490 Jerslev Sjælland	2017	2714
326 Kalundborg	4490 Jerslev Sjælland	2018	2723
326 Kalundborg	4490 Jerslev Sjælland	2019	2700
326 Kalundborg	4490 Jerslev Sjælland	2020	2665
326 Kalundborg	4490 Jerslev Sjælland	2021	2679
326 Kalundborg	4490 Jerslev Sjælland	2022	2664
326 Kalundborg	4490 Jerslev Sjælland	2023	2655
326 Kalundborg	4490 Jerslev Sjælland	2024	2643
326 Kalundborg	4490 Jerslev Sjælland	2025	2603
326 Kalundborg	4490 Jerslev Sjælland	2026	2591
326 Kalundborg	4534 Hørve	2010	13
326 Kalundborg	4534 Hørve	2011	13
326 Kalundborg	4534 Hørve	2012	16
326 Kalundborg	4534 Hørve	2013	11
326 Kalundborg	4534 Hørve	2014	13
326 Kalundborg	4534 Hørve	2015	13
326 Kalundborg	4534 Hørve	2016	13
326 Kalundborg	4534 Hørve	2017	12
326 Kalundborg	4534 Hørve	2018	12
326 Kalundborg	4534 Hørve	2019	11
326 Kalundborg	4534 Hørve	2020	11
326 Kalundborg	4534 Hørve	2021	13
326 Kalundborg	4534 Hørve	2022	13
326 Kalundborg	4534 Hørve	2023	11
326 Kalundborg	4534 Hørve	2024	11
326 Kalundborg	4534 Hørve	2025	10
326 Kalundborg	4534 Hørve	2026	11
326 Kalundborg	4591 Føllenslev	2010	1740
326 Kalundborg	4591 Føllenslev	2011	1740
326 Kalundborg	4591 Føllenslev	2012	1688
326 Kalundborg	4591 Føllenslev	2013	1673
326 Kalundborg	4591 Føllenslev	2014	1715
326 Kalundborg	4591 Føllenslev	2015	1712
326 Kalundborg	4591 Føllenslev	2016	1711
326 Kalundborg	4591 Føllenslev	2017	1717
326 Kalundborg	4591 Føllenslev	2018	1740
326 Kalundborg	4591 Føllenslev	2019	1710
326 Kalundborg	4591 Føllenslev	2020	1692
326 Kalundborg	4591 Føllenslev	2021	1676
326 Kalundborg	4591 Føllenslev	2022	1670
326 Kalundborg	4591 Føllenslev	2023	1682
326 Kalundborg	4591 Føllenslev	2024	1621
326 Kalundborg	4591 Føllenslev	2025	1612
326 Kalundborg	4591 Føllenslev	2026	1628
326 Kalundborg	4592 Sejerø	2010	370
326 Kalundborg	4592 Sejerø	2011	366
326 Kalundborg	4592 Sejerø	2012	358
326 Kalundborg	4592 Sejerø	2013	348
326 Kalundborg	4592 Sejerø	2014	359
326 Kalundborg	4592 Sejerø	2015	353
326 Kalundborg	4592 Sejerø	2016	351
326 Kalundborg	4592 Sejerø	2017	340
326 Kalundborg	4592 Sejerø	2018	344
326 Kalundborg	4592 Sejerø	2019	336
326 Kalundborg	4592 Sejerø	2020	342
326 Kalundborg	4592 Sejerø	2021	342
326 Kalundborg	4592 Sejerø	2022	326
326 Kalundborg	4592 Sejerø	2023	328
326 Kalundborg	4592 Sejerø	2024	328
326 Kalundborg	4592 Sejerø	2025	301
326 Kalundborg	4592 Sejerø	2026	291
326 Kalundborg	4593 Eskebjerg	2010	1223
326 Kalundborg	4593 Eskebjerg	2011	1218
326 Kalundborg	4593 Eskebjerg	2012	1193
326 Kalundborg	4593 Eskebjerg	2013	1170
326 Kalundborg	4593 Eskebjerg	2014	1183
326 Kalundborg	4593 Eskebjerg	2015	1192
326 Kalundborg	4593 Eskebjerg	2016	1206
326 Kalundborg	4593 Eskebjerg	2017	1205
326 Kalundborg	4593 Eskebjerg	2018	1258
326 Kalundborg	4593 Eskebjerg	2019	1246
326 Kalundborg	4593 Eskebjerg	2020	1252
326 Kalundborg	4593 Eskebjerg	2021	1276
326 Kalundborg	4593 Eskebjerg	2022	1270
326 Kalundborg	4593 Eskebjerg	2023	1269
326 Kalundborg	4593 Eskebjerg	2024	1255
326 Kalundborg	4593 Eskebjerg	2025	1250
326 Kalundborg	4593 Eskebjerg	2026	1242
326 Kalundborg	9999 Ukendt	2010	0
326 Kalundborg	9999 Ukendt	2011	0
326 Kalundborg	9999 Ukendt	2012	2
326 Kalundborg	9999 Ukendt	2013	0
326 Kalundborg	9999 Ukendt	2014	0
326 Kalundborg	9999 Ukendt	2015	0
326 Kalundborg	9999 Ukendt	2016	1
326 Kalundborg	9999 Ukendt	2017	0
326 Kalundborg	9999 Ukendt	2018	0
326 Kalundborg	9999 Ukendt	2019	0
326 Kalundborg	9999 Ukendt	2020	0
326 Kalundborg	9999 Ukendt	2021	2
326 Kalundborg	9999 Ukendt	2022	2
326 Kalundborg	9999 Ukendt	2023	3
326 Kalundborg	9999 Ukendt	2024	3
326 Kalundborg	9999 Ukendt	2025	3
326 Kalundborg	9999 Ukendt	2026	1
329 Ringsted	4100 Ringsted	2010	29936
329 Ringsted	4100 Ringsted	2011	30260
329 Ringsted	4100 Ringsted	2012	30504
329 Ringsted	4100 Ringsted	2013	30599
329 Ringsted	4100 Ringsted	2014	30747
329 Ringsted	4100 Ringsted	2015	30941
329 Ringsted	4100 Ringsted	2016	31384
329 Ringsted	4100 Ringsted	2017	31627
329 Ringsted	4100 Ringsted	2018	31768
329 Ringsted	4100 Ringsted	2019	32046
329 Ringsted	4100 Ringsted	2020	32087
329 Ringsted	4100 Ringsted	2021	32147
329 Ringsted	4100 Ringsted	2022	32366
329 Ringsted	4100 Ringsted	2023	33051
329 Ringsted	4100 Ringsted	2024	33535
329 Ringsted	4100 Ringsted	2025	33419
329 Ringsted	4100 Ringsted	2026	33190
329 Ringsted	4140 Borup	2010	202
329 Ringsted	4140 Borup	2011	201
329 Ringsted	4140 Borup	2012	208
329 Ringsted	4140 Borup	2013	205
329 Ringsted	4140 Borup	2014	202
329 Ringsted	4140 Borup	2015	210
329 Ringsted	4140 Borup	2016	206
329 Ringsted	4140 Borup	2017	202
329 Ringsted	4140 Borup	2018	208
329 Ringsted	4140 Borup	2019	214
329 Ringsted	4140 Borup	2020	201
329 Ringsted	4140 Borup	2021	204
329 Ringsted	4140 Borup	2022	219
329 Ringsted	4140 Borup	2023	215
329 Ringsted	4140 Borup	2024	215
329 Ringsted	4140 Borup	2025	213
329 Ringsted	4140 Borup	2026	214
329 Ringsted	4173 Fjenneslev	2010	389
329 Ringsted	4173 Fjenneslev	2011	398
329 Ringsted	4173 Fjenneslev	2012	396
329 Ringsted	4173 Fjenneslev	2013	403
329 Ringsted	4173 Fjenneslev	2014	409
329 Ringsted	4173 Fjenneslev	2015	408
329 Ringsted	4173 Fjenneslev	2016	394
329 Ringsted	4173 Fjenneslev	2017	406
329 Ringsted	4173 Fjenneslev	2018	396
329 Ringsted	4173 Fjenneslev	2019	412
329 Ringsted	4173 Fjenneslev	2020	403
329 Ringsted	4173 Fjenneslev	2021	401
329 Ringsted	4173 Fjenneslev	2022	397
329 Ringsted	4173 Fjenneslev	2023	401
329 Ringsted	4173 Fjenneslev	2024	398
329 Ringsted	4173 Fjenneslev	2025	395
329 Ringsted	4173 Fjenneslev	2026	399
329 Ringsted	4174 Jystrup Midtsj	2010	1536
329 Ringsted	4174 Jystrup Midtsj	2011	1525
329 Ringsted	4174 Jystrup Midtsj	2012	1530
329 Ringsted	4174 Jystrup Midtsj	2013	1507
329 Ringsted	4174 Jystrup Midtsj	2014	1498
329 Ringsted	4174 Jystrup Midtsj	2015	1513
329 Ringsted	4174 Jystrup Midtsj	2016	1522
329 Ringsted	4174 Jystrup Midtsj	2017	1517
329 Ringsted	4174 Jystrup Midtsj	2018	1544
329 Ringsted	4174 Jystrup Midtsj	2019	1526
329 Ringsted	4174 Jystrup Midtsj	2020	1582
329 Ringsted	4174 Jystrup Midtsj	2021	1560
329 Ringsted	4174 Jystrup Midtsj	2022	1609
329 Ringsted	4174 Jystrup Midtsj	2023	1689
329 Ringsted	4174 Jystrup Midtsj	2024	1666
329 Ringsted	4174 Jystrup Midtsj	2025	1710
329 Ringsted	4174 Jystrup Midtsj	2026	1665
329 Ringsted	4180 Sorø	2010	6
329 Ringsted	4180 Sorø	2011	4
329 Ringsted	4180 Sorø	2012	5
329 Ringsted	4180 Sorø	2013	5
329 Ringsted	4180 Sorø	2014	5
329 Ringsted	4180 Sorø	2015	5
329 Ringsted	4180 Sorø	2016	5
329 Ringsted	4180 Sorø	2017	4
329 Ringsted	4180 Sorø	2018	4
329 Ringsted	4180 Sorø	2019	4
329 Ringsted	4180 Sorø	2020	4
329 Ringsted	4180 Sorø	2021	4
329 Ringsted	4180 Sorø	2022	5
329 Ringsted	4180 Sorø	2023	5
329 Ringsted	4180 Sorø	2024	5
329 Ringsted	4180 Sorø	2025	5
329 Ringsted	4180 Sorø	2026	6
329 Ringsted	4330 Hvalsø	2010	57
329 Ringsted	4330 Hvalsø	2011	57
329 Ringsted	4330 Hvalsø	2012	56
329 Ringsted	4330 Hvalsø	2013	56
329 Ringsted	4330 Hvalsø	2014	55
329 Ringsted	4330 Hvalsø	2015	56
329 Ringsted	4330 Hvalsø	2016	58
329 Ringsted	4330 Hvalsø	2017	57
329 Ringsted	4330 Hvalsø	2018	62
329 Ringsted	4330 Hvalsø	2019	65
329 Ringsted	4330 Hvalsø	2020	62
329 Ringsted	4330 Hvalsø	2021	60
329 Ringsted	4330 Hvalsø	2022	62
329 Ringsted	4330 Hvalsø	2023	55
329 Ringsted	4330 Hvalsø	2024	57
329 Ringsted	4330 Hvalsø	2025	58
329 Ringsted	4330 Hvalsø	2026	60
329 Ringsted	4360 Kirke Eskilstrup	2010	25
329 Ringsted	4360 Kirke Eskilstrup	2011	23
329 Ringsted	4360 Kirke Eskilstrup	2012	22
329 Ringsted	4360 Kirke Eskilstrup	2013	24
329 Ringsted	4360 Kirke Eskilstrup	2014	26
329 Ringsted	4360 Kirke Eskilstrup	2015	25
329 Ringsted	4360 Kirke Eskilstrup	2016	24
329 Ringsted	4360 Kirke Eskilstrup	2017	26
329 Ringsted	4360 Kirke Eskilstrup	2018	24
329 Ringsted	4360 Kirke Eskilstrup	2019	21
329 Ringsted	4360 Kirke Eskilstrup	2020	23
329 Ringsted	4360 Kirke Eskilstrup	2021	17
329 Ringsted	4360 Kirke Eskilstrup	2022	21
329 Ringsted	4360 Kirke Eskilstrup	2023	18
329 Ringsted	4360 Kirke Eskilstrup	2024	19
329 Ringsted	4360 Kirke Eskilstrup	2025	20
329 Ringsted	4360 Kirke Eskilstrup	2026	21
329 Ringsted	4370 Store Merløse	2010	383
329 Ringsted	4370 Store Merløse	2011	374
329 Ringsted	4370 Store Merløse	2012	382
329 Ringsted	4370 Store Merløse	2013	376
329 Ringsted	4370 Store Merløse	2014	363
329 Ringsted	4370 Store Merløse	2015	356
329 Ringsted	4370 Store Merløse	2016	364
329 Ringsted	4370 Store Merløse	2017	363
329 Ringsted	4370 Store Merløse	2018	378
329 Ringsted	4370 Store Merløse	2019	368
329 Ringsted	4370 Store Merløse	2020	369
329 Ringsted	4370 Store Merløse	2021	368
329 Ringsted	4370 Store Merløse	2022	360
329 Ringsted	4370 Store Merløse	2023	358
329 Ringsted	4370 Store Merløse	2024	365
329 Ringsted	4370 Store Merløse	2025	374
329 Ringsted	4370 Store Merløse	2026	368
329 Ringsted	4690 Haslev	2010	10
329 Ringsted	4690 Haslev	2011	9
329 Ringsted	4690 Haslev	2012	9
329 Ringsted	4690 Haslev	2013	9
329 Ringsted	4690 Haslev	2014	9
329 Ringsted	4690 Haslev	2015	9
329 Ringsted	4690 Haslev	2016	8
329 Ringsted	4690 Haslev	2017	7
329 Ringsted	4690 Haslev	2018	7
329 Ringsted	4690 Haslev	2019	7
329 Ringsted	4690 Haslev	2020	10
329 Ringsted	4690 Haslev	2021	10
329 Ringsted	4690 Haslev	2022	11
329 Ringsted	4690 Haslev	2023	11
329 Ringsted	4690 Haslev	2024	12
329 Ringsted	4690 Haslev	2025	10
329 Ringsted	4690 Haslev	2026	9
329 Ringsted	9999 Ukendt	2010	40
329 Ringsted	9999 Ukendt	2011	39
329 Ringsted	9999 Ukendt	2012	41
329 Ringsted	9999 Ukendt	2013	33
329 Ringsted	9999 Ukendt	2014	35
329 Ringsted	9999 Ukendt	2015	50
329 Ringsted	9999 Ukendt	2016	66
329 Ringsted	9999 Ukendt	2017	50
329 Ringsted	9999 Ukendt	2018	82
329 Ringsted	9999 Ukendt	2019	62
329 Ringsted	9999 Ukendt	2020	111
329 Ringsted	9999 Ukendt	2021	76
329 Ringsted	9999 Ukendt	2022	91
329 Ringsted	9999 Ukendt	2023	103
329 Ringsted	9999 Ukendt	2024	84
329 Ringsted	9999 Ukendt	2025	82
329 Ringsted	9999 Ukendt	2026	78
330 Slagelse	4180 Sorø	2010	68
330 Slagelse	4180 Sorø	2011	70
330 Slagelse	4180 Sorø	2012	75
330 Slagelse	4180 Sorø	2013	72
330 Slagelse	4180 Sorø	2014	67
330 Slagelse	4180 Sorø	2015	71
330 Slagelse	4180 Sorø	2016	73
330 Slagelse	4180 Sorø	2017	73
330 Slagelse	4180 Sorø	2018	68
330 Slagelse	4180 Sorø	2019	59
330 Slagelse	4180 Sorø	2020	61
330 Slagelse	4180 Sorø	2021	61
330 Slagelse	4180 Sorø	2022	61
330 Slagelse	4180 Sorø	2023	57
330 Slagelse	4180 Sorø	2024	60
330 Slagelse	4180 Sorø	2025	62
330 Slagelse	4180 Sorø	2026	63
330 Slagelse	4190 Munke Bjergby	2010	113
330 Slagelse	4190 Munke Bjergby	2011	114
330 Slagelse	4190 Munke Bjergby	2012	105
330 Slagelse	4190 Munke Bjergby	2013	104
330 Slagelse	4190 Munke Bjergby	2014	105
330 Slagelse	4190 Munke Bjergby	2015	111
330 Slagelse	4190 Munke Bjergby	2016	113
330 Slagelse	4190 Munke Bjergby	2017	116
330 Slagelse	4190 Munke Bjergby	2018	114
330 Slagelse	4190 Munke Bjergby	2019	106
330 Slagelse	4190 Munke Bjergby	2020	103
330 Slagelse	4190 Munke Bjergby	2021	108
330 Slagelse	4190 Munke Bjergby	2022	110
330 Slagelse	4190 Munke Bjergby	2023	116
330 Slagelse	4190 Munke Bjergby	2024	111
330 Slagelse	4190 Munke Bjergby	2025	115
330 Slagelse	4190 Munke Bjergby	2026	114
330 Slagelse	4200 Slagelse	2010	42539
330 Slagelse	4200 Slagelse	2011	42682
330 Slagelse	4200 Slagelse	2012	42823
330 Slagelse	4200 Slagelse	2013	42349
330 Slagelse	4200 Slagelse	2014	42591
330 Slagelse	4200 Slagelse	2015	42870
330 Slagelse	4200 Slagelse	2016	43520
330 Slagelse	4200 Slagelse	2017	44033
330 Slagelse	4200 Slagelse	2018	44344
330 Slagelse	4200 Slagelse	2019	44507
330 Slagelse	4200 Slagelse	2020	44644
330 Slagelse	4200 Slagelse	2021	44776
330 Slagelse	4200 Slagelse	2022	45329
330 Slagelse	4200 Slagelse	2023	45485
330 Slagelse	4200 Slagelse	2024	45956
330 Slagelse	4200 Slagelse	2025	46631
330 Slagelse	4200 Slagelse	2026	47138
330 Slagelse	4220 Korsør	2010	17548
330 Slagelse	4220 Korsør	2011	17504
330 Slagelse	4220 Korsør	2012	17409
330 Slagelse	4220 Korsør	2013	17334
330 Slagelse	4220 Korsør	2014	17205
330 Slagelse	4220 Korsør	2015	17215
330 Slagelse	4220 Korsør	2016	17443
330 Slagelse	4220 Korsør	2017	17549
330 Slagelse	4220 Korsør	2018	17513
330 Slagelse	4220 Korsør	2019	17488
330 Slagelse	4220 Korsør	2020	17416
330 Slagelse	4220 Korsør	2021	17375
330 Slagelse	4220 Korsør	2022	17382
330 Slagelse	4220 Korsør	2023	17299
330 Slagelse	4220 Korsør	2024	17206
330 Slagelse	4220 Korsør	2025	17151
330 Slagelse	4220 Korsør	2026	17082
330 Slagelse	4230 Skælskør	2010	9262
330 Slagelse	4230 Skælskør	2011	9102
330 Slagelse	4230 Skælskør	2012	9029
330 Slagelse	4230 Skælskør	2013	9040
330 Slagelse	4230 Skælskør	2014	9170
330 Slagelse	4230 Skælskør	2015	9152
330 Slagelse	4230 Skælskør	2016	9079
330 Slagelse	4230 Skælskør	2017	9125
330 Slagelse	4230 Skælskør	2018	8696
330 Slagelse	4230 Skælskør	2019	8676
330 Slagelse	4230 Skælskør	2020	8656
330 Slagelse	4230 Skælskør	2021	8652
330 Slagelse	4230 Skælskør	2022	8669
330 Slagelse	4230 Skælskør	2023	8574
330 Slagelse	4230 Skælskør	2024	8452
330 Slagelse	4230 Skælskør	2025	8416
330 Slagelse	4230 Skælskør	2026	8396
330 Slagelse	4241 Vemmelev	2010	3351
330 Slagelse	4241 Vemmelev	2011	3387
330 Slagelse	4241 Vemmelev	2012	3361
330 Slagelse	4241 Vemmelev	2013	3335
330 Slagelse	4241 Vemmelev	2014	3297
330 Slagelse	4241 Vemmelev	2015	3298
330 Slagelse	4241 Vemmelev	2016	3336
330 Slagelse	4241 Vemmelev	2017	3378
330 Slagelse	4241 Vemmelev	2018	3360
330 Slagelse	4241 Vemmelev	2019	3330
330 Slagelse	4241 Vemmelev	2020	3372
330 Slagelse	4241 Vemmelev	2021	3378
330 Slagelse	4241 Vemmelev	2022	3420
330 Slagelse	4241 Vemmelev	2023	3419
330 Slagelse	4241 Vemmelev	2024	3427
330 Slagelse	4241 Vemmelev	2025	3417
330 Slagelse	4241 Vemmelev	2026	3404
330 Slagelse	4242 Boeslunde	2010	1264
330 Slagelse	4242 Boeslunde	2011	1243
330 Slagelse	4242 Boeslunde	2012	1214
330 Slagelse	4242 Boeslunde	2013	1232
330 Slagelse	4242 Boeslunde	2014	1223
330 Slagelse	4242 Boeslunde	2015	1227
330 Slagelse	4242 Boeslunde	2016	1223
330 Slagelse	4242 Boeslunde	2017	1220
330 Slagelse	4242 Boeslunde	2018	1228
330 Slagelse	4242 Boeslunde	2019	1219
330 Slagelse	4242 Boeslunde	2020	1200
330 Slagelse	4242 Boeslunde	2021	1186
330 Slagelse	4242 Boeslunde	2022	1183
330 Slagelse	4242 Boeslunde	2023	1194
330 Slagelse	4242 Boeslunde	2024	1177
330 Slagelse	4242 Boeslunde	2025	1169
330 Slagelse	4242 Boeslunde	2026	1191
330 Slagelse	4243 Rude	2010	1217
330 Slagelse	4243 Rude	2011	1194
330 Slagelse	4243 Rude	2012	1159
330 Slagelse	4243 Rude	2013	1160
330 Slagelse	4243 Rude	2014	1127
330 Slagelse	4243 Rude	2015	1133
330 Slagelse	4243 Rude	2016	1119
330 Slagelse	4243 Rude	2017	1121
330 Slagelse	4243 Rude	2018	1108
330 Slagelse	4243 Rude	2019	1121
330 Slagelse	4243 Rude	2020	1117
330 Slagelse	4243 Rude	2021	1117
330 Slagelse	4243 Rude	2022	1093
330 Slagelse	4243 Rude	2023	1095
330 Slagelse	4243 Rude	2024	1100
330 Slagelse	4243 Rude	2025	1099
330 Slagelse	4243 Rude	2026	1126
330 Slagelse	4244 Agersø	2010	0
330 Slagelse	4244 Agersø	2011	0
330 Slagelse	4244 Agersø	2012	0
330 Slagelse	4244 Agersø	2013	0
330 Slagelse	4244 Agersø	2014	0
330 Slagelse	4244 Agersø	2015	0
330 Slagelse	4244 Agersø	2016	0
330 Slagelse	4244 Agersø	2017	0
330 Slagelse	4244 Agersø	2018	173
330 Slagelse	4244 Agersø	2019	189
330 Slagelse	4244 Agersø	2020	186
330 Slagelse	4244 Agersø	2021	188
330 Slagelse	4244 Agersø	2022	195
330 Slagelse	4244 Agersø	2023	202
330 Slagelse	4244 Agersø	2024	195
330 Slagelse	4244 Agersø	2025	190
330 Slagelse	4244 Agersø	2026	175
330 Slagelse	4245 Omø	2010	0
330 Slagelse	4245 Omø	2011	0
330 Slagelse	4245 Omø	2012	0
330 Slagelse	4245 Omø	2013	0
330 Slagelse	4245 Omø	2014	0
330 Slagelse	4245 Omø	2015	0
330 Slagelse	4245 Omø	2016	0
330 Slagelse	4245 Omø	2017	0
330 Slagelse	4245 Omø	2018	161
330 Slagelse	4245 Omø	2019	163
330 Slagelse	4245 Omø	2020	166
330 Slagelse	4245 Omø	2021	165
330 Slagelse	4245 Omø	2022	154
330 Slagelse	4245 Omø	2023	159
330 Slagelse	4245 Omø	2024	151
330 Slagelse	4245 Omø	2025	137
330 Slagelse	4245 Omø	2026	155
330 Slagelse	4250 Fuglebjerg	2010	3
330 Slagelse	4250 Fuglebjerg	2011	3
330 Slagelse	4250 Fuglebjerg	2012	1
330 Slagelse	4250 Fuglebjerg	2013	2
330 Slagelse	4250 Fuglebjerg	2014	1
330 Slagelse	4250 Fuglebjerg	2015	1
330 Slagelse	4250 Fuglebjerg	2016	1
330 Slagelse	4250 Fuglebjerg	2017	1
330 Slagelse	4250 Fuglebjerg	2018	1
330 Slagelse	4250 Fuglebjerg	2019	1
330 Slagelse	4250 Fuglebjerg	2020	1
330 Slagelse	4250 Fuglebjerg	2021	1
330 Slagelse	4250 Fuglebjerg	2022	1
330 Slagelse	4250 Fuglebjerg	2023	1
330 Slagelse	4250 Fuglebjerg	2024	1
330 Slagelse	4250 Fuglebjerg	2025	0
330 Slagelse	4250 Fuglebjerg	2026	0
330 Slagelse	4261 Dalmose	2010	1989
330 Slagelse	4261 Dalmose	2011	2002
330 Slagelse	4261 Dalmose	2012	1986
330 Slagelse	4261 Dalmose	2013	1970
330 Slagelse	4261 Dalmose	2014	1969
330 Slagelse	4261 Dalmose	2015	1995
330 Slagelse	4261 Dalmose	2016	2023
330 Slagelse	4261 Dalmose	2017	2012
330 Slagelse	4261 Dalmose	2018	1987
330 Slagelse	4261 Dalmose	2019	2008
330 Slagelse	4261 Dalmose	2020	1959
330 Slagelse	4261 Dalmose	2021	1929
330 Slagelse	4261 Dalmose	2022	1911
330 Slagelse	4261 Dalmose	2023	1923
330 Slagelse	4261 Dalmose	2024	1891
330 Slagelse	4261 Dalmose	2025	1888
330 Slagelse	4261 Dalmose	2026	1902
330 Slagelse	4262 Sandved	2010	7
330 Slagelse	4262 Sandved	2011	7
330 Slagelse	4262 Sandved	2012	7
330 Slagelse	4262 Sandved	2013	7
330 Slagelse	4262 Sandved	2014	7
330 Slagelse	4262 Sandved	2015	6
330 Slagelse	4262 Sandved	2016	6
330 Slagelse	4262 Sandved	2017	6
330 Slagelse	4262 Sandved	2018	6
330 Slagelse	4262 Sandved	2019	6
330 Slagelse	4262 Sandved	2020	6
330 Slagelse	4262 Sandved	2021	6
330 Slagelse	4262 Sandved	2022	4
330 Slagelse	4262 Sandved	2023	4
330 Slagelse	4262 Sandved	2024	5
330 Slagelse	4262 Sandved	2025	5
330 Slagelse	4262 Sandved	2026	4
330 Slagelse	4270 Høng	2010	10
330 Slagelse	4270 Høng	2011	13
330 Slagelse	4270 Høng	2012	13
330 Slagelse	4270 Høng	2013	13
330 Slagelse	4270 Høng	2014	14
330 Slagelse	4270 Høng	2015	14
330 Slagelse	4270 Høng	2016	14
330 Slagelse	4270 Høng	2017	13
330 Slagelse	4270 Høng	2018	13
330 Slagelse	4270 Høng	2019	13
330 Slagelse	4270 Høng	2020	13
330 Slagelse	4270 Høng	2021	12
330 Slagelse	4270 Høng	2022	11
330 Slagelse	4270 Høng	2023	6
330 Slagelse	4270 Høng	2024	7
330 Slagelse	4270 Høng	2025	7
330 Slagelse	4270 Høng	2026	8
330 Slagelse	9999 Ukendt	2010	104
330 Slagelse	9999 Ukendt	2011	121
330 Slagelse	9999 Ukendt	2012	128
330 Slagelse	9999 Ukendt	2013	549
330 Slagelse	9999 Ukendt	2014	172
330 Slagelse	9999 Ukendt	2015	200
330 Slagelse	9999 Ukendt	2016	190
330 Slagelse	9999 Ukendt	2017	181
330 Slagelse	9999 Ukendt	2018	196
330 Slagelse	9999 Ukendt	2019	187
330 Slagelse	9999 Ukendt	2020	173
330 Slagelse	9999 Ukendt	2021	168
330 Slagelse	9999 Ukendt	2022	168
330 Slagelse	9999 Ukendt	2023	194
330 Slagelse	9999 Ukendt	2024	184
330 Slagelse	9999 Ukendt	2025	194
330 Slagelse	9999 Ukendt	2026	201
336 Stevns	4600 Køge	2010	4041
336 Stevns	4600 Køge	2011	4052
336 Stevns	4600 Køge	2012	4093
336 Stevns	4600 Køge	2013	4119
336 Stevns	4600 Køge	2014	4128
336 Stevns	4600 Køge	2015	4168
336 Stevns	4600 Køge	2016	4265
336 Stevns	4600 Køge	2017	4420
336 Stevns	4600 Køge	2018	4576
336 Stevns	4600 Køge	2019	4608
336 Stevns	4600 Køge	2020	4658
336 Stevns	4600 Køge	2021	4694
336 Stevns	4600 Køge	2022	4882
336 Stevns	4600 Køge	2023	5111
336 Stevns	4600 Køge	2024	5207
336 Stevns	4600 Køge	2025	5220
336 Stevns	4600 Køge	2026	5216
336 Stevns	4652 Hårlev	2010	5128
336 Stevns	4652 Hårlev	2011	5109
336 Stevns	4652 Hårlev	2012	5118
336 Stevns	4652 Hårlev	2013	5121
336 Stevns	4652 Hårlev	2014	5068
336 Stevns	4652 Hårlev	2015	5088
336 Stevns	4652 Hårlev	2016	5103
336 Stevns	4652 Hårlev	2017	5098
336 Stevns	4652 Hårlev	2018	5118
336 Stevns	4652 Hårlev	2019	5197
336 Stevns	4652 Hårlev	2020	5225
336 Stevns	4652 Hårlev	2021	5275
336 Stevns	4652 Hårlev	2022	5403
336 Stevns	4652 Hårlev	2023	5429
336 Stevns	4652 Hårlev	2024	5469
336 Stevns	4652 Hårlev	2025	5417
336 Stevns	4652 Hårlev	2026	5431
336 Stevns	4653 Karise	2010	142
336 Stevns	4653 Karise	2011	152
336 Stevns	4653 Karise	2012	150
336 Stevns	4653 Karise	2013	142
336 Stevns	4653 Karise	2014	142
336 Stevns	4653 Karise	2015	138
336 Stevns	4653 Karise	2016	138
336 Stevns	4653 Karise	2017	138
336 Stevns	4653 Karise	2018	133
336 Stevns	4653 Karise	2019	138
336 Stevns	4653 Karise	2020	130
336 Stevns	4653 Karise	2021	113
336 Stevns	4653 Karise	2022	121
336 Stevns	4653 Karise	2023	126
336 Stevns	4653 Karise	2024	120
336 Stevns	4653 Karise	2025	125
336 Stevns	4653 Karise	2026	125
336 Stevns	4660 Store Heddinge	2010	6416
336 Stevns	4660 Store Heddinge	2011	6358
336 Stevns	4660 Store Heddinge	2012	6298
336 Stevns	4660 Store Heddinge	2013	6252
336 Stevns	4660 Store Heddinge	2014	6214
336 Stevns	4660 Store Heddinge	2015	6282
336 Stevns	4660 Store Heddinge	2016	6331
336 Stevns	4660 Store Heddinge	2017	6410
336 Stevns	4660 Store Heddinge	2018	6396
336 Stevns	4660 Store Heddinge	2019	6444
336 Stevns	4660 Store Heddinge	2020	6398
336 Stevns	4660 Store Heddinge	2021	6453
336 Stevns	4660 Store Heddinge	2022	6586
336 Stevns	4660 Store Heddinge	2023	6536
336 Stevns	4660 Store Heddinge	2024	6434
336 Stevns	4660 Store Heddinge	2025	6519
336 Stevns	4660 Store Heddinge	2026	6736
336 Stevns	4671 Strøby	2010	2054
336 Stevns	4671 Strøby	2011	2043
336 Stevns	4671 Strøby	2012	2059
336 Stevns	4671 Strøby	2013	2019
336 Stevns	4671 Strøby	2014	2077
336 Stevns	4671 Strøby	2015	2099
336 Stevns	4671 Strøby	2016	2104
336 Stevns	4671 Strøby	2017	2092
336 Stevns	4671 Strøby	2018	2132
336 Stevns	4671 Strøby	2019	2103
336 Stevns	4671 Strøby	2020	2151
336 Stevns	4671 Strøby	2021	2176
336 Stevns	4671 Strøby	2022	2164
336 Stevns	4671 Strøby	2023	2164
336 Stevns	4671 Strøby	2024	2138
336 Stevns	4671 Strøby	2025	2138
336 Stevns	4671 Strøby	2026	2189
336 Stevns	4672 Klippinge	2010	1475
336 Stevns	4672 Klippinge	2011	1467
336 Stevns	4672 Klippinge	2012	1473
336 Stevns	4672 Klippinge	2013	1466
336 Stevns	4672 Klippinge	2014	1472
336 Stevns	4672 Klippinge	2015	1485
336 Stevns	4672 Klippinge	2016	1504
336 Stevns	4672 Klippinge	2017	1465
336 Stevns	4672 Klippinge	2018	1464
336 Stevns	4672 Klippinge	2019	1422
336 Stevns	4672 Klippinge	2020	1405
336 Stevns	4672 Klippinge	2021	1425
336 Stevns	4672 Klippinge	2022	1434
336 Stevns	4672 Klippinge	2023	1419
336 Stevns	4672 Klippinge	2024	1425
336 Stevns	4672 Klippinge	2025	1398
336 Stevns	4672 Klippinge	2026	1369
336 Stevns	4673 Rødvig Stevns	2010	2545
336 Stevns	4673 Rødvig Stevns	2011	2549
336 Stevns	4673 Rødvig Stevns	2012	2530
336 Stevns	4673 Rødvig Stevns	2013	2553
336 Stevns	4673 Rødvig Stevns	2014	2581
336 Stevns	4673 Rødvig Stevns	2015	2589
336 Stevns	4673 Rødvig Stevns	2016	2624
336 Stevns	4673 Rødvig Stevns	2017	2688
336 Stevns	4673 Rødvig Stevns	2018	2716
336 Stevns	4673 Rødvig Stevns	2019	2695
336 Stevns	4673 Rødvig Stevns	2020	2675
336 Stevns	4673 Rødvig Stevns	2021	2735
336 Stevns	4673 Rødvig Stevns	2022	2727
336 Stevns	4673 Rødvig Stevns	2023	2750
336 Stevns	4673 Rødvig Stevns	2024	2703
336 Stevns	4673 Rødvig Stevns	2025	2658
336 Stevns	4673 Rødvig Stevns	2026	2639
336 Stevns	4682 Tureby	2010	115
336 Stevns	4682 Tureby	2011	114
336 Stevns	4682 Tureby	2012	113
336 Stevns	4682 Tureby	2013	105
336 Stevns	4682 Tureby	2014	111
336 Stevns	4682 Tureby	2015	120
336 Stevns	4682 Tureby	2016	118
336 Stevns	4682 Tureby	2017	116
336 Stevns	4682 Tureby	2018	123
336 Stevns	4682 Tureby	2019	117
336 Stevns	4682 Tureby	2020	116
336 Stevns	4682 Tureby	2021	110
336 Stevns	4682 Tureby	2022	107
336 Stevns	4682 Tureby	2023	101
336 Stevns	4682 Tureby	2024	104
336 Stevns	4682 Tureby	2025	101
336 Stevns	4682 Tureby	2026	95
336 Stevns	9999 Ukendt	2010	15
336 Stevns	9999 Ukendt	2011	11
336 Stevns	9999 Ukendt	2012	21
336 Stevns	9999 Ukendt	2013	41
336 Stevns	9999 Ukendt	2014	32
336 Stevns	9999 Ukendt	2015	69
336 Stevns	9999 Ukendt	2016	73
336 Stevns	9999 Ukendt	2017	65
336 Stevns	9999 Ukendt	2018	69
336 Stevns	9999 Ukendt	2019	58
336 Stevns	9999 Ukendt	2020	47
336 Stevns	9999 Ukendt	2021	53
336 Stevns	9999 Ukendt	2022	49
336 Stevns	9999 Ukendt	2023	56
336 Stevns	9999 Ukendt	2024	49
336 Stevns	9999 Ukendt	2025	36
336 Stevns	9999 Ukendt	2026	42
340 Sorø	4100 Ringsted	2010	29
340 Sorø	4100 Ringsted	2011	29
340 Sorø	4100 Ringsted	2012	30
340 Sorø	4100 Ringsted	2013	28
340 Sorø	4100 Ringsted	2014	27
340 Sorø	4100 Ringsted	2015	26
340 Sorø	4100 Ringsted	2016	23
340 Sorø	4100 Ringsted	2017	24
340 Sorø	4100 Ringsted	2018	25
340 Sorø	4100 Ringsted	2019	24
340 Sorø	4100 Ringsted	2020	24
340 Sorø	4100 Ringsted	2021	30
340 Sorø	4100 Ringsted	2022	31
340 Sorø	4100 Ringsted	2023	29
340 Sorø	4100 Ringsted	2024	32
340 Sorø	4100 Ringsted	2025	30
340 Sorø	4100 Ringsted	2026	31
340 Sorø	4173 Fjenneslev	2010	1860
340 Sorø	4173 Fjenneslev	2011	1853
340 Sorø	4173 Fjenneslev	2012	1845
340 Sorø	4173 Fjenneslev	2013	1829
340 Sorø	4173 Fjenneslev	2014	1794
340 Sorø	4173 Fjenneslev	2015	1796
340 Sorø	4173 Fjenneslev	2016	1860
340 Sorø	4173 Fjenneslev	2017	1852
340 Sorø	4173 Fjenneslev	2018	1829
340 Sorø	4173 Fjenneslev	2019	1832
340 Sorø	4173 Fjenneslev	2020	1787
340 Sorø	4173 Fjenneslev	2021	1817
340 Sorø	4173 Fjenneslev	2022	1820
340 Sorø	4173 Fjenneslev	2023	1790
340 Sorø	4173 Fjenneslev	2024	1801
340 Sorø	4173 Fjenneslev	2025	1762
340 Sorø	4173 Fjenneslev	2026	1764
340 Sorø	4180 Sorø	2010	14589
340 Sorø	4180 Sorø	2011	14635
340 Sorø	4180 Sorø	2012	14552
340 Sorø	4180 Sorø	2013	14592
340 Sorø	4180 Sorø	2014	14596
340 Sorø	4180 Sorø	2015	14506
340 Sorø	4180 Sorø	2016	14637
340 Sorø	4180 Sorø	2017	14714
340 Sorø	4180 Sorø	2018	14837
340 Sorø	4180 Sorø	2019	14913
340 Sorø	4180 Sorø	2020	15073
340 Sorø	4180 Sorø	2021	15141
340 Sorø	4180 Sorø	2022	15184
340 Sorø	4180 Sorø	2023	15586
340 Sorø	4180 Sorø	2024	15729
340 Sorø	4180 Sorø	2025	15901
340 Sorø	4180 Sorø	2026	15979
340 Sorø	4190 Munke Bjergby	2010	817
340 Sorø	4190 Munke Bjergby	2011	813
340 Sorø	4190 Munke Bjergby	2012	801
340 Sorø	4190 Munke Bjergby	2013	797
340 Sorø	4190 Munke Bjergby	2014	810
340 Sorø	4190 Munke Bjergby	2015	791
340 Sorø	4190 Munke Bjergby	2016	778
340 Sorø	4190 Munke Bjergby	2017	780
340 Sorø	4190 Munke Bjergby	2018	789
340 Sorø	4190 Munke Bjergby	2019	790
340 Sorø	4190 Munke Bjergby	2020	780
340 Sorø	4190 Munke Bjergby	2021	780
340 Sorø	4190 Munke Bjergby	2022	788
340 Sorø	4190 Munke Bjergby	2023	816
340 Sorø	4190 Munke Bjergby	2024	793
340 Sorø	4190 Munke Bjergby	2025	789
340 Sorø	4190 Munke Bjergby	2026	788
340 Sorø	4200 Slagelse	2010	58
340 Sorø	4200 Slagelse	2011	48
340 Sorø	4200 Slagelse	2012	38
340 Sorø	4200 Slagelse	2013	42
340 Sorø	4200 Slagelse	2014	44
340 Sorø	4200 Slagelse	2015	44
340 Sorø	4200 Slagelse	2016	44
340 Sorø	4200 Slagelse	2017	43
340 Sorø	4200 Slagelse	2018	50
340 Sorø	4200 Slagelse	2019	50
340 Sorø	4200 Slagelse	2020	59
340 Sorø	4200 Slagelse	2021	62
340 Sorø	4200 Slagelse	2022	64
340 Sorø	4200 Slagelse	2023	73
340 Sorø	4200 Slagelse	2024	70
340 Sorø	4200 Slagelse	2025	76
340 Sorø	4200 Slagelse	2026	73
340 Sorø	4291 Ruds Vedby	2010	2138
340 Sorø	4291 Ruds Vedby	2011	2099
340 Sorø	4291 Ruds Vedby	2012	2049
340 Sorø	4291 Ruds Vedby	2013	2053
340 Sorø	4291 Ruds Vedby	2014	2074
340 Sorø	4291 Ruds Vedby	2015	2096
340 Sorø	4291 Ruds Vedby	2016	2103
340 Sorø	4291 Ruds Vedby	2017	2145
340 Sorø	4291 Ruds Vedby	2018	2114
340 Sorø	4291 Ruds Vedby	2019	2165
340 Sorø	4291 Ruds Vedby	2020	2137
340 Sorø	4291 Ruds Vedby	2021	2088
340 Sorø	4291 Ruds Vedby	2022	2063
340 Sorø	4291 Ruds Vedby	2023	2095
340 Sorø	4291 Ruds Vedby	2024	2044
340 Sorø	4291 Ruds Vedby	2025	2038
340 Sorø	4291 Ruds Vedby	2026	2017
340 Sorø	4293 Dianalund	2010	5636
340 Sorø	4293 Dianalund	2011	5667
340 Sorø	4293 Dianalund	2012	5728
340 Sorø	4293 Dianalund	2013	5676
340 Sorø	4293 Dianalund	2014	5655
340 Sorø	4293 Dianalund	2015	5711
340 Sorø	4293 Dianalund	2016	5718
340 Sorø	4293 Dianalund	2017	5677
340 Sorø	4293 Dianalund	2018	5678
340 Sorø	4293 Dianalund	2019	5743
340 Sorø	4293 Dianalund	2020	5764
340 Sorø	4293 Dianalund	2021	5825
340 Sorø	4293 Dianalund	2022	5858
340 Sorø	4293 Dianalund	2023	5769
340 Sorø	4293 Dianalund	2024	5785
340 Sorø	4293 Dianalund	2025	5804
340 Sorø	4293 Dianalund	2026	5825
340 Sorø	4295 Stenlille	2010	3554
340 Sorø	4295 Stenlille	2011	3497
340 Sorø	4295 Stenlille	2012	3511
340 Sorø	4295 Stenlille	2013	3468
340 Sorø	4295 Stenlille	2014	3512
340 Sorø	4295 Stenlille	2015	3562
340 Sorø	4295 Stenlille	2016	3561
340 Sorø	4295 Stenlille	2017	3521
340 Sorø	4295 Stenlille	2018	3532
340 Sorø	4295 Stenlille	2019	3478
340 Sorø	4295 Stenlille	2020	3433
340 Sorø	4295 Stenlille	2021	3440
340 Sorø	4295 Stenlille	2022	3414
340 Sorø	4295 Stenlille	2023	3467
340 Sorø	4295 Stenlille	2024	3425
340 Sorø	4295 Stenlille	2025	3472
340 Sorø	4295 Stenlille	2026	3577
340 Sorø	4296 Nyrup	2010	738
340 Sorø	4296 Nyrup	2011	749
340 Sorø	4296 Nyrup	2012	729
340 Sorø	4296 Nyrup	2013	705
340 Sorø	4296 Nyrup	2014	677
340 Sorø	4296 Nyrup	2015	699
340 Sorø	4296 Nyrup	2016	729
340 Sorø	4296 Nyrup	2017	744
340 Sorø	4296 Nyrup	2018	716
340 Sorø	4296 Nyrup	2019	733
340 Sorø	4296 Nyrup	2020	731
340 Sorø	4296 Nyrup	2021	711
340 Sorø	4296 Nyrup	2022	694
340 Sorø	4296 Nyrup	2023	722
340 Sorø	4296 Nyrup	2024	699
340 Sorø	4296 Nyrup	2025	666
340 Sorø	4296 Nyrup	2026	679
340 Sorø	4370 Store Merløse	2010	103
340 Sorø	4370 Store Merløse	2011	96
340 Sorø	4370 Store Merløse	2012	101
340 Sorø	4370 Store Merløse	2013	91
340 Sorø	4370 Store Merløse	2014	97
340 Sorø	4370 Store Merløse	2015	95
340 Sorø	4370 Store Merløse	2016	88
340 Sorø	4370 Store Merløse	2017	90
340 Sorø	4370 Store Merløse	2018	91
340 Sorø	4370 Store Merløse	2019	97
340 Sorø	4370 Store Merløse	2020	87
340 Sorø	4370 Store Merløse	2021	91
340 Sorø	4370 Store Merløse	2022	96
340 Sorø	4370 Store Merløse	2023	91
340 Sorø	4370 Store Merløse	2024	91
340 Sorø	4370 Store Merløse	2025	90
340 Sorø	4370 Store Merløse	2026	108
340 Sorø	9999 Ukendt	2010	0
340 Sorø	9999 Ukendt	2011	13
340 Sorø	9999 Ukendt	2012	9
340 Sorø	9999 Ukendt	2013	7
340 Sorø	9999 Ukendt	2014	13
340 Sorø	9999 Ukendt	2015	5
340 Sorø	9999 Ukendt	2016	2
340 Sorø	9999 Ukendt	2017	5
340 Sorø	9999 Ukendt	2018	8
340 Sorø	9999 Ukendt	2019	9
340 Sorø	9999 Ukendt	2020	6
340 Sorø	9999 Ukendt	2021	8
340 Sorø	9999 Ukendt	2022	6
340 Sorø	9999 Ukendt	2023	6
340 Sorø	9999 Ukendt	2024	9
340 Sorø	9999 Ukendt	2025	13
340 Sorø	9999 Ukendt	2026	12
350 Lejre	4000 Roskilde	2010	3882
350 Lejre	4000 Roskilde	2011	3870
350 Lejre	4000 Roskilde	2012	3910
350 Lejre	4000 Roskilde	2013	3899
350 Lejre	4000 Roskilde	2014	3905
350 Lejre	4000 Roskilde	2015	3912
350 Lejre	4000 Roskilde	2016	3957
350 Lejre	4000 Roskilde	2017	4008
350 Lejre	4000 Roskilde	2018	4038
350 Lejre	4000 Roskilde	2019	3988
350 Lejre	4000 Roskilde	2020	3967
350 Lejre	4000 Roskilde	2021	3965
350 Lejre	4000 Roskilde	2022	3997
350 Lejre	4000 Roskilde	2023	4049
350 Lejre	4000 Roskilde	2024	4018
350 Lejre	4000 Roskilde	2025	3982
350 Lejre	4000 Roskilde	2026	3990
350 Lejre	4060 Kirke Såby	2010	4131
350 Lejre	4060 Kirke Såby	2011	4088
350 Lejre	4060 Kirke Såby	2012	4124
350 Lejre	4060 Kirke Såby	2013	4119
350 Lejre	4060 Kirke Såby	2014	4120
350 Lejre	4060 Kirke Såby	2015	4102
350 Lejre	4060 Kirke Såby	2016	4083
350 Lejre	4060 Kirke Såby	2017	4066
350 Lejre	4060 Kirke Såby	2018	4037
350 Lejre	4060 Kirke Såby	2019	4002
350 Lejre	4060 Kirke Såby	2020	4010
350 Lejre	4060 Kirke Såby	2021	4013
350 Lejre	4060 Kirke Såby	2022	3966
350 Lejre	4060 Kirke Såby	2023	3990
350 Lejre	4060 Kirke Såby	2024	3981
350 Lejre	4060 Kirke Såby	2025	3988
350 Lejre	4060 Kirke Såby	2026	4015
350 Lejre	4070 Kirke Hyllinge	2010	7579
350 Lejre	4070 Kirke Hyllinge	2011	7547
350 Lejre	4070 Kirke Hyllinge	2012	7472
350 Lejre	4070 Kirke Hyllinge	2013	7474
350 Lejre	4070 Kirke Hyllinge	2014	7526
350 Lejre	4070 Kirke Hyllinge	2015	7622
350 Lejre	4070 Kirke Hyllinge	2016	7718
350 Lejre	4070 Kirke Hyllinge	2017	7723
350 Lejre	4070 Kirke Hyllinge	2018	7824
350 Lejre	4070 Kirke Hyllinge	2019	7936
350 Lejre	4070 Kirke Hyllinge	2020	8003
350 Lejre	4070 Kirke Hyllinge	2021	7951
350 Lejre	4070 Kirke Hyllinge	2022	7988
350 Lejre	4070 Kirke Hyllinge	2023	8132
350 Lejre	4070 Kirke Hyllinge	2024	8230
350 Lejre	4070 Kirke Hyllinge	2025	8195
350 Lejre	4070 Kirke Hyllinge	2026	8202
350 Lejre	4140 Borup	2010	0
350 Lejre	4140 Borup	2011	0
350 Lejre	4140 Borup	2012	0
350 Lejre	4140 Borup	2013	0
350 Lejre	4140 Borup	2014	0
350 Lejre	4140 Borup	2015	0
350 Lejre	4140 Borup	2016	0
350 Lejre	4140 Borup	2017	0
350 Lejre	4140 Borup	2018	0
350 Lejre	4140 Borup	2019	0
350 Lejre	4140 Borup	2020	0
350 Lejre	4140 Borup	2021	0
350 Lejre	4140 Borup	2022	0
350 Lejre	4140 Borup	2023	0
350 Lejre	4140 Borup	2024	0
350 Lejre	4140 Borup	2025	0
350 Lejre	4140 Borup	2026	0
350 Lejre	4320 Lejre	2010	5369
350 Lejre	4320 Lejre	2011	5403
350 Lejre	4320 Lejre	2012	5481
350 Lejre	4320 Lejre	2013	5520
350 Lejre	4320 Lejre	2014	5516
350 Lejre	4320 Lejre	2015	5575
350 Lejre	4320 Lejre	2016	5529
350 Lejre	4320 Lejre	2017	5569
350 Lejre	4320 Lejre	2018	5562
350 Lejre	4320 Lejre	2019	5606
350 Lejre	4320 Lejre	2020	5700
350 Lejre	4320 Lejre	2021	5962
350 Lejre	4320 Lejre	2022	6343
350 Lejre	4320 Lejre	2023	6362
350 Lejre	4320 Lejre	2024	6483
350 Lejre	4320 Lejre	2025	6715
350 Lejre	4320 Lejre	2026	6795
350 Lejre	4330 Hvalsø	2010	5808
350 Lejre	4330 Hvalsø	2011	5831
350 Lejre	4330 Hvalsø	2012	5877
350 Lejre	4330 Hvalsø	2013	5867
350 Lejre	4330 Hvalsø	2014	5898
350 Lejre	4330 Hvalsø	2015	5940
350 Lejre	4330 Hvalsø	2016	6010
350 Lejre	4330 Hvalsø	2017	6012
350 Lejre	4330 Hvalsø	2018	6032
350 Lejre	4330 Hvalsø	2019	6176
350 Lejre	4330 Hvalsø	2020	6256
350 Lejre	4330 Hvalsø	2021	6225
350 Lejre	4330 Hvalsø	2022	6303
350 Lejre	4330 Hvalsø	2023	6375
350 Lejre	4330 Hvalsø	2024	6612
350 Lejre	4330 Hvalsø	2025	6689
350 Lejre	4330 Hvalsø	2026	6849
350 Lejre	4340 Tølløse	2010	25
350 Lejre	4340 Tølløse	2011	25
350 Lejre	4340 Tølløse	2012	23
350 Lejre	4340 Tølløse	2013	22
350 Lejre	4340 Tølløse	2014	24
350 Lejre	4340 Tølløse	2015	21
350 Lejre	4340 Tølløse	2016	19
350 Lejre	4340 Tølløse	2017	21
350 Lejre	4340 Tølløse	2018	20
350 Lejre	4340 Tølløse	2019	24
350 Lejre	4340 Tølløse	2020	22
350 Lejre	4340 Tølløse	2021	22
350 Lejre	4340 Tølløse	2022	22
350 Lejre	4340 Tølløse	2023	21
350 Lejre	4340 Tølløse	2024	19
350 Lejre	4340 Tølløse	2025	21
350 Lejre	4340 Tølløse	2026	24
350 Lejre	9999 Ukendt	2010	0
350 Lejre	9999 Ukendt	2011	0
350 Lejre	9999 Ukendt	2012	0
350 Lejre	9999 Ukendt	2013	0
350 Lejre	9999 Ukendt	2014	0
350 Lejre	9999 Ukendt	2015	0
350 Lejre	9999 Ukendt	2016	1
350 Lejre	9999 Ukendt	2017	3
350 Lejre	9999 Ukendt	2018	31
350 Lejre	9999 Ukendt	2019	43
350 Lejre	9999 Ukendt	2020	38
350 Lejre	9999 Ukendt	2021	35
350 Lejre	9999 Ukendt	2022	4
350 Lejre	9999 Ukendt	2023	1
350 Lejre	9999 Ukendt	2024	4
350 Lejre	9999 Ukendt	2025	4
350 Lejre	9999 Ukendt	2026	4
360 Lolland	4894 Øster Ulslev	2010	3
360 Lolland	4894 Øster Ulslev	2011	3
360 Lolland	4894 Øster Ulslev	2012	3
360 Lolland	4894 Øster Ulslev	2013	1
360 Lolland	4894 Øster Ulslev	2014	0
360 Lolland	4894 Øster Ulslev	2015	0
360 Lolland	4894 Øster Ulslev	2016	0
360 Lolland	4894 Øster Ulslev	2017	3
360 Lolland	4894 Øster Ulslev	2018	1
360 Lolland	4894 Øster Ulslev	2019	0
360 Lolland	4894 Øster Ulslev	2020	0
360 Lolland	4894 Øster Ulslev	2021	0
360 Lolland	4894 Øster Ulslev	2022	0
360 Lolland	4894 Øster Ulslev	2023	0
360 Lolland	4894 Øster Ulslev	2024	0
360 Lolland	4894 Øster Ulslev	2025	0
360 Lolland	4894 Øster Ulslev	2026	0
360 Lolland	4895 Errindlev	2010	655
360 Lolland	4895 Errindlev	2011	641
360 Lolland	4895 Errindlev	2012	634
360 Lolland	4895 Errindlev	2013	611
360 Lolland	4895 Errindlev	2014	590
360 Lolland	4895 Errindlev	2015	579
360 Lolland	4895 Errindlev	2016	569
360 Lolland	4895 Errindlev	2017	548
360 Lolland	4895 Errindlev	2018	559
360 Lolland	4895 Errindlev	2019	557
360 Lolland	4895 Errindlev	2020	555
360 Lolland	4895 Errindlev	2021	535
360 Lolland	4895 Errindlev	2022	532
360 Lolland	4895 Errindlev	2023	532
360 Lolland	4895 Errindlev	2024	530
360 Lolland	4895 Errindlev	2025	532
360 Lolland	4895 Errindlev	2026	508
360 Lolland	4900 Nakskov	2010	17312
360 Lolland	4900 Nakskov	2011	16987
360 Lolland	4900 Nakskov	2012	16685
360 Lolland	4900 Nakskov	2013	16541
360 Lolland	4900 Nakskov	2014	16065
360 Lolland	4900 Nakskov	2015	15770
360 Lolland	4900 Nakskov	2016	15734
360 Lolland	4900 Nakskov	2017	15796
360 Lolland	4900 Nakskov	2018	15611
360 Lolland	4900 Nakskov	2019	15537
360 Lolland	4900 Nakskov	2020	15517
360 Lolland	4900 Nakskov	2021	15301
360 Lolland	4900 Nakskov	2022	15174
360 Lolland	4900 Nakskov	2023	15078
360 Lolland	4900 Nakskov	2024	15038
360 Lolland	4900 Nakskov	2025	14761
360 Lolland	4900 Nakskov	2026	14505
360 Lolland	4912 Harpelunde	2010	762
360 Lolland	4912 Harpelunde	2011	722
360 Lolland	4912 Harpelunde	2012	726
360 Lolland	4912 Harpelunde	2013	718
360 Lolland	4912 Harpelunde	2014	704
360 Lolland	4912 Harpelunde	2015	697
360 Lolland	4912 Harpelunde	2016	666
360 Lolland	4912 Harpelunde	2017	652
360 Lolland	4912 Harpelunde	2018	662
360 Lolland	4912 Harpelunde	2019	640
360 Lolland	4912 Harpelunde	2020	612
360 Lolland	4912 Harpelunde	2021	600
360 Lolland	4912 Harpelunde	2022	601
360 Lolland	4912 Harpelunde	2023	609
360 Lolland	4912 Harpelunde	2024	601
360 Lolland	4912 Harpelunde	2025	591
360 Lolland	4912 Harpelunde	2026	570
360 Lolland	4913 Horslunde	2010	2238
360 Lolland	4913 Horslunde	2011	2205
360 Lolland	4913 Horslunde	2012	2143
360 Lolland	4913 Horslunde	2013	2027
360 Lolland	4913 Horslunde	2014	2004
360 Lolland	4913 Horslunde	2015	1999
360 Lolland	4913 Horslunde	2016	1921
360 Lolland	4913 Horslunde	2017	1853
360 Lolland	4913 Horslunde	2018	1849
360 Lolland	4913 Horslunde	2019	1816
360 Lolland	4913 Horslunde	2020	1793
360 Lolland	4913 Horslunde	2021	1738
360 Lolland	4913 Horslunde	2022	1721
360 Lolland	4913 Horslunde	2023	1700
360 Lolland	4913 Horslunde	2024	1665
360 Lolland	4913 Horslunde	2025	1627
360 Lolland	4913 Horslunde	2026	1576
360 Lolland	4920 Søllested	2010	2645
360 Lolland	4920 Søllested	2011	2582
360 Lolland	4920 Søllested	2012	2504
360 Lolland	4920 Søllested	2013	2461
360 Lolland	4920 Søllested	2014	2454
360 Lolland	4920 Søllested	2015	2433
360 Lolland	4920 Søllested	2016	2396
360 Lolland	4920 Søllested	2017	2407
360 Lolland	4920 Søllested	2018	2325
360 Lolland	4920 Søllested	2019	2274
360 Lolland	4920 Søllested	2020	2220
360 Lolland	4920 Søllested	2021	2193
360 Lolland	4920 Søllested	2022	2171
360 Lolland	4920 Søllested	2023	2191
360 Lolland	4920 Søllested	2024	2184
360 Lolland	4920 Søllested	2025	2154
360 Lolland	4920 Søllested	2026	2108
360 Lolland	4930 Maribo	2010	8537
360 Lolland	4930 Maribo	2011	8451
360 Lolland	4930 Maribo	2012	8423
360 Lolland	4930 Maribo	2013	8308
360 Lolland	4930 Maribo	2014	8230
360 Lolland	4930 Maribo	2015	8280
360 Lolland	4930 Maribo	2016	8178
360 Lolland	4930 Maribo	2017	8013
360 Lolland	4930 Maribo	2018	7891
360 Lolland	4930 Maribo	2019	7871
360 Lolland	4930 Maribo	2020	7796
360 Lolland	4930 Maribo	2021	7726
360 Lolland	4930 Maribo	2022	7692
360 Lolland	4930 Maribo	2023	7671
360 Lolland	4930 Maribo	2024	7725
360 Lolland	4930 Maribo	2025	7703
360 Lolland	4930 Maribo	2026	7736
360 Lolland	4941 Bandholm	2010	1123
360 Lolland	4941 Bandholm	2011	1117
360 Lolland	4941 Bandholm	2012	1074
360 Lolland	4941 Bandholm	2013	1025
360 Lolland	4941 Bandholm	2014	1052
360 Lolland	4941 Bandholm	2015	1029
360 Lolland	4941 Bandholm	2016	997
360 Lolland	4941 Bandholm	2017	932
360 Lolland	4941 Bandholm	2018	957
360 Lolland	4941 Bandholm	2019	889
360 Lolland	4941 Bandholm	2020	857
360 Lolland	4941 Bandholm	2021	799
360 Lolland	4941 Bandholm	2022	787
360 Lolland	4941 Bandholm	2023	781
360 Lolland	4941 Bandholm	2024	763
360 Lolland	4941 Bandholm	2025	751
360 Lolland	4941 Bandholm	2026	746
360 Lolland	4942 Askø	2010	0
360 Lolland	4942 Askø	2011	0
360 Lolland	4942 Askø	2012	0
360 Lolland	4942 Askø	2013	0
360 Lolland	4942 Askø	2014	0
360 Lolland	4942 Askø	2015	0
360 Lolland	4942 Askø	2016	0
360 Lolland	4942 Askø	2017	0
360 Lolland	4942 Askø	2018	42
360 Lolland	4942 Askø	2019	42
360 Lolland	4942 Askø	2020	43
360 Lolland	4942 Askø	2021	43
360 Lolland	4942 Askø	2022	40
360 Lolland	4942 Askø	2023	40
360 Lolland	4942 Askø	2024	33
360 Lolland	4942 Askø	2025	42
360 Lolland	4942 Askø	2026	46
360 Lolland	4943 Torrig L	2010	649
360 Lolland	4943 Torrig L	2011	635
360 Lolland	4943 Torrig L	2012	604
360 Lolland	4943 Torrig L	2013	591
360 Lolland	4943 Torrig L	2014	580
360 Lolland	4943 Torrig L	2015	536
360 Lolland	4943 Torrig L	2016	524
360 Lolland	4943 Torrig L	2017	502
360 Lolland	4943 Torrig L	2018	496
360 Lolland	4943 Torrig L	2019	488
360 Lolland	4943 Torrig L	2020	463
360 Lolland	4943 Torrig L	2021	467
360 Lolland	4943 Torrig L	2022	432
360 Lolland	4943 Torrig L	2023	439
360 Lolland	4943 Torrig L	2024	444
360 Lolland	4943 Torrig L	2025	440
360 Lolland	4943 Torrig L	2026	417
360 Lolland	4944 Fejø	2010	543
360 Lolland	4944 Fejø	2011	526
360 Lolland	4944 Fejø	2012	489
360 Lolland	4944 Fejø	2013	464
360 Lolland	4944 Fejø	2014	455
360 Lolland	4944 Fejø	2015	460
360 Lolland	4944 Fejø	2016	442
360 Lolland	4944 Fejø	2017	434
360 Lolland	4944 Fejø	2018	456
360 Lolland	4944 Fejø	2019	473
360 Lolland	4944 Fejø	2020	460
360 Lolland	4944 Fejø	2021	455
360 Lolland	4944 Fejø	2022	448
360 Lolland	4944 Fejø	2023	461
360 Lolland	4944 Fejø	2024	447
360 Lolland	4944 Fejø	2025	448
360 Lolland	4944 Fejø	2026	428
360 Lolland	4945 Femø	2010	0
360 Lolland	4945 Femø	2011	0
360 Lolland	4945 Femø	2012	0
360 Lolland	4945 Femø	2013	0
360 Lolland	4945 Femø	2014	0
360 Lolland	4945 Femø	2015	0
360 Lolland	4945 Femø	2016	0
360 Lolland	4945 Femø	2017	0
360 Lolland	4945 Femø	2018	121
360 Lolland	4945 Femø	2019	119
360 Lolland	4945 Femø	2020	110
360 Lolland	4945 Femø	2021	112
360 Lolland	4945 Femø	2022	121
360 Lolland	4945 Femø	2023	112
360 Lolland	4945 Femø	2024	112
360 Lolland	4945 Femø	2025	105
360 Lolland	4945 Femø	2026	107
360 Lolland	4951 Nørreballe	2010	787
360 Lolland	4951 Nørreballe	2011	752
360 Lolland	4951 Nørreballe	2012	761
360 Lolland	4951 Nørreballe	2013	743
360 Lolland	4951 Nørreballe	2014	735
360 Lolland	4951 Nørreballe	2015	716
360 Lolland	4951 Nørreballe	2016	690
360 Lolland	4951 Nørreballe	2017	714
360 Lolland	4951 Nørreballe	2018	687
360 Lolland	4951 Nørreballe	2019	671
360 Lolland	4951 Nørreballe	2020	670
360 Lolland	4951 Nørreballe	2021	656
360 Lolland	4951 Nørreballe	2022	643
360 Lolland	4951 Nørreballe	2023	644
360 Lolland	4951 Nørreballe	2024	632
360 Lolland	4951 Nørreballe	2025	628
360 Lolland	4951 Nørreballe	2026	604
360 Lolland	4952 Stokkemarke	2010	1093
360 Lolland	4952 Stokkemarke	2011	1065
360 Lolland	4952 Stokkemarke	2012	1025
360 Lolland	4952 Stokkemarke	2013	1016
360 Lolland	4952 Stokkemarke	2014	992
360 Lolland	4952 Stokkemarke	2015	936
360 Lolland	4952 Stokkemarke	2016	932
360 Lolland	4952 Stokkemarke	2017	929
360 Lolland	4952 Stokkemarke	2018	919
360 Lolland	4952 Stokkemarke	2019	908
360 Lolland	4952 Stokkemarke	2020	871
360 Lolland	4952 Stokkemarke	2021	860
360 Lolland	4952 Stokkemarke	2022	857
360 Lolland	4952 Stokkemarke	2023	822
360 Lolland	4952 Stokkemarke	2024	820
360 Lolland	4952 Stokkemarke	2025	784
360 Lolland	4952 Stokkemarke	2026	786
360 Lolland	4953 Vesterborg	2010	525
360 Lolland	4953 Vesterborg	2011	522
360 Lolland	4953 Vesterborg	2012	496
360 Lolland	4953 Vesterborg	2013	478
360 Lolland	4953 Vesterborg	2014	476
360 Lolland	4953 Vesterborg	2015	487
360 Lolland	4953 Vesterborg	2016	477
360 Lolland	4953 Vesterborg	2017	486
360 Lolland	4953 Vesterborg	2018	453
360 Lolland	4953 Vesterborg	2019	422
360 Lolland	4953 Vesterborg	2020	410
360 Lolland	4953 Vesterborg	2021	391
360 Lolland	4953 Vesterborg	2022	400
360 Lolland	4953 Vesterborg	2023	408
360 Lolland	4953 Vesterborg	2024	400
360 Lolland	4953 Vesterborg	2025	397
360 Lolland	4953 Vesterborg	2026	388
360 Lolland	4960 Holeby	2010	2408
360 Lolland	4960 Holeby	2011	2358
360 Lolland	4960 Holeby	2012	2319
360 Lolland	4960 Holeby	2013	2264
360 Lolland	4960 Holeby	2014	2207
360 Lolland	4960 Holeby	2015	2221
360 Lolland	4960 Holeby	2016	2240
360 Lolland	4960 Holeby	2017	2210
360 Lolland	4960 Holeby	2018	2195
360 Lolland	4960 Holeby	2019	2163
360 Lolland	4960 Holeby	2020	2152
360 Lolland	4960 Holeby	2021	2110
360 Lolland	4960 Holeby	2022	2093
360 Lolland	4960 Holeby	2023	2086
360 Lolland	4960 Holeby	2024	2009
360 Lolland	4960 Holeby	2025	1984
360 Lolland	4960 Holeby	2026	1986
360 Lolland	4970 Rødby	2010	6048
360 Lolland	4970 Rødby	2011	5874
360 Lolland	4970 Rødby	2012	5724
360 Lolland	4970 Rødby	2013	5600
360 Lolland	4970 Rødby	2014	5444
360 Lolland	4970 Rødby	2015	5358
360 Lolland	4970 Rødby	2016	5378
360 Lolland	4970 Rødby	2017	5353
360 Lolland	4970 Rødby	2018	5324
360 Lolland	4970 Rødby	2019	5304
360 Lolland	4970 Rødby	2020	5206
360 Lolland	4970 Rødby	2021	5159
360 Lolland	4970 Rødby	2022	5061
360 Lolland	4970 Rødby	2023	5021
360 Lolland	4970 Rødby	2024	4961
360 Lolland	4970 Rødby	2025	4906
360 Lolland	4970 Rødby	2026	4785
360 Lolland	4983 Dannemare	2010	1561
360 Lolland	4983 Dannemare	2011	1566
360 Lolland	4983 Dannemare	2012	1520
360 Lolland	4983 Dannemare	2013	1486
360 Lolland	4983 Dannemare	2014	1438
360 Lolland	4983 Dannemare	2015	1396
360 Lolland	4983 Dannemare	2016	1380
360 Lolland	4983 Dannemare	2017	1347
360 Lolland	4983 Dannemare	2018	1326
360 Lolland	4983 Dannemare	2019	1313
360 Lolland	4983 Dannemare	2020	1260
360 Lolland	4983 Dannemare	2021	1264
360 Lolland	4983 Dannemare	2022	1211
360 Lolland	4983 Dannemare	2023	1187
360 Lolland	4983 Dannemare	2024	1132
360 Lolland	4983 Dannemare	2025	1132
360 Lolland	4983 Dannemare	2026	1108
360 Lolland	9999 Ukendt	2010	95
360 Lolland	9999 Ukendt	2011	105
360 Lolland	9999 Ukendt	2012	111
360 Lolland	9999 Ukendt	2013	102
360 Lolland	9999 Ukendt	2014	102
360 Lolland	9999 Ukendt	2015	127
360 Lolland	9999 Ukendt	2016	114
360 Lolland	9999 Ukendt	2017	106
360 Lolland	9999 Ukendt	2018	108
360 Lolland	9999 Ukendt	2019	128
360 Lolland	9999 Ukendt	2020	110
360 Lolland	9999 Ukendt	2021	130
360 Lolland	9999 Ukendt	2022	123
360 Lolland	9999 Ukendt	2023	139
360 Lolland	9999 Ukendt	2024	136
360 Lolland	9999 Ukendt	2025	137
360 Lolland	9999 Ukendt	2026	129
370 Næstved	4100 Ringsted	2010	19
370 Næstved	4100 Ringsted	2011	18
370 Næstved	4100 Ringsted	2012	18
370 Næstved	4100 Ringsted	2013	22
370 Næstved	4100 Ringsted	2014	22
370 Næstved	4100 Ringsted	2015	21
370 Næstved	4100 Ringsted	2016	23
370 Næstved	4100 Ringsted	2017	21
370 Næstved	4100 Ringsted	2018	20
370 Næstved	4100 Ringsted	2019	20
370 Næstved	4100 Ringsted	2020	24
370 Næstved	4100 Ringsted	2021	22
370 Næstved	4100 Ringsted	2022	20
370 Næstved	4100 Ringsted	2023	19
370 Næstved	4100 Ringsted	2024	17
370 Næstved	4100 Ringsted	2025	17
370 Næstved	4100 Ringsted	2026	18
370 Næstved	4160 Herlufmagle	2010	5011
370 Næstved	4160 Herlufmagle	2011	4944
370 Næstved	4160 Herlufmagle	2012	4910
370 Næstved	4160 Herlufmagle	2013	4876
370 Næstved	4160 Herlufmagle	2014	4875
370 Næstved	4160 Herlufmagle	2015	4893
370 Næstved	4160 Herlufmagle	2016	4952
370 Næstved	4160 Herlufmagle	2017	4902
370 Næstved	4160 Herlufmagle	2018	4953
370 Næstved	4160 Herlufmagle	2019	4975
370 Næstved	4160 Herlufmagle	2020	4933
370 Næstved	4160 Herlufmagle	2021	4923
370 Næstved	4160 Herlufmagle	2022	4936
370 Næstved	4160 Herlufmagle	2023	4988
370 Næstved	4160 Herlufmagle	2024	4941
370 Næstved	4160 Herlufmagle	2025	4916
370 Næstved	4160 Herlufmagle	2026	4884
370 Næstved	4171 Glumsø	2010	3816
370 Næstved	4171 Glumsø	2011	3835
370 Næstved	4171 Glumsø	2012	3833
370 Næstved	4171 Glumsø	2013	3806
370 Næstved	4171 Glumsø	2014	3794
370 Næstved	4171 Glumsø	2015	3734
370 Næstved	4171 Glumsø	2016	3826
370 Næstved	4171 Glumsø	2017	3815
370 Næstved	4171 Glumsø	2018	3822
370 Næstved	4171 Glumsø	2019	3831
370 Næstved	4171 Glumsø	2020	3798
370 Næstved	4171 Glumsø	2021	3771
370 Næstved	4171 Glumsø	2022	3733
370 Næstved	4171 Glumsø	2023	3686
370 Næstved	4171 Glumsø	2024	3840
370 Næstved	4171 Glumsø	2025	3915
370 Næstved	4171 Glumsø	2026	3943
370 Næstved	4200 Slagelse	2010	18
370 Næstved	4200 Slagelse	2011	20
370 Næstved	4200 Slagelse	2012	16
370 Næstved	4200 Slagelse	2013	15
370 Næstved	4200 Slagelse	2014	18
370 Næstved	4200 Slagelse	2015	15
370 Næstved	4200 Slagelse	2016	16
370 Næstved	4200 Slagelse	2017	16
370 Næstved	4200 Slagelse	2018	20
370 Næstved	4200 Slagelse	2019	19
370 Næstved	4200 Slagelse	2020	18
370 Næstved	4200 Slagelse	2021	18
370 Næstved	4200 Slagelse	2022	18
370 Næstved	4200 Slagelse	2023	18
370 Næstved	4200 Slagelse	2024	19
370 Næstved	4200 Slagelse	2025	17
370 Næstved	4200 Slagelse	2026	17
370 Næstved	4243 Rude	2010	0
370 Næstved	4243 Rude	2011	2
370 Næstved	4243 Rude	2012	2
370 Næstved	4243 Rude	2013	2
370 Næstved	4243 Rude	2014	2
370 Næstved	4243 Rude	2015	2
370 Næstved	4243 Rude	2016	2
370 Næstved	4243 Rude	2017	2
370 Næstved	4243 Rude	2018	2
370 Næstved	4243 Rude	2019	0
370 Næstved	4243 Rude	2020	3
370 Næstved	4243 Rude	2021	3
370 Næstved	4243 Rude	2022	4
370 Næstved	4243 Rude	2023	4
370 Næstved	4243 Rude	2024	4
370 Næstved	4243 Rude	2025	6
370 Næstved	4243 Rude	2026	4
370 Næstved	4250 Fuglebjerg	2010	4048
370 Næstved	4250 Fuglebjerg	2011	4096
370 Næstved	4250 Fuglebjerg	2012	4060
370 Næstved	4250 Fuglebjerg	2013	4041
370 Næstved	4250 Fuglebjerg	2014	4072
370 Næstved	4250 Fuglebjerg	2015	4082
370 Næstved	4250 Fuglebjerg	2016	4048
370 Næstved	4250 Fuglebjerg	2017	4065
370 Næstved	4250 Fuglebjerg	2018	4043
370 Næstved	4250 Fuglebjerg	2019	4065
370 Næstved	4250 Fuglebjerg	2020	4027
370 Næstved	4250 Fuglebjerg	2021	4087
370 Næstved	4250 Fuglebjerg	2022	4090
370 Næstved	4250 Fuglebjerg	2023	4072
370 Næstved	4250 Fuglebjerg	2024	4112
370 Næstved	4250 Fuglebjerg	2025	4085
370 Næstved	4250 Fuglebjerg	2026	4151
370 Næstved	4261 Dalmose	2010	135
370 Næstved	4261 Dalmose	2011	126
370 Næstved	4261 Dalmose	2012	140
370 Næstved	4261 Dalmose	2013	137
370 Næstved	4261 Dalmose	2014	141
370 Næstved	4261 Dalmose	2015	128
370 Næstved	4261 Dalmose	2016	131
370 Næstved	4261 Dalmose	2017	118
370 Næstved	4261 Dalmose	2018	131
370 Næstved	4261 Dalmose	2019	132
370 Næstved	4261 Dalmose	2020	126
370 Næstved	4261 Dalmose	2021	128
370 Næstved	4261 Dalmose	2022	137
370 Næstved	4261 Dalmose	2023	144
370 Næstved	4261 Dalmose	2024	142
370 Næstved	4261 Dalmose	2025	137
370 Næstved	4261 Dalmose	2026	131
370 Næstved	4262 Sandved	2010	2169
370 Næstved	4262 Sandved	2011	2155
370 Næstved	4262 Sandved	2012	2145
370 Næstved	4262 Sandved	2013	2094
370 Næstved	4262 Sandved	2014	2107
370 Næstved	4262 Sandved	2015	2107
370 Næstved	4262 Sandved	2016	2124
370 Næstved	4262 Sandved	2017	2122
370 Næstved	4262 Sandved	2018	2132
370 Næstved	4262 Sandved	2019	2121
370 Næstved	4262 Sandved	2020	2070
370 Næstved	4262 Sandved	2021	2036
370 Næstved	4262 Sandved	2022	2067
370 Næstved	4262 Sandved	2023	2051
370 Næstved	4262 Sandved	2024	2006
370 Næstved	4262 Sandved	2025	1978
370 Næstved	4262 Sandved	2026	1981
370 Næstved	4640 Faxe	2010	2
370 Næstved	4640 Faxe	2011	2
370 Næstved	4640 Faxe	2012	3
370 Næstved	4640 Faxe	2013	1
370 Næstved	4640 Faxe	2014	1
370 Næstved	4640 Faxe	2015	1
370 Næstved	4640 Faxe	2016	1
370 Næstved	4640 Faxe	2017	1
370 Næstved	4640 Faxe	2018	1
370 Næstved	4640 Faxe	2019	1
370 Næstved	4640 Faxe	2020	1
370 Næstved	4640 Faxe	2021	1
370 Næstved	4640 Faxe	2022	1
370 Næstved	4640 Faxe	2023	1
370 Næstved	4640 Faxe	2024	1
370 Næstved	4640 Faxe	2025	1
370 Næstved	4640 Faxe	2026	1
370 Næstved	4683 Rønnede	2010	31
370 Næstved	4683 Rønnede	2011	31
370 Næstved	4683 Rønnede	2012	28
370 Næstved	4683 Rønnede	2013	28
370 Næstved	4683 Rønnede	2014	30
370 Næstved	4683 Rønnede	2015	30
370 Næstved	4683 Rønnede	2016	31
370 Næstved	4683 Rønnede	2017	29
370 Næstved	4683 Rønnede	2018	31
370 Næstved	4683 Rønnede	2019	32
370 Næstved	4683 Rønnede	2020	29
370 Næstved	4683 Rønnede	2021	29
370 Næstved	4683 Rønnede	2022	28
370 Næstved	4683 Rønnede	2023	28
370 Næstved	4683 Rønnede	2024	32
370 Næstved	4683 Rønnede	2025	30
370 Næstved	4683 Rønnede	2026	32
370 Næstved	4684 Holmegaard	2010	8080
370 Næstved	4684 Holmegaard	2011	8079
370 Næstved	4684 Holmegaard	2012	8173
370 Næstved	4684 Holmegaard	2013	8146
370 Næstved	4684 Holmegaard	2014	8102
370 Næstved	4684 Holmegaard	2015	8181
370 Næstved	4684 Holmegaard	2016	8177
370 Næstved	4684 Holmegaard	2017	8159
370 Næstved	4684 Holmegaard	2018	8229
370 Næstved	4684 Holmegaard	2019	8252
370 Næstved	4684 Holmegaard	2020	8222
370 Næstved	4684 Holmegaard	2021	8248
370 Næstved	4684 Holmegaard	2022	8308
370 Næstved	4684 Holmegaard	2023	8452
370 Næstved	4684 Holmegaard	2024	8442
370 Næstved	4684 Holmegaard	2025	8445
370 Næstved	4684 Holmegaard	2026	8440
370 Næstved	4690 Haslev	2010	193
370 Næstved	4690 Haslev	2011	192
370 Næstved	4690 Haslev	2012	195
370 Næstved	4690 Haslev	2013	202
370 Næstved	4690 Haslev	2014	195
370 Næstved	4690 Haslev	2015	205
370 Næstved	4690 Haslev	2016	187
370 Næstved	4690 Haslev	2017	195
370 Næstved	4690 Haslev	2018	196
370 Næstved	4690 Haslev	2019	191
370 Næstved	4690 Haslev	2020	180
370 Næstved	4690 Haslev	2021	189
370 Næstved	4690 Haslev	2022	186
370 Næstved	4690 Haslev	2023	170
370 Næstved	4690 Haslev	2024	167
370 Næstved	4690 Haslev	2025	173
370 Næstved	4690 Haslev	2026	190
370 Næstved	4700 Næstved	2010	51581
370 Næstved	4700 Næstved	2011	51453
370 Næstved	4700 Næstved	2012	51554
370 Næstved	4700 Næstved	2013	51812
370 Næstved	4700 Næstved	2014	52078
370 Næstved	4700 Næstved	2015	52255
370 Næstved	4700 Næstved	2016	52668
370 Næstved	4700 Næstved	2017	52952
370 Næstved	4700 Næstved	2018	53216
370 Næstved	4700 Næstved	2019	53168
370 Næstved	4700 Næstved	2020	53548
370 Næstved	4700 Næstved	2021	53575
370 Næstved	4700 Næstved	2022	54064
370 Næstved	4700 Næstved	2023	54721
370 Næstved	4700 Næstved	2024	54785
370 Næstved	4700 Næstved	2025	54985
370 Næstved	4700 Næstved	2026	55247
370 Næstved	4733 Tappernøje	2010	3437
370 Næstved	4733 Tappernøje	2011	3410
370 Næstved	4733 Tappernøje	2012	3374
370 Næstved	4733 Tappernøje	2013	3405
370 Næstved	4733 Tappernøje	2014	3405
370 Næstved	4733 Tappernøje	2015	3437
370 Næstved	4733 Tappernøje	2016	3473
370 Næstved	4733 Tappernøje	2017	3451
370 Næstved	4733 Tappernøje	2018	3442
370 Næstved	4733 Tappernøje	2019	3462
370 Næstved	4733 Tappernøje	2020	3439
370 Næstved	4733 Tappernøje	2021	3442
370 Næstved	4733 Tappernøje	2022	3435
370 Næstved	4733 Tappernøje	2023	3486
370 Næstved	4733 Tappernøje	2024	3461
370 Næstved	4733 Tappernøje	2025	3444
370 Næstved	4733 Tappernøje	2026	3423
370 Næstved	4736 Karrebæksminde	2010	2249
370 Næstved	4736 Karrebæksminde	2011	2254
370 Næstved	4736 Karrebæksminde	2012	2236
370 Næstved	4736 Karrebæksminde	2013	2239
370 Næstved	4736 Karrebæksminde	2014	2252
370 Næstved	4736 Karrebæksminde	2015	2269
370 Næstved	4736 Karrebæksminde	2016	2328
370 Næstved	4736 Karrebæksminde	2017	2392
370 Næstved	4736 Karrebæksminde	2018	2394
370 Næstved	4736 Karrebæksminde	2019	2416
370 Næstved	4736 Karrebæksminde	2020	2413
370 Næstved	4736 Karrebæksminde	2021	2394
370 Næstved	4736 Karrebæksminde	2022	2455
370 Næstved	4736 Karrebæksminde	2023	2414
370 Næstved	4736 Karrebæksminde	2024	2457
370 Næstved	4736 Karrebæksminde	2025	2437
370 Næstved	4736 Karrebæksminde	2026	2394
370 Næstved	4750 Lundby	2010	299
370 Næstved	4750 Lundby	2011	309
370 Næstved	4750 Lundby	2012	297
370 Næstved	4750 Lundby	2013	302
370 Næstved	4750 Lundby	2014	302
370 Næstved	4750 Lundby	2015	299
370 Næstved	4750 Lundby	2016	291
370 Næstved	4750 Lundby	2017	294
370 Næstved	4750 Lundby	2018	284
370 Næstved	4750 Lundby	2019	279
370 Næstved	4750 Lundby	2020	279
370 Næstved	4750 Lundby	2021	280
370 Næstved	4750 Lundby	2022	288
370 Næstved	4750 Lundby	2023	293
370 Næstved	4750 Lundby	2024	295
370 Næstved	4750 Lundby	2025	285
370 Næstved	4750 Lundby	2026	282
370 Næstved	9999 Ukendt	2010	24
370 Næstved	9999 Ukendt	2011	37
370 Næstved	9999 Ukendt	2012	28
370 Næstved	9999 Ukendt	2013	35
370 Næstved	9999 Ukendt	2014	36
370 Næstved	9999 Ukendt	2015	28
370 Næstved	9999 Ukendt	2016	64
370 Næstved	9999 Ukendt	2017	47
370 Næstved	9999 Ukendt	2018	22
370 Næstved	9999 Ukendt	2019	27
370 Næstved	9999 Ukendt	2020	33
370 Næstved	9999 Ukendt	2021	35
370 Næstved	9999 Ukendt	2022	31
370 Næstved	9999 Ukendt	2023	27
370 Næstved	9999 Ukendt	2024	26
370 Næstved	9999 Ukendt	2025	24
370 Næstved	9999 Ukendt	2026	25
376 Guldborgsund	4800 Nykøbing F	2010	25815
376 Guldborgsund	4800 Nykøbing F	2011	25782
376 Guldborgsund	4800 Nykøbing F	2012	25650
376 Guldborgsund	4800 Nykøbing F	2013	25523
376 Guldborgsund	4800 Nykøbing F	2014	25605
376 Guldborgsund	4800 Nykøbing F	2015	25604
376 Guldborgsund	4800 Nykøbing F	2016	25788
376 Guldborgsund	4800 Nykøbing F	2017	26093
376 Guldborgsund	4800 Nykøbing F	2018	26040
376 Guldborgsund	4800 Nykøbing F	2019	25987
376 Guldborgsund	4800 Nykøbing F	2020	26174
376 Guldborgsund	4800 Nykøbing F	2021	26196
376 Guldborgsund	4800 Nykøbing F	2022	26185
376 Guldborgsund	4800 Nykøbing F	2023	26375
376 Guldborgsund	4800 Nykøbing F	2024	26181
376 Guldborgsund	4800 Nykøbing F	2025	26298
376 Guldborgsund	4800 Nykøbing F	2026	26266
376 Guldborgsund	4840 Nørre Alslev	2010	6160
376 Guldborgsund	4840 Nørre Alslev	2011	6100
376 Guldborgsund	4840 Nørre Alslev	2012	6033
376 Guldborgsund	4840 Nørre Alslev	2013	5930
376 Guldborgsund	4840 Nørre Alslev	2014	5897
376 Guldborgsund	4840 Nørre Alslev	2015	5781
376 Guldborgsund	4840 Nørre Alslev	2016	5811
376 Guldborgsund	4840 Nørre Alslev	2017	5836
376 Guldborgsund	4840 Nørre Alslev	2018	5806
376 Guldborgsund	4840 Nørre Alslev	2019	5783
376 Guldborgsund	4840 Nørre Alslev	2020	5733
376 Guldborgsund	4840 Nørre Alslev	2021	5685
376 Guldborgsund	4840 Nørre Alslev	2022	5708
376 Guldborgsund	4840 Nørre Alslev	2023	5679
376 Guldborgsund	4840 Nørre Alslev	2024	5657
376 Guldborgsund	4840 Nørre Alslev	2025	5601
376 Guldborgsund	4840 Nørre Alslev	2026	5526
376 Guldborgsund	4850 Stubbekøbing	2010	3938
376 Guldborgsund	4850 Stubbekøbing	2011	3931
376 Guldborgsund	4850 Stubbekøbing	2012	3891
376 Guldborgsund	4850 Stubbekøbing	2013	3897
376 Guldborgsund	4850 Stubbekøbing	2014	3782
376 Guldborgsund	4850 Stubbekøbing	2015	3876
376 Guldborgsund	4850 Stubbekøbing	2016	3806
376 Guldborgsund	4850 Stubbekøbing	2017	3853
376 Guldborgsund	4850 Stubbekøbing	2018	3838
376 Guldborgsund	4850 Stubbekøbing	2019	3794
376 Guldborgsund	4850 Stubbekøbing	2020	3740
376 Guldborgsund	4850 Stubbekøbing	2021	3725
376 Guldborgsund	4850 Stubbekøbing	2022	3785
376 Guldborgsund	4850 Stubbekøbing	2023	3737
376 Guldborgsund	4850 Stubbekøbing	2024	3646
376 Guldborgsund	4850 Stubbekøbing	2025	3609
376 Guldborgsund	4850 Stubbekøbing	2026	3557
376 Guldborgsund	4862 Guldborg	2010	1383
376 Guldborgsund	4862 Guldborg	2011	1347
376 Guldborgsund	4862 Guldborg	2012	1287
376 Guldborgsund	4862 Guldborg	2013	1282
376 Guldborgsund	4862 Guldborg	2014	1256
376 Guldborgsund	4862 Guldborg	2015	1224
376 Guldborgsund	4862 Guldborg	2016	1246
376 Guldborgsund	4862 Guldborg	2017	1250
376 Guldborgsund	4862 Guldborg	2018	1240
376 Guldborgsund	4862 Guldborg	2019	1229
376 Guldborgsund	4862 Guldborg	2020	1209
376 Guldborgsund	4862 Guldborg	2021	1173
376 Guldborgsund	4862 Guldborg	2022	1160
376 Guldborgsund	4862 Guldborg	2023	1150
376 Guldborgsund	4862 Guldborg	2024	1145
376 Guldborgsund	4862 Guldborg	2025	1092
376 Guldborgsund	4862 Guldborg	2026	1094
376 Guldborgsund	4863 Eskilstrup	2010	2450
376 Guldborgsund	4863 Eskilstrup	2011	2449
376 Guldborgsund	4863 Eskilstrup	2012	2361
376 Guldborgsund	4863 Eskilstrup	2013	2363
376 Guldborgsund	4863 Eskilstrup	2014	2316
376 Guldborgsund	4863 Eskilstrup	2015	2348
376 Guldborgsund	4863 Eskilstrup	2016	2314
376 Guldborgsund	4863 Eskilstrup	2017	2304
376 Guldborgsund	4863 Eskilstrup	2018	2243
376 Guldborgsund	4863 Eskilstrup	2019	2266
376 Guldborgsund	4863 Eskilstrup	2020	2270
376 Guldborgsund	4863 Eskilstrup	2021	2226
376 Guldborgsund	4863 Eskilstrup	2022	2226
376 Guldborgsund	4863 Eskilstrup	2023	2254
376 Guldborgsund	4863 Eskilstrup	2024	2224
376 Guldborgsund	4863 Eskilstrup	2025	2229
376 Guldborgsund	4863 Eskilstrup	2026	2261
376 Guldborgsund	4871 Horbelev	2010	1471
376 Guldborgsund	4871 Horbelev	2011	1465
376 Guldborgsund	4871 Horbelev	2012	1447
376 Guldborgsund	4871 Horbelev	2013	1394
376 Guldborgsund	4871 Horbelev	2014	1396
376 Guldborgsund	4871 Horbelev	2015	1374
376 Guldborgsund	4871 Horbelev	2016	1388
376 Guldborgsund	4871 Horbelev	2017	1360
376 Guldborgsund	4871 Horbelev	2018	1355
376 Guldborgsund	4871 Horbelev	2019	1366
376 Guldborgsund	4871 Horbelev	2020	1371
376 Guldborgsund	4871 Horbelev	2021	1344
376 Guldborgsund	4871 Horbelev	2022	1320
376 Guldborgsund	4871 Horbelev	2023	1305
376 Guldborgsund	4871 Horbelev	2024	1294
376 Guldborgsund	4871 Horbelev	2025	1241
376 Guldborgsund	4871 Horbelev	2026	1222
376 Guldborgsund	4872 Idestrup	2010	1852
376 Guldborgsund	4872 Idestrup	2011	1860
376 Guldborgsund	4872 Idestrup	2012	1806
376 Guldborgsund	4872 Idestrup	2013	1789
376 Guldborgsund	4872 Idestrup	2014	1776
376 Guldborgsund	4872 Idestrup	2015	1755
376 Guldborgsund	4872 Idestrup	2016	1742
376 Guldborgsund	4872 Idestrup	2017	1731
376 Guldborgsund	4872 Idestrup	2018	1723
376 Guldborgsund	4872 Idestrup	2019	1743
376 Guldborgsund	4872 Idestrup	2020	1723
376 Guldborgsund	4872 Idestrup	2021	1677
376 Guldborgsund	4872 Idestrup	2022	1657
376 Guldborgsund	4872 Idestrup	2023	1637
376 Guldborgsund	4872 Idestrup	2024	1618
376 Guldborgsund	4872 Idestrup	2025	1621
376 Guldborgsund	4872 Idestrup	2026	1587
376 Guldborgsund	4873 Væggerløse	2010	3333
376 Guldborgsund	4873 Væggerløse	2011	3296
376 Guldborgsund	4873 Væggerløse	2012	3277
376 Guldborgsund	4873 Væggerløse	2013	3269
376 Guldborgsund	4873 Væggerløse	2014	3255
376 Guldborgsund	4873 Væggerløse	2015	3205
376 Guldborgsund	4873 Væggerløse	2016	3230
376 Guldborgsund	4873 Væggerløse	2017	3285
376 Guldborgsund	4873 Væggerløse	2018	3336
376 Guldborgsund	4873 Væggerløse	2019	3368
376 Guldborgsund	4873 Væggerløse	2020	3329
376 Guldborgsund	4873 Væggerløse	2021	3326
376 Guldborgsund	4873 Væggerløse	2022	3340
376 Guldborgsund	4873 Væggerløse	2023	3275
376 Guldborgsund	4873 Væggerløse	2024	3204
376 Guldborgsund	4873 Væggerløse	2025	3146
376 Guldborgsund	4873 Væggerløse	2026	3126
376 Guldborgsund	4874 Gedser	2010	1543
376 Guldborgsund	4874 Gedser	2011	1521
376 Guldborgsund	4874 Gedser	2012	1476
376 Guldborgsund	4874 Gedser	2013	1450
376 Guldborgsund	4874 Gedser	2014	1401
376 Guldborgsund	4874 Gedser	2015	1398
376 Guldborgsund	4874 Gedser	2016	1352
376 Guldborgsund	4874 Gedser	2017	1342
376 Guldborgsund	4874 Gedser	2018	1343
376 Guldborgsund	4874 Gedser	2019	1324
376 Guldborgsund	4874 Gedser	2020	1311
376 Guldborgsund	4874 Gedser	2021	1256
376 Guldborgsund	4874 Gedser	2022	1250
376 Guldborgsund	4874 Gedser	2023	1218
376 Guldborgsund	4874 Gedser	2024	1209
376 Guldborgsund	4874 Gedser	2025	1161
376 Guldborgsund	4874 Gedser	2026	1132
376 Guldborgsund	4880 Nysted	2010	2458
376 Guldborgsund	4880 Nysted	2011	2424
376 Guldborgsund	4880 Nysted	2012	2419
376 Guldborgsund	4880 Nysted	2013	2365
376 Guldborgsund	4880 Nysted	2014	2352
376 Guldborgsund	4880 Nysted	2015	2355
376 Guldborgsund	4880 Nysted	2016	2383
376 Guldborgsund	4880 Nysted	2017	2349
376 Guldborgsund	4880 Nysted	2018	2345
376 Guldborgsund	4880 Nysted	2019	2308
376 Guldborgsund	4880 Nysted	2020	2249
376 Guldborgsund	4880 Nysted	2021	2228
376 Guldborgsund	4880 Nysted	2022	2186
376 Guldborgsund	4880 Nysted	2023	2194
376 Guldborgsund	4880 Nysted	2024	2175
376 Guldborgsund	4880 Nysted	2025	2092
376 Guldborgsund	4880 Nysted	2026	2108
376 Guldborgsund	4891 Toreby L	2010	1697
376 Guldborgsund	4891 Toreby L	2011	1680
376 Guldborgsund	4891 Toreby L	2012	1659
376 Guldborgsund	4891 Toreby L	2013	1660
376 Guldborgsund	4891 Toreby L	2014	1640
376 Guldborgsund	4891 Toreby L	2015	1633
376 Guldborgsund	4891 Toreby L	2016	1660
376 Guldborgsund	4891 Toreby L	2017	1647
376 Guldborgsund	4891 Toreby L	2018	1655
376 Guldborgsund	4891 Toreby L	2019	1597
376 Guldborgsund	4891 Toreby L	2020	1632
376 Guldborgsund	4891 Toreby L	2021	1580
376 Guldborgsund	4891 Toreby L	2022	1595
376 Guldborgsund	4891 Toreby L	2023	1611
376 Guldborgsund	4891 Toreby L	2024	1613
376 Guldborgsund	4891 Toreby L	2025	1571
376 Guldborgsund	4891 Toreby L	2026	1564
376 Guldborgsund	4892 Kettinge	2010	1569
376 Guldborgsund	4892 Kettinge	2011	1562
376 Guldborgsund	4892 Kettinge	2012	1549
376 Guldborgsund	4892 Kettinge	2013	1524
376 Guldborgsund	4892 Kettinge	2014	1479
376 Guldborgsund	4892 Kettinge	2015	1453
376 Guldborgsund	4892 Kettinge	2016	1434
376 Guldborgsund	4892 Kettinge	2017	1430
376 Guldborgsund	4892 Kettinge	2018	1424
376 Guldborgsund	4892 Kettinge	2019	1396
376 Guldborgsund	4892 Kettinge	2020	1410
376 Guldborgsund	4892 Kettinge	2021	1413
376 Guldborgsund	4892 Kettinge	2022	1387
376 Guldborgsund	4892 Kettinge	2023	1384
376 Guldborgsund	4892 Kettinge	2024	1402
376 Guldborgsund	4892 Kettinge	2025	1373
376 Guldborgsund	4892 Kettinge	2026	1387
376 Guldborgsund	4894 Øster Ulslev	2010	1027
376 Guldborgsund	4894 Øster Ulslev	2011	988
376 Guldborgsund	4894 Øster Ulslev	2012	949
376 Guldborgsund	4894 Øster Ulslev	2013	948
376 Guldborgsund	4894 Øster Ulslev	2014	949
376 Guldborgsund	4894 Øster Ulslev	2015	959
376 Guldborgsund	4894 Øster Ulslev	2016	964
376 Guldborgsund	4894 Øster Ulslev	2017	920
376 Guldborgsund	4894 Øster Ulslev	2018	940
376 Guldborgsund	4894 Øster Ulslev	2019	880
376 Guldborgsund	4894 Øster Ulslev	2020	835
376 Guldborgsund	4894 Øster Ulslev	2021	802
376 Guldborgsund	4894 Øster Ulslev	2022	807
376 Guldborgsund	4894 Øster Ulslev	2023	786
376 Guldborgsund	4894 Øster Ulslev	2024	797
376 Guldborgsund	4894 Øster Ulslev	2025	792
376 Guldborgsund	4894 Øster Ulslev	2026	765
376 Guldborgsund	4930 Maribo	2010	122
376 Guldborgsund	4930 Maribo	2011	131
376 Guldborgsund	4930 Maribo	2012	121
376 Guldborgsund	4930 Maribo	2013	113
376 Guldborgsund	4930 Maribo	2014	113
376 Guldborgsund	4930 Maribo	2015	115
376 Guldborgsund	4930 Maribo	2016	110
376 Guldborgsund	4930 Maribo	2017	115
376 Guldborgsund	4930 Maribo	2018	109
376 Guldborgsund	4930 Maribo	2019	121
376 Guldborgsund	4930 Maribo	2020	124
376 Guldborgsund	4930 Maribo	2021	118
376 Guldborgsund	4930 Maribo	2022	113
376 Guldborgsund	4930 Maribo	2023	117
376 Guldborgsund	4930 Maribo	2024	127
376 Guldborgsund	4930 Maribo	2025	120
376 Guldborgsund	4930 Maribo	2026	108
376 Guldborgsund	4990 Sakskøbing	2010	8040
376 Guldborgsund	4990 Sakskøbing	2011	7996
376 Guldborgsund	4990 Sakskøbing	2012	7939
376 Guldborgsund	4990 Sakskøbing	2013	7737
376 Guldborgsund	4990 Sakskøbing	2014	7681
376 Guldborgsund	4990 Sakskøbing	2015	7610
376 Guldborgsund	4990 Sakskøbing	2016	7617
376 Guldborgsund	4990 Sakskøbing	2017	7606
376 Guldborgsund	4990 Sakskøbing	2018	7647
376 Guldborgsund	4990 Sakskøbing	2019	7643
376 Guldborgsund	4990 Sakskøbing	2020	7502
376 Guldborgsund	4990 Sakskøbing	2021	7450
376 Guldborgsund	4990 Sakskøbing	2022	7485
376 Guldborgsund	4990 Sakskøbing	2023	7412
376 Guldborgsund	4990 Sakskøbing	2024	7343
376 Guldborgsund	4990 Sakskøbing	2025	7271
376 Guldborgsund	4990 Sakskøbing	2026	7300
376 Guldborgsund	9999 Ukendt	2010	54
376 Guldborgsund	9999 Ukendt	2011	51
376 Guldborgsund	9999 Ukendt	2012	49
376 Guldborgsund	9999 Ukendt	2013	78
376 Guldborgsund	9999 Ukendt	2014	109
376 Guldborgsund	9999 Ukendt	2015	139
376 Guldborgsund	9999 Ukendt	2016	134
376 Guldborgsund	9999 Ukendt	2017	136
376 Guldborgsund	9999 Ukendt	2018	175
376 Guldborgsund	9999 Ukendt	2019	125
376 Guldborgsund	9999 Ukendt	2020	110
376 Guldborgsund	9999 Ukendt	2021	129
376 Guldborgsund	9999 Ukendt	2022	106
376 Guldborgsund	9999 Ukendt	2023	97
376 Guldborgsund	9999 Ukendt	2024	124
376 Guldborgsund	9999 Ukendt	2025	133
376 Guldborgsund	9999 Ukendt	2026	116
390 Vordingborg	4720 Præstø	2010	7393
390 Vordingborg	4720 Præstø	2011	7373
390 Vordingborg	4720 Præstø	2012	7287
390 Vordingborg	4720 Præstø	2013	7194
390 Vordingborg	4720 Præstø	2014	7174
390 Vordingborg	4720 Præstø	2015	7224
390 Vordingborg	4720 Præstø	2016	7287
390 Vordingborg	4720 Præstø	2017	7325
390 Vordingborg	4720 Præstø	2018	7357
390 Vordingborg	4720 Præstø	2019	7323
390 Vordingborg	4720 Præstø	2020	7257
390 Vordingborg	4720 Præstø	2021	7173
390 Vordingborg	4720 Præstø	2022	7138
390 Vordingborg	4720 Præstø	2023	7197
390 Vordingborg	4720 Præstø	2024	7181
390 Vordingborg	4720 Præstø	2025	7197
390 Vordingborg	4720 Præstø	2026	7278
390 Vordingborg	4733 Tappernøje	2010	12
390 Vordingborg	4733 Tappernøje	2011	15
390 Vordingborg	4733 Tappernøje	2012	18
390 Vordingborg	4733 Tappernøje	2013	18
390 Vordingborg	4733 Tappernøje	2014	19
390 Vordingborg	4733 Tappernøje	2015	22
390 Vordingborg	4733 Tappernøje	2016	17
390 Vordingborg	4733 Tappernøje	2017	23
390 Vordingborg	4733 Tappernøje	2018	22
390 Vordingborg	4733 Tappernøje	2019	20
390 Vordingborg	4733 Tappernøje	2020	19
390 Vordingborg	4733 Tappernøje	2021	19
390 Vordingborg	4733 Tappernøje	2022	18
390 Vordingborg	4733 Tappernøje	2023	17
390 Vordingborg	4733 Tappernøje	2024	17
390 Vordingborg	4733 Tappernøje	2025	18
390 Vordingborg	4733 Tappernøje	2026	16
390 Vordingborg	4735 Mern	2010	2141
390 Vordingborg	4735 Mern	2011	2080
390 Vordingborg	4735 Mern	2012	2045
390 Vordingborg	4735 Mern	2013	1991
390 Vordingborg	4735 Mern	2014	1964
390 Vordingborg	4735 Mern	2015	1986
390 Vordingborg	4735 Mern	2016	2060
390 Vordingborg	4735 Mern	2017	2034
390 Vordingborg	4735 Mern	2018	2037
390 Vordingborg	4735 Mern	2019	2049
390 Vordingborg	4735 Mern	2020	2039
390 Vordingborg	4735 Mern	2021	2000
390 Vordingborg	4735 Mern	2022	2022
390 Vordingborg	4735 Mern	2023	2006
390 Vordingborg	4735 Mern	2024	2004
390 Vordingborg	4735 Mern	2025	1956
390 Vordingborg	4735 Mern	2026	1935
390 Vordingborg	4750 Lundby	2010	3293
390 Vordingborg	4750 Lundby	2011	3264
390 Vordingborg	4750 Lundby	2012	3218
390 Vordingborg	4750 Lundby	2013	3189
390 Vordingborg	4750 Lundby	2014	3192
390 Vordingborg	4750 Lundby	2015	3174
390 Vordingborg	4750 Lundby	2016	3163
390 Vordingborg	4750 Lundby	2017	3185
390 Vordingborg	4750 Lundby	2018	3183
390 Vordingborg	4750 Lundby	2019	3145
390 Vordingborg	4750 Lundby	2020	3139
390 Vordingborg	4750 Lundby	2021	3122
390 Vordingborg	4750 Lundby	2022	3173
390 Vordingborg	4750 Lundby	2023	3142
390 Vordingborg	4750 Lundby	2024	3114
390 Vordingborg	4750 Lundby	2025	3062
390 Vordingborg	4750 Lundby	2026	3064
390 Vordingborg	4760 Vordingborg	2010	18029
390 Vordingborg	4760 Vordingborg	2011	18142
390 Vordingborg	4760 Vordingborg	2012	18138
390 Vordingborg	4760 Vordingborg	2013	18115
390 Vordingborg	4760 Vordingborg	2014	18197
390 Vordingborg	4760 Vordingborg	2015	18392
390 Vordingborg	4760 Vordingborg	2016	18515
390 Vordingborg	4760 Vordingborg	2017	18650
390 Vordingborg	4760 Vordingborg	2018	18662
390 Vordingborg	4760 Vordingborg	2019	18603
390 Vordingborg	4760 Vordingborg	2020	18528
390 Vordingborg	4760 Vordingborg	2021	18482
390 Vordingborg	4760 Vordingborg	2022	18476
390 Vordingborg	4760 Vordingborg	2023	18575
390 Vordingborg	4760 Vordingborg	2024	19168
390 Vordingborg	4760 Vordingborg	2025	18720
390 Vordingborg	4760 Vordingborg	2026	18548
390 Vordingborg	4771 Kalvehave	2010	1619
390 Vordingborg	4771 Kalvehave	2011	1612
390 Vordingborg	4771 Kalvehave	2012	1593
390 Vordingborg	4771 Kalvehave	2013	1544
390 Vordingborg	4771 Kalvehave	2014	1504
390 Vordingborg	4771 Kalvehave	2015	1483
390 Vordingborg	4771 Kalvehave	2016	1510
390 Vordingborg	4771 Kalvehave	2017	1500
390 Vordingborg	4771 Kalvehave	2018	1503
390 Vordingborg	4771 Kalvehave	2019	1455
390 Vordingborg	4771 Kalvehave	2020	1445
390 Vordingborg	4771 Kalvehave	2021	1424
390 Vordingborg	4771 Kalvehave	2022	1442
390 Vordingborg	4771 Kalvehave	2023	1428
390 Vordingborg	4771 Kalvehave	2024	1373
390 Vordingborg	4771 Kalvehave	2025	1373
390 Vordingborg	4771 Kalvehave	2026	1367
390 Vordingborg	4772 Langebæk	2010	783
390 Vordingborg	4772 Langebæk	2011	787
390 Vordingborg	4772 Langebæk	2012	762
390 Vordingborg	4772 Langebæk	2013	734
390 Vordingborg	4772 Langebæk	2014	686
390 Vordingborg	4772 Langebæk	2015	692
390 Vordingborg	4772 Langebæk	2016	694
390 Vordingborg	4772 Langebæk	2017	692
390 Vordingborg	4772 Langebæk	2018	702
390 Vordingborg	4772 Langebæk	2019	685
390 Vordingborg	4772 Langebæk	2020	697
390 Vordingborg	4772 Langebæk	2021	700
390 Vordingborg	4772 Langebæk	2022	704
390 Vordingborg	4772 Langebæk	2023	686
390 Vordingborg	4772 Langebæk	2024	677
390 Vordingborg	4772 Langebæk	2025	693
390 Vordingborg	4772 Langebæk	2026	684
390 Vordingborg	4773 Stensved	2010	1882
390 Vordingborg	4773 Stensved	2011	1846
390 Vordingborg	4773 Stensved	2012	1842
390 Vordingborg	4773 Stensved	2013	1842
390 Vordingborg	4773 Stensved	2014	1859
390 Vordingborg	4773 Stensved	2015	1853
390 Vordingborg	4773 Stensved	2016	1851
390 Vordingborg	4773 Stensved	2017	1909
390 Vordingborg	4773 Stensved	2018	1883
390 Vordingborg	4773 Stensved	2019	1864
390 Vordingborg	4773 Stensved	2020	1844
390 Vordingborg	4773 Stensved	2021	1827
390 Vordingborg	4773 Stensved	2022	1870
390 Vordingborg	4773 Stensved	2023	1893
390 Vordingborg	4773 Stensved	2024	1869
390 Vordingborg	4773 Stensved	2025	1833
390 Vordingborg	4773 Stensved	2026	1808
390 Vordingborg	4780 Stege	2010	7113
390 Vordingborg	4780 Stege	2011	6997
390 Vordingborg	4780 Stege	2012	6919
390 Vordingborg	4780 Stege	2013	6901
390 Vordingborg	4780 Stege	2014	6829
390 Vordingborg	4780 Stege	2015	6830
390 Vordingborg	4780 Stege	2016	6838
390 Vordingborg	4780 Stege	2017	6791
390 Vordingborg	4780 Stege	2018	6830
390 Vordingborg	4780 Stege	2019	6782
390 Vordingborg	4780 Stege	2020	6717
390 Vordingborg	4780 Stege	2021	6684
390 Vordingborg	4780 Stege	2022	6672
390 Vordingborg	4780 Stege	2023	6654
390 Vordingborg	4780 Stege	2024	6627
390 Vordingborg	4780 Stege	2025	6570
390 Vordingborg	4780 Stege	2026	6567
390 Vordingborg	4791 Borre	2010	1284
390 Vordingborg	4791 Borre	2011	1278
390 Vordingborg	4791 Borre	2012	1251
390 Vordingborg	4791 Borre	2013	1213
390 Vordingborg	4791 Borre	2014	1190
390 Vordingborg	4791 Borre	2015	1197
390 Vordingborg	4791 Borre	2016	1184
390 Vordingborg	4791 Borre	2017	1144
390 Vordingborg	4791 Borre	2018	1134
390 Vordingborg	4791 Borre	2019	1111
390 Vordingborg	4791 Borre	2020	1103
390 Vordingborg	4791 Borre	2021	1086
390 Vordingborg	4791 Borre	2022	1083
390 Vordingborg	4791 Borre	2023	1067
390 Vordingborg	4791 Borre	2024	1034
390 Vordingborg	4791 Borre	2025	993
390 Vordingborg	4791 Borre	2026	960
390 Vordingborg	4792 Askeby	2010	1552
390 Vordingborg	4792 Askeby	2011	1543
390 Vordingborg	4792 Askeby	2012	1520
390 Vordingborg	4792 Askeby	2013	1507
390 Vordingborg	4792 Askeby	2014	1486
390 Vordingborg	4792 Askeby	2015	1446
390 Vordingborg	4792 Askeby	2016	1470
390 Vordingborg	4792 Askeby	2017	1491
390 Vordingborg	4792 Askeby	2018	1466
390 Vordingborg	4792 Askeby	2019	1479
390 Vordingborg	4792 Askeby	2020	1449
390 Vordingborg	4792 Askeby	2021	1491
390 Vordingborg	4792 Askeby	2022	1478
390 Vordingborg	4792 Askeby	2023	1502
390 Vordingborg	4792 Askeby	2024	1427
390 Vordingborg	4792 Askeby	2025	1395
390 Vordingborg	4792 Askeby	2026	1359
390 Vordingborg	4793 Bogø By	2010	1116
390 Vordingborg	4793 Bogø By	2011	1140
390 Vordingborg	4793 Bogø By	2012	1110
390 Vordingborg	4793 Bogø By	2013	1113
390 Vordingborg	4793 Bogø By	2014	1114
390 Vordingborg	4793 Bogø By	2015	1102
390 Vordingborg	4793 Bogø By	2016	1126
390 Vordingborg	4793 Bogø By	2017	1160
390 Vordingborg	4793 Bogø By	2018	1180
390 Vordingborg	4793 Bogø By	2019	1179
390 Vordingborg	4793 Bogø By	2020	1190
390 Vordingborg	4793 Bogø By	2021	1187
390 Vordingborg	4793 Bogø By	2022	1205
390 Vordingborg	4793 Bogø By	2023	1177
390 Vordingborg	4793 Bogø By	2024	1187
390 Vordingborg	4793 Bogø By	2025	1187
390 Vordingborg	4793 Bogø By	2026	1179
390 Vordingborg	9999 Ukendt	2010	102
390 Vordingborg	9999 Ukendt	2011	93
390 Vordingborg	9999 Ukendt	2012	101
390 Vordingborg	9999 Ukendt	2013	104
390 Vordingborg	9999 Ukendt	2014	81
390 Vordingborg	9999 Ukendt	2015	70
390 Vordingborg	9999 Ukendt	2016	91
390 Vordingborg	9999 Ukendt	2017	133
390 Vordingborg	9999 Ukendt	2018	128
390 Vordingborg	9999 Ukendt	2019	121
390 Vordingborg	9999 Ukendt	2020	139
390 Vordingborg	9999 Ukendt	2021	73
390 Vordingborg	9999 Ukendt	2022	71
390 Vordingborg	9999 Ukendt	2023	97
390 Vordingborg	9999 Ukendt	2024	73
390 Vordingborg	9999 Ukendt	2025	60
390 Vordingborg	9999 Ukendt	2026	66
400 Bornholm	3700 Rønne	2010	17953
400 Bornholm	3700 Rønne	2011	17868
400 Bornholm	3700 Rønne	2012	17752
400 Bornholm	3700 Rønne	2013	17591
400 Bornholm	3700 Rønne	2014	17390
400 Bornholm	3700 Rønne	2015	17370
400 Bornholm	3700 Rønne	2016	17405
400 Bornholm	3700 Rønne	2017	17425
400 Bornholm	3700 Rønne	2018	17395
400 Bornholm	3700 Rønne	2019	17429
400 Bornholm	3700 Rønne	2020	17425
400 Bornholm	3700 Rønne	2021	17450
400 Bornholm	3700 Rønne	2022	17462
400 Bornholm	3700 Rønne	2023	17476
400 Bornholm	3700 Rønne	2024	17391
400 Bornholm	3700 Rønne	2025	17277
400 Bornholm	3700 Rønne	2026	17141
400 Bornholm	3720 Aakirkeby	2010	5240
400 Bornholm	3720 Aakirkeby	2011	5201
400 Bornholm	3720 Aakirkeby	2012	5151
400 Bornholm	3720 Aakirkeby	2013	5006
400 Bornholm	3720 Aakirkeby	2014	4956
400 Bornholm	3720 Aakirkeby	2015	4891
400 Bornholm	3720 Aakirkeby	2016	4918
400 Bornholm	3720 Aakirkeby	2017	4919
400 Bornholm	3720 Aakirkeby	2018	4858
400 Bornholm	3720 Aakirkeby	2019	4850
400 Bornholm	3720 Aakirkeby	2020	4849
400 Bornholm	3720 Aakirkeby	2021	4807
400 Bornholm	3720 Aakirkeby	2022	4856
400 Bornholm	3720 Aakirkeby	2023	4857
400 Bornholm	3720 Aakirkeby	2024	4829
400 Bornholm	3720 Aakirkeby	2025	4764
400 Bornholm	3720 Aakirkeby	2026	4736
400 Bornholm	3730 Nexø	2010	5998
400 Bornholm	3730 Nexø	2011	6024
400 Bornholm	3730 Nexø	2012	5943
400 Bornholm	3730 Nexø	2013	5844
400 Bornholm	3730 Nexø	2014	5816
400 Bornholm	3730 Nexø	2015	5736
400 Bornholm	3730 Nexø	2016	5726
400 Bornholm	3730 Nexø	2017	5721
400 Bornholm	3730 Nexø	2018	5719
400 Bornholm	3730 Nexø	2019	5672
400 Bornholm	3730 Nexø	2020	5661
400 Bornholm	3730 Nexø	2021	5747
400 Bornholm	3730 Nexø	2022	5738
400 Bornholm	3730 Nexø	2023	5739
400 Bornholm	3730 Nexø	2024	5717
400 Bornholm	3730 Nexø	2025	5684
400 Bornholm	3730 Nexø	2026	5660
400 Bornholm	3740 Svaneke	2010	2265
400 Bornholm	3740 Svaneke	2011	2219
400 Bornholm	3740 Svaneke	2012	2175
400 Bornholm	3740 Svaneke	2013	2161
400 Bornholm	3740 Svaneke	2014	2127
400 Bornholm	3740 Svaneke	2015	2068
400 Bornholm	3740 Svaneke	2016	2057
400 Bornholm	3740 Svaneke	2017	2039
400 Bornholm	3740 Svaneke	2018	2085
400 Bornholm	3740 Svaneke	2019	2065
400 Bornholm	3740 Svaneke	2020	2050
400 Bornholm	3740 Svaneke	2021	2023
400 Bornholm	3740 Svaneke	2022	1966
400 Bornholm	3740 Svaneke	2023	1973
400 Bornholm	3740 Svaneke	2024	1927
400 Bornholm	3740 Svaneke	2025	1896
400 Bornholm	3740 Svaneke	2026	1864
400 Bornholm	3751 Østermarie	2010	1443
400 Bornholm	3751 Østermarie	2011	1402
400 Bornholm	3751 Østermarie	2012	1367
400 Bornholm	3751 Østermarie	2013	1400
400 Bornholm	3751 Østermarie	2014	1377
400 Bornholm	3751 Østermarie	2015	1366
400 Bornholm	3751 Østermarie	2016	1349
400 Bornholm	3751 Østermarie	2017	1341
400 Bornholm	3751 Østermarie	2018	1353
400 Bornholm	3751 Østermarie	2019	1331
400 Bornholm	3751 Østermarie	2020	1332
400 Bornholm	3751 Østermarie	2021	1303
400 Bornholm	3751 Østermarie	2022	1315
400 Bornholm	3751 Østermarie	2023	1347
400 Bornholm	3751 Østermarie	2024	1331
400 Bornholm	3751 Østermarie	2025	1290
400 Bornholm	3751 Østermarie	2026	1270
400 Bornholm	3760 Gudhjem	2010	2215
400 Bornholm	3760 Gudhjem	2011	2141
400 Bornholm	3760 Gudhjem	2012	2111
400 Bornholm	3760 Gudhjem	2013	2073
400 Bornholm	3760 Gudhjem	2014	2025
400 Bornholm	3760 Gudhjem	2015	1997
400 Bornholm	3760 Gudhjem	2016	1973
400 Bornholm	3760 Gudhjem	2017	1933
400 Bornholm	3760 Gudhjem	2018	1954
400 Bornholm	3760 Gudhjem	2019	1986
400 Bornholm	3760 Gudhjem	2020	1970
400 Bornholm	3760 Gudhjem	2021	2002
400 Bornholm	3760 Gudhjem	2022	1984
400 Bornholm	3760 Gudhjem	2023	2024
400 Bornholm	3760 Gudhjem	2024	2007
400 Bornholm	3760 Gudhjem	2025	1953
400 Bornholm	3760 Gudhjem	2026	1948
400 Bornholm	3770 Allinge	2010	3252
400 Bornholm	3770 Allinge	2011	3192
400 Bornholm	3770 Allinge	2012	3121
400 Bornholm	3770 Allinge	2013	3034
400 Bornholm	3770 Allinge	2014	2990
400 Bornholm	3770 Allinge	2015	2918
400 Bornholm	3770 Allinge	2016	2861
400 Bornholm	3770 Allinge	2017	2787
400 Bornholm	3770 Allinge	2018	2777
400 Bornholm	3770 Allinge	2019	2763
400 Bornholm	3770 Allinge	2020	2745
400 Bornholm	3770 Allinge	2021	2746
400 Bornholm	3770 Allinge	2022	2730
400 Bornholm	3770 Allinge	2023	2718
400 Bornholm	3770 Allinge	2024	2652
400 Bornholm	3770 Allinge	2025	2617
400 Bornholm	3770 Allinge	2026	2617
400 Bornholm	3782 Klemensker	2010	1212
400 Bornholm	3782 Klemensker	2011	1201
400 Bornholm	3782 Klemensker	2012	1184
400 Bornholm	3782 Klemensker	2013	1147
400 Bornholm	3782 Klemensker	2014	1127
400 Bornholm	3782 Klemensker	2015	1099
400 Bornholm	3782 Klemensker	2016	1054
400 Bornholm	3782 Klemensker	2017	1108
400 Bornholm	3782 Klemensker	2018	1115
400 Bornholm	3782 Klemensker	2019	1116
400 Bornholm	3782 Klemensker	2020	1110
400 Bornholm	3782 Klemensker	2021	1102
400 Bornholm	3782 Klemensker	2022	1125
400 Bornholm	3782 Klemensker	2023	1089
400 Bornholm	3782 Klemensker	2024	1103
400 Bornholm	3782 Klemensker	2025	1114
400 Bornholm	3782 Klemensker	2026	1110
400 Bornholm	3790 Hasle	2010	2576
400 Bornholm	3790 Hasle	2011	2554
400 Bornholm	3790 Hasle	2012	2499
400 Bornholm	3790 Hasle	2013	2459
400 Bornholm	3790 Hasle	2014	2407
400 Bornholm	3790 Hasle	2015	2383
400 Bornholm	3790 Hasle	2016	2410
400 Bornholm	3790 Hasle	2017	2419
400 Bornholm	3790 Hasle	2018	2373
400 Bornholm	3790 Hasle	2019	2357
400 Bornholm	3790 Hasle	2020	2352
400 Bornholm	3790 Hasle	2021	2386
400 Bornholm	3790 Hasle	2022	2365
400 Bornholm	3790 Hasle	2023	2375
400 Bornholm	3790 Hasle	2024	2375
400 Bornholm	3790 Hasle	2025	2370
400 Bornholm	3790 Hasle	2026	2331
400 Bornholm	9999 Ukendt	2010	0
400 Bornholm	9999 Ukendt	2011	0
400 Bornholm	9999 Ukendt	2012	0
400 Bornholm	9999 Ukendt	2013	0
400 Bornholm	9999 Ukendt	2014	0
400 Bornholm	9999 Ukendt	2015	0
400 Bornholm	9999 Ukendt	2016	3
400 Bornholm	9999 Ukendt	2017	3
400 Bornholm	9999 Ukendt	2018	3
400 Bornholm	9999 Ukendt	2019	3
400 Bornholm	9999 Ukendt	2020	5
400 Bornholm	9999 Ukendt	2021	4
400 Bornholm	9999 Ukendt	2022	4
400 Bornholm	9999 Ukendt	2023	4
400 Bornholm	9999 Ukendt	2024	0
400 Bornholm	9999 Ukendt	2025	1
400 Bornholm	9999 Ukendt	2026	0
410 Middelfart	5463 Harndrup	2010	1628
410 Middelfart	5463 Harndrup	2011	1608
410 Middelfart	5463 Harndrup	2012	1604
410 Middelfart	5463 Harndrup	2013	1583
410 Middelfart	5463 Harndrup	2014	1573
410 Middelfart	5463 Harndrup	2015	1582
410 Middelfart	5463 Harndrup	2016	1549
410 Middelfart	5463 Harndrup	2017	1542
410 Middelfart	5463 Harndrup	2018	1536
410 Middelfart	5463 Harndrup	2019	1519
410 Middelfart	5463 Harndrup	2020	1500
410 Middelfart	5463 Harndrup	2021	1518
410 Middelfart	5463 Harndrup	2022	1498
410 Middelfart	5463 Harndrup	2023	1479
410 Middelfart	5463 Harndrup	2024	1452
410 Middelfart	5463 Harndrup	2025	1443
410 Middelfart	5463 Harndrup	2026	1433
410 Middelfart	5464 Brenderup Fyn	2010	2301
410 Middelfart	5464 Brenderup Fyn	2011	2289
410 Middelfart	5464 Brenderup Fyn	2012	2277
410 Middelfart	5464 Brenderup Fyn	2013	2253
410 Middelfart	5464 Brenderup Fyn	2014	2282
410 Middelfart	5464 Brenderup Fyn	2015	2276
410 Middelfart	5464 Brenderup Fyn	2016	2290
410 Middelfart	5464 Brenderup Fyn	2017	2287
410 Middelfart	5464 Brenderup Fyn	2018	2282
410 Middelfart	5464 Brenderup Fyn	2019	2277
410 Middelfart	5464 Brenderup Fyn	2020	2225
410 Middelfart	5464 Brenderup Fyn	2021	2248
410 Middelfart	5464 Brenderup Fyn	2022	2306
410 Middelfart	5464 Brenderup Fyn	2023	2328
410 Middelfart	5464 Brenderup Fyn	2024	2311
410 Middelfart	5464 Brenderup Fyn	2025	2360
410 Middelfart	5464 Brenderup Fyn	2026	2348
410 Middelfart	5466 Asperup	2010	1697
410 Middelfart	5466 Asperup	2011	1713
410 Middelfart	5466 Asperup	2012	1704
410 Middelfart	5466 Asperup	2013	1704
410 Middelfart	5466 Asperup	2014	1734
410 Middelfart	5466 Asperup	2015	1755
410 Middelfart	5466 Asperup	2016	1724
410 Middelfart	5466 Asperup	2017	1686
410 Middelfart	5466 Asperup	2018	1669
410 Middelfart	5466 Asperup	2019	1698
410 Middelfart	5466 Asperup	2020	1678
410 Middelfart	5466 Asperup	2021	1696
410 Middelfart	5466 Asperup	2022	1682
410 Middelfart	5466 Asperup	2023	1714
410 Middelfart	5466 Asperup	2024	1686
410 Middelfart	5466 Asperup	2025	1693
410 Middelfart	5466 Asperup	2026	1705
410 Middelfart	5500 Middelfart	2010	21546
410 Middelfart	5500 Middelfart	2011	21703
410 Middelfart	5500 Middelfart	2012	21660
410 Middelfart	5500 Middelfart	2013	21667
410 Middelfart	5500 Middelfart	2014	21742
410 Middelfart	5500 Middelfart	2015	21937
410 Middelfart	5500 Middelfart	2016	22032
410 Middelfart	5500 Middelfart	2017	22194
410 Middelfart	5500 Middelfart	2018	22370
410 Middelfart	5500 Middelfart	2019	22649
410 Middelfart	5500 Middelfart	2020	23024
410 Middelfart	5500 Middelfart	2021	23152
410 Middelfart	5500 Middelfart	2022	23493
410 Middelfart	5500 Middelfart	2023	23738
410 Middelfart	5500 Middelfart	2024	24061
410 Middelfart	5500 Middelfart	2025	24272
410 Middelfart	5500 Middelfart	2026	24636
410 Middelfart	5560 Aarup	2010	175
410 Middelfart	5560 Aarup	2011	169
410 Middelfart	5560 Aarup	2012	176
410 Middelfart	5560 Aarup	2013	173
410 Middelfart	5560 Aarup	2014	162
410 Middelfart	5560 Aarup	2015	162
410 Middelfart	5560 Aarup	2016	163
410 Middelfart	5560 Aarup	2017	159
410 Middelfart	5560 Aarup	2018	157
410 Middelfart	5560 Aarup	2019	157
410 Middelfart	5560 Aarup	2020	157
410 Middelfart	5560 Aarup	2021	151
410 Middelfart	5560 Aarup	2022	155
410 Middelfart	5560 Aarup	2023	165
410 Middelfart	5560 Aarup	2024	166
410 Middelfart	5560 Aarup	2025	158
410 Middelfart	5560 Aarup	2026	162
410 Middelfart	5580 Nørre Aaby	2010	4278
410 Middelfart	5580 Nørre Aaby	2011	4228
410 Middelfart	5580 Nørre Aaby	2012	4206
410 Middelfart	5580 Nørre Aaby	2013	4240
410 Middelfart	5580 Nørre Aaby	2014	4264
410 Middelfart	5580 Nørre Aaby	2015	4260
410 Middelfart	5580 Nørre Aaby	2016	4224
410 Middelfart	5580 Nørre Aaby	2017	4266
410 Middelfart	5580 Nørre Aaby	2018	4235
410 Middelfart	5580 Nørre Aaby	2019	4279
410 Middelfart	5580 Nørre Aaby	2020	4300
410 Middelfart	5580 Nørre Aaby	2021	4326
410 Middelfart	5580 Nørre Aaby	2022	4475
410 Middelfart	5580 Nørre Aaby	2023	4532
410 Middelfart	5580 Nørre Aaby	2024	4503
410 Middelfart	5580 Nørre Aaby	2025	4452
410 Middelfart	5580 Nørre Aaby	2026	4395
410 Middelfart	5591 Gelsted	2010	2619
410 Middelfart	5591 Gelsted	2011	2595
410 Middelfart	5591 Gelsted	2012	2619
410 Middelfart	5591 Gelsted	2013	2582
410 Middelfart	5591 Gelsted	2014	2579
410 Middelfart	5591 Gelsted	2015	2570
410 Middelfart	5591 Gelsted	2016	2597
410 Middelfart	5591 Gelsted	2017	2560
410 Middelfart	5591 Gelsted	2018	2554
410 Middelfart	5591 Gelsted	2019	2553
410 Middelfart	5591 Gelsted	2020	2551
410 Middelfart	5591 Gelsted	2021	2556
410 Middelfart	5591 Gelsted	2022	2545
410 Middelfart	5591 Gelsted	2023	2541
410 Middelfart	5591 Gelsted	2024	2567
410 Middelfart	5591 Gelsted	2025	2536
410 Middelfart	5591 Gelsted	2026	2512
410 Middelfart	5592 Ejby	2010	3389
410 Middelfart	5592 Ejby	2011	3376
410 Middelfart	5592 Ejby	2012	3343
410 Middelfart	5592 Ejby	2013	3303
410 Middelfart	5592 Ejby	2014	3325
410 Middelfart	5592 Ejby	2015	3288
410 Middelfart	5592 Ejby	2016	3303
410 Middelfart	5592 Ejby	2017	3373
410 Middelfart	5592 Ejby	2018	3373
410 Middelfart	5592 Ejby	2019	3389
410 Middelfart	5592 Ejby	2020	3392
410 Middelfart	5592 Ejby	2021	3445
410 Middelfart	5592 Ejby	2022	3430
410 Middelfart	5592 Ejby	2023	3437
410 Middelfart	5592 Ejby	2024	3378
410 Middelfart	5592 Ejby	2025	3365
410 Middelfart	5592 Ejby	2026	3394
410 Middelfart	9999 Ukendt	2010	28
410 Middelfart	9999 Ukendt	2011	20
410 Middelfart	9999 Ukendt	2012	23
410 Middelfart	9999 Ukendt	2013	18
410 Middelfart	9999 Ukendt	2014	24
410 Middelfart	9999 Ukendt	2015	27
410 Middelfart	9999 Ukendt	2016	31
410 Middelfart	9999 Ukendt	2017	26
410 Middelfart	9999 Ukendt	2018	34
410 Middelfart	9999 Ukendt	2019	32
410 Middelfart	9999 Ukendt	2020	26
410 Middelfart	9999 Ukendt	2021	24
410 Middelfart	9999 Ukendt	2022	19
410 Middelfart	9999 Ukendt	2023	27
410 Middelfart	9999 Ukendt	2024	34
410 Middelfart	9999 Ukendt	2025	39
410 Middelfart	9999 Ukendt	2026	40
411 Christiansø	3760 Gudhjem	2010	101
411 Christiansø	3760 Gudhjem	2011	94
411 Christiansø	3760 Gudhjem	2012	103
411 Christiansø	3760 Gudhjem	2013	92
411 Christiansø	3760 Gudhjem	2014	90
411 Christiansø	3760 Gudhjem	2015	91
411 Christiansø	3760 Gudhjem	2016	91
411 Christiansø	3760 Gudhjem	2017	78
411 Christiansø	3760 Gudhjem	2018	83
411 Christiansø	3760 Gudhjem	2019	90
411 Christiansø	3760 Gudhjem	2020	84
411 Christiansø	3760 Gudhjem	2021	90
411 Christiansø	3760 Gudhjem	2022	93
411 Christiansø	3760 Gudhjem	2023	93
411 Christiansø	3760 Gudhjem	2024	91
411 Christiansø	3760 Gudhjem	2025	90
411 Christiansø	3760 Gudhjem	2026	92
411 Christiansø	9999 Ukendt	2010	0
411 Christiansø	9999 Ukendt	2011	0
411 Christiansø	9999 Ukendt	2012	0
411 Christiansø	9999 Ukendt	2013	0
411 Christiansø	9999 Ukendt	2014	0
411 Christiansø	9999 Ukendt	2015	0
411 Christiansø	9999 Ukendt	2016	0
411 Christiansø	9999 Ukendt	2017	0
411 Christiansø	9999 Ukendt	2018	0
411 Christiansø	9999 Ukendt	2019	0
411 Christiansø	9999 Ukendt	2020	0
411 Christiansø	9999 Ukendt	2021	0
411 Christiansø	9999 Ukendt	2022	0
411 Christiansø	9999 Ukendt	2023	0
411 Christiansø	9999 Ukendt	2024	0
411 Christiansø	9999 Ukendt	2025	0
411 Christiansø	9999 Ukendt	2026	0
420 Assens	5492 Vissenbjerg	2010	6103
420 Assens	5492 Vissenbjerg	2011	6022
420 Assens	5492 Vissenbjerg	2012	6043
420 Assens	5492 Vissenbjerg	2013	5991
420 Assens	5492 Vissenbjerg	2014	5948
420 Assens	5492 Vissenbjerg	2015	5939
420 Assens	5492 Vissenbjerg	2016	5995
420 Assens	5492 Vissenbjerg	2017	5998
420 Assens	5492 Vissenbjerg	2018	5997
420 Assens	5492 Vissenbjerg	2019	6012
420 Assens	5492 Vissenbjerg	2020	5998
420 Assens	5492 Vissenbjerg	2021	5941
420 Assens	5492 Vissenbjerg	2022	5985
420 Assens	5492 Vissenbjerg	2023	5999
420 Assens	5492 Vissenbjerg	2024	5876
420 Assens	5492 Vissenbjerg	2025	5842
420 Assens	5492 Vissenbjerg	2026	5875
420 Assens	5560 Aarup	2010	5716
420 Assens	5560 Aarup	2011	5677
420 Assens	5560 Aarup	2012	5668
420 Assens	5560 Aarup	2013	5695
420 Assens	5560 Aarup	2014	5663
420 Assens	5560 Aarup	2015	5663
420 Assens	5560 Aarup	2016	5687
420 Assens	5560 Aarup	2017	5695
420 Assens	5560 Aarup	2018	5698
420 Assens	5560 Aarup	2019	5700
420 Assens	5560 Aarup	2020	5698
420 Assens	5560 Aarup	2021	5634
420 Assens	5560 Aarup	2022	5669
420 Assens	5560 Aarup	2023	5615
420 Assens	5560 Aarup	2024	5642
420 Assens	5560 Aarup	2025	5652
420 Assens	5560 Aarup	2026	5662
420 Assens	5610 Assens	2010	9092
420 Assens	5610 Assens	2011	9043
420 Assens	5610 Assens	2012	9029
420 Assens	5610 Assens	2013	8908
420 Assens	5610 Assens	2014	8820
420 Assens	5610 Assens	2015	8894
420 Assens	5610 Assens	2016	8967
420 Assens	5610 Assens	2017	9083
420 Assens	5610 Assens	2018	9021
420 Assens	5610 Assens	2019	8965
420 Assens	5610 Assens	2020	8833
420 Assens	5610 Assens	2021	8850
420 Assens	5610 Assens	2022	8826
420 Assens	5610 Assens	2023	8836
420 Assens	5610 Assens	2024	8699
420 Assens	5610 Assens	2025	8585
420 Assens	5610 Assens	2026	8431
420 Assens	5620 Glamsbjerg	2010	6050
420 Assens	5620 Glamsbjerg	2011	5989
420 Assens	5620 Glamsbjerg	2012	5929
420 Assens	5620 Glamsbjerg	2013	5952
420 Assens	5620 Glamsbjerg	2014	5946
420 Assens	5620 Glamsbjerg	2015	5919
420 Assens	5620 Glamsbjerg	2016	5877
420 Assens	5620 Glamsbjerg	2017	5934
420 Assens	5620 Glamsbjerg	2018	5965
420 Assens	5620 Glamsbjerg	2019	5875
420 Assens	5620 Glamsbjerg	2020	5902
420 Assens	5620 Glamsbjerg	2021	5888
420 Assens	5620 Glamsbjerg	2022	5941
420 Assens	5620 Glamsbjerg	2023	5856
420 Assens	5620 Glamsbjerg	2024	5852
420 Assens	5620 Glamsbjerg	2025	5828
420 Assens	5620 Glamsbjerg	2026	5772
420 Assens	5631 Ebberup	2010	1928
420 Assens	5631 Ebberup	2011	1880
420 Assens	5631 Ebberup	2012	1860
420 Assens	5631 Ebberup	2013	1868
420 Assens	5631 Ebberup	2014	1839
420 Assens	5631 Ebberup	2015	1835
420 Assens	5631 Ebberup	2016	1839
420 Assens	5631 Ebberup	2017	1817
420 Assens	5631 Ebberup	2018	1785
420 Assens	5631 Ebberup	2019	1766
420 Assens	5631 Ebberup	2020	1735
420 Assens	5631 Ebberup	2021	1709
420 Assens	5631 Ebberup	2022	1699
420 Assens	5631 Ebberup	2023	1726
420 Assens	5631 Ebberup	2024	1754
420 Assens	5631 Ebberup	2025	1747
420 Assens	5631 Ebberup	2026	1733
420 Assens	5642 Millinge	2010	13
420 Assens	5642 Millinge	2011	10
420 Assens	5642 Millinge	2012	10
420 Assens	5642 Millinge	2013	9
420 Assens	5642 Millinge	2014	9
420 Assens	5642 Millinge	2015	10
420 Assens	5642 Millinge	2016	11
420 Assens	5642 Millinge	2017	11
420 Assens	5642 Millinge	2018	10
420 Assens	5642 Millinge	2019	9
420 Assens	5642 Millinge	2020	8
420 Assens	5642 Millinge	2021	7
420 Assens	5642 Millinge	2022	9
420 Assens	5642 Millinge	2023	8
420 Assens	5642 Millinge	2024	6
420 Assens	5642 Millinge	2025	6
420 Assens	5642 Millinge	2026	8
420 Assens	5683 Haarby	2010	5053
420 Assens	5683 Haarby	2011	4993
420 Assens	5683 Haarby	2012	4956
420 Assens	5683 Haarby	2013	4923
420 Assens	5683 Haarby	2014	4837
420 Assens	5683 Haarby	2015	4786
420 Assens	5683 Haarby	2016	4788
420 Assens	5683 Haarby	2017	4756
420 Assens	5683 Haarby	2018	4763
420 Assens	5683 Haarby	2019	4780
420 Assens	5683 Haarby	2020	4737
420 Assens	5683 Haarby	2021	4730
420 Assens	5683 Haarby	2022	4732
420 Assens	5683 Haarby	2023	4810
420 Assens	5683 Haarby	2024	4756
420 Assens	5683 Haarby	2025	4770
420 Assens	5683 Haarby	2026	4775
420 Assens	5690 Tommerup	2010	8096
420 Assens	5690 Tommerup	2011	8016
420 Assens	5690 Tommerup	2012	7935
420 Assens	5690 Tommerup	2013	7968
420 Assens	5690 Tommerup	2014	7955
420 Assens	5690 Tommerup	2015	7980
420 Assens	5690 Tommerup	2016	8040
420 Assens	5690 Tommerup	2017	8080
420 Assens	5690 Tommerup	2018	8079
420 Assens	5690 Tommerup	2019	8095
420 Assens	5690 Tommerup	2020	8041
420 Assens	5690 Tommerup	2021	8094
420 Assens	5690 Tommerup	2022	8089
420 Assens	5690 Tommerup	2023	8079
420 Assens	5690 Tommerup	2024	8047
420 Assens	5690 Tommerup	2025	8021
420 Assens	5690 Tommerup	2026	8095
420 Assens	9999 Ukendt	2010	3
420 Assens	9999 Ukendt	2011	5
420 Assens	9999 Ukendt	2012	13
420 Assens	9999 Ukendt	2013	11
420 Assens	9999 Ukendt	2014	20
420 Assens	9999 Ukendt	2015	20
420 Assens	9999 Ukendt	2016	20
420 Assens	9999 Ukendt	2017	16
420 Assens	9999 Ukendt	2018	10
420 Assens	9999 Ukendt	2019	10
420 Assens	9999 Ukendt	2020	13
420 Assens	9999 Ukendt	2021	14
420 Assens	9999 Ukendt	2022	22
420 Assens	9999 Ukendt	2023	15
420 Assens	9999 Ukendt	2024	14
420 Assens	9999 Ukendt	2025	18
420 Assens	9999 Ukendt	2026	18
430 Faaborg-Midtfyn	5550 Langeskov	2010	131
430 Faaborg-Midtfyn	5550 Langeskov	2011	126
430 Faaborg-Midtfyn	5550 Langeskov	2012	128
430 Faaborg-Midtfyn	5550 Langeskov	2013	129
430 Faaborg-Midtfyn	5550 Langeskov	2014	133
430 Faaborg-Midtfyn	5550 Langeskov	2015	131
430 Faaborg-Midtfyn	5550 Langeskov	2016	128
430 Faaborg-Midtfyn	5550 Langeskov	2017	128
430 Faaborg-Midtfyn	5550 Langeskov	2018	122
430 Faaborg-Midtfyn	5550 Langeskov	2019	115
430 Faaborg-Midtfyn	5550 Langeskov	2020	115
430 Faaborg-Midtfyn	5550 Langeskov	2021	116
430 Faaborg-Midtfyn	5550 Langeskov	2022	104
430 Faaborg-Midtfyn	5550 Langeskov	2023	103
430 Faaborg-Midtfyn	5550 Langeskov	2024	106
430 Faaborg-Midtfyn	5550 Langeskov	2025	101
430 Faaborg-Midtfyn	5550 Langeskov	2026	99
430 Faaborg-Midtfyn	5600 Faaborg	2010	15793
430 Faaborg-Midtfyn	5600 Faaborg	2011	15635
430 Faaborg-Midtfyn	5600 Faaborg	2012	15524
430 Faaborg-Midtfyn	5600 Faaborg	2013	15465
430 Faaborg-Midtfyn	5600 Faaborg	2014	15231
430 Faaborg-Midtfyn	5600 Faaborg	2015	15075
430 Faaborg-Midtfyn	5600 Faaborg	2016	15110
430 Faaborg-Midtfyn	5600 Faaborg	2017	15049
430 Faaborg-Midtfyn	5600 Faaborg	2018	14750
430 Faaborg-Midtfyn	5600 Faaborg	2019	14677
430 Faaborg-Midtfyn	5600 Faaborg	2020	14469
430 Faaborg-Midtfyn	5600 Faaborg	2021	14386
430 Faaborg-Midtfyn	5600 Faaborg	2022	14310
430 Faaborg-Midtfyn	5600 Faaborg	2023	14312
430 Faaborg-Midtfyn	5600 Faaborg	2024	14108
430 Faaborg-Midtfyn	5600 Faaborg	2025	13978
430 Faaborg-Midtfyn	5600 Faaborg	2026	14087
430 Faaborg-Midtfyn	5601 Lyø	2010	0
430 Faaborg-Midtfyn	5601 Lyø	2011	0
430 Faaborg-Midtfyn	5601 Lyø	2012	0
430 Faaborg-Midtfyn	5601 Lyø	2013	0
430 Faaborg-Midtfyn	5601 Lyø	2014	0
430 Faaborg-Midtfyn	5601 Lyø	2015	0
430 Faaborg-Midtfyn	5601 Lyø	2016	0
430 Faaborg-Midtfyn	5601 Lyø	2017	0
430 Faaborg-Midtfyn	5601 Lyø	2018	88
430 Faaborg-Midtfyn	5601 Lyø	2019	86
430 Faaborg-Midtfyn	5601 Lyø	2020	81
430 Faaborg-Midtfyn	5601 Lyø	2021	82
430 Faaborg-Midtfyn	5601 Lyø	2022	86
430 Faaborg-Midtfyn	5601 Lyø	2023	81
430 Faaborg-Midtfyn	5601 Lyø	2024	85
430 Faaborg-Midtfyn	5601 Lyø	2025	90
430 Faaborg-Midtfyn	5601 Lyø	2026	104
430 Faaborg-Midtfyn	5602 Avernakø	2010	0
430 Faaborg-Midtfyn	5602 Avernakø	2011	0
430 Faaborg-Midtfyn	5602 Avernakø	2012	0
430 Faaborg-Midtfyn	5602 Avernakø	2013	0
430 Faaborg-Midtfyn	5602 Avernakø	2014	0
430 Faaborg-Midtfyn	5602 Avernakø	2015	0
430 Faaborg-Midtfyn	5602 Avernakø	2016	0
430 Faaborg-Midtfyn	5602 Avernakø	2017	0
430 Faaborg-Midtfyn	5602 Avernakø	2018	110
430 Faaborg-Midtfyn	5602 Avernakø	2019	106
430 Faaborg-Midtfyn	5602 Avernakø	2020	97
430 Faaborg-Midtfyn	5602 Avernakø	2021	110
430 Faaborg-Midtfyn	5602 Avernakø	2022	121
430 Faaborg-Midtfyn	5602 Avernakø	2023	112
430 Faaborg-Midtfyn	5602 Avernakø	2024	107
430 Faaborg-Midtfyn	5602 Avernakø	2025	110
430 Faaborg-Midtfyn	5602 Avernakø	2026	102
430 Faaborg-Midtfyn	5603 Bjørnø	2010	0
430 Faaborg-Midtfyn	5603 Bjørnø	2011	0
430 Faaborg-Midtfyn	5603 Bjørnø	2012	0
430 Faaborg-Midtfyn	5603 Bjørnø	2013	0
430 Faaborg-Midtfyn	5603 Bjørnø	2014	0
430 Faaborg-Midtfyn	5603 Bjørnø	2015	0
430 Faaborg-Midtfyn	5603 Bjørnø	2016	0
430 Faaborg-Midtfyn	5603 Bjørnø	2017	0
430 Faaborg-Midtfyn	5603 Bjørnø	2018	34
430 Faaborg-Midtfyn	5603 Bjørnø	2019	35
430 Faaborg-Midtfyn	5603 Bjørnø	2020	26
430 Faaborg-Midtfyn	5603 Bjørnø	2021	24
430 Faaborg-Midtfyn	5603 Bjørnø	2022	25
430 Faaborg-Midtfyn	5603 Bjørnø	2023	27
430 Faaborg-Midtfyn	5603 Bjørnø	2024	32
430 Faaborg-Midtfyn	5603 Bjørnø	2025	27
430 Faaborg-Midtfyn	5603 Bjørnø	2026	26
430 Faaborg-Midtfyn	5642 Millinge	2010	1248
430 Faaborg-Midtfyn	5642 Millinge	2011	1255
430 Faaborg-Midtfyn	5642 Millinge	2012	1232
430 Faaborg-Midtfyn	5642 Millinge	2013	1211
430 Faaborg-Midtfyn	5642 Millinge	2014	1210
430 Faaborg-Midtfyn	5642 Millinge	2015	1168
430 Faaborg-Midtfyn	5642 Millinge	2016	1170
430 Faaborg-Midtfyn	5642 Millinge	2017	1181
430 Faaborg-Midtfyn	5642 Millinge	2018	1171
430 Faaborg-Midtfyn	5642 Millinge	2019	1170
430 Faaborg-Midtfyn	5642 Millinge	2020	1158
430 Faaborg-Midtfyn	5642 Millinge	2021	1139
430 Faaborg-Midtfyn	5642 Millinge	2022	1134
430 Faaborg-Midtfyn	5642 Millinge	2023	1103
430 Faaborg-Midtfyn	5642 Millinge	2024	1085
430 Faaborg-Midtfyn	5642 Millinge	2025	1090
430 Faaborg-Midtfyn	5642 Millinge	2026	1067
430 Faaborg-Midtfyn	5672 Broby	2010	6328
430 Faaborg-Midtfyn	5672 Broby	2011	6293
430 Faaborg-Midtfyn	5672 Broby	2012	6239
430 Faaborg-Midtfyn	5672 Broby	2013	6206
430 Faaborg-Midtfyn	5672 Broby	2014	6132
430 Faaborg-Midtfyn	5672 Broby	2015	6128
430 Faaborg-Midtfyn	5672 Broby	2016	6141
430 Faaborg-Midtfyn	5672 Broby	2017	6155
430 Faaborg-Midtfyn	5672 Broby	2018	6166
430 Faaborg-Midtfyn	5672 Broby	2019	6203
430 Faaborg-Midtfyn	5672 Broby	2020	6132
430 Faaborg-Midtfyn	5672 Broby	2021	6092
430 Faaborg-Midtfyn	5672 Broby	2022	6024
430 Faaborg-Midtfyn	5672 Broby	2023	6046
430 Faaborg-Midtfyn	5672 Broby	2024	6037
430 Faaborg-Midtfyn	5672 Broby	2025	6032
430 Faaborg-Midtfyn	5672 Broby	2026	5984
430 Faaborg-Midtfyn	5750 Ringe	2010	11952
430 Faaborg-Midtfyn	5750 Ringe	2011	11992
430 Faaborg-Midtfyn	5750 Ringe	2012	11938
430 Faaborg-Midtfyn	5750 Ringe	2013	11859
430 Faaborg-Midtfyn	5750 Ringe	2014	11908
430 Faaborg-Midtfyn	5750 Ringe	2015	11950
430 Faaborg-Midtfyn	5750 Ringe	2016	12090
430 Faaborg-Midtfyn	5750 Ringe	2017	12095
430 Faaborg-Midtfyn	5750 Ringe	2018	12213
430 Faaborg-Midtfyn	5750 Ringe	2019	12380
430 Faaborg-Midtfyn	5750 Ringe	2020	12424
430 Faaborg-Midtfyn	5750 Ringe	2021	12454
430 Faaborg-Midtfyn	5750 Ringe	2022	12719
430 Faaborg-Midtfyn	5750 Ringe	2023	12909
430 Faaborg-Midtfyn	5750 Ringe	2024	12913
430 Faaborg-Midtfyn	5750 Ringe	2025	12952
430 Faaborg-Midtfyn	5750 Ringe	2026	12986
430 Faaborg-Midtfyn	5762 Vester Skerninge	2010	6
430 Faaborg-Midtfyn	5762 Vester Skerninge	2011	6
430 Faaborg-Midtfyn	5762 Vester Skerninge	2012	5
430 Faaborg-Midtfyn	5762 Vester Skerninge	2013	6
430 Faaborg-Midtfyn	5762 Vester Skerninge	2014	7
430 Faaborg-Midtfyn	5762 Vester Skerninge	2015	5
430 Faaborg-Midtfyn	5762 Vester Skerninge	2016	5
430 Faaborg-Midtfyn	5762 Vester Skerninge	2017	4
430 Faaborg-Midtfyn	5762 Vester Skerninge	2018	5
430 Faaborg-Midtfyn	5762 Vester Skerninge	2019	5
430 Faaborg-Midtfyn	5762 Vester Skerninge	2020	6
430 Faaborg-Midtfyn	5762 Vester Skerninge	2021	5
430 Faaborg-Midtfyn	5762 Vester Skerninge	2022	5
430 Faaborg-Midtfyn	5762 Vester Skerninge	2023	6
430 Faaborg-Midtfyn	5762 Vester Skerninge	2024	3
430 Faaborg-Midtfyn	5762 Vester Skerninge	2025	3
430 Faaborg-Midtfyn	5762 Vester Skerninge	2026	5
430 Faaborg-Midtfyn	5771 Stenstrup	2010	4
430 Faaborg-Midtfyn	5771 Stenstrup	2011	4
430 Faaborg-Midtfyn	5771 Stenstrup	2012	4
430 Faaborg-Midtfyn	5771 Stenstrup	2013	4
430 Faaborg-Midtfyn	5771 Stenstrup	2014	4
430 Faaborg-Midtfyn	5771 Stenstrup	2015	4
430 Faaborg-Midtfyn	5771 Stenstrup	2016	4
430 Faaborg-Midtfyn	5771 Stenstrup	2017	4
430 Faaborg-Midtfyn	5771 Stenstrup	2018	4
430 Faaborg-Midtfyn	5771 Stenstrup	2019	4
430 Faaborg-Midtfyn	5771 Stenstrup	2020	4
430 Faaborg-Midtfyn	5771 Stenstrup	2021	4
430 Faaborg-Midtfyn	5771 Stenstrup	2022	3
430 Faaborg-Midtfyn	5771 Stenstrup	2023	3
430 Faaborg-Midtfyn	5771 Stenstrup	2024	5
430 Faaborg-Midtfyn	5771 Stenstrup	2025	5
430 Faaborg-Midtfyn	5771 Stenstrup	2026	4
430 Faaborg-Midtfyn	5772 Kværndrup	2010	2562
430 Faaborg-Midtfyn	5772 Kværndrup	2011	2550
430 Faaborg-Midtfyn	5772 Kværndrup	2012	2548
430 Faaborg-Midtfyn	5772 Kværndrup	2013	2581
430 Faaborg-Midtfyn	5772 Kværndrup	2014	2535
430 Faaborg-Midtfyn	5772 Kværndrup	2015	2549
430 Faaborg-Midtfyn	5772 Kværndrup	2016	2594
430 Faaborg-Midtfyn	5772 Kværndrup	2017	2632
430 Faaborg-Midtfyn	5772 Kværndrup	2018	2655
430 Faaborg-Midtfyn	5772 Kværndrup	2019	2647
430 Faaborg-Midtfyn	5772 Kværndrup	2020	2616
430 Faaborg-Midtfyn	5772 Kværndrup	2021	2620
430 Faaborg-Midtfyn	5772 Kværndrup	2022	2588
430 Faaborg-Midtfyn	5772 Kværndrup	2023	2584
430 Faaborg-Midtfyn	5772 Kværndrup	2024	2590
430 Faaborg-Midtfyn	5772 Kværndrup	2025	2572
430 Faaborg-Midtfyn	5772 Kværndrup	2026	2532
430 Faaborg-Midtfyn	5792 Årslev	2010	8247
430 Faaborg-Midtfyn	5792 Årslev	2011	8251
430 Faaborg-Midtfyn	5792 Årslev	2012	8228
430 Faaborg-Midtfyn	5792 Årslev	2013	8195
430 Faaborg-Midtfyn	5792 Årslev	2014	8243
430 Faaborg-Midtfyn	5792 Årslev	2015	8291
430 Faaborg-Midtfyn	5792 Årslev	2016	8354
430 Faaborg-Midtfyn	5792 Årslev	2017	8420
430 Faaborg-Midtfyn	5792 Årslev	2018	8490
430 Faaborg-Midtfyn	5792 Årslev	2019	8687
430 Faaborg-Midtfyn	5792 Årslev	2020	8726
430 Faaborg-Midtfyn	5792 Årslev	2021	8938
430 Faaborg-Midtfyn	5792 Årslev	2022	9036
430 Faaborg-Midtfyn	5792 Årslev	2023	9206
430 Faaborg-Midtfyn	5792 Årslev	2024	9407
430 Faaborg-Midtfyn	5792 Årslev	2025	9434
430 Faaborg-Midtfyn	5792 Årslev	2026	9434
430 Faaborg-Midtfyn	5853 Ørbæk	2010	4
430 Faaborg-Midtfyn	5853 Ørbæk	2011	3
430 Faaborg-Midtfyn	5853 Ørbæk	2012	3
430 Faaborg-Midtfyn	5853 Ørbæk	2013	3
430 Faaborg-Midtfyn	5853 Ørbæk	2014	3
430 Faaborg-Midtfyn	5853 Ørbæk	2015	3
430 Faaborg-Midtfyn	5853 Ørbæk	2016	3
430 Faaborg-Midtfyn	5853 Ørbæk	2017	3
430 Faaborg-Midtfyn	5853 Ørbæk	2018	3
430 Faaborg-Midtfyn	5853 Ørbæk	2019	3
430 Faaborg-Midtfyn	5853 Ørbæk	2020	3
430 Faaborg-Midtfyn	5853 Ørbæk	2021	2
430 Faaborg-Midtfyn	5853 Ørbæk	2022	0
430 Faaborg-Midtfyn	5853 Ørbæk	2023	0
430 Faaborg-Midtfyn	5853 Ørbæk	2024	3
430 Faaborg-Midtfyn	5853 Ørbæk	2025	2
430 Faaborg-Midtfyn	5853 Ørbæk	2026	1
430 Faaborg-Midtfyn	5854 Gislev	2010	2016
430 Faaborg-Midtfyn	5854 Gislev	2011	2011
430 Faaborg-Midtfyn	5854 Gislev	2012	1976
430 Faaborg-Midtfyn	5854 Gislev	2013	1962
430 Faaborg-Midtfyn	5854 Gislev	2014	1936
430 Faaborg-Midtfyn	5854 Gislev	2015	1931
430 Faaborg-Midtfyn	5854 Gislev	2016	1906
430 Faaborg-Midtfyn	5854 Gislev	2017	1913
430 Faaborg-Midtfyn	5854 Gislev	2018	1924
430 Faaborg-Midtfyn	5854 Gislev	2019	1883
430 Faaborg-Midtfyn	5854 Gislev	2020	1863
430 Faaborg-Midtfyn	5854 Gislev	2021	1861
430 Faaborg-Midtfyn	5854 Gislev	2022	1836
430 Faaborg-Midtfyn	5854 Gislev	2023	1850
430 Faaborg-Midtfyn	5854 Gislev	2024	1838
430 Faaborg-Midtfyn	5854 Gislev	2025	1811
430 Faaborg-Midtfyn	5854 Gislev	2026	1813
430 Faaborg-Midtfyn	5856 Ryslinge	2010	2215
430 Faaborg-Midtfyn	5856 Ryslinge	2011	2199
430 Faaborg-Midtfyn	5856 Ryslinge	2012	2207
430 Faaborg-Midtfyn	5856 Ryslinge	2013	2180
430 Faaborg-Midtfyn	5856 Ryslinge	2014	2135
430 Faaborg-Midtfyn	5856 Ryslinge	2015	2111
430 Faaborg-Midtfyn	5856 Ryslinge	2016	2110
430 Faaborg-Midtfyn	5856 Ryslinge	2017	2159
430 Faaborg-Midtfyn	5856 Ryslinge	2018	2125
430 Faaborg-Midtfyn	5856 Ryslinge	2019	2138
430 Faaborg-Midtfyn	5856 Ryslinge	2020	2140
430 Faaborg-Midtfyn	5856 Ryslinge	2021	2139
430 Faaborg-Midtfyn	5856 Ryslinge	2022	2139
430 Faaborg-Midtfyn	5856 Ryslinge	2023	2179
430 Faaborg-Midtfyn	5856 Ryslinge	2024	2252
430 Faaborg-Midtfyn	5856 Ryslinge	2025	2343
430 Faaborg-Midtfyn	5856 Ryslinge	2026	2365
430 Faaborg-Midtfyn	5863 Ferritslev Fyn	2010	1579
430 Faaborg-Midtfyn	5863 Ferritslev Fyn	2011	1601
430 Faaborg-Midtfyn	5863 Ferritslev Fyn	2012	1602
430 Faaborg-Midtfyn	5863 Ferritslev Fyn	2013	1605
430 Faaborg-Midtfyn	5863 Ferritslev Fyn	2014	1601
430 Faaborg-Midtfyn	5863 Ferritslev Fyn	2015	1607
430 Faaborg-Midtfyn	5863 Ferritslev Fyn	2016	1621
430 Faaborg-Midtfyn	5863 Ferritslev Fyn	2017	1632
430 Faaborg-Midtfyn	5863 Ferritslev Fyn	2018	1675
430 Faaborg-Midtfyn	5863 Ferritslev Fyn	2019	1669
430 Faaborg-Midtfyn	5863 Ferritslev Fyn	2020	1690
430 Faaborg-Midtfyn	5863 Ferritslev Fyn	2021	1705
430 Faaborg-Midtfyn	5863 Ferritslev Fyn	2022	1700
430 Faaborg-Midtfyn	5863 Ferritslev Fyn	2023	1720
430 Faaborg-Midtfyn	5863 Ferritslev Fyn	2024	1709
430 Faaborg-Midtfyn	5863 Ferritslev Fyn	2025	1725
430 Faaborg-Midtfyn	5863 Ferritslev Fyn	2026	1711
430 Faaborg-Midtfyn	9999 Ukendt	2010	0
430 Faaborg-Midtfyn	9999 Ukendt	2011	0
430 Faaborg-Midtfyn	9999 Ukendt	2012	1
430 Faaborg-Midtfyn	9999 Ukendt	2013	3
430 Faaborg-Midtfyn	9999 Ukendt	2014	0
430 Faaborg-Midtfyn	9999 Ukendt	2015	0
430 Faaborg-Midtfyn	9999 Ukendt	2016	0
430 Faaborg-Midtfyn	9999 Ukendt	2017	1
430 Faaborg-Midtfyn	9999 Ukendt	2018	1
430 Faaborg-Midtfyn	9999 Ukendt	2019	1
430 Faaborg-Midtfyn	9999 Ukendt	2020	6
430 Faaborg-Midtfyn	9999 Ukendt	2021	6
430 Faaborg-Midtfyn	9999 Ukendt	2022	19
430 Faaborg-Midtfyn	9999 Ukendt	2023	12
430 Faaborg-Midtfyn	9999 Ukendt	2024	11
430 Faaborg-Midtfyn	9999 Ukendt	2025	9
430 Faaborg-Midtfyn	9999 Ukendt	2026	8
440 Kerteminde	5290 Marslev	2010	1337
440 Kerteminde	5290 Marslev	2011	1331
440 Kerteminde	5290 Marslev	2012	1362
440 Kerteminde	5290 Marslev	2013	1378
440 Kerteminde	5290 Marslev	2014	1389
440 Kerteminde	5290 Marslev	2015	1375
440 Kerteminde	5290 Marslev	2016	1376
440 Kerteminde	5290 Marslev	2017	1351
440 Kerteminde	5290 Marslev	2018	1370
440 Kerteminde	5290 Marslev	2019	1340
440 Kerteminde	5290 Marslev	2020	1339
440 Kerteminde	5290 Marslev	2021	1344
440 Kerteminde	5290 Marslev	2022	1328
440 Kerteminde	5290 Marslev	2023	1295
440 Kerteminde	5290 Marslev	2024	1317
440 Kerteminde	5290 Marslev	2025	1294
440 Kerteminde	5290 Marslev	2026	1302
440 Kerteminde	5300 Kerteminde	2010	7842
440 Kerteminde	5300 Kerteminde	2011	7783
440 Kerteminde	5300 Kerteminde	2012	7839
440 Kerteminde	5300 Kerteminde	2013	7920
440 Kerteminde	5300 Kerteminde	2014	7896
440 Kerteminde	5300 Kerteminde	2015	7945
440 Kerteminde	5300 Kerteminde	2016	8052
440 Kerteminde	5300 Kerteminde	2017	7981
440 Kerteminde	5300 Kerteminde	2018	7974
440 Kerteminde	5300 Kerteminde	2019	7984
440 Kerteminde	5300 Kerteminde	2020	8052
440 Kerteminde	5300 Kerteminde	2021	8026
440 Kerteminde	5300 Kerteminde	2022	8068
440 Kerteminde	5300 Kerteminde	2023	8081
440 Kerteminde	5300 Kerteminde	2024	8039
440 Kerteminde	5300 Kerteminde	2025	8089
440 Kerteminde	5300 Kerteminde	2026	8144
440 Kerteminde	5330 Munkebo	2010	5966
440 Kerteminde	5330 Munkebo	2011	6005
440 Kerteminde	5330 Munkebo	2012	6054
440 Kerteminde	5330 Munkebo	2013	6029
440 Kerteminde	5330 Munkebo	2014	5947
440 Kerteminde	5330 Munkebo	2015	5986
440 Kerteminde	5330 Munkebo	2016	6002
440 Kerteminde	5330 Munkebo	2017	5972
440 Kerteminde	5330 Munkebo	2018	5937
440 Kerteminde	5330 Munkebo	2019	5941
440 Kerteminde	5330 Munkebo	2020	5881
440 Kerteminde	5330 Munkebo	2021	5877
440 Kerteminde	5330 Munkebo	2022	5918
440 Kerteminde	5330 Munkebo	2023	5877
440 Kerteminde	5330 Munkebo	2024	5805
440 Kerteminde	5330 Munkebo	2025	5740
440 Kerteminde	5330 Munkebo	2026	5867
440 Kerteminde	5350 Rynkeby	2010	928
440 Kerteminde	5350 Rynkeby	2011	929
440 Kerteminde	5350 Rynkeby	2012	903
440 Kerteminde	5350 Rynkeby	2013	887
440 Kerteminde	5350 Rynkeby	2014	879
440 Kerteminde	5350 Rynkeby	2015	899
440 Kerteminde	5350 Rynkeby	2016	890
440 Kerteminde	5350 Rynkeby	2017	887
440 Kerteminde	5350 Rynkeby	2018	868
440 Kerteminde	5350 Rynkeby	2019	855
440 Kerteminde	5350 Rynkeby	2020	851
440 Kerteminde	5350 Rynkeby	2021	846
440 Kerteminde	5350 Rynkeby	2022	833
440 Kerteminde	5350 Rynkeby	2023	816
440 Kerteminde	5350 Rynkeby	2024	830
440 Kerteminde	5350 Rynkeby	2025	822
440 Kerteminde	5350 Rynkeby	2026	876
440 Kerteminde	5370 Mesinge	2010	1011
440 Kerteminde	5370 Mesinge	2011	1015
440 Kerteminde	5370 Mesinge	2012	993
440 Kerteminde	5370 Mesinge	2013	984
440 Kerteminde	5370 Mesinge	2014	992
440 Kerteminde	5370 Mesinge	2015	977
440 Kerteminde	5370 Mesinge	2016	969
440 Kerteminde	5370 Mesinge	2017	964
440 Kerteminde	5370 Mesinge	2018	954
440 Kerteminde	5370 Mesinge	2019	971
440 Kerteminde	5370 Mesinge	2020	956
440 Kerteminde	5370 Mesinge	2021	948
440 Kerteminde	5370 Mesinge	2022	971
440 Kerteminde	5370 Mesinge	2023	975
440 Kerteminde	5370 Mesinge	2024	945
440 Kerteminde	5370 Mesinge	2025	936
440 Kerteminde	5370 Mesinge	2026	922
440 Kerteminde	5380 Dalby	2010	599
440 Kerteminde	5380 Dalby	2011	607
440 Kerteminde	5380 Dalby	2012	600
440 Kerteminde	5380 Dalby	2013	569
440 Kerteminde	5380 Dalby	2014	569
440 Kerteminde	5380 Dalby	2015	563
440 Kerteminde	5380 Dalby	2016	554
440 Kerteminde	5380 Dalby	2017	547
440 Kerteminde	5380 Dalby	2018	543
440 Kerteminde	5380 Dalby	2019	550
440 Kerteminde	5380 Dalby	2020	554
440 Kerteminde	5380 Dalby	2021	537
440 Kerteminde	5380 Dalby	2022	537
440 Kerteminde	5380 Dalby	2023	517
440 Kerteminde	5380 Dalby	2024	520
440 Kerteminde	5380 Dalby	2025	505
440 Kerteminde	5380 Dalby	2026	510
440 Kerteminde	5390 Martofte	2010	517
440 Kerteminde	5390 Martofte	2011	504
440 Kerteminde	5390 Martofte	2012	507
440 Kerteminde	5390 Martofte	2013	479
440 Kerteminde	5390 Martofte	2014	463
440 Kerteminde	5390 Martofte	2015	449
440 Kerteminde	5390 Martofte	2016	455
440 Kerteminde	5390 Martofte	2017	458
440 Kerteminde	5390 Martofte	2018	464
440 Kerteminde	5390 Martofte	2019	463
440 Kerteminde	5390 Martofte	2020	455
440 Kerteminde	5390 Martofte	2021	455
440 Kerteminde	5390 Martofte	2022	446
440 Kerteminde	5390 Martofte	2023	438
440 Kerteminde	5390 Martofte	2024	426
440 Kerteminde	5390 Martofte	2025	410
440 Kerteminde	5390 Martofte	2026	433
440 Kerteminde	5540 Ullerslev	2010	73
440 Kerteminde	5540 Ullerslev	2011	77
440 Kerteminde	5540 Ullerslev	2012	77
440 Kerteminde	5540 Ullerslev	2013	81
440 Kerteminde	5540 Ullerslev	2014	80
440 Kerteminde	5540 Ullerslev	2015	81
440 Kerteminde	5540 Ullerslev	2016	77
440 Kerteminde	5540 Ullerslev	2017	81
440 Kerteminde	5540 Ullerslev	2018	83
440 Kerteminde	5540 Ullerslev	2019	75
440 Kerteminde	5540 Ullerslev	2020	89
440 Kerteminde	5540 Ullerslev	2021	75
440 Kerteminde	5540 Ullerslev	2022	77
440 Kerteminde	5540 Ullerslev	2023	91
440 Kerteminde	5540 Ullerslev	2024	94
440 Kerteminde	5540 Ullerslev	2025	99
440 Kerteminde	5540 Ullerslev	2026	91
440 Kerteminde	5550 Langeskov	2010	5497
440 Kerteminde	5550 Langeskov	2011	5507
440 Kerteminde	5550 Langeskov	2012	5457
440 Kerteminde	5550 Langeskov	2013	5460
440 Kerteminde	5550 Langeskov	2014	5450
440 Kerteminde	5550 Langeskov	2015	5452
440 Kerteminde	5550 Langeskov	2016	5494
440 Kerteminde	5550 Langeskov	2017	5528
440 Kerteminde	5550 Langeskov	2018	5556
440 Kerteminde	5550 Langeskov	2019	5591
440 Kerteminde	5550 Langeskov	2020	5632
440 Kerteminde	5550 Langeskov	2021	5736
440 Kerteminde	5550 Langeskov	2022	5853
440 Kerteminde	5550 Langeskov	2023	5898
440 Kerteminde	5550 Langeskov	2024	5915
440 Kerteminde	5550 Langeskov	2025	6048
440 Kerteminde	5550 Langeskov	2026	6148
440 Kerteminde	9999 Ukendt	2010	0
440 Kerteminde	9999 Ukendt	2011	0
440 Kerteminde	9999 Ukendt	2012	1
440 Kerteminde	9999 Ukendt	2013	0
440 Kerteminde	9999 Ukendt	2014	0
440 Kerteminde	9999 Ukendt	2015	1
440 Kerteminde	9999 Ukendt	2016	11
440 Kerteminde	9999 Ukendt	2017	5
440 Kerteminde	9999 Ukendt	2018	7
440 Kerteminde	9999 Ukendt	2019	3
440 Kerteminde	9999 Ukendt	2020	3
440 Kerteminde	9999 Ukendt	2021	3
440 Kerteminde	9999 Ukendt	2022	3
440 Kerteminde	9999 Ukendt	2023	3
440 Kerteminde	9999 Ukendt	2024	3
440 Kerteminde	9999 Ukendt	2025	6
440 Kerteminde	9999 Ukendt	2026	6
450 Nyborg	5540 Ullerslev	2010	5399
450 Nyborg	5540 Ullerslev	2011	5353
450 Nyborg	5540 Ullerslev	2012	5305
450 Nyborg	5540 Ullerslev	2013	5302
450 Nyborg	5540 Ullerslev	2014	5239
450 Nyborg	5540 Ullerslev	2015	5233
450 Nyborg	5540 Ullerslev	2016	5264
450 Nyborg	5540 Ullerslev	2017	5297
450 Nyborg	5540 Ullerslev	2018	5231
450 Nyborg	5540 Ullerslev	2019	5242
450 Nyborg	5540 Ullerslev	2020	5147
450 Nyborg	5540 Ullerslev	2021	5036
450 Nyborg	5540 Ullerslev	2022	4994
450 Nyborg	5540 Ullerslev	2023	4990
450 Nyborg	5540 Ullerslev	2024	4964
450 Nyborg	5540 Ullerslev	2025	5034
450 Nyborg	5540 Ullerslev	2026	5070
450 Nyborg	5550 Langeskov	2010	67
450 Nyborg	5550 Langeskov	2011	66
450 Nyborg	5550 Langeskov	2012	62
450 Nyborg	5550 Langeskov	2013	63
450 Nyborg	5550 Langeskov	2014	66
450 Nyborg	5550 Langeskov	2015	65
450 Nyborg	5550 Langeskov	2016	62
450 Nyborg	5550 Langeskov	2017	61
450 Nyborg	5550 Langeskov	2018	63
450 Nyborg	5550 Langeskov	2019	66
450 Nyborg	5550 Langeskov	2020	64
450 Nyborg	5550 Langeskov	2021	63
450 Nyborg	5550 Langeskov	2022	72
450 Nyborg	5550 Langeskov	2023	69
450 Nyborg	5550 Langeskov	2024	68
450 Nyborg	5550 Langeskov	2025	70
450 Nyborg	5550 Langeskov	2026	64
450 Nyborg	5800 Nyborg	2010	19430
450 Nyborg	5800 Nyborg	2011	19299
450 Nyborg	5800 Nyborg	2012	19345
450 Nyborg	5800 Nyborg	2013	19244
450 Nyborg	5800 Nyborg	2014	19250
450 Nyborg	5800 Nyborg	2015	19528
450 Nyborg	5800 Nyborg	2016	19774
450 Nyborg	5800 Nyborg	2017	19982
450 Nyborg	5800 Nyborg	2018	19937
450 Nyborg	5800 Nyborg	2019	19974
450 Nyborg	5800 Nyborg	2020	20070
450 Nyborg	5800 Nyborg	2021	20208
450 Nyborg	5800 Nyborg	2022	20341
450 Nyborg	5800 Nyborg	2023	20630
450 Nyborg	5800 Nyborg	2024	20582
450 Nyborg	5800 Nyborg	2025	20665
450 Nyborg	5800 Nyborg	2026	20735
450 Nyborg	5853 Ørbæk	2010	4810
450 Nyborg	5853 Ørbæk	2011	4784
450 Nyborg	5853 Ørbæk	2012	4812
450 Nyborg	5853 Ørbæk	2013	4819
450 Nyborg	5853 Ørbæk	2014	4832
450 Nyborg	5853 Ørbæk	2015	4811
450 Nyborg	5853 Ørbæk	2016	4827
450 Nyborg	5853 Ørbæk	2017	4849
450 Nyborg	5853 Ørbæk	2018	4841
450 Nyborg	5853 Ørbæk	2019	4820
450 Nyborg	5853 Ørbæk	2020	4829
450 Nyborg	5853 Ørbæk	2021	4765
450 Nyborg	5853 Ørbæk	2022	4809
450 Nyborg	5853 Ørbæk	2023	4709
450 Nyborg	5853 Ørbæk	2024	4724
450 Nyborg	5853 Ørbæk	2025	4726
450 Nyborg	5853 Ørbæk	2026	4690
450 Nyborg	5871 Frørup	2010	1683
450 Nyborg	5871 Frørup	2011	1694
450 Nyborg	5871 Frørup	2012	1664
450 Nyborg	5871 Frørup	2013	1623
450 Nyborg	5871 Frørup	2014	1628
450 Nyborg	5871 Frørup	2015	1643
450 Nyborg	5871 Frørup	2016	1672
450 Nyborg	5871 Frørup	2017	1660
450 Nyborg	5871 Frørup	2018	1663
450 Nyborg	5871 Frørup	2019	1642
450 Nyborg	5871 Frørup	2020	1612
450 Nyborg	5871 Frørup	2021	1573
450 Nyborg	5871 Frørup	2022	1593
450 Nyborg	5871 Frørup	2023	1585
450 Nyborg	5871 Frørup	2024	1570
450 Nyborg	5871 Frørup	2025	1546
450 Nyborg	5871 Frørup	2026	1550
450 Nyborg	5874 Hesselager	2010	301
450 Nyborg	5874 Hesselager	2011	303
450 Nyborg	5874 Hesselager	2012	298
450 Nyborg	5874 Hesselager	2013	297
450 Nyborg	5874 Hesselager	2014	299
450 Nyborg	5874 Hesselager	2015	293
450 Nyborg	5874 Hesselager	2016	287
450 Nyborg	5874 Hesselager	2017	289
450 Nyborg	5874 Hesselager	2018	296
450 Nyborg	5874 Hesselager	2019	297
450 Nyborg	5874 Hesselager	2020	285
450 Nyborg	5874 Hesselager	2021	287
450 Nyborg	5874 Hesselager	2022	287
450 Nyborg	5874 Hesselager	2023	278
450 Nyborg	5874 Hesselager	2024	284
450 Nyborg	5874 Hesselager	2025	288
450 Nyborg	5874 Hesselager	2026	292
450 Nyborg	9999 Ukendt	2010	0
450 Nyborg	9999 Ukendt	2011	0
450 Nyborg	9999 Ukendt	2012	0
450 Nyborg	9999 Ukendt	2013	2
450 Nyborg	9999 Ukendt	2014	0
450 Nyborg	9999 Ukendt	2015	0
450 Nyborg	9999 Ukendt	2016	0
450 Nyborg	9999 Ukendt	2017	4
450 Nyborg	9999 Ukendt	2018	1
450 Nyborg	9999 Ukendt	2019	1
450 Nyborg	9999 Ukendt	2020	2
450 Nyborg	9999 Ukendt	2021	1
450 Nyborg	9999 Ukendt	2022	2
450 Nyborg	9999 Ukendt	2023	1
450 Nyborg	9999 Ukendt	2024	1
450 Nyborg	9999 Ukendt	2025	0
450 Nyborg	9999 Ukendt	2026	0
461 Odense	5000 Odense C	2010	46908
461 Odense	5000 Odense C	2011	47425
461 Odense	5000 Odense C	2012	48102
461 Odense	5000 Odense C	2013	48996
461 Odense	5000 Odense C	2014	50121
461 Odense	5000 Odense C	2015	51156
461 Odense	5000 Odense C	2016	52073
461 Odense	5000 Odense C	2017	53169
461 Odense	5000 Odense C	2018	54186
461 Odense	5000 Odense C	2019	54991
461 Odense	5000 Odense C	2020	55715
461 Odense	5000 Odense C	2021	56265
461 Odense	5000 Odense C	2022	56932
461 Odense	5000 Odense C	2023	57270
461 Odense	5000 Odense C	2024	57127
461 Odense	5000 Odense C	2025	57683
461 Odense	5000 Odense C	2026	58234
461 Odense	5200 Odense V	2010	9450
461 Odense	5200 Odense V	2011	9441
461 Odense	5200 Odense V	2012	9492
461 Odense	5200 Odense V	2013	9549
461 Odense	5200 Odense V	2014	9678
461 Odense	5200 Odense V	2015	9782
461 Odense	5200 Odense V	2016	9902
461 Odense	5200 Odense V	2017	9985
461 Odense	5200 Odense V	2018	10129
461 Odense	5200 Odense V	2019	10030
461 Odense	5200 Odense V	2020	10016
461 Odense	5200 Odense V	2021	10106
461 Odense	5200 Odense V	2022	10632
461 Odense	5200 Odense V	2023	11336
461 Odense	5200 Odense V	2024	12308
461 Odense	5200 Odense V	2025	13018
461 Odense	5200 Odense V	2026	13568
461 Odense	5210 Odense NV	2010	16932
461 Odense	5210 Odense NV	2011	17098
461 Odense	5210 Odense NV	2012	17295
461 Odense	5210 Odense NV	2013	17494
461 Odense	5210 Odense NV	2014	17646
461 Odense	5210 Odense NV	2015	17773
461 Odense	5210 Odense NV	2016	17842
461 Odense	5210 Odense NV	2017	17845
461 Odense	5210 Odense NV	2018	17916
461 Odense	5210 Odense NV	2019	17944
461 Odense	5210 Odense NV	2020	17922
461 Odense	5210 Odense NV	2021	17777
461 Odense	5210 Odense NV	2022	17708
461 Odense	5210 Odense NV	2023	17824
461 Odense	5210 Odense NV	2024	17958
461 Odense	5210 Odense NV	2025	17880
461 Odense	5210 Odense NV	2026	18092
461 Odense	5220 Odense SØ	2010	18054
461 Odense	5220 Odense SØ	2011	18223
461 Odense	5220 Odense SØ	2012	18339
461 Odense	5220 Odense SØ	2013	18340
461 Odense	5220 Odense SØ	2014	18476
461 Odense	5220 Odense SØ	2015	18443
461 Odense	5220 Odense SØ	2016	18204
461 Odense	5220 Odense SØ	2017	18359
461 Odense	5220 Odense SØ	2018	18447
461 Odense	5220 Odense SØ	2019	18835
461 Odense	5220 Odense SØ	2020	18852
461 Odense	5220 Odense SØ	2021	19052
461 Odense	5220 Odense SØ	2022	18837
461 Odense	5220 Odense SØ	2023	18805
461 Odense	5220 Odense SØ	2024	18650
461 Odense	5220 Odense SØ	2025	18535
461 Odense	5220 Odense SØ	2026	18561
461 Odense	5230 Odense M	2010	17754
461 Odense	5230 Odense M	2011	18029
461 Odense	5230 Odense M	2012	18165
461 Odense	5230 Odense M	2013	18288
461 Odense	5230 Odense M	2014	18499
461 Odense	5230 Odense M	2015	18463
461 Odense	5230 Odense M	2016	18670
461 Odense	5230 Odense M	2017	18815
461 Odense	5230 Odense M	2018	19041
461 Odense	5230 Odense M	2019	19207
461 Odense	5230 Odense M	2020	19578
461 Odense	5230 Odense M	2021	19890
461 Odense	5230 Odense M	2022	19641
461 Odense	5230 Odense M	2023	20032
461 Odense	5230 Odense M	2024	20274
461 Odense	5230 Odense M	2025	20389
461 Odense	5230 Odense M	2026	20702
461 Odense	5240 Odense NØ	2010	16558
461 Odense	5240 Odense NØ	2011	16605
461 Odense	5240 Odense NØ	2012	16564
461 Odense	5240 Odense NØ	2013	16644
461 Odense	5240 Odense NØ	2014	16876
461 Odense	5240 Odense NØ	2015	17071
461 Odense	5240 Odense NØ	2016	17278
461 Odense	5240 Odense NØ	2017	17344
461 Odense	5240 Odense NØ	2018	17324
461 Odense	5240 Odense NØ	2019	17425
461 Odense	5240 Odense NØ	2020	17305
461 Odense	5240 Odense NØ	2021	16907
461 Odense	5240 Odense NØ	2022	16275
461 Odense	5240 Odense NØ	2023	15694
461 Odense	5240 Odense NØ	2024	15342
461 Odense	5240 Odense NØ	2025	15023
461 Odense	5240 Odense NØ	2026	14759
461 Odense	5250 Odense SV	2010	22912
461 Odense	5250 Odense SV	2011	23101
461 Odense	5250 Odense SV	2012	23109
461 Odense	5250 Odense SV	2013	23287
461 Odense	5250 Odense SV	2014	23300
461 Odense	5250 Odense SV	2015	23330
461 Odense	5250 Odense SV	2016	23458
461 Odense	5250 Odense SV	2017	23473
461 Odense	5250 Odense SV	2018	23401
461 Odense	5250 Odense SV	2019	23424
461 Odense	5250 Odense SV	2020	23402
461 Odense	5250 Odense SV	2021	23605
461 Odense	5250 Odense SV	2022	23995
461 Odense	5250 Odense SV	2023	24305
461 Odense	5250 Odense SV	2024	24519
461 Odense	5250 Odense SV	2025	24941
461 Odense	5250 Odense SV	2026	25422
461 Odense	5260 Odense S	2010	17211
461 Odense	5260 Odense S	2011	17258
461 Odense	5260 Odense S	2012	17385
461 Odense	5260 Odense S	2013	17647
461 Odense	5260 Odense S	2014	17962
461 Odense	5260 Odense S	2015	18115
461 Odense	5260 Odense S	2016	18169
461 Odense	5260 Odense S	2017	18284
461 Odense	5260 Odense S	2018	18351
461 Odense	5260 Odense S	2019	18570
461 Odense	5260 Odense S	2020	18480
461 Odense	5260 Odense S	2021	18506
461 Odense	5260 Odense S	2022	18394
461 Odense	5260 Odense S	2023	18421
461 Odense	5260 Odense S	2024	18616
461 Odense	5260 Odense S	2025	19057
461 Odense	5260 Odense S	2026	19184
461 Odense	5270 Odense N	2010	18032
461 Odense	5270 Odense N	2011	18099
461 Odense	5270 Odense N	2012	18188
461 Odense	5270 Odense N	2013	18204
461 Odense	5270 Odense N	2014	18255
461 Odense	5270 Odense N	2015	18302
461 Odense	5270 Odense N	2016	18300
461 Odense	5270 Odense N	2017	18260
461 Odense	5270 Odense N	2018	18445
461 Odense	5270 Odense N	2019	18615
461 Odense	5270 Odense N	2020	18516
461 Odense	5270 Odense N	2021	18425
461 Odense	5270 Odense N	2022	18481
461 Odense	5270 Odense N	2023	18598
461 Odense	5270 Odense N	2024	18720
461 Odense	5270 Odense N	2025	18706
461 Odense	5270 Odense N	2026	18729
461 Odense	5320 Agedrup	2010	3246
461 Odense	5320 Agedrup	2011	3265
461 Odense	5320 Agedrup	2012	3242
461 Odense	5320 Agedrup	2013	3245
461 Odense	5320 Agedrup	2014	3227
461 Odense	5320 Agedrup	2015	3228
461 Odense	5320 Agedrup	2016	3215
461 Odense	5320 Agedrup	2017	3223
461 Odense	5320 Agedrup	2018	3257
461 Odense	5320 Agedrup	2019	3282
461 Odense	5320 Agedrup	2020	3283
461 Odense	5320 Agedrup	2021	3243
461 Odense	5320 Agedrup	2022	3333
461 Odense	5320 Agedrup	2023	3664
461 Odense	5320 Agedrup	2024	3769
461 Odense	5320 Agedrup	2025	3860
461 Odense	5320 Agedrup	2026	4124
461 Odense	5330 Munkebo	2010	46
461 Odense	5330 Munkebo	2011	52
461 Odense	5330 Munkebo	2012	53
461 Odense	5330 Munkebo	2013	46
461 Odense	5330 Munkebo	2014	43
461 Odense	5330 Munkebo	2015	43
461 Odense	5330 Munkebo	2016	41
461 Odense	5330 Munkebo	2017	41
461 Odense	5330 Munkebo	2018	39
461 Odense	5330 Munkebo	2019	42
461 Odense	5330 Munkebo	2020	38
461 Odense	5330 Munkebo	2021	41
461 Odense	5330 Munkebo	2022	48
461 Odense	5330 Munkebo	2023	46
461 Odense	5330 Munkebo	2024	52
461 Odense	5330 Munkebo	2025	43
461 Odense	5330 Munkebo	2026	52
461 Odense	5491 Blommenslyst	2010	1325
461 Odense	5491 Blommenslyst	2011	1318
461 Odense	5491 Blommenslyst	2012	1313
461 Odense	5491 Blommenslyst	2013	1305
461 Odense	5491 Blommenslyst	2014	1364
461 Odense	5491 Blommenslyst	2015	1311
461 Odense	5491 Blommenslyst	2016	1365
461 Odense	5491 Blommenslyst	2017	1349
461 Odense	5491 Blommenslyst	2018	1373
461 Odense	5491 Blommenslyst	2019	1397
461 Odense	5491 Blommenslyst	2020	1378
461 Odense	5491 Blommenslyst	2021	1347
461 Odense	5491 Blommenslyst	2022	1362
461 Odense	5491 Blommenslyst	2023	1362
461 Odense	5491 Blommenslyst	2024	1355
461 Odense	5491 Blommenslyst	2025	1311
461 Odense	5491 Blommenslyst	2026	1320
461 Odense	5492 Vissenbjerg	2010	5
461 Odense	5492 Vissenbjerg	2011	5
461 Odense	5492 Vissenbjerg	2012	5
461 Odense	5492 Vissenbjerg	2013	5
461 Odense	5492 Vissenbjerg	2014	6
461 Odense	5492 Vissenbjerg	2015	6
461 Odense	5492 Vissenbjerg	2016	6
461 Odense	5492 Vissenbjerg	2017	6
461 Odense	5492 Vissenbjerg	2018	6
461 Odense	5492 Vissenbjerg	2019	6
461 Odense	5492 Vissenbjerg	2020	6
461 Odense	5492 Vissenbjerg	2021	6
461 Odense	5492 Vissenbjerg	2022	6
461 Odense	5492 Vissenbjerg	2023	6
461 Odense	5492 Vissenbjerg	2024	6
461 Odense	5492 Vissenbjerg	2025	5
461 Odense	5492 Vissenbjerg	2026	5
461 Odense	9999 Ukendt	2010	344
461 Odense	9999 Ukendt	2011	326
461 Odense	9999 Ukendt	2012	358
461 Odense	9999 Ukendt	2013	320
461 Odense	9999 Ukendt	2014	344
461 Odense	9999 Ukendt	2015	457
461 Odense	9999 Ukendt	2016	449
461 Odense	9999 Ukendt	2017	410
461 Odense	9999 Ukendt	2018	433
461 Odense	9999 Ukendt	2019	414
461 Odense	9999 Ukendt	2020	404
461 Odense	9999 Ukendt	2021	339
461 Odense	9999 Ukendt	2022	334
461 Odense	9999 Ukendt	2023	399
461 Odense	9999 Ukendt	2024	382
461 Odense	9999 Ukendt	2025	352
461 Odense	9999 Ukendt	2026	416
479 Svendborg	5700 Svendborg	2010	40440
479 Svendborg	5700 Svendborg	2011	40304
479 Svendborg	5700 Svendborg	2012	40182
479 Svendborg	5700 Svendborg	2013	39992
479 Svendborg	5700 Svendborg	2014	39897
479 Svendborg	5700 Svendborg	2015	40017
479 Svendborg	5700 Svendborg	2016	40286
479 Svendborg	5700 Svendborg	2017	40468
479 Svendborg	5700 Svendborg	2018	40599
479 Svendborg	5700 Svendborg	2019	40525
479 Svendborg	5700 Svendborg	2020	40406
479 Svendborg	5700 Svendborg	2021	40624
479 Svendborg	5700 Svendborg	2022	41090
479 Svendborg	5700 Svendborg	2023	41697
479 Svendborg	5700 Svendborg	2024	41690
479 Svendborg	5700 Svendborg	2025	41896
479 Svendborg	5700 Svendborg	2026	41969
479 Svendborg	5762 Vester Skerninge	2010	4994
479 Svendborg	5762 Vester Skerninge	2011	5000
479 Svendborg	5762 Vester Skerninge	2012	4999
479 Svendborg	5762 Vester Skerninge	2013	4958
479 Svendborg	5762 Vester Skerninge	2014	4896
479 Svendborg	5762 Vester Skerninge	2015	4847
479 Svendborg	5762 Vester Skerninge	2016	4841
479 Svendborg	5762 Vester Skerninge	2017	4909
479 Svendborg	5762 Vester Skerninge	2018	4926
479 Svendborg	5762 Vester Skerninge	2019	4995
479 Svendborg	5762 Vester Skerninge	2020	4907
479 Svendborg	5762 Vester Skerninge	2021	4975
479 Svendborg	5762 Vester Skerninge	2022	5007
479 Svendborg	5762 Vester Skerninge	2023	5051
479 Svendborg	5762 Vester Skerninge	2024	5112
479 Svendborg	5762 Vester Skerninge	2025	5144
479 Svendborg	5762 Vester Skerninge	2026	5138
479 Svendborg	5771 Stenstrup	2010	4233
479 Svendborg	5771 Stenstrup	2011	4178
479 Svendborg	5771 Stenstrup	2012	4174
479 Svendborg	5771 Stenstrup	2013	4131
479 Svendborg	5771 Stenstrup	2014	4033
479 Svendborg	5771 Stenstrup	2015	4036
479 Svendborg	5771 Stenstrup	2016	4027
479 Svendborg	5771 Stenstrup	2017	4086
479 Svendborg	5771 Stenstrup	2018	4089
479 Svendborg	5771 Stenstrup	2019	4051
479 Svendborg	5771 Stenstrup	2020	4052
479 Svendborg	5771 Stenstrup	2021	4047
479 Svendborg	5771 Stenstrup	2022	4098
479 Svendborg	5771 Stenstrup	2023	4096
479 Svendborg	5771 Stenstrup	2024	4036
479 Svendborg	5771 Stenstrup	2025	4020
479 Svendborg	5771 Stenstrup	2026	4042
479 Svendborg	5772 Kværndrup	2010	11
479 Svendborg	5772 Kværndrup	2011	11
479 Svendborg	5772 Kværndrup	2012	7
479 Svendborg	5772 Kværndrup	2013	8
479 Svendborg	5772 Kværndrup	2014	9
479 Svendborg	5772 Kværndrup	2015	9
479 Svendborg	5772 Kværndrup	2016	9
479 Svendborg	5772 Kværndrup	2017	9
479 Svendborg	5772 Kværndrup	2018	9
479 Svendborg	5772 Kværndrup	2019	9
479 Svendborg	5772 Kværndrup	2020	10
479 Svendborg	5772 Kværndrup	2021	12
479 Svendborg	5772 Kværndrup	2022	12
479 Svendborg	5772 Kværndrup	2023	12
479 Svendborg	5772 Kværndrup	2024	12
479 Svendborg	5772 Kværndrup	2025	11
479 Svendborg	5772 Kværndrup	2026	11
479 Svendborg	5874 Hesselager	2010	2065
479 Svendborg	5874 Hesselager	2011	2048
479 Svendborg	5874 Hesselager	2012	2000
479 Svendborg	5874 Hesselager	2013	2018
479 Svendborg	5874 Hesselager	2014	2021
479 Svendborg	5874 Hesselager	2015	1968
479 Svendborg	5874 Hesselager	2016	1967
479 Svendborg	5874 Hesselager	2017	1929
479 Svendborg	5874 Hesselager	2018	2000
479 Svendborg	5874 Hesselager	2019	1980
479 Svendborg	5874 Hesselager	2020	1969
479 Svendborg	5874 Hesselager	2021	1987
479 Svendborg	5874 Hesselager	2022	1998
479 Svendborg	5874 Hesselager	2023	1924
479 Svendborg	5874 Hesselager	2024	1897
479 Svendborg	5874 Hesselager	2025	1903
479 Svendborg	5874 Hesselager	2026	1917
479 Svendborg	5881 Skårup Fyn	2010	2732
479 Svendborg	5881 Skårup Fyn	2011	2758
479 Svendborg	5881 Skårup Fyn	2012	2796
479 Svendborg	5881 Skårup Fyn	2013	2786
479 Svendborg	5881 Skårup Fyn	2014	2812
479 Svendborg	5881 Skårup Fyn	2015	2765
479 Svendborg	5881 Skårup Fyn	2016	2767
479 Svendborg	5881 Skårup Fyn	2017	2789
479 Svendborg	5881 Skårup Fyn	2018	2788
479 Svendborg	5881 Skårup Fyn	2019	2785
479 Svendborg	5881 Skårup Fyn	2020	2765
479 Svendborg	5881 Skårup Fyn	2021	2775
479 Svendborg	5881 Skårup Fyn	2022	2796
479 Svendborg	5881 Skårup Fyn	2023	2805
479 Svendborg	5881 Skårup Fyn	2024	2829
479 Svendborg	5881 Skårup Fyn	2025	2900
479 Svendborg	5881 Skårup Fyn	2026	2876
479 Svendborg	5882 Vejstrup	2010	962
479 Svendborg	5882 Vejstrup	2011	934
479 Svendborg	5882 Vejstrup	2012	917
479 Svendborg	5882 Vejstrup	2013	922
479 Svendborg	5882 Vejstrup	2014	913
479 Svendborg	5882 Vejstrup	2015	901
479 Svendborg	5882 Vejstrup	2016	912
479 Svendborg	5882 Vejstrup	2017	914
479 Svendborg	5882 Vejstrup	2018	908
479 Svendborg	5882 Vejstrup	2019	897
479 Svendborg	5882 Vejstrup	2020	889
479 Svendborg	5882 Vejstrup	2021	885
479 Svendborg	5882 Vejstrup	2022	873
479 Svendborg	5882 Vejstrup	2023	868
479 Svendborg	5882 Vejstrup	2024	855
479 Svendborg	5882 Vejstrup	2025	867
479 Svendborg	5882 Vejstrup	2026	877
479 Svendborg	5883 Oure	2010	1024
479 Svendborg	5883 Oure	2011	966
479 Svendborg	5883 Oure	2012	970
479 Svendborg	5883 Oure	2013	978
479 Svendborg	5883 Oure	2014	951
479 Svendborg	5883 Oure	2015	986
479 Svendborg	5883 Oure	2016	955
479 Svendborg	5883 Oure	2017	963
479 Svendborg	5883 Oure	2018	954
479 Svendborg	5883 Oure	2019	958
479 Svendborg	5883 Oure	2020	953
479 Svendborg	5883 Oure	2021	917
479 Svendborg	5883 Oure	2022	918
479 Svendborg	5883 Oure	2023	925
479 Svendborg	5883 Oure	2024	934
479 Svendborg	5883 Oure	2025	922
479 Svendborg	5883 Oure	2026	893
479 Svendborg	5884 Gudme	2010	1299
479 Svendborg	5884 Gudme	2011	1275
479 Svendborg	5884 Gudme	2012	1274
479 Svendborg	5884 Gudme	2013	1288
479 Svendborg	5884 Gudme	2014	1268
479 Svendborg	5884 Gudme	2015	1242
479 Svendborg	5884 Gudme	2016	1226
479 Svendborg	5884 Gudme	2017	1249
479 Svendborg	5884 Gudme	2018	1227
479 Svendborg	5884 Gudme	2019	1228
479 Svendborg	5884 Gudme	2020	1186
479 Svendborg	5884 Gudme	2021	1210
479 Svendborg	5884 Gudme	2022	1223
479 Svendborg	5884 Gudme	2023	1211
479 Svendborg	5884 Gudme	2024	1226
479 Svendborg	5884 Gudme	2025	1199
479 Svendborg	5884 Gudme	2026	1199
479 Svendborg	5892 Gudbjerg Sydfyn	2010	1166
479 Svendborg	5892 Gudbjerg Sydfyn	2011	1170
479 Svendborg	5892 Gudbjerg Sydfyn	2012	1170
479 Svendborg	5892 Gudbjerg Sydfyn	2013	1172
479 Svendborg	5892 Gudbjerg Sydfyn	2014	1120
479 Svendborg	5892 Gudbjerg Sydfyn	2015	1116
479 Svendborg	5892 Gudbjerg Sydfyn	2016	1105
479 Svendborg	5892 Gudbjerg Sydfyn	2017	1113
479 Svendborg	5892 Gudbjerg Sydfyn	2018	1099
479 Svendborg	5892 Gudbjerg Sydfyn	2019	1063
479 Svendborg	5892 Gudbjerg Sydfyn	2020	1048
479 Svendborg	5892 Gudbjerg Sydfyn	2021	1052
479 Svendborg	5892 Gudbjerg Sydfyn	2022	1046
479 Svendborg	5892 Gudbjerg Sydfyn	2023	1031
479 Svendborg	5892 Gudbjerg Sydfyn	2024	1040
479 Svendborg	5892 Gudbjerg Sydfyn	2025	1038
479 Svendborg	5892 Gudbjerg Sydfyn	2026	1022
479 Svendborg	9999 Ukendt	2010	72
479 Svendborg	9999 Ukendt	2011	69
479 Svendborg	9999 Ukendt	2012	62
479 Svendborg	9999 Ukendt	2013	43
479 Svendborg	9999 Ukendt	2014	59
479 Svendborg	9999 Ukendt	2015	101
479 Svendborg	9999 Ukendt	2016	133
479 Svendborg	9999 Ukendt	2017	81
479 Svendborg	9999 Ukendt	2018	99
479 Svendborg	9999 Ukendt	2019	108
479 Svendborg	9999 Ukendt	2020	111
479 Svendborg	9999 Ukendt	2021	104
479 Svendborg	9999 Ukendt	2022	132
479 Svendborg	9999 Ukendt	2023	115
479 Svendborg	9999 Ukendt	2024	96
479 Svendborg	9999 Ukendt	2025	101
479 Svendborg	9999 Ukendt	2026	83
480 Nordfyns	5270 Odense N	2010	89
480 Nordfyns	5270 Odense N	2011	84
480 Nordfyns	5270 Odense N	2012	86
480 Nordfyns	5270 Odense N	2013	89
480 Nordfyns	5270 Odense N	2014	81
480 Nordfyns	5270 Odense N	2015	76
480 Nordfyns	5270 Odense N	2016	74
480 Nordfyns	5270 Odense N	2017	71
480 Nordfyns	5270 Odense N	2018	76
480 Nordfyns	5270 Odense N	2019	73
480 Nordfyns	5270 Odense N	2020	73
480 Nordfyns	5270 Odense N	2021	82
480 Nordfyns	5270 Odense N	2022	84
480 Nordfyns	5270 Odense N	2023	84
480 Nordfyns	5270 Odense N	2024	80
480 Nordfyns	5270 Odense N	2025	81
480 Nordfyns	5270 Odense N	2026	80
480 Nordfyns	5400 Bogense	2010	6797
480 Nordfyns	5400 Bogense	2011	6724
480 Nordfyns	5400 Bogense	2012	6664
480 Nordfyns	5400 Bogense	2013	6691
480 Nordfyns	5400 Bogense	2014	6627
480 Nordfyns	5400 Bogense	2015	6597
480 Nordfyns	5400 Bogense	2016	6638
480 Nordfyns	5400 Bogense	2017	6614
480 Nordfyns	5400 Bogense	2018	6699
480 Nordfyns	5400 Bogense	2019	6730
480 Nordfyns	5400 Bogense	2020	6760
480 Nordfyns	5400 Bogense	2021	6682
480 Nordfyns	5400 Bogense	2022	6782
480 Nordfyns	5400 Bogense	2023	6713
480 Nordfyns	5400 Bogense	2024	6658
480 Nordfyns	5400 Bogense	2025	6581
480 Nordfyns	5400 Bogense	2026	6466
480 Nordfyns	5450 Otterup	2010	11018
480 Nordfyns	5450 Otterup	2011	11036
480 Nordfyns	5450 Otterup	2012	11019
480 Nordfyns	5450 Otterup	2013	11021
480 Nordfyns	5450 Otterup	2014	10920
480 Nordfyns	5450 Otterup	2015	10909
480 Nordfyns	5450 Otterup	2016	11053
480 Nordfyns	5450 Otterup	2017	11103
480 Nordfyns	5450 Otterup	2018	11067
480 Nordfyns	5450 Otterup	2019	11157
480 Nordfyns	5450 Otterup	2020	11094
480 Nordfyns	5450 Otterup	2021	11074
480 Nordfyns	5450 Otterup	2022	11090
480 Nordfyns	5450 Otterup	2023	11034
480 Nordfyns	5450 Otterup	2024	10988
480 Nordfyns	5450 Otterup	2025	10852
480 Nordfyns	5450 Otterup	2026	10797
480 Nordfyns	5462 Morud	2010	2555
480 Nordfyns	5462 Morud	2011	2550
480 Nordfyns	5462 Morud	2012	2530
480 Nordfyns	5462 Morud	2013	2518
480 Nordfyns	5462 Morud	2014	2518
480 Nordfyns	5462 Morud	2015	2538
480 Nordfyns	5462 Morud	2016	2537
480 Nordfyns	5462 Morud	2017	2618
480 Nordfyns	5462 Morud	2018	2633
480 Nordfyns	5462 Morud	2019	2697
480 Nordfyns	5462 Morud	2020	2735
480 Nordfyns	5462 Morud	2021	2708
480 Nordfyns	5462 Morud	2022	2755
480 Nordfyns	5462 Morud	2023	2864
480 Nordfyns	5462 Morud	2024	2839
480 Nordfyns	5462 Morud	2025	2829
480 Nordfyns	5462 Morud	2026	2830
480 Nordfyns	5471 Søndersø	2010	6995
480 Nordfyns	5471 Søndersø	2011	6984
480 Nordfyns	5471 Søndersø	2012	6912
480 Nordfyns	5471 Søndersø	2013	6815
480 Nordfyns	5471 Søndersø	2014	6821
480 Nordfyns	5471 Søndersø	2015	6831
480 Nordfyns	5471 Søndersø	2016	6908
480 Nordfyns	5471 Søndersø	2017	6984
480 Nordfyns	5471 Søndersø	2018	6986
480 Nordfyns	5471 Søndersø	2019	7001
480 Nordfyns	5471 Søndersø	2020	6975
480 Nordfyns	5471 Søndersø	2021	6974
480 Nordfyns	5471 Søndersø	2022	6953
480 Nordfyns	5471 Søndersø	2023	6962
480 Nordfyns	5471 Søndersø	2024	6982
480 Nordfyns	5471 Søndersø	2025	6972
480 Nordfyns	5471 Søndersø	2026	6983
480 Nordfyns	5474 Veflinge	2010	1291
480 Nordfyns	5474 Veflinge	2011	1259
480 Nordfyns	5474 Veflinge	2012	1265
480 Nordfyns	5474 Veflinge	2013	1259
480 Nordfyns	5474 Veflinge	2014	1266
480 Nordfyns	5474 Veflinge	2015	1247
480 Nordfyns	5474 Veflinge	2016	1238
480 Nordfyns	5474 Veflinge	2017	1237
480 Nordfyns	5474 Veflinge	2018	1244
480 Nordfyns	5474 Veflinge	2019	1234
480 Nordfyns	5474 Veflinge	2020	1215
480 Nordfyns	5474 Veflinge	2021	1221
480 Nordfyns	5474 Veflinge	2022	1247
480 Nordfyns	5474 Veflinge	2023	1239
480 Nordfyns	5474 Veflinge	2024	1250
480 Nordfyns	5474 Veflinge	2025	1222
480 Nordfyns	5474 Veflinge	2026	1221
480 Nordfyns	5485 Skamby	2010	858
480 Nordfyns	5485 Skamby	2011	836
480 Nordfyns	5485 Skamby	2012	821
480 Nordfyns	5485 Skamby	2013	800
480 Nordfyns	5485 Skamby	2014	803
480 Nordfyns	5485 Skamby	2015	798
480 Nordfyns	5485 Skamby	2016	818
480 Nordfyns	5485 Skamby	2017	786
480 Nordfyns	5485 Skamby	2018	777
480 Nordfyns	5485 Skamby	2019	765
480 Nordfyns	5485 Skamby	2020	780
480 Nordfyns	5485 Skamby	2021	776
480 Nordfyns	5485 Skamby	2022	771
480 Nordfyns	5485 Skamby	2023	799
480 Nordfyns	5485 Skamby	2024	777
480 Nordfyns	5485 Skamby	2025	770
480 Nordfyns	5485 Skamby	2026	763
480 Nordfyns	5491 Blommenslyst	2010	6
480 Nordfyns	5491 Blommenslyst	2011	5
480 Nordfyns	5491 Blommenslyst	2012	6
480 Nordfyns	5491 Blommenslyst	2013	5
480 Nordfyns	5491 Blommenslyst	2014	5
480 Nordfyns	5491 Blommenslyst	2015	5
480 Nordfyns	5491 Blommenslyst	2016	5
480 Nordfyns	5491 Blommenslyst	2017	5
480 Nordfyns	5491 Blommenslyst	2018	7
480 Nordfyns	5491 Blommenslyst	2019	7
480 Nordfyns	5491 Blommenslyst	2020	7
480 Nordfyns	5491 Blommenslyst	2021	8
480 Nordfyns	5491 Blommenslyst	2022	8
480 Nordfyns	5491 Blommenslyst	2023	8
480 Nordfyns	5491 Blommenslyst	2024	8
480 Nordfyns	5491 Blommenslyst	2025	8
480 Nordfyns	5491 Blommenslyst	2026	8
480 Nordfyns	5492 Vissenbjerg	2010	12
480 Nordfyns	5492 Vissenbjerg	2011	12
480 Nordfyns	5492 Vissenbjerg	2012	12
480 Nordfyns	5492 Vissenbjerg	2013	12
480 Nordfyns	5492 Vissenbjerg	2014	12
480 Nordfyns	5492 Vissenbjerg	2015	13
480 Nordfyns	5492 Vissenbjerg	2016	12
480 Nordfyns	5492 Vissenbjerg	2017	12
480 Nordfyns	5492 Vissenbjerg	2018	12
480 Nordfyns	5492 Vissenbjerg	2019	14
480 Nordfyns	5492 Vissenbjerg	2020	14
480 Nordfyns	5492 Vissenbjerg	2021	13
480 Nordfyns	5492 Vissenbjerg	2022	14
480 Nordfyns	5492 Vissenbjerg	2023	13
480 Nordfyns	5492 Vissenbjerg	2024	15
480 Nordfyns	5492 Vissenbjerg	2025	15
480 Nordfyns	5492 Vissenbjerg	2026	18
480 Nordfyns	5560 Aarup	2010	17
480 Nordfyns	5560 Aarup	2011	17
480 Nordfyns	5560 Aarup	2012	15
480 Nordfyns	5560 Aarup	2013	14
480 Nordfyns	5560 Aarup	2014	13
480 Nordfyns	5560 Aarup	2015	16
480 Nordfyns	5560 Aarup	2016	15
480 Nordfyns	5560 Aarup	2017	15
480 Nordfyns	5560 Aarup	2018	14
480 Nordfyns	5560 Aarup	2019	14
480 Nordfyns	5560 Aarup	2020	11
480 Nordfyns	5560 Aarup	2021	10
480 Nordfyns	5560 Aarup	2022	9
480 Nordfyns	5560 Aarup	2023	9
480 Nordfyns	5560 Aarup	2024	13
480 Nordfyns	5560 Aarup	2025	12
480 Nordfyns	5560 Aarup	2026	13
480 Nordfyns	9999 Ukendt	2010	0
480 Nordfyns	9999 Ukendt	2011	0
480 Nordfyns	9999 Ukendt	2012	0
480 Nordfyns	9999 Ukendt	2013	0
480 Nordfyns	9999 Ukendt	2014	0
480 Nordfyns	9999 Ukendt	2015	0
480 Nordfyns	9999 Ukendt	2016	0
480 Nordfyns	9999 Ukendt	2017	1
480 Nordfyns	9999 Ukendt	2018	1
480 Nordfyns	9999 Ukendt	2019	1
480 Nordfyns	9999 Ukendt	2020	1
480 Nordfyns	9999 Ukendt	2021	1
480 Nordfyns	9999 Ukendt	2022	1
480 Nordfyns	9999 Ukendt	2023	1
480 Nordfyns	9999 Ukendt	2024	0
480 Nordfyns	9999 Ukendt	2025	0
480 Nordfyns	9999 Ukendt	2026	0
482 Langeland	5900 Rudkøbing	2010	7568
482 Langeland	5900 Rudkøbing	2011	7559
482 Langeland	5900 Rudkøbing	2012	7466
482 Langeland	5900 Rudkøbing	2013	7331
482 Langeland	5900 Rudkøbing	2014	7294
482 Langeland	5900 Rudkøbing	2015	7289
482 Langeland	5900 Rudkøbing	2016	7226
482 Langeland	5900 Rudkøbing	2017	7284
482 Langeland	5900 Rudkøbing	2018	7152
482 Langeland	5900 Rudkøbing	2019	7138
482 Langeland	5900 Rudkøbing	2020	7041
482 Langeland	5900 Rudkøbing	2021	6954
482 Langeland	5900 Rudkøbing	2022	6916
482 Langeland	5900 Rudkøbing	2023	7036
482 Langeland	5900 Rudkøbing	2024	7025
482 Langeland	5900 Rudkøbing	2025	6855
482 Langeland	5900 Rudkøbing	2026	6788
482 Langeland	5932 Humble	2010	1982
482 Langeland	5932 Humble	2011	1942
482 Langeland	5932 Humble	2012	1906
482 Langeland	5932 Humble	2013	1862
482 Langeland	5932 Humble	2014	1828
482 Langeland	5932 Humble	2015	1801
482 Langeland	5932 Humble	2016	1802
482 Langeland	5932 Humble	2017	1797
482 Langeland	5932 Humble	2018	1809
482 Langeland	5932 Humble	2019	1786
482 Langeland	5932 Humble	2020	1807
482 Langeland	5932 Humble	2021	1774
482 Langeland	5932 Humble	2022	1738
482 Langeland	5932 Humble	2023	1740
482 Langeland	5932 Humble	2024	1702
482 Langeland	5932 Humble	2025	1612
482 Langeland	5932 Humble	2026	1612
482 Langeland	5935 Bagenkop	2010	801
482 Langeland	5935 Bagenkop	2011	762
482 Langeland	5935 Bagenkop	2012	760
482 Langeland	5935 Bagenkop	2013	732
482 Langeland	5935 Bagenkop	2014	721
482 Langeland	5935 Bagenkop	2015	722
482 Langeland	5935 Bagenkop	2016	711
482 Langeland	5935 Bagenkop	2017	700
482 Langeland	5935 Bagenkop	2018	682
482 Langeland	5935 Bagenkop	2019	661
482 Langeland	5935 Bagenkop	2020	681
482 Langeland	5935 Bagenkop	2021	689
482 Langeland	5935 Bagenkop	2022	690
482 Langeland	5935 Bagenkop	2023	689
482 Langeland	5935 Bagenkop	2024	678
482 Langeland	5935 Bagenkop	2025	648
482 Langeland	5935 Bagenkop	2026	636
482 Langeland	5943 Strynø	2010	0
482 Langeland	5943 Strynø	2011	0
482 Langeland	5943 Strynø	2012	0
482 Langeland	5943 Strynø	2013	0
482 Langeland	5943 Strynø	2014	0
482 Langeland	5943 Strynø	2015	0
482 Langeland	5943 Strynø	2016	0
482 Langeland	5943 Strynø	2017	0
482 Langeland	5943 Strynø	2018	182
482 Langeland	5943 Strynø	2019	188
482 Langeland	5943 Strynø	2020	197
482 Langeland	5943 Strynø	2021	209
482 Langeland	5943 Strynø	2022	218
482 Langeland	5943 Strynø	2023	219
482 Langeland	5943 Strynø	2024	222
482 Langeland	5943 Strynø	2025	216
482 Langeland	5943 Strynø	2026	215
482 Langeland	5953 Tranekær	2010	3149
482 Langeland	5953 Tranekær	2011	3052
482 Langeland	5953 Tranekær	2012	2952
482 Langeland	5953 Tranekær	2013	2921
482 Langeland	5953 Tranekær	2014	2830
482 Langeland	5953 Tranekær	2015	2827
482 Langeland	5953 Tranekær	2016	2800
482 Langeland	5953 Tranekær	2017	2788
482 Langeland	5953 Tranekær	2018	2805
482 Langeland	5953 Tranekær	2019	2775
482 Langeland	5953 Tranekær	2020	2751
482 Langeland	5953 Tranekær	2021	2721
482 Langeland	5953 Tranekær	2022	2734
482 Langeland	5953 Tranekær	2023	2675
482 Langeland	5953 Tranekær	2024	2608
482 Langeland	5953 Tranekær	2025	2627
482 Langeland	5953 Tranekær	2026	2575
482 Langeland	9999 Ukendt	2010	10
482 Langeland	9999 Ukendt	2011	7
482 Langeland	9999 Ukendt	2012	10
482 Langeland	9999 Ukendt	2013	15
482 Langeland	9999 Ukendt	2014	22
482 Langeland	9999 Ukendt	2015	8
482 Langeland	9999 Ukendt	2016	8
482 Langeland	9999 Ukendt	2017	9
482 Langeland	9999 Ukendt	2018	11
482 Langeland	9999 Ukendt	2019	12
482 Langeland	9999 Ukendt	2020	14
482 Langeland	9999 Ukendt	2021	20
482 Langeland	9999 Ukendt	2022	20
482 Langeland	9999 Ukendt	2023	25
482 Langeland	9999 Ukendt	2024	25
482 Langeland	9999 Ukendt	2025	15
482 Langeland	9999 Ukendt	2026	15
492 Ærø	5960 Marstal	2010	3059
492 Ærø	5960 Marstal	2011	3083
492 Ærø	5960 Marstal	2012	3096
492 Ærø	5960 Marstal	2013	3067
492 Ærø	5960 Marstal	2014	2994
492 Ærø	5960 Marstal	2015	2944
492 Ærø	5960 Marstal	2016	2960
492 Ærø	5960 Marstal	2017	2902
492 Ærø	5960 Marstal	2018	2877
492 Ærø	5960 Marstal	2019	2770
492 Ærø	5960 Marstal	2020	2738
492 Ærø	5960 Marstal	2021	2748
492 Ærø	5960 Marstal	2022	2749
492 Ærø	5960 Marstal	2023	2753
492 Ærø	5960 Marstal	2024	2700
492 Ærø	5960 Marstal	2025	2634
492 Ærø	5960 Marstal	2026	2587
492 Ærø	5965 Birkholm	2010	0
492 Ærø	5965 Birkholm	2011	0
492 Ærø	5965 Birkholm	2012	0
492 Ærø	5965 Birkholm	2013	0
492 Ærø	5965 Birkholm	2014	0
492 Ærø	5965 Birkholm	2015	0
492 Ærø	5965 Birkholm	2016	0
492 Ærø	5965 Birkholm	2017	0
492 Ærø	5965 Birkholm	2018	8
492 Ærø	5965 Birkholm	2019	8
492 Ærø	5965 Birkholm	2020	8
492 Ærø	5965 Birkholm	2021	9
492 Ærø	5965 Birkholm	2022	10
492 Ærø	5965 Birkholm	2023	11
492 Ærø	5965 Birkholm	2024	12
492 Ærø	5965 Birkholm	2025	11
492 Ærø	5965 Birkholm	2026	9
492 Ærø	5970 Ærøskøbing	2010	2648
492 Ærø	5970 Ærøskøbing	2011	2623
492 Ærø	5970 Ærøskøbing	2012	2593
492 Ærø	5970 Ærøskøbing	2013	2536
492 Ærø	5970 Ærøskøbing	2014	2511
492 Ærø	5970 Ærøskøbing	2015	2464
492 Ærø	5970 Ærøskøbing	2016	2483
492 Ærø	5970 Ærøskøbing	2017	2453
492 Ærø	5970 Ærøskøbing	2018	2487
492 Ærø	5970 Ærøskøbing	2019	2459
492 Ærø	5970 Ærøskøbing	2020	2429
492 Ærø	5970 Ærøskøbing	2021	2402
492 Ærø	5970 Ærøskøbing	2022	2432
492 Ærø	5970 Ærøskøbing	2023	2433
492 Ærø	5970 Ærøskøbing	2024	2433
492 Ærø	5970 Ærøskøbing	2025	2447
492 Ærø	5970 Ærøskøbing	2026	2378
492 Ærø	5985 Søby Ærø	2010	972
492 Ærø	5985 Søby Ærø	2011	957
492 Ærø	5985 Søby Ærø	2012	947
492 Ærø	5985 Søby Ærø	2013	924
492 Ærø	5985 Søby Ærø	2014	888
492 Ærø	5985 Søby Ærø	2015	868
492 Ærø	5985 Søby Ærø	2016	847
492 Ærø	5985 Søby Ærø	2017	821
492 Ærø	5985 Søby Ærø	2018	806
492 Ærø	5985 Søby Ærø	2019	821
492 Ærø	5985 Søby Ærø	2020	789
492 Ærø	5985 Søby Ærø	2021	801
492 Ærø	5985 Søby Ærø	2022	834
492 Ærø	5985 Søby Ærø	2023	811
492 Ærø	5985 Søby Ærø	2024	815
492 Ærø	5985 Søby Ærø	2025	789
492 Ærø	5985 Søby Ærø	2026	792
492 Ærø	9999 Ukendt	2010	0
492 Ærø	9999 Ukendt	2011	0
492 Ærø	9999 Ukendt	2012	0
492 Ærø	9999 Ukendt	2013	0
492 Ærø	9999 Ukendt	2014	0
492 Ærø	9999 Ukendt	2015	0
492 Ærø	9999 Ukendt	2016	0
492 Ærø	9999 Ukendt	2017	1
492 Ærø	9999 Ukendt	2018	0
492 Ærø	9999 Ukendt	2019	0
492 Ærø	9999 Ukendt	2020	0
492 Ærø	9999 Ukendt	2021	0
492 Ærø	9999 Ukendt	2022	0
492 Ærø	9999 Ukendt	2023	0
492 Ærø	9999 Ukendt	2024	0
492 Ærø	9999 Ukendt	2025	0
492 Ærø	9999 Ukendt	2026	0
510 Haderslev	6070 Christiansfeld	2010	265
510 Haderslev	6070 Christiansfeld	2011	259
510 Haderslev	6070 Christiansfeld	2012	270
510 Haderslev	6070 Christiansfeld	2013	262
510 Haderslev	6070 Christiansfeld	2014	255
510 Haderslev	6070 Christiansfeld	2015	248
510 Haderslev	6070 Christiansfeld	2016	249
510 Haderslev	6070 Christiansfeld	2017	242
510 Haderslev	6070 Christiansfeld	2018	249
510 Haderslev	6070 Christiansfeld	2019	244
510 Haderslev	6070 Christiansfeld	2020	229
510 Haderslev	6070 Christiansfeld	2021	229
510 Haderslev	6070 Christiansfeld	2022	232
510 Haderslev	6070 Christiansfeld	2023	227
510 Haderslev	6070 Christiansfeld	2024	240
510 Haderslev	6070 Christiansfeld	2025	249
510 Haderslev	6070 Christiansfeld	2026	247
510 Haderslev	6094 Hejls	2010	0
510 Haderslev	6094 Hejls	2011	0
510 Haderslev	6094 Hejls	2012	2
510 Haderslev	6094 Hejls	2013	2
510 Haderslev	6094 Hejls	2014	2
510 Haderslev	6094 Hejls	2015	2
510 Haderslev	6094 Hejls	2016	2
510 Haderslev	6094 Hejls	2017	2
510 Haderslev	6094 Hejls	2018	2
510 Haderslev	6094 Hejls	2019	2
510 Haderslev	6094 Hejls	2020	2
510 Haderslev	6094 Hejls	2021	2
510 Haderslev	6094 Hejls	2022	2
510 Haderslev	6094 Hejls	2023	4
510 Haderslev	6094 Hejls	2024	4
510 Haderslev	6094 Hejls	2025	4
510 Haderslev	6094 Hejls	2026	4
510 Haderslev	6100 Haderslev	2010	33273
510 Haderslev	6100 Haderslev	2011	33232
510 Haderslev	6100 Haderslev	2012	33399
510 Haderslev	6100 Haderslev	2013	33451
510 Haderslev	6100 Haderslev	2014	33397
510 Haderslev	6100 Haderslev	2015	33405
510 Haderslev	6100 Haderslev	2016	33595
510 Haderslev	6100 Haderslev	2017	33630
510 Haderslev	6100 Haderslev	2018	33664
510 Haderslev	6100 Haderslev	2019	33662
510 Haderslev	6100 Haderslev	2020	33613
510 Haderslev	6100 Haderslev	2021	33491
510 Haderslev	6100 Haderslev	2022	33506
510 Haderslev	6100 Haderslev	2023	33607
510 Haderslev	6100 Haderslev	2024	33722
510 Haderslev	6100 Haderslev	2025	33822
510 Haderslev	6100 Haderslev	2026	33790
510 Haderslev	6500 Vojens	2010	14582
510 Haderslev	6500 Vojens	2011	14501
510 Haderslev	6500 Vojens	2012	14454
510 Haderslev	6500 Vojens	2013	14326
510 Haderslev	6500 Vojens	2014	14310
510 Haderslev	6500 Vojens	2015	14306
510 Haderslev	6500 Vojens	2016	14222
510 Haderslev	6500 Vojens	2017	14203
510 Haderslev	6500 Vojens	2018	14051
510 Haderslev	6500 Vojens	2019	13956
510 Haderslev	6500 Vojens	2020	13884
510 Haderslev	6500 Vojens	2021	13868
510 Haderslev	6500 Vojens	2022	13829
510 Haderslev	6500 Vojens	2023	13805
510 Haderslev	6500 Vojens	2024	13863
510 Haderslev	6500 Vojens	2025	13696
510 Haderslev	6500 Vojens	2026	13634
510 Haderslev	6510 Gram	2010	4711
510 Haderslev	6510 Gram	2011	4688
510 Haderslev	6510 Gram	2012	4655
510 Haderslev	6510 Gram	2013	4666
510 Haderslev	6510 Gram	2014	4654
510 Haderslev	6510 Gram	2015	4645
510 Haderslev	6510 Gram	2016	4659
510 Haderslev	6510 Gram	2017	4664
510 Haderslev	6510 Gram	2018	4693
510 Haderslev	6510 Gram	2019	4682
510 Haderslev	6510 Gram	2020	4653
510 Haderslev	6510 Gram	2021	4555
510 Haderslev	6510 Gram	2022	4527
510 Haderslev	6510 Gram	2023	4486
510 Haderslev	6510 Gram	2024	4390
510 Haderslev	6510 Gram	2025	4410
510 Haderslev	6510 Gram	2026	4408
510 Haderslev	6520 Toftlund	2010	39
510 Haderslev	6520 Toftlund	2011	37
510 Haderslev	6520 Toftlund	2012	35
510 Haderslev	6520 Toftlund	2013	36
510 Haderslev	6520 Toftlund	2014	34
510 Haderslev	6520 Toftlund	2015	29
510 Haderslev	6520 Toftlund	2016	26
510 Haderslev	6520 Toftlund	2017	27
510 Haderslev	6520 Toftlund	2018	26
510 Haderslev	6520 Toftlund	2019	28
510 Haderslev	6520 Toftlund	2020	27
510 Haderslev	6520 Toftlund	2021	27
510 Haderslev	6520 Toftlund	2022	30
510 Haderslev	6520 Toftlund	2023	29
510 Haderslev	6520 Toftlund	2024	31
510 Haderslev	6520 Toftlund	2025	31
510 Haderslev	6520 Toftlund	2026	29
510 Haderslev	6534 Agerskov	2010	25
510 Haderslev	6534 Agerskov	2011	23
510 Haderslev	6534 Agerskov	2012	22
510 Haderslev	6534 Agerskov	2013	22
510 Haderslev	6534 Agerskov	2014	23
510 Haderslev	6534 Agerskov	2015	24
510 Haderslev	6534 Agerskov	2016	26
510 Haderslev	6534 Agerskov	2017	28
510 Haderslev	6534 Agerskov	2018	27
510 Haderslev	6534 Agerskov	2019	27
510 Haderslev	6534 Agerskov	2020	28
510 Haderslev	6534 Agerskov	2021	31
510 Haderslev	6534 Agerskov	2022	28
510 Haderslev	6534 Agerskov	2023	26
510 Haderslev	6534 Agerskov	2024	32
510 Haderslev	6534 Agerskov	2025	34
510 Haderslev	6534 Agerskov	2026	30
510 Haderslev	6541 Bevtoft	2010	1136
510 Haderslev	6541 Bevtoft	2011	1103
510 Haderslev	6541 Bevtoft	2012	1086
510 Haderslev	6541 Bevtoft	2013	1085
510 Haderslev	6541 Bevtoft	2014	1043
510 Haderslev	6541 Bevtoft	2015	1020
510 Haderslev	6541 Bevtoft	2016	1022
510 Haderslev	6541 Bevtoft	2017	1020
510 Haderslev	6541 Bevtoft	2018	1015
510 Haderslev	6541 Bevtoft	2019	1043
510 Haderslev	6541 Bevtoft	2020	1005
510 Haderslev	6541 Bevtoft	2021	1013
510 Haderslev	6541 Bevtoft	2022	998
510 Haderslev	6541 Bevtoft	2023	999
510 Haderslev	6541 Bevtoft	2024	1000
510 Haderslev	6541 Bevtoft	2025	985
510 Haderslev	6541 Bevtoft	2026	995
510 Haderslev	6560 Sommersted	2010	2249
510 Haderslev	6560 Sommersted	2011	2218
510 Haderslev	6560 Sommersted	2012	2206
510 Haderslev	6560 Sommersted	2013	2150
510 Haderslev	6560 Sommersted	2014	2126
510 Haderslev	6560 Sommersted	2015	2156
510 Haderslev	6560 Sommersted	2016	2149
510 Haderslev	6560 Sommersted	2017	2154
510 Haderslev	6560 Sommersted	2018	2145
510 Haderslev	6560 Sommersted	2019	2129
510 Haderslev	6560 Sommersted	2020	2161
510 Haderslev	6560 Sommersted	2021	2088
510 Haderslev	6560 Sommersted	2022	2104
510 Haderslev	6560 Sommersted	2023	2090
510 Haderslev	6560 Sommersted	2024	2071
510 Haderslev	6560 Sommersted	2025	2034
510 Haderslev	6560 Sommersted	2026	2002
510 Haderslev	6630 Rødding	2010	9
510 Haderslev	6630 Rødding	2011	9
510 Haderslev	6630 Rødding	2012	10
510 Haderslev	6630 Rødding	2013	13
510 Haderslev	6630 Rødding	2014	13
510 Haderslev	6630 Rødding	2015	11
510 Haderslev	6630 Rødding	2016	8
510 Haderslev	6630 Rødding	2017	9
510 Haderslev	6630 Rødding	2018	9
510 Haderslev	6630 Rødding	2019	9
510 Haderslev	6630 Rødding	2020	5
510 Haderslev	6630 Rødding	2021	5
510 Haderslev	6630 Rødding	2022	4
510 Haderslev	6630 Rødding	2023	5
510 Haderslev	6630 Rødding	2024	5
510 Haderslev	6630 Rødding	2025	5
510 Haderslev	6630 Rødding	2026	4
510 Haderslev	9999 Ukendt	2010	57
510 Haderslev	9999 Ukendt	2011	47
510 Haderslev	9999 Ukendt	2012	49
510 Haderslev	9999 Ukendt	2013	38
510 Haderslev	9999 Ukendt	2014	49
510 Haderslev	9999 Ukendt	2015	42
510 Haderslev	9999 Ukendt	2016	71
510 Haderslev	9999 Ukendt	2017	66
510 Haderslev	9999 Ukendt	2018	82
510 Haderslev	9999 Ukendt	2019	75
510 Haderslev	9999 Ukendt	2020	63
510 Haderslev	9999 Ukendt	2021	67
510 Haderslev	9999 Ukendt	2022	80
510 Haderslev	9999 Ukendt	2023	75
510 Haderslev	9999 Ukendt	2024	80
510 Haderslev	9999 Ukendt	2025	84
510 Haderslev	9999 Ukendt	2026	75
530 Billund	6623 Vorbasse	2010	2111
530 Billund	6623 Vorbasse	2011	2112
530 Billund	6623 Vorbasse	2012	2128
530 Billund	6623 Vorbasse	2013	2138
530 Billund	6623 Vorbasse	2014	2065
530 Billund	6623 Vorbasse	2015	2063
530 Billund	6623 Vorbasse	2016	2134
530 Billund	6623 Vorbasse	2017	2125
530 Billund	6623 Vorbasse	2018	2065
530 Billund	6623 Vorbasse	2019	2034
530 Billund	6623 Vorbasse	2020	2053
530 Billund	6623 Vorbasse	2021	2051
530 Billund	6623 Vorbasse	2022	2051
530 Billund	6623 Vorbasse	2023	2082
530 Billund	6623 Vorbasse	2024	2015
530 Billund	6623 Vorbasse	2025	2031
530 Billund	6623 Vorbasse	2026	2002
530 Billund	6823 Ansager	2010	11
530 Billund	6823 Ansager	2011	11
530 Billund	6823 Ansager	2012	12
530 Billund	6823 Ansager	2013	13
530 Billund	6823 Ansager	2014	11
530 Billund	6823 Ansager	2015	11
530 Billund	6823 Ansager	2016	10
530 Billund	6823 Ansager	2017	9
530 Billund	6823 Ansager	2018	7
530 Billund	6823 Ansager	2019	6
530 Billund	6823 Ansager	2020	9
530 Billund	6823 Ansager	2021	12
530 Billund	6823 Ansager	2022	10
530 Billund	6823 Ansager	2023	13
530 Billund	6823 Ansager	2024	12
530 Billund	6823 Ansager	2025	12
530 Billund	6823 Ansager	2026	12
530 Billund	7190 Billund	2010	6543
530 Billund	7190 Billund	2011	6627
530 Billund	7190 Billund	2012	6608
530 Billund	7190 Billund	2013	6589
530 Billund	7190 Billund	2014	6661
530 Billund	7190 Billund	2015	6700
530 Billund	7190 Billund	2016	6728
530 Billund	7190 Billund	2017	6783
530 Billund	7190 Billund	2018	6900
530 Billund	7190 Billund	2019	7034
530 Billund	7190 Billund	2020	7095
530 Billund	7190 Billund	2021	7098
530 Billund	7190 Billund	2022	7179
530 Billund	7190 Billund	2023	7486
530 Billund	7190 Billund	2024	7733
530 Billund	7190 Billund	2025	7911
530 Billund	7190 Billund	2026	7880
530 Billund	7200 Grindsted	2010	12940
530 Billund	7200 Grindsted	2011	12889
530 Billund	7200 Grindsted	2012	12940
530 Billund	7200 Grindsted	2013	13101
530 Billund	7200 Grindsted	2014	13106
530 Billund	7200 Grindsted	2015	13079
530 Billund	7200 Grindsted	2016	13116
530 Billund	7200 Grindsted	2017	13076
530 Billund	7200 Grindsted	2018	13058
530 Billund	7200 Grindsted	2019	13082
530 Billund	7200 Grindsted	2020	13032
530 Billund	7200 Grindsted	2021	13010
530 Billund	7200 Grindsted	2022	12999
530 Billund	7200 Grindsted	2023	13060
530 Billund	7200 Grindsted	2024	13029
530 Billund	7200 Grindsted	2025	12944
530 Billund	7200 Grindsted	2026	13004
530 Billund	7250 Hejnsvig	2010	2132
530 Billund	7250 Hejnsvig	2011	2109
530 Billund	7250 Hejnsvig	2012	2106
530 Billund	7250 Hejnsvig	2013	2106
530 Billund	7250 Hejnsvig	2014	2103
530 Billund	7250 Hejnsvig	2015	2085
530 Billund	7250 Hejnsvig	2016	2099
530 Billund	7250 Hejnsvig	2017	2082
530 Billund	7250 Hejnsvig	2018	2079
530 Billund	7250 Hejnsvig	2019	2057
530 Billund	7250 Hejnsvig	2020	2040
530 Billund	7250 Hejnsvig	2021	1995
530 Billund	7250 Hejnsvig	2022	1976
530 Billund	7250 Hejnsvig	2023	1965
530 Billund	7250 Hejnsvig	2024	1950
530 Billund	7250 Hejnsvig	2025	1916
530 Billund	7250 Hejnsvig	2026	1932
530 Billund	7260 Sønder Omme	2010	2423
530 Billund	7260 Sønder Omme	2011	2404
530 Billund	7260 Sønder Omme	2012	2421
530 Billund	7260 Sønder Omme	2013	2398
530 Billund	7260 Sønder Omme	2014	2357
530 Billund	7260 Sønder Omme	2015	2323
530 Billund	7260 Sønder Omme	2016	2327
530 Billund	7260 Sønder Omme	2017	2367
530 Billund	7260 Sønder Omme	2018	2350
530 Billund	7260 Sønder Omme	2019	2376
530 Billund	7260 Sønder Omme	2020	2350
530 Billund	7260 Sønder Omme	2021	2361
530 Billund	7260 Sønder Omme	2022	2396
530 Billund	7260 Sønder Omme	2023	2392
530 Billund	7260 Sønder Omme	2024	2363
530 Billund	7260 Sønder Omme	2025	2334
530 Billund	7260 Sønder Omme	2026	2347
530 Billund	7270 Stakroge	2010	0
530 Billund	7270 Stakroge	2011	1
530 Billund	7270 Stakroge	2012	1
530 Billund	7270 Stakroge	2013	0
530 Billund	7270 Stakroge	2014	1
530 Billund	7270 Stakroge	2015	1
530 Billund	7270 Stakroge	2016	0
530 Billund	7270 Stakroge	2017	0
530 Billund	7270 Stakroge	2018	0
530 Billund	7270 Stakroge	2019	2
530 Billund	7270 Stakroge	2020	2
530 Billund	7270 Stakroge	2021	2
530 Billund	7270 Stakroge	2022	2
530 Billund	7270 Stakroge	2023	2
530 Billund	7270 Stakroge	2024	2
530 Billund	7270 Stakroge	2025	2
530 Billund	7270 Stakroge	2026	0
530 Billund	9999 Ukendt	2010	0
530 Billund	9999 Ukendt	2011	2
530 Billund	9999 Ukendt	2012	4
530 Billund	9999 Ukendt	2013	12
530 Billund	9999 Ukendt	2014	14
530 Billund	9999 Ukendt	2015	23
530 Billund	9999 Ukendt	2016	20
530 Billund	9999 Ukendt	2017	39
530 Billund	9999 Ukendt	2018	23
530 Billund	9999 Ukendt	2019	38
530 Billund	9999 Ukendt	2020	27
530 Billund	9999 Ukendt	2021	22
530 Billund	9999 Ukendt	2022	18
530 Billund	9999 Ukendt	2023	21
530 Billund	9999 Ukendt	2024	15
530 Billund	9999 Ukendt	2025	18
530 Billund	9999 Ukendt	2026	23
540 Sønderborg	6300 Gråsten	2010	7453
540 Sønderborg	6300 Gråsten	2011	7398
540 Sønderborg	6300 Gråsten	2012	7370
540 Sønderborg	6300 Gråsten	2013	7378
540 Sønderborg	6300 Gråsten	2014	7375
540 Sønderborg	6300 Gråsten	2015	7398
540 Sønderborg	6300 Gråsten	2016	7351
540 Sønderborg	6300 Gråsten	2017	7362
540 Sønderborg	6300 Gråsten	2018	7387
540 Sønderborg	6300 Gråsten	2019	7469
540 Sønderborg	6300 Gråsten	2020	7437
540 Sønderborg	6300 Gråsten	2021	7322
540 Sønderborg	6300 Gråsten	2022	7330
540 Sønderborg	6300 Gråsten	2023	7430
540 Sønderborg	6300 Gråsten	2024	7430
540 Sønderborg	6300 Gråsten	2025	7387
540 Sønderborg	6300 Gråsten	2026	7380
540 Sønderborg	6310 Broager	2010	4751
540 Sønderborg	6310 Broager	2011	4753
540 Sønderborg	6310 Broager	2012	4792
540 Sønderborg	6310 Broager	2013	4746
540 Sønderborg	6310 Broager	2014	4701
540 Sønderborg	6310 Broager	2015	4679
540 Sønderborg	6310 Broager	2016	4640
540 Sønderborg	6310 Broager	2017	4669
540 Sønderborg	6310 Broager	2018	4651
540 Sønderborg	6310 Broager	2019	4664
540 Sønderborg	6310 Broager	2020	4616
540 Sønderborg	6310 Broager	2021	4615
540 Sønderborg	6310 Broager	2022	4597
540 Sønderborg	6310 Broager	2023	4644
540 Sønderborg	6310 Broager	2024	4568
540 Sønderborg	6310 Broager	2025	4550
540 Sønderborg	6310 Broager	2026	4514
540 Sønderborg	6320 Egernsund	2010	1628
540 Sønderborg	6320 Egernsund	2011	1602
540 Sønderborg	6320 Egernsund	2012	1594
540 Sønderborg	6320 Egernsund	2013	1615
540 Sønderborg	6320 Egernsund	2014	1574
540 Sønderborg	6320 Egernsund	2015	1542
540 Sønderborg	6320 Egernsund	2016	1546
540 Sønderborg	6320 Egernsund	2017	1555
540 Sønderborg	6320 Egernsund	2018	1559
540 Sønderborg	6320 Egernsund	2019	1539
540 Sønderborg	6320 Egernsund	2020	1509
540 Sønderborg	6320 Egernsund	2021	1533
540 Sønderborg	6320 Egernsund	2022	1540
540 Sønderborg	6320 Egernsund	2023	1539
540 Sønderborg	6320 Egernsund	2024	1512
540 Sønderborg	6320 Egernsund	2025	1496
540 Sønderborg	6320 Egernsund	2026	1485
540 Sønderborg	6400 Sønderborg	2010	35907
540 Sønderborg	6400 Sønderborg	2011	35962
540 Sønderborg	6400 Sønderborg	2012	36128
540 Sønderborg	6400 Sønderborg	2013	36198
540 Sønderborg	6400 Sønderborg	2014	36185
540 Sønderborg	6400 Sønderborg	2015	36090
540 Sønderborg	6400 Sønderborg	2016	36302
540 Sønderborg	6400 Sønderborg	2017	36509
540 Sønderborg	6400 Sønderborg	2018	36465
540 Sønderborg	6400 Sønderborg	2019	36346
540 Sønderborg	6400 Sønderborg	2020	36336
540 Sønderborg	6400 Sønderborg	2021	36230
540 Sønderborg	6400 Sønderborg	2022	36257
540 Sønderborg	6400 Sønderborg	2023	36665
540 Sønderborg	6400 Sønderborg	2024	36808
540 Sønderborg	6400 Sønderborg	2025	36846
540 Sønderborg	6400 Sønderborg	2026	37038
540 Sønderborg	6430 Nordborg	2010	13454
540 Sønderborg	6430 Nordborg	2011	13236
540 Sønderborg	6430 Nordborg	2012	13094
540 Sønderborg	6430 Nordborg	2013	12765
540 Sønderborg	6430 Nordborg	2014	12529
540 Sønderborg	6430 Nordborg	2015	12402
540 Sønderborg	6430 Nordborg	2016	12143
540 Sønderborg	6430 Nordborg	2017	12060
540 Sønderborg	6430 Nordborg	2018	11872
540 Sønderborg	6430 Nordborg	2019	11849
540 Sønderborg	6430 Nordborg	2020	11693
540 Sønderborg	6430 Nordborg	2021	11579
540 Sønderborg	6430 Nordborg	2022	11467
540 Sønderborg	6430 Nordborg	2023	11566
540 Sønderborg	6430 Nordborg	2024	11422
540 Sønderborg	6430 Nordborg	2025	11365
540 Sønderborg	6430 Nordborg	2026	11321
540 Sønderborg	6440 Augustenborg	2010	6577
540 Sønderborg	6440 Augustenborg	2011	6575
540 Sønderborg	6440 Augustenborg	2012	6481
540 Sønderborg	6440 Augustenborg	2013	6485
540 Sønderborg	6440 Augustenborg	2014	6415
540 Sønderborg	6440 Augustenborg	2015	6356
540 Sønderborg	6440 Augustenborg	2016	6339
540 Sønderborg	6440 Augustenborg	2017	6258
540 Sønderborg	6440 Augustenborg	2018	6272
540 Sønderborg	6440 Augustenborg	2019	6254
540 Sønderborg	6440 Augustenborg	2020	6182
540 Sønderborg	6440 Augustenborg	2021	6150
540 Sønderborg	6440 Augustenborg	2022	6076
540 Sønderborg	6440 Augustenborg	2023	6012
540 Sønderborg	6440 Augustenborg	2024	6004
540 Sønderborg	6440 Augustenborg	2025	5944
540 Sønderborg	6440 Augustenborg	2026	5947
540 Sønderborg	6470 Sydals	2010	6669
540 Sønderborg	6470 Sydals	2011	6667
540 Sønderborg	6470 Sydals	2012	6622
540 Sønderborg	6470 Sydals	2013	6545
540 Sønderborg	6470 Sydals	2014	6485
540 Sønderborg	6470 Sydals	2015	6470
540 Sønderborg	6470 Sydals	2016	6416
540 Sønderborg	6470 Sydals	2017	6388
540 Sønderborg	6470 Sydals	2018	6444
540 Sønderborg	6470 Sydals	2019	6392
540 Sønderborg	6470 Sydals	2020	6386
540 Sønderborg	6470 Sydals	2021	6323
540 Sønderborg	6470 Sydals	2022	6371
540 Sønderborg	6470 Sydals	2023	6441
540 Sønderborg	6470 Sydals	2024	6398
540 Sønderborg	6470 Sydals	2025	6381
540 Sønderborg	6470 Sydals	2026	6332
540 Sønderborg	9999 Ukendt	2010	0
540 Sønderborg	9999 Ukendt	2011	0
540 Sønderborg	9999 Ukendt	2012	13
540 Sønderborg	9999 Ukendt	2013	0
540 Sønderborg	9999 Ukendt	2014	0
540 Sønderborg	9999 Ukendt	2015	0
540 Sønderborg	9999 Ukendt	2016	0
540 Sønderborg	9999 Ukendt	2017	0
540 Sønderborg	9999 Ukendt	2018	0
540 Sønderborg	9999 Ukendt	2019	48
540 Sønderborg	9999 Ukendt	2020	61
540 Sønderborg	9999 Ukendt	2021	79
540 Sønderborg	9999 Ukendt	2022	73
540 Sønderborg	9999 Ukendt	2023	83
540 Sønderborg	9999 Ukendt	2024	91
540 Sønderborg	9999 Ukendt	2025	127
540 Sønderborg	9999 Ukendt	2026	106
550 Tønder	6240 Løgumkloster	2010	6749
550 Tønder	6240 Løgumkloster	2011	6657
550 Tønder	6240 Løgumkloster	2012	6637
550 Tønder	6240 Løgumkloster	2013	6579
550 Tønder	6240 Løgumkloster	2014	6422
550 Tønder	6240 Løgumkloster	2015	6410
550 Tønder	6240 Løgumkloster	2016	6453
550 Tønder	6240 Løgumkloster	2017	6442
550 Tønder	6240 Løgumkloster	2018	6430
550 Tønder	6240 Løgumkloster	2019	6413
550 Tønder	6240 Løgumkloster	2020	6375
550 Tønder	6240 Løgumkloster	2021	6327
550 Tønder	6240 Løgumkloster	2022	6248
550 Tønder	6240 Løgumkloster	2023	6201
550 Tønder	6240 Løgumkloster	2024	6217
550 Tønder	6240 Løgumkloster	2025	6251
550 Tønder	6240 Løgumkloster	2026	6198
550 Tønder	6261 Bredebro	2010	3483
550 Tønder	6261 Bredebro	2011	3444
550 Tønder	6261 Bredebro	2012	3363
550 Tønder	6261 Bredebro	2013	3314
550 Tønder	6261 Bredebro	2014	3312
550 Tønder	6261 Bredebro	2015	3263
550 Tønder	6261 Bredebro	2016	3213
550 Tønder	6261 Bredebro	2017	3199
550 Tønder	6261 Bredebro	2018	3191
550 Tønder	6261 Bredebro	2019	3176
550 Tønder	6261 Bredebro	2020	3154
550 Tønder	6261 Bredebro	2021	3137
550 Tønder	6261 Bredebro	2022	3072
550 Tønder	6261 Bredebro	2023	3067
550 Tønder	6261 Bredebro	2024	3019
550 Tønder	6261 Bredebro	2025	3027
550 Tønder	6261 Bredebro	2026	3004
550 Tønder	6270 Tønder	2010	11975
550 Tønder	6270 Tønder	2011	11889
550 Tønder	6270 Tønder	2012	11806
550 Tønder	6270 Tønder	2013	11674
550 Tønder	6270 Tønder	2014	11659
550 Tønder	6270 Tønder	2015	11551
550 Tønder	6270 Tønder	2016	11499
550 Tønder	6270 Tønder	2017	11571
550 Tønder	6270 Tønder	2018	11534
550 Tønder	6270 Tønder	2019	11475
550 Tønder	6270 Tønder	2020	11413
550 Tønder	6270 Tønder	2021	11283
550 Tønder	6270 Tønder	2022	11231
550 Tønder	6270 Tønder	2023	11313
550 Tønder	6270 Tønder	2024	11185
550 Tønder	6270 Tønder	2025	11067
550 Tønder	6270 Tønder	2026	11035
550 Tønder	6280 Højer	2010	2630
550 Tønder	6280 Højer	2011	2596
550 Tønder	6280 Højer	2012	2526
550 Tønder	6280 Højer	2013	2478
550 Tønder	6280 Højer	2014	2455
550 Tønder	6280 Højer	2015	2428
550 Tønder	6280 Højer	2016	2396
550 Tønder	6280 Højer	2017	2363
550 Tønder	6280 Højer	2018	2315
550 Tønder	6280 Højer	2019	2286
550 Tønder	6280 Højer	2020	2263
550 Tønder	6280 Højer	2021	2237
550 Tønder	6280 Højer	2022	2226
550 Tønder	6280 Højer	2023	2173
550 Tønder	6280 Højer	2024	2172
550 Tønder	6280 Højer	2025	2137
550 Tønder	6280 Højer	2026	2083
550 Tønder	6520 Toftlund	2010	4887
550 Tønder	6520 Toftlund	2011	4923
550 Tønder	6520 Toftlund	2012	4916
550 Tønder	6520 Toftlund	2013	4868
550 Tønder	6520 Toftlund	2014	4867
550 Tønder	6520 Toftlund	2015	4786
550 Tønder	6520 Toftlund	2016	4839
550 Tønder	6520 Toftlund	2017	4823
550 Tønder	6520 Toftlund	2018	4833
550 Tønder	6520 Toftlund	2019	4816
550 Tønder	6520 Toftlund	2020	4798
550 Tønder	6520 Toftlund	2021	4770
550 Tønder	6520 Toftlund	2022	4767
550 Tønder	6520 Toftlund	2023	4814
550 Tønder	6520 Toftlund	2024	4787
550 Tønder	6520 Toftlund	2025	4746
550 Tønder	6520 Toftlund	2026	4741
550 Tønder	6534 Agerskov	2010	1930
550 Tønder	6534 Agerskov	2011	1946
550 Tønder	6534 Agerskov	2012	1883
550 Tønder	6534 Agerskov	2013	1862
550 Tønder	6534 Agerskov	2014	1848
550 Tønder	6534 Agerskov	2015	1873
550 Tønder	6534 Agerskov	2016	1841
550 Tønder	6534 Agerskov	2017	1853
550 Tønder	6534 Agerskov	2018	1839
550 Tønder	6534 Agerskov	2019	1831
550 Tønder	6534 Agerskov	2020	1791
550 Tønder	6534 Agerskov	2021	1814
550 Tønder	6534 Agerskov	2022	1825
550 Tønder	6534 Agerskov	2023	1807
550 Tønder	6534 Agerskov	2024	1801
550 Tønder	6534 Agerskov	2025	1781
550 Tønder	6534 Agerskov	2026	1758
550 Tønder	6535 Branderup J	2010	709
550 Tønder	6535 Branderup J	2011	731
550 Tønder	6535 Branderup J	2012	714
550 Tønder	6535 Branderup J	2013	703
550 Tønder	6535 Branderup J	2014	704
550 Tønder	6535 Branderup J	2015	685
550 Tønder	6535 Branderup J	2016	697
550 Tønder	6535 Branderup J	2017	695
550 Tønder	6535 Branderup J	2018	690
550 Tønder	6535 Branderup J	2019	695
550 Tønder	6535 Branderup J	2020	685
550 Tønder	6535 Branderup J	2021	660
550 Tønder	6535 Branderup J	2022	674
550 Tønder	6535 Branderup J	2023	653
550 Tønder	6535 Branderup J	2024	664
550 Tønder	6535 Branderup J	2025	645
550 Tønder	6535 Branderup J	2026	624
550 Tønder	6541 Bevtoft	2010	258
550 Tønder	6541 Bevtoft	2011	247
550 Tønder	6541 Bevtoft	2012	242
550 Tønder	6541 Bevtoft	2013	236
550 Tønder	6541 Bevtoft	2014	223
550 Tønder	6541 Bevtoft	2015	231
550 Tønder	6541 Bevtoft	2016	229
550 Tønder	6541 Bevtoft	2017	231
550 Tønder	6541 Bevtoft	2018	221
550 Tønder	6541 Bevtoft	2019	220
550 Tønder	6541 Bevtoft	2020	209
550 Tønder	6541 Bevtoft	2021	215
550 Tønder	6541 Bevtoft	2022	226
550 Tønder	6541 Bevtoft	2023	213
550 Tønder	6541 Bevtoft	2024	220
550 Tønder	6541 Bevtoft	2025	222
550 Tønder	6541 Bevtoft	2026	215
550 Tønder	6780 Skærbæk	2010	6409
550 Tønder	6780 Skærbæk	2011	6381
550 Tønder	6780 Skærbæk	2012	6349
550 Tønder	6780 Skærbæk	2013	6354
550 Tønder	6780 Skærbæk	2014	6208
550 Tønder	6780 Skærbæk	2015	6189
550 Tønder	6780 Skærbæk	2016	6146
550 Tønder	6780 Skærbæk	2017	6167
550 Tønder	6780 Skærbæk	2018	6149
550 Tønder	6780 Skærbæk	2019	6111
550 Tønder	6780 Skærbæk	2020	6118
550 Tønder	6780 Skærbæk	2021	6044
550 Tønder	6780 Skærbæk	2022	6019
550 Tønder	6780 Skærbæk	2023	6072
550 Tønder	6780 Skærbæk	2024	6014
550 Tønder	6780 Skærbæk	2025	5965
550 Tønder	6780 Skærbæk	2026	5977
550 Tønder	6792 Rømø	2010	680
550 Tønder	6792 Rømø	2011	650
550 Tønder	6792 Rømø	2012	647
550 Tønder	6792 Rømø	2013	618
550 Tønder	6792 Rømø	2014	618
550 Tønder	6792 Rømø	2015	594
550 Tønder	6792 Rømø	2016	591
550 Tønder	6792 Rømø	2017	584
550 Tønder	6792 Rømø	2018	575
550 Tønder	6792 Rømø	2019	564
550 Tønder	6792 Rømø	2020	559
550 Tønder	6792 Rømø	2021	559
550 Tønder	6792 Rømø	2022	559
550 Tønder	6792 Rømø	2023	562
550 Tønder	6792 Rømø	2024	569
550 Tønder	6792 Rømø	2025	557
550 Tønder	6792 Rømø	2026	538
550 Tønder	9999 Ukendt	2010	0
550 Tønder	9999 Ukendt	2011	0
550 Tønder	9999 Ukendt	2012	0
550 Tønder	9999 Ukendt	2013	0
550 Tønder	9999 Ukendt	2014	0
550 Tønder	9999 Ukendt	2015	0
550 Tønder	9999 Ukendt	2016	0
550 Tønder	9999 Ukendt	2017	0
550 Tønder	9999 Ukendt	2018	0
550 Tønder	9999 Ukendt	2019	0
550 Tønder	9999 Ukendt	2020	1
550 Tønder	9999 Ukendt	2021	4
550 Tønder	9999 Ukendt	2022	2
550 Tønder	9999 Ukendt	2023	3
550 Tønder	9999 Ukendt	2024	3
550 Tønder	9999 Ukendt	2025	1
550 Tønder	9999 Ukendt	2026	1
561 Esbjerg	6510 Gram	2010	0
561 Esbjerg	6510 Gram	2011	0
561 Esbjerg	6510 Gram	2012	0
561 Esbjerg	6510 Gram	2013	0
561 Esbjerg	6510 Gram	2014	0
561 Esbjerg	6510 Gram	2015	0
561 Esbjerg	6510 Gram	2016	0
561 Esbjerg	6510 Gram	2017	0
561 Esbjerg	6510 Gram	2018	0
561 Esbjerg	6510 Gram	2019	0
561 Esbjerg	6510 Gram	2020	0
561 Esbjerg	6510 Gram	2021	0
561 Esbjerg	6510 Gram	2022	0
561 Esbjerg	6510 Gram	2023	0
561 Esbjerg	6510 Gram	2024	0
561 Esbjerg	6510 Gram	2025	0
561 Esbjerg	6510 Gram	2026	0
561 Esbjerg	6670 Holsted	2010	10
561 Esbjerg	6670 Holsted	2011	8
561 Esbjerg	6670 Holsted	2012	8
561 Esbjerg	6670 Holsted	2013	8
561 Esbjerg	6670 Holsted	2014	7
561 Esbjerg	6670 Holsted	2015	8
561 Esbjerg	6670 Holsted	2016	8
561 Esbjerg	6670 Holsted	2017	7
561 Esbjerg	6670 Holsted	2018	8
561 Esbjerg	6670 Holsted	2019	7
561 Esbjerg	6670 Holsted	2020	7
561 Esbjerg	6670 Holsted	2021	7
561 Esbjerg	6670 Holsted	2022	8
561 Esbjerg	6670 Holsted	2023	7
561 Esbjerg	6670 Holsted	2024	7
561 Esbjerg	6670 Holsted	2025	6
561 Esbjerg	6670 Holsted	2026	7
561 Esbjerg	6683 Føvling	2010	9
561 Esbjerg	6683 Føvling	2011	9
561 Esbjerg	6683 Føvling	2012	8
561 Esbjerg	6683 Føvling	2013	10
561 Esbjerg	6683 Føvling	2014	8
561 Esbjerg	6683 Føvling	2015	8
561 Esbjerg	6683 Føvling	2016	8
561 Esbjerg	6683 Føvling	2017	9
561 Esbjerg	6683 Føvling	2018	12
561 Esbjerg	6683 Føvling	2019	8
561 Esbjerg	6683 Føvling	2020	8
561 Esbjerg	6683 Føvling	2021	8
561 Esbjerg	6683 Føvling	2022	5
561 Esbjerg	6683 Føvling	2023	7
561 Esbjerg	6683 Føvling	2024	5
561 Esbjerg	6683 Føvling	2025	2
561 Esbjerg	6683 Føvling	2026	3
561 Esbjerg	6690 Gørding	2010	2584
561 Esbjerg	6690 Gørding	2011	2543
561 Esbjerg	6690 Gørding	2012	2525
561 Esbjerg	6690 Gørding	2013	2512
561 Esbjerg	6690 Gørding	2014	2516
561 Esbjerg	6690 Gørding	2015	2486
561 Esbjerg	6690 Gørding	2016	2465
561 Esbjerg	6690 Gørding	2017	2512
561 Esbjerg	6690 Gørding	2018	2494
561 Esbjerg	6690 Gørding	2019	2481
561 Esbjerg	6690 Gørding	2020	2438
561 Esbjerg	6690 Gørding	2021	2427
561 Esbjerg	6690 Gørding	2022	2462
561 Esbjerg	6690 Gørding	2023	2460
561 Esbjerg	6690 Gørding	2024	2465
561 Esbjerg	6690 Gørding	2025	2459
561 Esbjerg	6690 Gørding	2026	2476
561 Esbjerg	6700 Esbjerg	2010	28689
561 Esbjerg	6700 Esbjerg	2011	28837
561 Esbjerg	6700 Esbjerg	2012	28809
561 Esbjerg	6700 Esbjerg	2013	28964
561 Esbjerg	6700 Esbjerg	2014	29189
561 Esbjerg	6700 Esbjerg	2015	29424
561 Esbjerg	6700 Esbjerg	2016	29407
561 Esbjerg	6700 Esbjerg	2017	29548
561 Esbjerg	6700 Esbjerg	2018	29597
561 Esbjerg	6700 Esbjerg	2019	29626
561 Esbjerg	6700 Esbjerg	2020	29759
561 Esbjerg	6700 Esbjerg	2021	29698
561 Esbjerg	6700 Esbjerg	2022	29596
561 Esbjerg	6700 Esbjerg	2023	29812
561 Esbjerg	6700 Esbjerg	2024	29694
561 Esbjerg	6700 Esbjerg	2025	29494
561 Esbjerg	6700 Esbjerg	2026	29336
561 Esbjerg	6705 Esbjerg Ø	2010	15159
561 Esbjerg	6705 Esbjerg Ø	2011	15086
561 Esbjerg	6705 Esbjerg Ø	2012	15186
561 Esbjerg	6705 Esbjerg Ø	2013	15169
561 Esbjerg	6705 Esbjerg Ø	2014	15075
561 Esbjerg	6705 Esbjerg Ø	2015	15185
561 Esbjerg	6705 Esbjerg Ø	2016	15289
561 Esbjerg	6705 Esbjerg Ø	2017	15206
561 Esbjerg	6705 Esbjerg Ø	2018	15154
561 Esbjerg	6705 Esbjerg Ø	2019	15067
561 Esbjerg	6705 Esbjerg Ø	2020	14910
561 Esbjerg	6705 Esbjerg Ø	2021	14982
561 Esbjerg	6705 Esbjerg Ø	2022	14582
561 Esbjerg	6705 Esbjerg Ø	2023	14365
561 Esbjerg	6705 Esbjerg Ø	2024	14183
561 Esbjerg	6705 Esbjerg Ø	2025	14047
561 Esbjerg	6705 Esbjerg Ø	2026	14703
561 Esbjerg	6710 Esbjerg V	2010	23478
561 Esbjerg	6710 Esbjerg V	2011	23578
561 Esbjerg	6710 Esbjerg V	2012	23561
561 Esbjerg	6710 Esbjerg V	2013	23551
561 Esbjerg	6710 Esbjerg V	2014	23635
561 Esbjerg	6710 Esbjerg V	2015	23665
561 Esbjerg	6710 Esbjerg V	2016	23684
561 Esbjerg	6710 Esbjerg V	2017	23773
561 Esbjerg	6710 Esbjerg V	2018	23917
561 Esbjerg	6710 Esbjerg V	2019	23790
561 Esbjerg	6710 Esbjerg V	2020	23757
561 Esbjerg	6710 Esbjerg V	2021	23881
561 Esbjerg	6710 Esbjerg V	2022	23952
561 Esbjerg	6710 Esbjerg V	2023	24150
561 Esbjerg	6710 Esbjerg V	2024	24093
561 Esbjerg	6710 Esbjerg V	2025	24146
561 Esbjerg	6710 Esbjerg V	2026	24074
561 Esbjerg	6715 Esbjerg N	2010	11554
561 Esbjerg	6715 Esbjerg N	2011	11582
561 Esbjerg	6715 Esbjerg N	2012	11601
561 Esbjerg	6715 Esbjerg N	2013	11564
561 Esbjerg	6715 Esbjerg N	2014	11483
561 Esbjerg	6715 Esbjerg N	2015	11553
561 Esbjerg	6715 Esbjerg N	2016	11549
561 Esbjerg	6715 Esbjerg N	2017	11538
561 Esbjerg	6715 Esbjerg N	2018	11525
561 Esbjerg	6715 Esbjerg N	2019	11479
561 Esbjerg	6715 Esbjerg N	2020	11459
561 Esbjerg	6715 Esbjerg N	2021	11335
561 Esbjerg	6715 Esbjerg N	2022	11457
561 Esbjerg	6715 Esbjerg N	2023	11531
561 Esbjerg	6715 Esbjerg N	2024	11505
561 Esbjerg	6715 Esbjerg N	2025	11681
561 Esbjerg	6715 Esbjerg N	2026	11710
561 Esbjerg	6731 Tjæreborg	2010	3185
561 Esbjerg	6731 Tjæreborg	2011	3218
561 Esbjerg	6731 Tjæreborg	2012	3198
561 Esbjerg	6731 Tjæreborg	2013	3213
561 Esbjerg	6731 Tjæreborg	2014	3278
561 Esbjerg	6731 Tjæreborg	2015	3314
561 Esbjerg	6731 Tjæreborg	2016	3307
561 Esbjerg	6731 Tjæreborg	2017	3310
561 Esbjerg	6731 Tjæreborg	2018	3359
561 Esbjerg	6731 Tjæreborg	2019	3373
561 Esbjerg	6731 Tjæreborg	2020	3434
561 Esbjerg	6731 Tjæreborg	2021	3536
561 Esbjerg	6731 Tjæreborg	2022	3562
561 Esbjerg	6731 Tjæreborg	2023	3621
561 Esbjerg	6731 Tjæreborg	2024	3621
561 Esbjerg	6731 Tjæreborg	2025	3591
561 Esbjerg	6731 Tjæreborg	2026	3600
561 Esbjerg	6740 Bramming	2010	11645
561 Esbjerg	6740 Bramming	2011	11627
561 Esbjerg	6740 Bramming	2012	11555
561 Esbjerg	6740 Bramming	2013	11498
561 Esbjerg	6740 Bramming	2014	11449
561 Esbjerg	6740 Bramming	2015	11388
561 Esbjerg	6740 Bramming	2016	11464
561 Esbjerg	6740 Bramming	2017	11470
561 Esbjerg	6740 Bramming	2018	11471
561 Esbjerg	6740 Bramming	2019	11358
561 Esbjerg	6740 Bramming	2020	11364
561 Esbjerg	6740 Bramming	2021	11441
561 Esbjerg	6740 Bramming	2022	11508
561 Esbjerg	6740 Bramming	2023	11492
561 Esbjerg	6740 Bramming	2024	11551
561 Esbjerg	6740 Bramming	2025	11511
561 Esbjerg	6740 Bramming	2026	11474
561 Esbjerg	6760 Ribe	2010	15313
561 Esbjerg	6760 Ribe	2011	15277
561 Esbjerg	6760 Ribe	2012	15249
561 Esbjerg	6760 Ribe	2013	15175
561 Esbjerg	6760 Ribe	2014	15052
561 Esbjerg	6760 Ribe	2015	14999
561 Esbjerg	6760 Ribe	2016	15100
561 Esbjerg	6760 Ribe	2017	15106
561 Esbjerg	6760 Ribe	2018	15076
561 Esbjerg	6760 Ribe	2019	15073
561 Esbjerg	6760 Ribe	2020	15010
561 Esbjerg	6760 Ribe	2021	14951
561 Esbjerg	6760 Ribe	2022	15018
561 Esbjerg	6760 Ribe	2023	14994
561 Esbjerg	6760 Ribe	2024	14974
561 Esbjerg	6760 Ribe	2025	14919
561 Esbjerg	6760 Ribe	2026	14949
561 Esbjerg	6771 Gredstedbro	2010	2556
561 Esbjerg	6771 Gredstedbro	2011	2553
561 Esbjerg	6771 Gredstedbro	2012	2536
561 Esbjerg	6771 Gredstedbro	2013	2515
561 Esbjerg	6771 Gredstedbro	2014	2532
561 Esbjerg	6771 Gredstedbro	2015	2534
561 Esbjerg	6771 Gredstedbro	2016	2561
561 Esbjerg	6771 Gredstedbro	2017	2575
561 Esbjerg	6771 Gredstedbro	2018	2571
561 Esbjerg	6771 Gredstedbro	2019	2552
561 Esbjerg	6771 Gredstedbro	2020	2535
561 Esbjerg	6771 Gredstedbro	2021	2528
561 Esbjerg	6771 Gredstedbro	2022	2540
561 Esbjerg	6771 Gredstedbro	2023	2519
561 Esbjerg	6771 Gredstedbro	2024	2514
561 Esbjerg	6771 Gredstedbro	2025	2505
561 Esbjerg	6771 Gredstedbro	2026	2465
561 Esbjerg	6818 Årre	2010	703
561 Esbjerg	6818 Årre	2011	708
561 Esbjerg	6818 Årre	2012	700
561 Esbjerg	6818 Årre	2013	689
561 Esbjerg	6818 Årre	2014	691
561 Esbjerg	6818 Årre	2015	695
561 Esbjerg	6818 Årre	2016	700
561 Esbjerg	6818 Årre	2017	680
561 Esbjerg	6818 Årre	2018	693
561 Esbjerg	6818 Årre	2019	693
561 Esbjerg	6818 Årre	2020	673
561 Esbjerg	6818 Årre	2021	650
561 Esbjerg	6818 Årre	2022	650
561 Esbjerg	6818 Årre	2023	649
561 Esbjerg	6818 Årre	2024	666
561 Esbjerg	6818 Årre	2025	646
561 Esbjerg	6818 Årre	2026	1
561 Esbjerg	9999 Ukendt	2010	229
561 Esbjerg	9999 Ukendt	2011	158
561 Esbjerg	9999 Ukendt	2012	176
561 Esbjerg	9999 Ukendt	2013	183
561 Esbjerg	9999 Ukendt	2014	180
561 Esbjerg	9999 Ukendt	2015	187
561 Esbjerg	9999 Ukendt	2016	206
561 Esbjerg	9999 Ukendt	2017	171
561 Esbjerg	9999 Ukendt	2018	155
561 Esbjerg	9999 Ukendt	2019	145
561 Esbjerg	9999 Ukendt	2020	129
561 Esbjerg	9999 Ukendt	2021	135
561 Esbjerg	9999 Ukendt	2022	119
561 Esbjerg	9999 Ukendt	2023	151
561 Esbjerg	9999 Ukendt	2024	145
561 Esbjerg	9999 Ukendt	2025	150
561 Esbjerg	9999 Ukendt	2026	149
563 Fanø	6720 Fanø	2010	3219
563 Fanø	6720 Fanø	2011	3213
563 Fanø	6720 Fanø	2012	3251
563 Fanø	6720 Fanø	2013	3237
563 Fanø	6720 Fanø	2014	3264
563 Fanø	6720 Fanø	2015	3263
563 Fanø	6720 Fanø	2016	3290
563 Fanø	6720 Fanø	2017	3345
563 Fanø	6720 Fanø	2018	3401
563 Fanø	6720 Fanø	2019	3404
563 Fanø	6720 Fanø	2020	3488
563 Fanø	6720 Fanø	2021	3456
563 Fanø	6720 Fanø	2022	3427
563 Fanø	6720 Fanø	2023	3426
563 Fanø	6720 Fanø	2024	3357
563 Fanø	6720 Fanø	2025	3270
563 Fanø	6720 Fanø	2026	3332
563 Fanø	9999 Ukendt	2010	0
563 Fanø	9999 Ukendt	2011	0
563 Fanø	9999 Ukendt	2012	0
563 Fanø	9999 Ukendt	2013	0
563 Fanø	9999 Ukendt	2014	0
563 Fanø	9999 Ukendt	2015	0
563 Fanø	9999 Ukendt	2016	0
563 Fanø	9999 Ukendt	2017	0
563 Fanø	9999 Ukendt	2018	0
563 Fanø	9999 Ukendt	2019	0
563 Fanø	9999 Ukendt	2020	0
563 Fanø	9999 Ukendt	2021	0
563 Fanø	9999 Ukendt	2022	0
563 Fanø	9999 Ukendt	2023	0
563 Fanø	9999 Ukendt	2024	0
563 Fanø	9999 Ukendt	2025	0
563 Fanø	9999 Ukendt	2026	0
573 Varde	6682 Hovborg	2010	4
573 Varde	6682 Hovborg	2011	4
573 Varde	6682 Hovborg	2012	3
573 Varde	6682 Hovborg	2013	2
573 Varde	6682 Hovborg	2014	3
573 Varde	6682 Hovborg	2015	5
573 Varde	6682 Hovborg	2016	3
573 Varde	6682 Hovborg	2017	2
573 Varde	6682 Hovborg	2018	1
573 Varde	6682 Hovborg	2019	0
573 Varde	6682 Hovborg	2020	4
573 Varde	6682 Hovborg	2021	4
573 Varde	6682 Hovborg	2022	4
573 Varde	6682 Hovborg	2023	1
573 Varde	6682 Hovborg	2024	1
573 Varde	6682 Hovborg	2025	2
573 Varde	6682 Hovborg	2026	2
573 Varde	6753 Agerbæk	2010	1663
573 Varde	6753 Agerbæk	2011	1638
573 Varde	6753 Agerbæk	2012	1648
573 Varde	6753 Agerbæk	2013	1621
573 Varde	6753 Agerbæk	2014	1633
573 Varde	6753 Agerbæk	2015	1654
573 Varde	6753 Agerbæk	2016	1627
573 Varde	6753 Agerbæk	2017	1643
573 Varde	6753 Agerbæk	2018	1649
573 Varde	6753 Agerbæk	2019	1637
573 Varde	6753 Agerbæk	2020	1628
573 Varde	6753 Agerbæk	2021	1608
573 Varde	6753 Agerbæk	2022	1596
573 Varde	6753 Agerbæk	2023	1596
573 Varde	6753 Agerbæk	2024	1603
573 Varde	6753 Agerbæk	2025	1567
573 Varde	6753 Agerbæk	2026	1579
573 Varde	6800 Varde	2010	21393
573 Varde	6800 Varde	2011	21569
573 Varde	6800 Varde	2012	21655
573 Varde	6800 Varde	2013	21693
573 Varde	6800 Varde	2014	21830
573 Varde	6800 Varde	2015	22007
573 Varde	6800 Varde	2016	22054
573 Varde	6800 Varde	2017	22223
573 Varde	6800 Varde	2018	22174
573 Varde	6800 Varde	2019	22229
573 Varde	6800 Varde	2020	22215
573 Varde	6800 Varde	2021	22157
573 Varde	6800 Varde	2022	22218
573 Varde	6800 Varde	2023	22408
573 Varde	6800 Varde	2024	22354
573 Varde	6800 Varde	2025	22332
573 Varde	6800 Varde	2026	22356
573 Varde	6818 Årre	2010	2373
573 Varde	6818 Årre	2011	2407
573 Varde	6818 Årre	2012	2376
573 Varde	6818 Årre	2013	2402
573 Varde	6818 Årre	2014	2372
573 Varde	6818 Årre	2015	2405
573 Varde	6818 Årre	2016	2440
573 Varde	6818 Årre	2017	2418
573 Varde	6818 Årre	2018	2392
573 Varde	6818 Årre	2019	2353
573 Varde	6818 Årre	2020	2296
573 Varde	6818 Årre	2021	2291
573 Varde	6818 Årre	2022	2314
573 Varde	6818 Årre	2023	2302
573 Varde	6818 Årre	2024	2291
573 Varde	6818 Årre	2025	2268
573 Varde	6818 Årre	2026	2268
573 Varde	6823 Ansager	2010	2891
573 Varde	6823 Ansager	2011	2895
573 Varde	6823 Ansager	2012	2838
573 Varde	6823 Ansager	2013	2803
573 Varde	6823 Ansager	2014	2791
573 Varde	6823 Ansager	2015	2759
573 Varde	6823 Ansager	2016	2824
573 Varde	6823 Ansager	2017	2796
573 Varde	6823 Ansager	2018	2780
573 Varde	6823 Ansager	2019	2758
573 Varde	6823 Ansager	2020	2714
573 Varde	6823 Ansager	2021	2702
573 Varde	6823 Ansager	2022	2743
573 Varde	6823 Ansager	2023	2743
573 Varde	6823 Ansager	2024	2751
573 Varde	6823 Ansager	2025	2728
573 Varde	6823 Ansager	2026	2711
573 Varde	6830 Nørre Nebel	2010	3441
573 Varde	6830 Nørre Nebel	2011	3424
573 Varde	6830 Nørre Nebel	2012	3367
573 Varde	6830 Nørre Nebel	2013	3383
573 Varde	6830 Nørre Nebel	2014	3310
573 Varde	6830 Nørre Nebel	2015	3342
573 Varde	6830 Nørre Nebel	2016	3311
573 Varde	6830 Nørre Nebel	2017	3317
573 Varde	6830 Nørre Nebel	2018	3224
573 Varde	6830 Nørre Nebel	2019	3189
573 Varde	6830 Nørre Nebel	2020	3239
573 Varde	6830 Nørre Nebel	2021	3226
573 Varde	6830 Nørre Nebel	2022	3154
573 Varde	6830 Nørre Nebel	2023	3134
573 Varde	6830 Nørre Nebel	2024	3116
573 Varde	6830 Nørre Nebel	2025	3056
573 Varde	6830 Nørre Nebel	2026	3097
573 Varde	6840 Oksbøl	2010	3753
573 Varde	6840 Oksbøl	2011	3721
573 Varde	6840 Oksbøl	2012	3734
573 Varde	6840 Oksbøl	2013	3687
573 Varde	6840 Oksbøl	2014	3692
573 Varde	6840 Oksbøl	2015	3657
573 Varde	6840 Oksbøl	2016	3648
573 Varde	6840 Oksbøl	2017	3681
573 Varde	6840 Oksbøl	2018	3683
573 Varde	6840 Oksbøl	2019	3696
573 Varde	6840 Oksbøl	2020	3678
573 Varde	6840 Oksbøl	2021	3676
573 Varde	6840 Oksbøl	2022	3679
573 Varde	6840 Oksbøl	2023	3751
573 Varde	6840 Oksbøl	2024	3731
573 Varde	6840 Oksbøl	2025	3740
573 Varde	6840 Oksbøl	2026	3735
573 Varde	6851 Janderup Vestj	2010	1376
573 Varde	6851 Janderup Vestj	2011	1358
573 Varde	6851 Janderup Vestj	2012	1344
573 Varde	6851 Janderup Vestj	2013	1315
573 Varde	6851 Janderup Vestj	2014	1351
573 Varde	6851 Janderup Vestj	2015	1349
573 Varde	6851 Janderup Vestj	2016	1352
573 Varde	6851 Janderup Vestj	2017	1337
573 Varde	6851 Janderup Vestj	2018	1332
573 Varde	6851 Janderup Vestj	2019	1322
573 Varde	6851 Janderup Vestj	2020	1304
573 Varde	6851 Janderup Vestj	2021	1270
573 Varde	6851 Janderup Vestj	2022	1303
573 Varde	6851 Janderup Vestj	2023	1298
573 Varde	6851 Janderup Vestj	2024	1296
573 Varde	6851 Janderup Vestj	2025	1282
573 Varde	6851 Janderup Vestj	2026	1277
573 Varde	6852 Billum	2010	883
573 Varde	6852 Billum	2011	874
573 Varde	6852 Billum	2012	877
573 Varde	6852 Billum	2013	844
573 Varde	6852 Billum	2014	863
573 Varde	6852 Billum	2015	847
573 Varde	6852 Billum	2016	856
573 Varde	6852 Billum	2017	853
573 Varde	6852 Billum	2018	858
573 Varde	6852 Billum	2019	820
573 Varde	6852 Billum	2020	850
573 Varde	6852 Billum	2021	841
573 Varde	6852 Billum	2022	853
573 Varde	6852 Billum	2023	858
573 Varde	6852 Billum	2024	818
573 Varde	6852 Billum	2025	823
573 Varde	6852 Billum	2026	823
573 Varde	6853 Vejers Strand	2010	67
573 Varde	6853 Vejers Strand	2011	67
573 Varde	6853 Vejers Strand	2012	67
573 Varde	6853 Vejers Strand	2013	73
573 Varde	6853 Vejers Strand	2014	71
573 Varde	6853 Vejers Strand	2015	71
573 Varde	6853 Vejers Strand	2016	75
573 Varde	6853 Vejers Strand	2017	77
573 Varde	6853 Vejers Strand	2018	75
573 Varde	6853 Vejers Strand	2019	75
573 Varde	6853 Vejers Strand	2020	86
573 Varde	6853 Vejers Strand	2021	80
573 Varde	6853 Vejers Strand	2022	91
573 Varde	6853 Vejers Strand	2023	94
573 Varde	6853 Vejers Strand	2024	101
573 Varde	6853 Vejers Strand	2025	88
573 Varde	6853 Vejers Strand	2026	88
573 Varde	6854 Henne	2010	684
573 Varde	6854 Henne	2011	671
573 Varde	6854 Henne	2012	662
573 Varde	6854 Henne	2013	647
573 Varde	6854 Henne	2014	637
573 Varde	6854 Henne	2015	647
573 Varde	6854 Henne	2016	680
573 Varde	6854 Henne	2017	668
573 Varde	6854 Henne	2018	648
573 Varde	6854 Henne	2019	664
573 Varde	6854 Henne	2020	665
573 Varde	6854 Henne	2021	657
573 Varde	6854 Henne	2022	656
573 Varde	6854 Henne	2023	638
573 Varde	6854 Henne	2024	627
573 Varde	6854 Henne	2025	621
573 Varde	6854 Henne	2026	605
573 Varde	6855 Outrup	2010	1810
573 Varde	6855 Outrup	2011	1788
573 Varde	6855 Outrup	2012	1764
573 Varde	6855 Outrup	2013	1756
573 Varde	6855 Outrup	2014	1758
573 Varde	6855 Outrup	2015	1753
573 Varde	6855 Outrup	2016	1787
573 Varde	6855 Outrup	2017	1732
573 Varde	6855 Outrup	2018	1745
573 Varde	6855 Outrup	2019	1737
573 Varde	6855 Outrup	2020	1737
573 Varde	6855 Outrup	2021	1681
573 Varde	6855 Outrup	2022	1696
573 Varde	6855 Outrup	2023	1707
573 Varde	6855 Outrup	2024	1670
573 Varde	6855 Outrup	2025	1656
573 Varde	6855 Outrup	2026	1647
573 Varde	6857 Blåvand	2010	553
573 Varde	6857 Blåvand	2011	537
573 Varde	6857 Blåvand	2012	522
573 Varde	6857 Blåvand	2013	522
573 Varde	6857 Blåvand	2014	521
573 Varde	6857 Blåvand	2015	526
573 Varde	6857 Blåvand	2016	535
573 Varde	6857 Blåvand	2017	539
573 Varde	6857 Blåvand	2018	557
573 Varde	6857 Blåvand	2019	599
573 Varde	6857 Blåvand	2020	550
573 Varde	6857 Blåvand	2021	533
573 Varde	6857 Blåvand	2022	511
573 Varde	6857 Blåvand	2023	531
573 Varde	6857 Blåvand	2024	530
573 Varde	6857 Blåvand	2025	491
573 Varde	6857 Blåvand	2026	498
573 Varde	6862 Tistrup	2010	2070
573 Varde	6862 Tistrup	2011	2074
573 Varde	6862 Tistrup	2012	2065
573 Varde	6862 Tistrup	2013	2033
573 Varde	6862 Tistrup	2014	2021
573 Varde	6862 Tistrup	2015	2000
573 Varde	6862 Tistrup	2016	2018
573 Varde	6862 Tistrup	2017	2022
573 Varde	6862 Tistrup	2018	2048
573 Varde	6862 Tistrup	2019	2029
573 Varde	6862 Tistrup	2020	2040
573 Varde	6862 Tistrup	2021	2027
573 Varde	6862 Tistrup	2022	2021
573 Varde	6862 Tistrup	2023	2040
573 Varde	6862 Tistrup	2024	2027
573 Varde	6862 Tistrup	2025	1990
573 Varde	6862 Tistrup	2026	1980
573 Varde	6870 Ølgod	2010	6217
573 Varde	6870 Ølgod	2011	6146
573 Varde	6870 Ølgod	2012	6111
573 Varde	6870 Ølgod	2013	6054
573 Varde	6870 Ølgod	2014	5968
573 Varde	6870 Ølgod	2015	5991
573 Varde	6870 Ølgod	2016	5978
573 Varde	6870 Ølgod	2017	6025
573 Varde	6870 Ølgod	2018	6026
573 Varde	6870 Ølgod	2019	5921
573 Varde	6870 Ølgod	2020	5871
573 Varde	6870 Ølgod	2021	5790
573 Varde	6870 Ølgod	2022	5710
573 Varde	6870 Ølgod	2023	5765
573 Varde	6870 Ølgod	2024	5735
573 Varde	6870 Ølgod	2025	5653
573 Varde	6870 Ølgod	2026	5678
573 Varde	6880 Tarm	2010	5
573 Varde	6880 Tarm	2011	5
573 Varde	6880 Tarm	2012	3
573 Varde	6880 Tarm	2013	7
573 Varde	6880 Tarm	2014	7
573 Varde	6880 Tarm	2015	7
573 Varde	6880 Tarm	2016	7
573 Varde	6880 Tarm	2017	7
573 Varde	6880 Tarm	2018	7
573 Varde	6880 Tarm	2019	7
573 Varde	6880 Tarm	2020	7
573 Varde	6880 Tarm	2021	7
573 Varde	6880 Tarm	2022	7
573 Varde	6880 Tarm	2023	7
573 Varde	6880 Tarm	2024	6
573 Varde	6880 Tarm	2025	6
573 Varde	6880 Tarm	2026	6
573 Varde	7200 Grindsted	2010	1178
573 Varde	7200 Grindsted	2011	1161
573 Varde	7200 Grindsted	2012	1150
573 Varde	7200 Grindsted	2013	1120
573 Varde	7200 Grindsted	2014	1123
573 Varde	7200 Grindsted	2015	1094
573 Varde	7200 Grindsted	2016	1086
573 Varde	7200 Grindsted	2017	1100
573 Varde	7200 Grindsted	2018	1095
573 Varde	7200 Grindsted	2019	1081
573 Varde	7200 Grindsted	2020	1059
573 Varde	7200 Grindsted	2021	1059
573 Varde	7200 Grindsted	2022	1083
573 Varde	7200 Grindsted	2023	1095
573 Varde	7200 Grindsted	2024	1111
573 Varde	7200 Grindsted	2025	1083
573 Varde	7200 Grindsted	2026	1093
573 Varde	9999 Ukendt	2010	17
573 Varde	9999 Ukendt	2011	12
573 Varde	9999 Ukendt	2012	7
573 Varde	9999 Ukendt	2013	7
573 Varde	9999 Ukendt	2014	7
573 Varde	9999 Ukendt	2015	8
573 Varde	9999 Ukendt	2016	8
573 Varde	9999 Ukendt	2017	12
573 Varde	9999 Ukendt	2018	7
573 Varde	9999 Ukendt	2019	12
573 Varde	9999 Ukendt	2020	18
573 Varde	9999 Ukendt	2021	19
573 Varde	9999 Ukendt	2022	25
573 Varde	9999 Ukendt	2023	27
573 Varde	9999 Ukendt	2024	30
573 Varde	9999 Ukendt	2025	24
573 Varde	9999 Ukendt	2026	25
575 Vejen	6510 Gram	2010	0
575 Vejen	6510 Gram	2011	0
575 Vejen	6510 Gram	2012	0
575 Vejen	6510 Gram	2013	0
575 Vejen	6510 Gram	2014	0
575 Vejen	6510 Gram	2015	0
575 Vejen	6510 Gram	2016	0
575 Vejen	6510 Gram	2017	0
575 Vejen	6510 Gram	2018	0
575 Vejen	6510 Gram	2019	0
575 Vejen	6510 Gram	2020	0
575 Vejen	6510 Gram	2021	0
575 Vejen	6510 Gram	2022	0
575 Vejen	6510 Gram	2023	0
575 Vejen	6510 Gram	2024	0
575 Vejen	6510 Gram	2025	0
575 Vejen	6510 Gram	2026	0
575 Vejen	6600 Vejen	2010	14642
575 Vejen	6600 Vejen	2011	14796
575 Vejen	6600 Vejen	2012	14871
575 Vejen	6600 Vejen	2013	14994
575 Vejen	6600 Vejen	2014	15034
575 Vejen	6600 Vejen	2015	15006
575 Vejen	6600 Vejen	2016	15163
575 Vejen	6600 Vejen	2017	15286
575 Vejen	6600 Vejen	2018	15312
575 Vejen	6600 Vejen	2019	15378
575 Vejen	6600 Vejen	2020	15420
575 Vejen	6600 Vejen	2021	15516
575 Vejen	6600 Vejen	2022	15574
575 Vejen	6600 Vejen	2023	15762
575 Vejen	6600 Vejen	2024	15922
575 Vejen	6600 Vejen	2025	15999
575 Vejen	6600 Vejen	2026	16053
575 Vejen	6621 Gesten	2010	1349
575 Vejen	6621 Gesten	2011	1348
575 Vejen	6621 Gesten	2012	1328
575 Vejen	6621 Gesten	2013	1337
575 Vejen	6621 Gesten	2014	1346
575 Vejen	6621 Gesten	2015	1336
575 Vejen	6621 Gesten	2016	1353
575 Vejen	6621 Gesten	2017	1362
575 Vejen	6621 Gesten	2018	1358
575 Vejen	6621 Gesten	2019	1372
575 Vejen	6621 Gesten	2020	1354
575 Vejen	6621 Gesten	2021	1337
575 Vejen	6621 Gesten	2022	1324
575 Vejen	6621 Gesten	2023	1318
575 Vejen	6621 Gesten	2024	1301
575 Vejen	6621 Gesten	2025	1265
575 Vejen	6621 Gesten	2026	1256
575 Vejen	6622 Bække	2010	1845
575 Vejen	6622 Bække	2011	1856
575 Vejen	6622 Bække	2012	1867
575 Vejen	6622 Bække	2013	1847
575 Vejen	6622 Bække	2014	1862
575 Vejen	6622 Bække	2015	1830
575 Vejen	6622 Bække	2016	1828
575 Vejen	6622 Bække	2017	1830
575 Vejen	6622 Bække	2018	1825
575 Vejen	6622 Bække	2019	1833
575 Vejen	6622 Bække	2020	1815
575 Vejen	6622 Bække	2021	1822
575 Vejen	6622 Bække	2022	1785
575 Vejen	6622 Bække	2023	1747
575 Vejen	6622 Bække	2024	1713
575 Vejen	6622 Bække	2025	1712
575 Vejen	6622 Bække	2026	1716
575 Vejen	6623 Vorbasse	2010	1
575 Vejen	6623 Vorbasse	2011	1
575 Vejen	6623 Vorbasse	2012	1
575 Vejen	6623 Vorbasse	2013	1
575 Vejen	6623 Vorbasse	2014	1
575 Vejen	6623 Vorbasse	2015	1
575 Vejen	6623 Vorbasse	2016	0
575 Vejen	6623 Vorbasse	2017	3
575 Vejen	6623 Vorbasse	2018	3
575 Vejen	6623 Vorbasse	2019	3
575 Vejen	6623 Vorbasse	2020	3
575 Vejen	6623 Vorbasse	2021	3
575 Vejen	6623 Vorbasse	2022	2
575 Vejen	6623 Vorbasse	2023	2
575 Vejen	6623 Vorbasse	2024	2
575 Vejen	6623 Vorbasse	2025	2
575 Vejen	6623 Vorbasse	2026	2
575 Vejen	6630 Rødding	2010	10497
575 Vejen	6630 Rødding	2011	10392
575 Vejen	6630 Rødding	2012	10397
575 Vejen	6630 Rødding	2013	10290
575 Vejen	6630 Rødding	2014	10284
575 Vejen	6630 Rødding	2015	10255
575 Vejen	6630 Rødding	2016	10306
575 Vejen	6630 Rødding	2017	10295
575 Vejen	6630 Rødding	2018	10284
575 Vejen	6630 Rødding	2019	10246
575 Vejen	6630 Rødding	2020	10188
575 Vejen	6630 Rødding	2021	10141
575 Vejen	6630 Rødding	2022	10069
575 Vejen	6630 Rødding	2023	10189
575 Vejen	6630 Rødding	2024	10124
575 Vejen	6630 Rødding	2025	10033
575 Vejen	6630 Rødding	2026	10000
575 Vejen	6650 Brørup	2010	6658
575 Vejen	6650 Brørup	2011	6580
575 Vejen	6650 Brørup	2012	6604
575 Vejen	6650 Brørup	2013	6614
575 Vejen	6650 Brørup	2014	6553
575 Vejen	6650 Brørup	2015	6599
575 Vejen	6650 Brørup	2016	6642
575 Vejen	6650 Brørup	2017	6555
575 Vejen	6650 Brørup	2018	6569
575 Vejen	6650 Brørup	2019	6543
575 Vejen	6650 Brørup	2020	6496
575 Vejen	6650 Brørup	2021	6555
575 Vejen	6650 Brørup	2022	6466
575 Vejen	6650 Brørup	2023	6582
575 Vejen	6650 Brørup	2024	6514
575 Vejen	6650 Brørup	2025	6453
575 Vejen	6650 Brørup	2026	6456
575 Vejen	6660 Lintrup	2010	769
575 Vejen	6660 Lintrup	2011	754
575 Vejen	6660 Lintrup	2012	758
575 Vejen	6660 Lintrup	2013	738
575 Vejen	6660 Lintrup	2014	744
575 Vejen	6660 Lintrup	2015	736
575 Vejen	6660 Lintrup	2016	728
575 Vejen	6660 Lintrup	2017	727
575 Vejen	6660 Lintrup	2018	716
575 Vejen	6660 Lintrup	2019	722
575 Vejen	6660 Lintrup	2020	707
575 Vejen	6660 Lintrup	2021	710
575 Vejen	6660 Lintrup	2022	692
575 Vejen	6660 Lintrup	2023	685
575 Vejen	6660 Lintrup	2024	653
575 Vejen	6660 Lintrup	2025	644
575 Vejen	6660 Lintrup	2026	660
575 Vejen	6670 Holsted	2010	3959
575 Vejen	6670 Holsted	2011	3907
575 Vejen	6670 Holsted	2012	3912
575 Vejen	6670 Holsted	2013	3870
575 Vejen	6670 Holsted	2014	3842
575 Vejen	6670 Holsted	2015	3855
575 Vejen	6670 Holsted	2016	3877
575 Vejen	6670 Holsted	2017	3846
575 Vejen	6670 Holsted	2018	3874
575 Vejen	6670 Holsted	2019	3867
575 Vejen	6670 Holsted	2020	3852
575 Vejen	6670 Holsted	2021	3832
575 Vejen	6670 Holsted	2022	3789
575 Vejen	6670 Holsted	2023	3819
575 Vejen	6670 Holsted	2024	3744
575 Vejen	6670 Holsted	2025	3772
575 Vejen	6670 Holsted	2026	3744
575 Vejen	6682 Hovborg	2010	589
575 Vejen	6682 Hovborg	2011	598
575 Vejen	6682 Hovborg	2012	588
575 Vejen	6682 Hovborg	2013	583
575 Vejen	6682 Hovborg	2014	584
575 Vejen	6682 Hovborg	2015	561
575 Vejen	6682 Hovborg	2016	560
575 Vejen	6682 Hovborg	2017	567
575 Vejen	6682 Hovborg	2018	547
575 Vejen	6682 Hovborg	2019	557
575 Vejen	6682 Hovborg	2020	563
575 Vejen	6682 Hovborg	2021	563
575 Vejen	6682 Hovborg	2022	570
575 Vejen	6682 Hovborg	2023	555
575 Vejen	6682 Hovborg	2024	567
575 Vejen	6682 Hovborg	2025	564
575 Vejen	6682 Hovborg	2026	540
575 Vejen	6683 Føvling	2010	1092
575 Vejen	6683 Føvling	2011	1071
575 Vejen	6683 Føvling	2012	1081
575 Vejen	6683 Føvling	2013	1073
575 Vejen	6683 Føvling	2014	1075
575 Vejen	6683 Føvling	2015	1074
575 Vejen	6683 Føvling	2016	1068
575 Vejen	6683 Føvling	2017	1038
575 Vejen	6683 Føvling	2018	1029
575 Vejen	6683 Føvling	2019	1043
575 Vejen	6683 Føvling	2020	1057
575 Vejen	6683 Føvling	2021	1050
575 Vejen	6683 Føvling	2022	1054
575 Vejen	6683 Føvling	2023	1014
575 Vejen	6683 Føvling	2024	1006
575 Vejen	6683 Føvling	2025	1035
575 Vejen	6683 Føvling	2026	1004
575 Vejen	6690 Gørding	2010	47
575 Vejen	6690 Gørding	2011	44
575 Vejen	6690 Gørding	2012	41
575 Vejen	6690 Gørding	2013	40
575 Vejen	6690 Gørding	2014	39
575 Vejen	6690 Gørding	2015	36
575 Vejen	6690 Gørding	2016	39
575 Vejen	6690 Gørding	2017	34
575 Vejen	6690 Gørding	2018	31
575 Vejen	6690 Gørding	2019	32
575 Vejen	6690 Gørding	2020	31
575 Vejen	6690 Gørding	2021	37
575 Vejen	6690 Gørding	2022	39
575 Vejen	6690 Gørding	2023	43
575 Vejen	6690 Gørding	2024	41
575 Vejen	6690 Gørding	2025	40
575 Vejen	6690 Gørding	2026	41
575 Vejen	6752 Glejbjerg	2010	1311
575 Vejen	6752 Glejbjerg	2011	1329
575 Vejen	6752 Glejbjerg	2012	1328
575 Vejen	6752 Glejbjerg	2013	1304
575 Vejen	6752 Glejbjerg	2014	1297
575 Vejen	6752 Glejbjerg	2015	1302
575 Vejen	6752 Glejbjerg	2016	1295
575 Vejen	6752 Glejbjerg	2017	1270
575 Vejen	6752 Glejbjerg	2018	1287
575 Vejen	6752 Glejbjerg	2019	1259
575 Vejen	6752 Glejbjerg	2020	1245
575 Vejen	6752 Glejbjerg	2021	1214
575 Vejen	6752 Glejbjerg	2022	1218
575 Vejen	6752 Glejbjerg	2023	1195
575 Vejen	6752 Glejbjerg	2024	1196
575 Vejen	6752 Glejbjerg	2025	1167
575 Vejen	6752 Glejbjerg	2026	1161
575 Vejen	6753 Agerbæk	2010	2
575 Vejen	6753 Agerbæk	2011	2
575 Vejen	6753 Agerbæk	2012	2
575 Vejen	6753 Agerbæk	2013	2
575 Vejen	6753 Agerbæk	2014	3
575 Vejen	6753 Agerbæk	2015	3
575 Vejen	6753 Agerbæk	2016	3
575 Vejen	6753 Agerbæk	2017	4
575 Vejen	6753 Agerbæk	2018	4
575 Vejen	6753 Agerbæk	2019	4
575 Vejen	6753 Agerbæk	2020	4
575 Vejen	6753 Agerbæk	2021	4
575 Vejen	6753 Agerbæk	2022	4
575 Vejen	6753 Agerbæk	2023	4
575 Vejen	6753 Agerbæk	2024	4
575 Vejen	6753 Agerbæk	2025	4
575 Vejen	6753 Agerbæk	2026	4
575 Vejen	9999 Ukendt	2010	7
575 Vejen	9999 Ukendt	2011	5
575 Vejen	9999 Ukendt	2012	7
575 Vejen	9999 Ukendt	2013	7
575 Vejen	9999 Ukendt	2014	3
575 Vejen	9999 Ukendt	2015	7
575 Vejen	9999 Ukendt	2016	7
575 Vejen	9999 Ukendt	2017	5
575 Vejen	9999 Ukendt	2018	5
575 Vejen	9999 Ukendt	2019	4
575 Vejen	9999 Ukendt	2020	7
575 Vejen	9999 Ukendt	2021	6
575 Vejen	9999 Ukendt	2022	10
575 Vejen	9999 Ukendt	2023	9
575 Vejen	9999 Ukendt	2024	13
575 Vejen	9999 Ukendt	2025	12
575 Vejen	9999 Ukendt	2026	4
580 Aabenraa	6200 Aabenraa	2010	28068
580 Aabenraa	6200 Aabenraa	2011	28052
580 Aabenraa	6200 Aabenraa	2012	28081
580 Aabenraa	6200 Aabenraa	2013	27968
580 Aabenraa	6200 Aabenraa	2014	27913
580 Aabenraa	6200 Aabenraa	2015	27914
580 Aabenraa	6200 Aabenraa	2016	27960
580 Aabenraa	6200 Aabenraa	2017	28188
580 Aabenraa	6200 Aabenraa	2018	28296
580 Aabenraa	6200 Aabenraa	2019	28375
580 Aabenraa	6200 Aabenraa	2020	28330
580 Aabenraa	6200 Aabenraa	2021	28322
580 Aabenraa	6200 Aabenraa	2022	28468
580 Aabenraa	6200 Aabenraa	2023	28649
580 Aabenraa	6200 Aabenraa	2024	28343
580 Aabenraa	6200 Aabenraa	2025	28436
580 Aabenraa	6200 Aabenraa	2026	28379
580 Aabenraa	6210 Barsø	2010	0
580 Aabenraa	6210 Barsø	2011	0
580 Aabenraa	6210 Barsø	2012	0
580 Aabenraa	6210 Barsø	2013	0
580 Aabenraa	6210 Barsø	2014	0
580 Aabenraa	6210 Barsø	2015	0
580 Aabenraa	6210 Barsø	2016	0
580 Aabenraa	6210 Barsø	2017	0
580 Aabenraa	6210 Barsø	2018	15
580 Aabenraa	6210 Barsø	2019	15
580 Aabenraa	6210 Barsø	2020	15
580 Aabenraa	6210 Barsø	2021	15
580 Aabenraa	6210 Barsø	2022	13
580 Aabenraa	6210 Barsø	2023	13
580 Aabenraa	6210 Barsø	2024	10
580 Aabenraa	6210 Barsø	2025	10
580 Aabenraa	6210 Barsø	2026	10
580 Aabenraa	6230 Rødekro	2010	12004
580 Aabenraa	6230 Rødekro	2011	11971
580 Aabenraa	6230 Rødekro	2012	11850
580 Aabenraa	6230 Rødekro	2013	11826
580 Aabenraa	6230 Rødekro	2014	11841
580 Aabenraa	6230 Rødekro	2015	11836
580 Aabenraa	6230 Rødekro	2016	11779
580 Aabenraa	6230 Rødekro	2017	11730
580 Aabenraa	6230 Rødekro	2018	11783
580 Aabenraa	6230 Rødekro	2019	11731
580 Aabenraa	6230 Rødekro	2020	11624
580 Aabenraa	6230 Rødekro	2021	11559
580 Aabenraa	6230 Rødekro	2022	11573
580 Aabenraa	6230 Rødekro	2023	11685
580 Aabenraa	6230 Rødekro	2024	11763
580 Aabenraa	6230 Rødekro	2025	11664
580 Aabenraa	6230 Rødekro	2026	11574
580 Aabenraa	6330 Padborg	2010	5509
580 Aabenraa	6330 Padborg	2011	5437
580 Aabenraa	6330 Padborg	2012	5425
580 Aabenraa	6330 Padborg	2013	5387
580 Aabenraa	6330 Padborg	2014	5389
580 Aabenraa	6330 Padborg	2015	5328
580 Aabenraa	6330 Padborg	2016	5275
580 Aabenraa	6330 Padborg	2017	5277
580 Aabenraa	6330 Padborg	2018	5229
580 Aabenraa	6330 Padborg	2019	5244
580 Aabenraa	6330 Padborg	2020	5208
580 Aabenraa	6330 Padborg	2021	5179
580 Aabenraa	6330 Padborg	2022	5157
580 Aabenraa	6330 Padborg	2023	5171
580 Aabenraa	6330 Padborg	2024	5110
580 Aabenraa	6330 Padborg	2025	5154
580 Aabenraa	6330 Padborg	2026	5085
580 Aabenraa	6340 Kruså	2010	4458
580 Aabenraa	6340 Kruså	2011	4460
580 Aabenraa	6340 Kruså	2012	4397
580 Aabenraa	6340 Kruså	2013	4359
580 Aabenraa	6340 Kruså	2014	4318
580 Aabenraa	6340 Kruså	2015	4297
580 Aabenraa	6340 Kruså	2016	4290
580 Aabenraa	6340 Kruså	2017	4290
580 Aabenraa	6340 Kruså	2018	4269
580 Aabenraa	6340 Kruså	2019	4241
580 Aabenraa	6340 Kruså	2020	4239
580 Aabenraa	6340 Kruså	2021	4279
580 Aabenraa	6340 Kruså	2022	4315
580 Aabenraa	6340 Kruså	2023	4304
580 Aabenraa	6340 Kruså	2024	4282
580 Aabenraa	6340 Kruså	2025	4223
580 Aabenraa	6340 Kruså	2026	4307
580 Aabenraa	6360 Tinglev	2010	4646
580 Aabenraa	6360 Tinglev	2011	4580
580 Aabenraa	6360 Tinglev	2012	4553
580 Aabenraa	6360 Tinglev	2013	4511
580 Aabenraa	6360 Tinglev	2014	4432
580 Aabenraa	6360 Tinglev	2015	4447
580 Aabenraa	6360 Tinglev	2016	4436
580 Aabenraa	6360 Tinglev	2017	4462
580 Aabenraa	6360 Tinglev	2018	4443
580 Aabenraa	6360 Tinglev	2019	4434
580 Aabenraa	6360 Tinglev	2020	4386
580 Aabenraa	6360 Tinglev	2021	4322
580 Aabenraa	6360 Tinglev	2022	4340
580 Aabenraa	6360 Tinglev	2023	4343
580 Aabenraa	6360 Tinglev	2024	4356
580 Aabenraa	6360 Tinglev	2025	4387
580 Aabenraa	6360 Tinglev	2026	4302
580 Aabenraa	6372 Bylderup-Bov	2010	3477
580 Aabenraa	6372 Bylderup-Bov	2011	3472
580 Aabenraa	6372 Bylderup-Bov	2012	3473
580 Aabenraa	6372 Bylderup-Bov	2013	3372
580 Aabenraa	6372 Bylderup-Bov	2014	3312
580 Aabenraa	6372 Bylderup-Bov	2015	3334
580 Aabenraa	6372 Bylderup-Bov	2016	3321
580 Aabenraa	6372 Bylderup-Bov	2017	3284
580 Aabenraa	6372 Bylderup-Bov	2018	3298
580 Aabenraa	6372 Bylderup-Bov	2019	3274
580 Aabenraa	6372 Bylderup-Bov	2020	3239
580 Aabenraa	6372 Bylderup-Bov	2021	3181
580 Aabenraa	6372 Bylderup-Bov	2022	3162
580 Aabenraa	6372 Bylderup-Bov	2023	3181
580 Aabenraa	6372 Bylderup-Bov	2024	3153
580 Aabenraa	6372 Bylderup-Bov	2025	3102
580 Aabenraa	6372 Bylderup-Bov	2026	3079
580 Aabenraa	6392 Bolderslev	2010	1812
580 Aabenraa	6392 Bolderslev	2011	1817
580 Aabenraa	6392 Bolderslev	2012	1814
580 Aabenraa	6392 Bolderslev	2013	1779
580 Aabenraa	6392 Bolderslev	2014	1761
580 Aabenraa	6392 Bolderslev	2015	1745
580 Aabenraa	6392 Bolderslev	2016	1801
580 Aabenraa	6392 Bolderslev	2017	1763
580 Aabenraa	6392 Bolderslev	2018	1748
580 Aabenraa	6392 Bolderslev	2019	1711
580 Aabenraa	6392 Bolderslev	2020	1712
580 Aabenraa	6392 Bolderslev	2021	1655
580 Aabenraa	6392 Bolderslev	2022	1650
580 Aabenraa	6392 Bolderslev	2023	1647
580 Aabenraa	6392 Bolderslev	2024	1635
580 Aabenraa	6392 Bolderslev	2025	1636
580 Aabenraa	6392 Bolderslev	2026	1660
580 Aabenraa	6534 Agerskov	2010	4
580 Aabenraa	6534 Agerskov	2011	4
580 Aabenraa	6534 Agerskov	2012	4
580 Aabenraa	6534 Agerskov	2013	4
580 Aabenraa	6534 Agerskov	2014	4
580 Aabenraa	6534 Agerskov	2015	3
580 Aabenraa	6534 Agerskov	2016	3
580 Aabenraa	6534 Agerskov	2017	3
580 Aabenraa	6534 Agerskov	2018	2
580 Aabenraa	6534 Agerskov	2019	2
580 Aabenraa	6534 Agerskov	2020	2
580 Aabenraa	6534 Agerskov	2021	2
580 Aabenraa	6534 Agerskov	2022	2
580 Aabenraa	6534 Agerskov	2023	2
580 Aabenraa	6534 Agerskov	2024	2
580 Aabenraa	6534 Agerskov	2025	2
580 Aabenraa	6534 Agerskov	2026	2
580 Aabenraa	9999 Ukendt	2010	0
580 Aabenraa	9999 Ukendt	2011	2
580 Aabenraa	9999 Ukendt	2012	3
580 Aabenraa	9999 Ukendt	2013	2
580 Aabenraa	9999 Ukendt	2014	0
580 Aabenraa	9999 Ukendt	2015	0
580 Aabenraa	9999 Ukendt	2016	4
580 Aabenraa	9999 Ukendt	2017	6
580 Aabenraa	9999 Ukendt	2018	6
580 Aabenraa	9999 Ukendt	2019	8
580 Aabenraa	9999 Ukendt	2020	6
580 Aabenraa	9999 Ukendt	2021	12
580 Aabenraa	9999 Ukendt	2022	13
580 Aabenraa	9999 Ukendt	2023	7
580 Aabenraa	9999 Ukendt	2024	3
580 Aabenraa	9999 Ukendt	2025	7
580 Aabenraa	9999 Ukendt	2026	7
607 Fredericia	6000 Kolding	2010	0
607 Fredericia	6000 Kolding	2011	0
607 Fredericia	6000 Kolding	2012	0
607 Fredericia	6000 Kolding	2013	0
607 Fredericia	6000 Kolding	2014	0
607 Fredericia	6000 Kolding	2015	0
607 Fredericia	6000 Kolding	2016	0
607 Fredericia	6000 Kolding	2017	0
607 Fredericia	6000 Kolding	2018	0
607 Fredericia	6000 Kolding	2019	0
607 Fredericia	6000 Kolding	2020	0
607 Fredericia	6000 Kolding	2021	2
607 Fredericia	6000 Kolding	2022	2
607 Fredericia	6000 Kolding	2023	2
607 Fredericia	6000 Kolding	2024	0
607 Fredericia	6000 Kolding	2025	0
607 Fredericia	6000 Kolding	2026	0
607 Fredericia	7000 Fredericia	2010	49765
607 Fredericia	7000 Fredericia	2011	50000
607 Fredericia	7000 Fredericia	2012	50102
607 Fredericia	7000 Fredericia	2013	50253
607 Fredericia	7000 Fredericia	2014	50228
607 Fredericia	7000 Fredericia	2015	50330
607 Fredericia	7000 Fredericia	2016	50576
607 Fredericia	7000 Fredericia	2017	50762
607 Fredericia	7000 Fredericia	2018	51213
607 Fredericia	7000 Fredericia	2019	51299
607 Fredericia	7000 Fredericia	2020	51257
607 Fredericia	7000 Fredericia	2021	51137
607 Fredericia	7000 Fredericia	2022	51482
607 Fredericia	7000 Fredericia	2023	52022
607 Fredericia	7000 Fredericia	2024	52352
607 Fredericia	7000 Fredericia	2025	52506
607 Fredericia	7000 Fredericia	2026	52835
607 Fredericia	9999 Ukendt	2010	84
607 Fredericia	9999 Ukendt	2011	104
607 Fredericia	9999 Ukendt	2012	91
607 Fredericia	9999 Ukendt	2013	121
607 Fredericia	9999 Ukendt	2014	96
607 Fredericia	9999 Ukendt	2015	99
607 Fredericia	9999 Ukendt	2016	113
607 Fredericia	9999 Ukendt	2017	106
607 Fredericia	9999 Ukendt	2018	113
607 Fredericia	9999 Ukendt	2019	128
607 Fredericia	9999 Ukendt	2020	120
607 Fredericia	9999 Ukendt	2021	136
607 Fredericia	9999 Ukendt	2022	122
607 Fredericia	9999 Ukendt	2023	149
607 Fredericia	9999 Ukendt	2024	133
607 Fredericia	9999 Ukendt	2025	110
607 Fredericia	9999 Ukendt	2026	104
615 Horsens	8300 Odder	2010	0
615 Horsens	8300 Odder	2011	0
615 Horsens	8300 Odder	2012	0
615 Horsens	8300 Odder	2013	0
615 Horsens	8300 Odder	2014	0
615 Horsens	8300 Odder	2015	0
615 Horsens	8300 Odder	2016	0
615 Horsens	8300 Odder	2017	0
615 Horsens	8300 Odder	2018	0
615 Horsens	8300 Odder	2019	0
615 Horsens	8300 Odder	2020	0
615 Horsens	8300 Odder	2021	0
615 Horsens	8300 Odder	2022	0
615 Horsens	8300 Odder	2023	0
615 Horsens	8300 Odder	2024	0
615 Horsens	8300 Odder	2025	0
615 Horsens	8300 Odder	2026	0
615 Horsens	8654 Bryrup	2010	19
615 Horsens	8654 Bryrup	2011	16
615 Horsens	8654 Bryrup	2012	20
615 Horsens	8654 Bryrup	2013	24
615 Horsens	8654 Bryrup	2014	24
615 Horsens	8654 Bryrup	2015	26
615 Horsens	8654 Bryrup	2016	26
615 Horsens	8654 Bryrup	2017	26
615 Horsens	8654 Bryrup	2018	25
615 Horsens	8654 Bryrup	2019	25
615 Horsens	8654 Bryrup	2020	25
615 Horsens	8654 Bryrup	2021	27
615 Horsens	8654 Bryrup	2022	17
615 Horsens	8654 Bryrup	2023	18
615 Horsens	8654 Bryrup	2024	18
615 Horsens	8654 Bryrup	2025	20
615 Horsens	8654 Bryrup	2026	20
615 Horsens	8660 Skanderborg	2010	288
615 Horsens	8660 Skanderborg	2011	274
615 Horsens	8660 Skanderborg	2012	282
615 Horsens	8660 Skanderborg	2013	281
615 Horsens	8660 Skanderborg	2014	297
615 Horsens	8660 Skanderborg	2015	295
615 Horsens	8660 Skanderborg	2016	302
615 Horsens	8660 Skanderborg	2017	300
615 Horsens	8660 Skanderborg	2018	294
615 Horsens	8660 Skanderborg	2019	296
615 Horsens	8660 Skanderborg	2020	295
615 Horsens	8660 Skanderborg	2021	294
615 Horsens	8660 Skanderborg	2022	309
615 Horsens	8660 Skanderborg	2023	298
615 Horsens	8660 Skanderborg	2024	293
615 Horsens	8660 Skanderborg	2025	291
615 Horsens	8660 Skanderborg	2026	300
615 Horsens	8680 Ry	2010	5
615 Horsens	8680 Ry	2011	5
615 Horsens	8680 Ry	2012	5
615 Horsens	8680 Ry	2013	5
615 Horsens	8680 Ry	2014	5
615 Horsens	8680 Ry	2015	5
615 Horsens	8680 Ry	2016	5
615 Horsens	8680 Ry	2017	5
615 Horsens	8680 Ry	2018	5
615 Horsens	8680 Ry	2019	3
615 Horsens	8680 Ry	2020	3
615 Horsens	8680 Ry	2021	3
615 Horsens	8680 Ry	2022	2
615 Horsens	8680 Ry	2023	2
615 Horsens	8680 Ry	2024	3
615 Horsens	8680 Ry	2025	3
615 Horsens	8680 Ry	2026	3
615 Horsens	8700 Horsens	2010	64067
615 Horsens	8700 Horsens	2011	64894
615 Horsens	8700 Horsens	2012	65593
615 Horsens	8700 Horsens	2013	66692
615 Horsens	8700 Horsens	2014	67350
615 Horsens	8700 Horsens	2015	68071
615 Horsens	8700 Horsens	2016	69231
615 Horsens	8700 Horsens	2017	70423
615 Horsens	8700 Horsens	2018	70759
615 Horsens	8700 Horsens	2019	71518
615 Horsens	8700 Horsens	2020	72187
615 Horsens	8700 Horsens	2021	73279
615 Horsens	8700 Horsens	2022	75127
615 Horsens	8700 Horsens	2023	76776
615 Horsens	8700 Horsens	2024	77655
615 Horsens	8700 Horsens	2025	78340
615 Horsens	8700 Horsens	2026	79280
615 Horsens	8732 Hovedgård	2010	3280
615 Horsens	8732 Hovedgård	2011	3324
615 Horsens	8732 Hovedgård	2012	3343
615 Horsens	8732 Hovedgård	2013	3352
615 Horsens	8732 Hovedgård	2014	3353
615 Horsens	8732 Hovedgård	2015	3323
615 Horsens	8732 Hovedgård	2016	3341
615 Horsens	8732 Hovedgård	2017	3378
615 Horsens	8732 Hovedgård	2018	3366
615 Horsens	8732 Hovedgård	2019	3368
615 Horsens	8732 Hovedgård	2020	3381
615 Horsens	8732 Hovedgård	2021	3428
615 Horsens	8732 Hovedgård	2022	3420
615 Horsens	8732 Hovedgård	2023	3487
615 Horsens	8732 Hovedgård	2024	3508
615 Horsens	8732 Hovedgård	2025	3423
615 Horsens	8732 Hovedgård	2026	3442
615 Horsens	8740 Brædstrup	2010	8057
615 Horsens	8740 Brædstrup	2011	8079
615 Horsens	8740 Brædstrup	2012	8057
615 Horsens	8740 Brædstrup	2013	8086
615 Horsens	8740 Brædstrup	2014	8099
615 Horsens	8740 Brædstrup	2015	8082
615 Horsens	8740 Brædstrup	2016	8184
615 Horsens	8740 Brædstrup	2017	8177
615 Horsens	8740 Brædstrup	2018	8150
615 Horsens	8740 Brædstrup	2019	8100
615 Horsens	8740 Brædstrup	2020	8029
615 Horsens	8740 Brædstrup	2021	8106
615 Horsens	8740 Brædstrup	2022	8345
615 Horsens	8740 Brædstrup	2023	8363
615 Horsens	8740 Brædstrup	2024	8427
615 Horsens	8740 Brædstrup	2025	8325
615 Horsens	8740 Brædstrup	2026	8212
615 Horsens	8751 Gedved	2010	2369
615 Horsens	8751 Gedved	2011	2363
615 Horsens	8751 Gedved	2012	2404
615 Horsens	8751 Gedved	2013	2467
615 Horsens	8751 Gedved	2014	2536
615 Horsens	8751 Gedved	2015	2562
615 Horsens	8751 Gedved	2016	2619
615 Horsens	8751 Gedved	2017	2660
615 Horsens	8751 Gedved	2018	2716
615 Horsens	8751 Gedved	2019	2775
615 Horsens	8751 Gedved	2020	2754
615 Horsens	8751 Gedved	2021	2776
615 Horsens	8751 Gedved	2022	2780
615 Horsens	8751 Gedved	2023	2899
615 Horsens	8751 Gedved	2024	2901
615 Horsens	8751 Gedved	2025	2888
615 Horsens	8751 Gedved	2026	2901
615 Horsens	8752 Østbirk	2010	3549
615 Horsens	8752 Østbirk	2011	3580
615 Horsens	8752 Østbirk	2012	3589
615 Horsens	8752 Østbirk	2013	3645
615 Horsens	8752 Østbirk	2014	3656
615 Horsens	8752 Østbirk	2015	3656
615 Horsens	8752 Østbirk	2016	3661
615 Horsens	8752 Østbirk	2017	3730
615 Horsens	8752 Østbirk	2018	3776
615 Horsens	8752 Østbirk	2019	3795
615 Horsens	8752 Østbirk	2020	3772
615 Horsens	8752 Østbirk	2021	3821
615 Horsens	8752 Østbirk	2022	3947
615 Horsens	8752 Østbirk	2023	4161
615 Horsens	8752 Østbirk	2024	4129
615 Horsens	8752 Østbirk	2025	4163
615 Horsens	8752 Østbirk	2026	4175
615 Horsens	8762 Flemming	2010	1
615 Horsens	8762 Flemming	2011	0
615 Horsens	8762 Flemming	2012	0
615 Horsens	8762 Flemming	2013	0
615 Horsens	8762 Flemming	2014	0
615 Horsens	8762 Flemming	2015	0
615 Horsens	8762 Flemming	2016	0
615 Horsens	8762 Flemming	2017	1
615 Horsens	8762 Flemming	2018	1
615 Horsens	8762 Flemming	2019	1
615 Horsens	8762 Flemming	2020	1
615 Horsens	8762 Flemming	2021	1
615 Horsens	8762 Flemming	2022	1
615 Horsens	8762 Flemming	2023	3
615 Horsens	8762 Flemming	2024	3
615 Horsens	8762 Flemming	2025	3
615 Horsens	8762 Flemming	2026	3
615 Horsens	8765 Klovborg	2010	9
615 Horsens	8765 Klovborg	2011	9
615 Horsens	8765 Klovborg	2012	11
615 Horsens	8765 Klovborg	2013	10
615 Horsens	8765 Klovborg	2014	8
615 Horsens	8765 Klovborg	2015	13
615 Horsens	8765 Klovborg	2016	13
615 Horsens	8765 Klovborg	2017	13
615 Horsens	8765 Klovborg	2018	13
615 Horsens	8765 Klovborg	2019	15
615 Horsens	8765 Klovborg	2020	11
615 Horsens	8765 Klovborg	2021	11
615 Horsens	8765 Klovborg	2022	11
615 Horsens	8765 Klovborg	2023	12
615 Horsens	8765 Klovborg	2024	12
615 Horsens	8765 Klovborg	2025	13
615 Horsens	8765 Klovborg	2026	11
615 Horsens	8781 Stenderup	2010	178
615 Horsens	8781 Stenderup	2011	155
615 Horsens	8781 Stenderup	2012	165
615 Horsens	8781 Stenderup	2013	158
615 Horsens	8781 Stenderup	2014	157
615 Horsens	8781 Stenderup	2015	154
615 Horsens	8781 Stenderup	2016	160
615 Horsens	8781 Stenderup	2017	147
615 Horsens	8781 Stenderup	2018	156
615 Horsens	8781 Stenderup	2019	152
615 Horsens	8781 Stenderup	2020	149
615 Horsens	8781 Stenderup	2021	154
615 Horsens	8781 Stenderup	2022	152
615 Horsens	8781 Stenderup	2023	163
615 Horsens	8781 Stenderup	2024	154
615 Horsens	8781 Stenderup	2025	164
615 Horsens	8781 Stenderup	2026	170
615 Horsens	8783 Hornsyld	2010	9
615 Horsens	8783 Hornsyld	2011	13
615 Horsens	8783 Hornsyld	2012	11
615 Horsens	8783 Hornsyld	2013	9
615 Horsens	8783 Hornsyld	2014	8
615 Horsens	8783 Hornsyld	2015	9
615 Horsens	8783 Hornsyld	2016	9
615 Horsens	8783 Hornsyld	2017	10
615 Horsens	8783 Hornsyld	2018	8
615 Horsens	8783 Hornsyld	2019	10
615 Horsens	8783 Hornsyld	2020	12
615 Horsens	8783 Hornsyld	2021	11
615 Horsens	8783 Hornsyld	2022	13
615 Horsens	8783 Hornsyld	2023	13
615 Horsens	8783 Hornsyld	2024	12
615 Horsens	8783 Hornsyld	2025	16
615 Horsens	8783 Hornsyld	2026	13
615 Horsens	8789 Endelave	2010	0
615 Horsens	8789 Endelave	2011	0
615 Horsens	8789 Endelave	2012	0
615 Horsens	8789 Endelave	2013	0
615 Horsens	8789 Endelave	2014	0
615 Horsens	8789 Endelave	2015	0
615 Horsens	8789 Endelave	2016	0
615 Horsens	8789 Endelave	2017	0
615 Horsens	8789 Endelave	2018	151
615 Horsens	8789 Endelave	2019	156
615 Horsens	8789 Endelave	2020	155
615 Horsens	8789 Endelave	2021	154
615 Horsens	8789 Endelave	2022	165
615 Horsens	8789 Endelave	2023	151
615 Horsens	8789 Endelave	2024	150
615 Horsens	8789 Endelave	2025	147
615 Horsens	8789 Endelave	2026	149
615 Horsens	9999 Ukendt	2010	126
615 Horsens	9999 Ukendt	2011	123
615 Horsens	9999 Ukendt	2012	118
615 Horsens	9999 Ukendt	2013	142
615 Horsens	9999 Ukendt	2014	169
615 Horsens	9999 Ukendt	2015	165
615 Horsens	9999 Ukendt	2016	185
615 Horsens	9999 Ukendt	2017	160
615 Horsens	9999 Ukendt	2018	178
615 Horsens	9999 Ukendt	2019	156
615 Horsens	9999 Ukendt	2020	192
615 Horsens	9999 Ukendt	2021	164
615 Horsens	9999 Ukendt	2022	154
615 Horsens	9999 Ukendt	2023	134
615 Horsens	9999 Ukendt	2024	127
615 Horsens	9999 Ukendt	2025	125
615 Horsens	9999 Ukendt	2026	127
621 Kolding	6000 Kolding	2010	58967
621 Kolding	6000 Kolding	2011	59095
621 Kolding	6000 Kolding	2012	59442
621 Kolding	6000 Kolding	2013	59641
621 Kolding	6000 Kolding	2014	60150
621 Kolding	6000 Kolding	2015	60857
621 Kolding	6000 Kolding	2016	61646
621 Kolding	6000 Kolding	2017	62271
621 Kolding	6000 Kolding	2018	62406
621 Kolding	6000 Kolding	2019	62751
621 Kolding	6000 Kolding	2020	63053
621 Kolding	6000 Kolding	2021	63143
621 Kolding	6000 Kolding	2022	63596
621 Kolding	6000 Kolding	2023	64423
621 Kolding	6000 Kolding	2024	64737
621 Kolding	6000 Kolding	2025	65602
621 Kolding	6000 Kolding	2026	65909
621 Kolding	6040 Egtved	2010	1927
621 Kolding	6040 Egtved	2011	1945
621 Kolding	6040 Egtved	2012	1938
621 Kolding	6040 Egtved	2013	1920
621 Kolding	6040 Egtved	2014	1968
621 Kolding	6040 Egtved	2015	2011
621 Kolding	6040 Egtved	2016	2028
621 Kolding	6040 Egtved	2017	2075
621 Kolding	6040 Egtved	2018	2091
621 Kolding	6040 Egtved	2019	2149
621 Kolding	6040 Egtved	2020	2203
621 Kolding	6040 Egtved	2021	2280
621 Kolding	6040 Egtved	2022	2274
621 Kolding	6040 Egtved	2023	2300
621 Kolding	6040 Egtved	2024	2297
621 Kolding	6040 Egtved	2025	2293
621 Kolding	6040 Egtved	2026	2271
621 Kolding	6051 Almind	2010	2017
621 Kolding	6051 Almind	2011	2033
621 Kolding	6051 Almind	2012	2053
621 Kolding	6051 Almind	2013	2019
621 Kolding	6051 Almind	2014	2103
621 Kolding	6051 Almind	2015	2067
621 Kolding	6051 Almind	2016	2055
621 Kolding	6051 Almind	2017	2056
621 Kolding	6051 Almind	2018	2076
621 Kolding	6051 Almind	2019	2043
621 Kolding	6051 Almind	2020	2024
621 Kolding	6051 Almind	2021	2008
621 Kolding	6051 Almind	2022	2034
621 Kolding	6051 Almind	2023	2063
621 Kolding	6051 Almind	2024	2059
621 Kolding	6051 Almind	2025	2094
621 Kolding	6051 Almind	2026	2086
621 Kolding	6052 Viuf	2010	909
621 Kolding	6052 Viuf	2011	903
621 Kolding	6052 Viuf	2012	904
621 Kolding	6052 Viuf	2013	911
621 Kolding	6052 Viuf	2014	911
621 Kolding	6052 Viuf	2015	908
621 Kolding	6052 Viuf	2016	915
621 Kolding	6052 Viuf	2017	913
621 Kolding	6052 Viuf	2018	932
621 Kolding	6052 Viuf	2019	932
621 Kolding	6052 Viuf	2020	930
621 Kolding	6052 Viuf	2021	923
621 Kolding	6052 Viuf	2022	912
621 Kolding	6052 Viuf	2023	905
621 Kolding	6052 Viuf	2024	889
621 Kolding	6052 Viuf	2025	890
621 Kolding	6052 Viuf	2026	912
621 Kolding	6064 Jordrup	2010	1396
621 Kolding	6064 Jordrup	2011	1382
621 Kolding	6064 Jordrup	2012	1395
621 Kolding	6064 Jordrup	2013	1378
621 Kolding	6064 Jordrup	2014	1373
621 Kolding	6064 Jordrup	2015	1350
621 Kolding	6064 Jordrup	2016	1354
621 Kolding	6064 Jordrup	2017	1321
621 Kolding	6064 Jordrup	2018	1338
621 Kolding	6064 Jordrup	2019	1302
621 Kolding	6064 Jordrup	2020	1283
621 Kolding	6064 Jordrup	2021	1256
621 Kolding	6064 Jordrup	2022	1251
621 Kolding	6064 Jordrup	2023	1230
621 Kolding	6064 Jordrup	2024	1239
621 Kolding	6064 Jordrup	2025	1236
621 Kolding	6064 Jordrup	2026	1219
621 Kolding	6070 Christiansfeld	2010	5922
621 Kolding	6070 Christiansfeld	2011	5930
621 Kolding	6070 Christiansfeld	2012	5847
621 Kolding	6070 Christiansfeld	2013	5863
621 Kolding	6070 Christiansfeld	2014	5792
621 Kolding	6070 Christiansfeld	2015	5785
621 Kolding	6070 Christiansfeld	2016	5842
621 Kolding	6070 Christiansfeld	2017	5815
621 Kolding	6070 Christiansfeld	2018	5797
621 Kolding	6070 Christiansfeld	2019	5838
621 Kolding	6070 Christiansfeld	2020	5840
621 Kolding	6070 Christiansfeld	2021	5839
621 Kolding	6070 Christiansfeld	2022	5782
621 Kolding	6070 Christiansfeld	2023	5788
621 Kolding	6070 Christiansfeld	2024	5784
621 Kolding	6070 Christiansfeld	2025	5797
621 Kolding	6070 Christiansfeld	2026	5805
621 Kolding	6091 Bjert	2010	2653
621 Kolding	6091 Bjert	2011	2656
621 Kolding	6091 Bjert	2012	2615
621 Kolding	6091 Bjert	2013	2608
621 Kolding	6091 Bjert	2014	2560
621 Kolding	6091 Bjert	2015	2596
621 Kolding	6091 Bjert	2016	2641
621 Kolding	6091 Bjert	2017	2593
621 Kolding	6091 Bjert	2018	2611
621 Kolding	6091 Bjert	2019	2642
621 Kolding	6091 Bjert	2020	2656
621 Kolding	6091 Bjert	2021	2645
621 Kolding	6091 Bjert	2022	2677
621 Kolding	6091 Bjert	2023	2715
621 Kolding	6091 Bjert	2024	2893
621 Kolding	6091 Bjert	2025	2932
621 Kolding	6091 Bjert	2026	2953
621 Kolding	6092 Sønder Stenderup	2010	909
621 Kolding	6092 Sønder Stenderup	2011	892
621 Kolding	6092 Sønder Stenderup	2012	893
621 Kolding	6092 Sønder Stenderup	2013	898
621 Kolding	6092 Sønder Stenderup	2014	881
621 Kolding	6092 Sønder Stenderup	2015	873
621 Kolding	6092 Sønder Stenderup	2016	857
621 Kolding	6092 Sønder Stenderup	2017	857
621 Kolding	6092 Sønder Stenderup	2018	858
621 Kolding	6092 Sønder Stenderup	2019	853
621 Kolding	6092 Sønder Stenderup	2020	848
621 Kolding	6092 Sønder Stenderup	2021	847
621 Kolding	6092 Sønder Stenderup	2022	842
621 Kolding	6092 Sønder Stenderup	2023	845
621 Kolding	6092 Sønder Stenderup	2024	840
621 Kolding	6092 Sønder Stenderup	2025	800
621 Kolding	6092 Sønder Stenderup	2026	805
621 Kolding	6093 Sjølund	2010	1048
621 Kolding	6093 Sjølund	2011	1039
621 Kolding	6093 Sjølund	2012	1032
621 Kolding	6093 Sjølund	2013	1061
621 Kolding	6093 Sjølund	2014	1069
621 Kolding	6093 Sjølund	2015	1082
621 Kolding	6093 Sjølund	2016	1077
621 Kolding	6093 Sjølund	2017	1085
621 Kolding	6093 Sjølund	2018	1083
621 Kolding	6093 Sjølund	2019	1096
621 Kolding	6093 Sjølund	2020	1077
621 Kolding	6093 Sjølund	2021	1081
621 Kolding	6093 Sjølund	2022	1081
621 Kolding	6093 Sjølund	2023	1052
621 Kolding	6093 Sjølund	2024	1021
621 Kolding	6093 Sjølund	2025	1023
621 Kolding	6093 Sjølund	2026	1022
621 Kolding	6094 Hejls	2010	1054
621 Kolding	6094 Hejls	2011	1023
621 Kolding	6094 Hejls	2012	993
621 Kolding	6094 Hejls	2013	1008
621 Kolding	6094 Hejls	2014	1028
621 Kolding	6094 Hejls	2015	1009
621 Kolding	6094 Hejls	2016	1070
621 Kolding	6094 Hejls	2017	1078
621 Kolding	6094 Hejls	2018	1102
621 Kolding	6094 Hejls	2019	1098
621 Kolding	6094 Hejls	2020	1083
621 Kolding	6094 Hejls	2021	1051
621 Kolding	6094 Hejls	2022	1081
621 Kolding	6094 Hejls	2023	1069
621 Kolding	6094 Hejls	2024	1059
621 Kolding	6094 Hejls	2025	1055
621 Kolding	6094 Hejls	2026	1021
621 Kolding	6100 Haderslev	2010	13
621 Kolding	6100 Haderslev	2011	15
621 Kolding	6100 Haderslev	2012	14
621 Kolding	6100 Haderslev	2013	13
621 Kolding	6100 Haderslev	2014	12
621 Kolding	6100 Haderslev	2015	11
621 Kolding	6100 Haderslev	2016	10
621 Kolding	6100 Haderslev	2017	8
621 Kolding	6100 Haderslev	2018	11
621 Kolding	6100 Haderslev	2019	8
621 Kolding	6100 Haderslev	2020	9
621 Kolding	6100 Haderslev	2021	8
621 Kolding	6100 Haderslev	2022	8
621 Kolding	6100 Haderslev	2023	11
621 Kolding	6100 Haderslev	2024	11
621 Kolding	6100 Haderslev	2025	10
621 Kolding	6100 Haderslev	2026	10
621 Kolding	6560 Sommersted	2010	70
621 Kolding	6560 Sommersted	2011	67
621 Kolding	6560 Sommersted	2012	69
621 Kolding	6560 Sommersted	2013	54
621 Kolding	6560 Sommersted	2014	56
621 Kolding	6560 Sommersted	2015	60
621 Kolding	6560 Sommersted	2016	57
621 Kolding	6560 Sommersted	2017	63
621 Kolding	6560 Sommersted	2018	61
621 Kolding	6560 Sommersted	2019	64
621 Kolding	6560 Sommersted	2020	62
621 Kolding	6560 Sommersted	2021	59
621 Kolding	6560 Sommersted	2022	63
621 Kolding	6560 Sommersted	2023	63
621 Kolding	6560 Sommersted	2024	64
621 Kolding	6560 Sommersted	2025	65
621 Kolding	6560 Sommersted	2026	66
621 Kolding	6580 Vamdrup	2010	7697
621 Kolding	6580 Vamdrup	2011	7708
621 Kolding	6580 Vamdrup	2012	7652
621 Kolding	6580 Vamdrup	2013	7609
621 Kolding	6580 Vamdrup	2014	7586
621 Kolding	6580 Vamdrup	2015	7592
621 Kolding	6580 Vamdrup	2016	7519
621 Kolding	6580 Vamdrup	2017	7516
621 Kolding	6580 Vamdrup	2018	7486
621 Kolding	6580 Vamdrup	2019	7507
621 Kolding	6580 Vamdrup	2020	7438
621 Kolding	6580 Vamdrup	2021	7370
621 Kolding	6580 Vamdrup	2022	7312
621 Kolding	6580 Vamdrup	2023	7375
621 Kolding	6580 Vamdrup	2024	7369
621 Kolding	6580 Vamdrup	2025	7431
621 Kolding	6580 Vamdrup	2026	7403
621 Kolding	6640 Lunderskov	2010	4484
621 Kolding	6640 Lunderskov	2011	4520
621 Kolding	6640 Lunderskov	2012	4557
621 Kolding	6640 Lunderskov	2013	4561
621 Kolding	6640 Lunderskov	2014	4555
621 Kolding	6640 Lunderskov	2015	4569
621 Kolding	6640 Lunderskov	2016	4593
621 Kolding	6640 Lunderskov	2017	4604
621 Kolding	6640 Lunderskov	2018	4639
621 Kolding	6640 Lunderskov	2019	4595
621 Kolding	6640 Lunderskov	2020	4655
621 Kolding	6640 Lunderskov	2021	4626
621 Kolding	6640 Lunderskov	2022	4598
621 Kolding	6640 Lunderskov	2023	4642
621 Kolding	6640 Lunderskov	2024	4626
621 Kolding	6640 Lunderskov	2025	4617
621 Kolding	6640 Lunderskov	2026	4671
621 Kolding	9999 Ukendt	2010	5
621 Kolding	9999 Ukendt	2011	2
621 Kolding	9999 Ukendt	2012	8
621 Kolding	9999 Ukendt	2013	12
621 Kolding	9999 Ukendt	2014	22
621 Kolding	9999 Ukendt	2015	24
621 Kolding	9999 Ukendt	2016	31
621 Kolding	9999 Ukendt	2017	27
621 Kolding	9999 Ukendt	2018	24
621 Kolding	9999 Ukendt	2019	15
621 Kolding	9999 Ukendt	2020	14
621 Kolding	9999 Ukendt	2021	25
621 Kolding	9999 Ukendt	2022	33
621 Kolding	9999 Ukendt	2023	47
621 Kolding	9999 Ukendt	2024	44
621 Kolding	9999 Ukendt	2025	52
621 Kolding	9999 Ukendt	2026	61
630 Vejle	6040 Egtved	2010	5507
630 Vejle	6040 Egtved	2011	5494
630 Vejle	6040 Egtved	2012	5548
630 Vejle	6040 Egtved	2013	5613
630 Vejle	6040 Egtved	2014	5569
630 Vejle	6040 Egtved	2015	5520
630 Vejle	6040 Egtved	2016	5547
630 Vejle	6040 Egtved	2017	5543
630 Vejle	6040 Egtved	2018	5664
630 Vejle	6040 Egtved	2019	5649
630 Vejle	6040 Egtved	2020	5662
630 Vejle	6040 Egtved	2021	5617
630 Vejle	6040 Egtved	2022	5674
630 Vejle	6040 Egtved	2023	5704
630 Vejle	6040 Egtved	2024	5692
630 Vejle	6040 Egtved	2025	5677
630 Vejle	6040 Egtved	2026	5670
630 Vejle	6052 Viuf	2010	91
630 Vejle	6052 Viuf	2011	95
630 Vejle	6052 Viuf	2012	97
630 Vejle	6052 Viuf	2013	68
630 Vejle	6052 Viuf	2014	65
630 Vejle	6052 Viuf	2015	68
630 Vejle	6052 Viuf	2016	67
630 Vejle	6052 Viuf	2017	70
630 Vejle	6052 Viuf	2018	72
630 Vejle	6052 Viuf	2019	69
630 Vejle	6052 Viuf	2020	69
630 Vejle	6052 Viuf	2021	63
630 Vejle	6052 Viuf	2022	65
630 Vejle	6052 Viuf	2023	66
630 Vejle	6052 Viuf	2024	66
630 Vejle	6052 Viuf	2025	63
630 Vejle	6052 Viuf	2026	57
630 Vejle	6623 Vorbasse	2010	1
630 Vejle	6623 Vorbasse	2011	1
630 Vejle	6623 Vorbasse	2012	1
630 Vejle	6623 Vorbasse	2013	1
630 Vejle	6623 Vorbasse	2014	1
630 Vejle	6623 Vorbasse	2015	1
630 Vejle	6623 Vorbasse	2016	1
630 Vejle	6623 Vorbasse	2017	1
630 Vejle	6623 Vorbasse	2018	2
630 Vejle	6623 Vorbasse	2019	3
630 Vejle	6623 Vorbasse	2020	3
630 Vejle	6623 Vorbasse	2021	3
630 Vejle	6623 Vorbasse	2022	4
630 Vejle	6623 Vorbasse	2023	4
630 Vejle	6623 Vorbasse	2024	4
630 Vejle	6623 Vorbasse	2025	5
630 Vejle	6623 Vorbasse	2026	4
630 Vejle	7000 Fredericia	2010	1739
630 Vejle	7000 Fredericia	2011	1741
630 Vejle	7000 Fredericia	2012	1783
630 Vejle	7000 Fredericia	2013	1766
630 Vejle	7000 Fredericia	2014	1734
630 Vejle	7000 Fredericia	2015	1714
630 Vejle	7000 Fredericia	2016	1721
630 Vejle	7000 Fredericia	2017	1735
630 Vejle	7000 Fredericia	2018	1703
630 Vejle	7000 Fredericia	2019	1714
630 Vejle	7000 Fredericia	2020	1734
630 Vejle	7000 Fredericia	2021	1722
630 Vejle	7000 Fredericia	2022	1742
630 Vejle	7000 Fredericia	2023	1790
630 Vejle	7000 Fredericia	2024	1772
630 Vejle	7000 Fredericia	2025	1750
630 Vejle	7000 Fredericia	2026	1776
630 Vejle	7080 Børkop	2010	10947
630 Vejle	7080 Børkop	2011	11167
630 Vejle	7080 Børkop	2012	11267
630 Vejle	7080 Børkop	2013	11433
630 Vejle	7080 Børkop	2014	11564
630 Vejle	7080 Børkop	2015	11736
630 Vejle	7080 Børkop	2016	12067
630 Vejle	7080 Børkop	2017	12190
630 Vejle	7080 Børkop	2018	12281
630 Vejle	7080 Børkop	2019	12510
630 Vejle	7080 Børkop	2020	12655
630 Vejle	7080 Børkop	2021	12859
630 Vejle	7080 Børkop	2022	13114
630 Vejle	7080 Børkop	2023	13382
630 Vejle	7080 Børkop	2024	13442
630 Vejle	7080 Børkop	2025	13581
630 Vejle	7080 Børkop	2026	13849
630 Vejle	7100 Vejle	2010	52765
630 Vejle	7100 Vejle	2011	53308
630 Vejle	7100 Vejle	2012	53837
630 Vejle	7100 Vejle	2013	54167
630 Vejle	7100 Vejle	2014	54868
630 Vejle	7100 Vejle	2015	55552
630 Vejle	7100 Vejle	2016	56258
630 Vejle	7100 Vejle	2017	57145
630 Vejle	7100 Vejle	2018	57725
630 Vejle	7100 Vejle	2019	58150
630 Vejle	7100 Vejle	2020	58586
630 Vejle	7100 Vejle	2021	59479
630 Vejle	7100 Vejle	2022	60719
630 Vejle	7100 Vejle	2023	61707
630 Vejle	7100 Vejle	2024	62003
630 Vejle	7100 Vejle	2025	62212
630 Vejle	7100 Vejle	2026	62433
630 Vejle	7120 Vejle Øst	2010	9420
630 Vejle	7120 Vejle Øst	2011	9508
630 Vejle	7120 Vejle Øst	2012	9624
630 Vejle	7120 Vejle Øst	2013	9848
630 Vejle	7120 Vejle Øst	2014	9927
630 Vejle	7120 Vejle Øst	2015	10003
630 Vejle	7120 Vejle Øst	2016	10091
630 Vejle	7120 Vejle Øst	2017	10378
630 Vejle	7120 Vejle Øst	2018	10571
630 Vejle	7120 Vejle Øst	2019	10753
630 Vejle	7120 Vejle Øst	2020	11152
630 Vejle	7120 Vejle Øst	2021	11475
630 Vejle	7120 Vejle Øst	2022	11891
630 Vejle	7120 Vejle Øst	2023	12252
630 Vejle	7120 Vejle Øst	2024	12462
630 Vejle	7120 Vejle Øst	2025	12567
630 Vejle	7120 Vejle Øst	2026	12720
630 Vejle	7160 Tørring	2010	100
630 Vejle	7160 Tørring	2011	103
630 Vejle	7160 Tørring	2012	102
630 Vejle	7160 Tørring	2013	112
630 Vejle	7160 Tørring	2014	113
630 Vejle	7160 Tørring	2015	112
630 Vejle	7160 Tørring	2016	107
630 Vejle	7160 Tørring	2017	110
630 Vejle	7160 Tørring	2018	114
630 Vejle	7160 Tørring	2019	104
630 Vejle	7160 Tørring	2020	106
630 Vejle	7160 Tørring	2021	102
630 Vejle	7160 Tørring	2022	98
630 Vejle	7160 Tørring	2023	94
630 Vejle	7160 Tørring	2024	97
630 Vejle	7160 Tørring	2025	91
630 Vejle	7160 Tørring	2026	85
630 Vejle	7173 Vonge	2010	1098
630 Vejle	7173 Vonge	2011	1109
630 Vejle	7173 Vonge	2012	1091
630 Vejle	7173 Vonge	2013	1091
630 Vejle	7173 Vonge	2014	1077
630 Vejle	7173 Vonge	2015	1075
630 Vejle	7173 Vonge	2016	1091
630 Vejle	7173 Vonge	2017	1088
630 Vejle	7173 Vonge	2018	1079
630 Vejle	7173 Vonge	2019	1076
630 Vejle	7173 Vonge	2020	1045
630 Vejle	7173 Vonge	2021	1035
630 Vejle	7173 Vonge	2022	1015
630 Vejle	7173 Vonge	2023	982
630 Vejle	7173 Vonge	2024	982
630 Vejle	7173 Vonge	2025	984
630 Vejle	7173 Vonge	2026	1011
630 Vejle	7182 Bredsten	2010	3353
630 Vejle	7182 Bredsten	2011	3358
630 Vejle	7182 Bredsten	2012	3381
630 Vejle	7182 Bredsten	2013	3395
630 Vejle	7182 Bredsten	2014	3390
630 Vejle	7182 Bredsten	2015	3354
630 Vejle	7182 Bredsten	2016	3341
630 Vejle	7182 Bredsten	2017	3361
630 Vejle	7182 Bredsten	2018	3304
630 Vejle	7182 Bredsten	2019	3265
630 Vejle	7182 Bredsten	2020	3268
630 Vejle	7182 Bredsten	2021	3272
630 Vejle	7182 Bredsten	2022	3310
630 Vejle	7182 Bredsten	2023	3393
630 Vejle	7182 Bredsten	2024	3526
630 Vejle	7182 Bredsten	2025	3551
630 Vejle	7182 Bredsten	2026	3565
630 Vejle	7183 Randbøl	2010	1183
630 Vejle	7183 Randbøl	2011	1164
630 Vejle	7183 Randbøl	2012	1170
630 Vejle	7183 Randbøl	2013	1166
630 Vejle	7183 Randbøl	2014	1133
630 Vejle	7183 Randbøl	2015	1155
630 Vejle	7183 Randbøl	2016	1166
630 Vejle	7183 Randbøl	2017	1149
630 Vejle	7183 Randbøl	2018	1131
630 Vejle	7183 Randbøl	2019	1133
630 Vejle	7183 Randbøl	2020	1135
630 Vejle	7183 Randbøl	2021	1134
630 Vejle	7183 Randbøl	2022	1118
630 Vejle	7183 Randbøl	2023	1089
630 Vejle	7183 Randbøl	2024	1093
630 Vejle	7183 Randbøl	2025	1077
630 Vejle	7183 Randbøl	2026	1106
630 Vejle	7184 Vandel	2010	1092
630 Vejle	7184 Vandel	2011	1077
630 Vejle	7184 Vandel	2012	1048
630 Vejle	7184 Vandel	2013	1025
630 Vejle	7184 Vandel	2014	1045
630 Vejle	7184 Vandel	2015	1044
630 Vejle	7184 Vandel	2016	1050
630 Vejle	7184 Vandel	2017	1062
630 Vejle	7184 Vandel	2018	1084
630 Vejle	7184 Vandel	2019	1045
630 Vejle	7184 Vandel	2020	1032
630 Vejle	7184 Vandel	2021	1032
630 Vejle	7184 Vandel	2022	1043
630 Vejle	7184 Vandel	2023	1031
630 Vejle	7184 Vandel	2024	1017
630 Vejle	7184 Vandel	2025	1036
630 Vejle	7184 Vandel	2026	1009
630 Vejle	7190 Billund	2010	104
630 Vejle	7190 Billund	2011	91
630 Vejle	7190 Billund	2012	92
630 Vejle	7190 Billund	2013	101
630 Vejle	7190 Billund	2014	96
630 Vejle	7190 Billund	2015	102
630 Vejle	7190 Billund	2016	105
630 Vejle	7190 Billund	2017	96
630 Vejle	7190 Billund	2018	104
630 Vejle	7190 Billund	2019	97
630 Vejle	7190 Billund	2020	87
630 Vejle	7190 Billund	2021	85
630 Vejle	7190 Billund	2022	87
630 Vejle	7190 Billund	2023	86
630 Vejle	7190 Billund	2024	83
630 Vejle	7190 Billund	2025	84
630 Vejle	7190 Billund	2026	84
630 Vejle	7200 Grindsted	2010	2
630 Vejle	7200 Grindsted	2011	2
630 Vejle	7200 Grindsted	2012	2
630 Vejle	7200 Grindsted	2013	2
630 Vejle	7200 Grindsted	2014	3
630 Vejle	7200 Grindsted	2015	3
630 Vejle	7200 Grindsted	2016	3
630 Vejle	7200 Grindsted	2017	4
630 Vejle	7200 Grindsted	2018	4
630 Vejle	7200 Grindsted	2019	4
630 Vejle	7200 Grindsted	2020	4
630 Vejle	7200 Grindsted	2021	4
630 Vejle	7200 Grindsted	2022	4
630 Vejle	7200 Grindsted	2023	4
630 Vejle	7200 Grindsted	2024	4
630 Vejle	7200 Grindsted	2025	3
630 Vejle	7200 Grindsted	2026	3
630 Vejle	7300 Jelling	2010	6087
630 Vejle	7300 Jelling	2011	6078
630 Vejle	7300 Jelling	2012	6079
630 Vejle	7300 Jelling	2013	6158
630 Vejle	7300 Jelling	2014	6100
630 Vejle	7300 Jelling	2015	6072
630 Vejle	7300 Jelling	2016	6141
630 Vejle	7300 Jelling	2017	6178
630 Vejle	7300 Jelling	2018	6190
630 Vejle	7300 Jelling	2019	6207
630 Vejle	7300 Jelling	2020	6239
630 Vejle	7300 Jelling	2021	6238
630 Vejle	7300 Jelling	2022	6321
630 Vejle	7300 Jelling	2023	6364
630 Vejle	7300 Jelling	2024	6459
630 Vejle	7300 Jelling	2025	6586
630 Vejle	7300 Jelling	2026	6554
630 Vejle	7321 Gadbjerg	2010	1485
630 Vejle	7321 Gadbjerg	2011	1503
630 Vejle	7321 Gadbjerg	2012	1481
630 Vejle	7321 Gadbjerg	2013	1470
630 Vejle	7321 Gadbjerg	2014	1525
630 Vejle	7321 Gadbjerg	2015	1521
630 Vejle	7321 Gadbjerg	2016	1536
630 Vejle	7321 Gadbjerg	2017	1565
630 Vejle	7321 Gadbjerg	2018	1572
630 Vejle	7321 Gadbjerg	2019	1570
630 Vejle	7321 Gadbjerg	2020	1586
630 Vejle	7321 Gadbjerg	2021	1570
630 Vejle	7321 Gadbjerg	2022	1595
630 Vejle	7321 Gadbjerg	2023	1597
630 Vejle	7321 Gadbjerg	2024	1552
630 Vejle	7321 Gadbjerg	2025	1561
630 Vejle	7321 Gadbjerg	2026	1515
630 Vejle	7323 Give	2010	11377
630 Vejle	7323 Give	2011	11388
630 Vejle	7323 Give	2012	11386
630 Vejle	7323 Give	2013	11382
630 Vejle	7323 Give	2014	11406
630 Vejle	7323 Give	2015	11405
630 Vejle	7323 Give	2016	11425
630 Vejle	7323 Give	2017	11537
630 Vejle	7323 Give	2018	11514
630 Vejle	7323 Give	2019	11458
630 Vejle	7323 Give	2020	11358
630 Vejle	7323 Give	2021	11279
630 Vejle	7323 Give	2022	11229
630 Vejle	7323 Give	2023	11379
630 Vejle	7323 Give	2024	11416
630 Vejle	7323 Give	2025	11579
630 Vejle	7323 Give	2026	11783
630 Vejle	7330 Brande	2010	17
630 Vejle	7330 Brande	2011	17
630 Vejle	7330 Brande	2012	18
630 Vejle	7330 Brande	2013	14
630 Vejle	7330 Brande	2014	14
630 Vejle	7330 Brande	2015	17
630 Vejle	7330 Brande	2016	15
630 Vejle	7330 Brande	2017	17
630 Vejle	7330 Brande	2018	18
630 Vejle	7330 Brande	2019	17
630 Vejle	7330 Brande	2020	18
630 Vejle	7330 Brande	2021	11
630 Vejle	7330 Brande	2022	12
630 Vejle	7330 Brande	2023	12
630 Vejle	7330 Brande	2024	12
630 Vejle	7330 Brande	2025	10
630 Vejle	7330 Brande	2026	8
630 Vejle	7361 Ejstrupholm	2010	12
630 Vejle	7361 Ejstrupholm	2011	11
630 Vejle	7361 Ejstrupholm	2012	11
630 Vejle	7361 Ejstrupholm	2013	11
630 Vejle	7361 Ejstrupholm	2014	12
630 Vejle	7361 Ejstrupholm	2015	12
630 Vejle	7361 Ejstrupholm	2016	9
630 Vejle	7361 Ejstrupholm	2017	8
630 Vejle	7361 Ejstrupholm	2018	5
630 Vejle	7361 Ejstrupholm	2019	4
630 Vejle	7361 Ejstrupholm	2020	6
630 Vejle	7361 Ejstrupholm	2021	8
630 Vejle	7361 Ejstrupholm	2022	13
630 Vejle	7361 Ejstrupholm	2023	11
630 Vejle	7361 Ejstrupholm	2024	11
630 Vejle	7361 Ejstrupholm	2025	12
630 Vejle	7361 Ejstrupholm	2026	11
630 Vejle	8721 Daugård	2010	3
630 Vejle	8721 Daugård	2011	3
630 Vejle	8721 Daugård	2012	3
630 Vejle	8721 Daugård	2013	0
630 Vejle	8721 Daugård	2014	1
630 Vejle	8721 Daugård	2015	2
630 Vejle	8721 Daugård	2016	2
630 Vejle	8721 Daugård	2017	0
630 Vejle	8721 Daugård	2018	2
630 Vejle	8721 Daugård	2019	2
630 Vejle	8721 Daugård	2020	2
630 Vejle	8721 Daugård	2021	2
630 Vejle	8721 Daugård	2022	2
630 Vejle	8721 Daugård	2023	2
630 Vejle	8721 Daugård	2024	2
630 Vejle	8721 Daugård	2025	3
630 Vejle	8721 Daugård	2026	3
630 Vejle	8722 Hedensted	2010	0
630 Vejle	8722 Hedensted	2011	0
630 Vejle	8722 Hedensted	2012	0
630 Vejle	8722 Hedensted	2013	0
630 Vejle	8722 Hedensted	2014	0
630 Vejle	8722 Hedensted	2015	0
630 Vejle	8722 Hedensted	2016	0
630 Vejle	8722 Hedensted	2017	0
630 Vejle	8722 Hedensted	2018	0
630 Vejle	8722 Hedensted	2019	0
630 Vejle	8722 Hedensted	2020	0
630 Vejle	8722 Hedensted	2021	0
630 Vejle	8722 Hedensted	2022	0
630 Vejle	8722 Hedensted	2023	0
630 Vejle	8722 Hedensted	2024	0
630 Vejle	8722 Hedensted	2025	0
630 Vejle	8722 Hedensted	2026	0
630 Vejle	9999 Ukendt	2010	0
630 Vejle	9999 Ukendt	2011	0
630 Vejle	9999 Ukendt	2012	0
630 Vejle	9999 Ukendt	2013	3
630 Vejle	9999 Ukendt	2014	9
630 Vejle	9999 Ukendt	2015	3
630 Vejle	9999 Ukendt	2016	0
630 Vejle	9999 Ukendt	2017	6
630 Vejle	9999 Ukendt	2018	1
630 Vejle	9999 Ukendt	2019	0
630 Vejle	9999 Ukendt	2020	1
630 Vejle	9999 Ukendt	2021	2
630 Vejle	9999 Ukendt	2022	4
630 Vejle	9999 Ukendt	2023	0
630 Vejle	9999 Ukendt	2024	1
630 Vejle	9999 Ukendt	2025	1
630 Vejle	9999 Ukendt	2026	4
657 Herning	6933 Kibæk	2010	4547
657 Herning	6933 Kibæk	2011	4558
657 Herning	6933 Kibæk	2012	4541
657 Herning	6933 Kibæk	2013	4541
657 Herning	6933 Kibæk	2014	4488
657 Herning	6933 Kibæk	2015	4459
657 Herning	6933 Kibæk	2016	4464
657 Herning	6933 Kibæk	2017	4441
657 Herning	6933 Kibæk	2018	4424
657 Herning	6933 Kibæk	2019	4462
657 Herning	6933 Kibæk	2020	4438
657 Herning	6933 Kibæk	2021	4412
657 Herning	6933 Kibæk	2022	4382
657 Herning	6933 Kibæk	2023	4338
657 Herning	6933 Kibæk	2024	4285
657 Herning	6933 Kibæk	2025	4300
657 Herning	6933 Kibæk	2026	4261
657 Herning	6973 Ørnhøj	2010	1322
657 Herning	6973 Ørnhøj	2011	1277
657 Herning	6973 Ørnhøj	2012	1265
657 Herning	6973 Ørnhøj	2013	1234
657 Herning	6973 Ørnhøj	2014	1279
657 Herning	6973 Ørnhøj	2015	1249
657 Herning	6973 Ørnhøj	2016	1263
657 Herning	6973 Ørnhøj	2017	1263
657 Herning	6973 Ørnhøj	2018	1228
657 Herning	6973 Ørnhøj	2019	1221
657 Herning	6973 Ørnhøj	2020	1238
657 Herning	6973 Ørnhøj	2021	1209
657 Herning	6973 Ørnhøj	2022	1217
657 Herning	6973 Ørnhøj	2023	1236
657 Herning	6973 Ørnhøj	2024	1235
657 Herning	6973 Ørnhøj	2025	1216
657 Herning	6973 Ørnhøj	2026	1223
657 Herning	6990 Ulfborg	2010	11
657 Herning	6990 Ulfborg	2011	12
657 Herning	6990 Ulfborg	2012	10
657 Herning	6990 Ulfborg	2013	12
657 Herning	6990 Ulfborg	2014	12
657 Herning	6990 Ulfborg	2015	12
657 Herning	6990 Ulfborg	2016	12
657 Herning	6990 Ulfborg	2017	12
657 Herning	6990 Ulfborg	2018	12
657 Herning	6990 Ulfborg	2019	11
657 Herning	6990 Ulfborg	2020	12
657 Herning	6990 Ulfborg	2021	12
657 Herning	6990 Ulfborg	2022	12
657 Herning	6990 Ulfborg	2023	15
657 Herning	6990 Ulfborg	2024	16
657 Herning	6990 Ulfborg	2025	15
657 Herning	6990 Ulfborg	2026	15
657 Herning	7260 Sønder Omme	2010	2
657 Herning	7260 Sønder Omme	2011	2
657 Herning	7260 Sønder Omme	2012	2
657 Herning	7260 Sønder Omme	2013	1
657 Herning	7260 Sønder Omme	2014	1
657 Herning	7260 Sønder Omme	2015	1
657 Herning	7260 Sønder Omme	2016	1
657 Herning	7260 Sønder Omme	2017	1
657 Herning	7260 Sønder Omme	2018	1
657 Herning	7260 Sønder Omme	2019	1
657 Herning	7260 Sønder Omme	2020	3
657 Herning	7260 Sønder Omme	2021	2
657 Herning	7260 Sønder Omme	2022	2
657 Herning	7260 Sønder Omme	2023	2
657 Herning	7260 Sønder Omme	2024	2
657 Herning	7260 Sønder Omme	2025	2
657 Herning	7260 Sønder Omme	2026	2
657 Herning	7270 Stakroge	2010	476
657 Herning	7270 Stakroge	2011	466
657 Herning	7270 Stakroge	2012	467
657 Herning	7270 Stakroge	2013	444
657 Herning	7270 Stakroge	2014	459
657 Herning	7270 Stakroge	2015	446
657 Herning	7270 Stakroge	2016	436
657 Herning	7270 Stakroge	2017	456
657 Herning	7270 Stakroge	2018	446
657 Herning	7270 Stakroge	2019	446
657 Herning	7270 Stakroge	2020	430
657 Herning	7270 Stakroge	2021	412
657 Herning	7270 Stakroge	2022	396
657 Herning	7270 Stakroge	2023	396
657 Herning	7270 Stakroge	2024	399
657 Herning	7270 Stakroge	2025	402
657 Herning	7270 Stakroge	2026	385
657 Herning	7280 Sønder Felding	2010	1980
657 Herning	7280 Sønder Felding	2011	1985
657 Herning	7280 Sønder Felding	2012	1963
657 Herning	7280 Sønder Felding	2013	1938
657 Herning	7280 Sønder Felding	2014	1925
657 Herning	7280 Sønder Felding	2015	1923
657 Herning	7280 Sønder Felding	2016	1934
657 Herning	7280 Sønder Felding	2017	1903
657 Herning	7280 Sønder Felding	2018	1904
657 Herning	7280 Sønder Felding	2019	1875
657 Herning	7280 Sønder Felding	2020	1835
657 Herning	7280 Sønder Felding	2021	1810
657 Herning	7280 Sønder Felding	2022	1815
657 Herning	7280 Sønder Felding	2023	1806
657 Herning	7280 Sønder Felding	2024	1779
657 Herning	7280 Sønder Felding	2025	1755
657 Herning	7280 Sønder Felding	2026	1740
657 Herning	7330 Brande	2010	481
657 Herning	7330 Brande	2011	463
657 Herning	7330 Brande	2012	456
657 Herning	7330 Brande	2013	452
657 Herning	7330 Brande	2014	463
657 Herning	7330 Brande	2015	445
657 Herning	7330 Brande	2016	439
657 Herning	7330 Brande	2017	444
657 Herning	7330 Brande	2018	445
657 Herning	7330 Brande	2019	449
657 Herning	7330 Brande	2020	449
657 Herning	7330 Brande	2021	445
657 Herning	7330 Brande	2022	440
657 Herning	7330 Brande	2023	441
657 Herning	7330 Brande	2024	430
657 Herning	7330 Brande	2025	417
657 Herning	7330 Brande	2026	411
657 Herning	7400 Herning	2010	54833
657 Herning	7400 Herning	2011	55087
657 Herning	7400 Herning	2012	55614
657 Herning	7400 Herning	2013	55952
657 Herning	7400 Herning	2014	56315
657 Herning	7400 Herning	2015	56470
657 Herning	7400 Herning	2016	57078
657 Herning	7400 Herning	2017	57829
657 Herning	7400 Herning	2018	58209
657 Herning	7400 Herning	2019	58515
657 Herning	7400 Herning	2020	58782
657 Herning	7400 Herning	2021	58982
657 Herning	7400 Herning	2022	59054
657 Herning	7400 Herning	2023	59649
657 Herning	7400 Herning	2024	59696
657 Herning	7400 Herning	2025	60068
657 Herning	7400 Herning	2026	60625
657 Herning	7451 Sunds	2010	5989
657 Herning	7451 Sunds	2011	5996
657 Herning	7451 Sunds	2012	6024
657 Herning	7451 Sunds	2013	6037
657 Herning	7451 Sunds	2014	5999
657 Herning	7451 Sunds	2015	5902
657 Herning	7451 Sunds	2016	5975
657 Herning	7451 Sunds	2017	6004
657 Herning	7451 Sunds	2018	6019
657 Herning	7451 Sunds	2019	5976
657 Herning	7451 Sunds	2020	6063
657 Herning	7451 Sunds	2021	6121
657 Herning	7451 Sunds	2022	6074
657 Herning	7451 Sunds	2023	6141
657 Herning	7451 Sunds	2024	6135
657 Herning	7451 Sunds	2025	6061
657 Herning	7451 Sunds	2026	6141
657 Herning	7470 Karup J	2010	104
657 Herning	7470 Karup J	2011	110
657 Herning	7470 Karup J	2012	108
657 Herning	7470 Karup J	2013	108
657 Herning	7470 Karup J	2014	97
657 Herning	7470 Karup J	2015	100
657 Herning	7470 Karup J	2016	95
657 Herning	7470 Karup J	2017	106
657 Herning	7470 Karup J	2018	92
657 Herning	7470 Karup J	2019	87
657 Herning	7470 Karup J	2020	85
657 Herning	7470 Karup J	2021	87
657 Herning	7470 Karup J	2022	89
657 Herning	7470 Karup J	2023	94
657 Herning	7470 Karup J	2024	97
657 Herning	7470 Karup J	2025	92
657 Herning	7470 Karup J	2026	100
657 Herning	7480 Vildbjerg	2010	6736
657 Herning	7480 Vildbjerg	2011	6804
657 Herning	7480 Vildbjerg	2012	6810
657 Herning	7480 Vildbjerg	2013	6809
657 Herning	7480 Vildbjerg	2014	6793
657 Herning	7480 Vildbjerg	2015	6877
657 Herning	7480 Vildbjerg	2016	6859
657 Herning	7480 Vildbjerg	2017	6832
657 Herning	7480 Vildbjerg	2018	6870
657 Herning	7480 Vildbjerg	2019	6833
657 Herning	7480 Vildbjerg	2020	6771
657 Herning	7480 Vildbjerg	2021	6768
657 Herning	7480 Vildbjerg	2022	6791
657 Herning	7480 Vildbjerg	2023	6818
657 Herning	7480 Vildbjerg	2024	6832
657 Herning	7480 Vildbjerg	2025	6837
657 Herning	7480 Vildbjerg	2026	6831
657 Herning	7490 Aulum	2010	4818
657 Herning	7490 Aulum	2011	4874
657 Herning	7490 Aulum	2012	4857
657 Herning	7490 Aulum	2013	4852
657 Herning	7490 Aulum	2014	4828
657 Herning	7490 Aulum	2015	4810
657 Herning	7490 Aulum	2016	4862
657 Herning	7490 Aulum	2017	4914
657 Herning	7490 Aulum	2018	4909
657 Herning	7490 Aulum	2019	4936
657 Herning	7490 Aulum	2020	4948
657 Herning	7490 Aulum	2021	4897
657 Herning	7490 Aulum	2022	4892
657 Herning	7490 Aulum	2023	4918
657 Herning	7490 Aulum	2024	4919
657 Herning	7490 Aulum	2025	4879
657 Herning	7490 Aulum	2026	4863
657 Herning	7500 Holstebro	2010	565
657 Herning	7500 Holstebro	2011	558
657 Herning	7500 Holstebro	2012	562
657 Herning	7500 Holstebro	2013	564
657 Herning	7500 Holstebro	2014	558
657 Herning	7500 Holstebro	2015	554
657 Herning	7500 Holstebro	2016	535
657 Herning	7500 Holstebro	2017	538
657 Herning	7500 Holstebro	2018	547
657 Herning	7500 Holstebro	2019	524
657 Herning	7500 Holstebro	2020	506
657 Herning	7500 Holstebro	2021	504
657 Herning	7500 Holstebro	2022	502
657 Herning	7500 Holstebro	2023	495
657 Herning	7500 Holstebro	2024	491
657 Herning	7500 Holstebro	2025	471
657 Herning	7500 Holstebro	2026	461
657 Herning	7540 Haderup	2010	1942
657 Herning	7540 Haderup	2011	1912
657 Herning	7540 Haderup	2012	1926
657 Herning	7540 Haderup	2013	1920
657 Herning	7540 Haderup	2014	1902
657 Herning	7540 Haderup	2015	1910
657 Herning	7540 Haderup	2016	1941
657 Herning	7540 Haderup	2017	1929
657 Herning	7540 Haderup	2018	1937
657 Herning	7540 Haderup	2019	1903
657 Herning	7540 Haderup	2020	1876
657 Herning	7540 Haderup	2021	1885
657 Herning	7540 Haderup	2022	1851
657 Herning	7540 Haderup	2023	1891
657 Herning	7540 Haderup	2024	1838
657 Herning	7540 Haderup	2025	1820
657 Herning	7540 Haderup	2026	1810
657 Herning	7550 Sørvad	2010	1733
657 Herning	7550 Sørvad	2011	1741
657 Herning	7550 Sørvad	2012	1735
657 Herning	7550 Sørvad	2013	1724
657 Herning	7550 Sørvad	2014	1716
657 Herning	7550 Sørvad	2015	1693
657 Herning	7550 Sørvad	2016	1682
657 Herning	7550 Sørvad	2017	1695
657 Herning	7550 Sørvad	2018	1673
657 Herning	7550 Sørvad	2019	1661
657 Herning	7550 Sørvad	2020	1681
657 Herning	7550 Sørvad	2021	1675
657 Herning	7550 Sørvad	2022	1689
657 Herning	7550 Sørvad	2023	1700
657 Herning	7550 Sørvad	2024	1683
657 Herning	7550 Sørvad	2025	1663
657 Herning	7550 Sørvad	2026	1664
657 Herning	9999 Ukendt	2010	9
657 Herning	9999 Ukendt	2011	7
657 Herning	9999 Ukendt	2012	8
657 Herning	9999 Ukendt	2013	7
657 Herning	9999 Ukendt	2014	7
657 Herning	9999 Ukendt	2015	13
657 Herning	9999 Ukendt	2016	17
657 Herning	9999 Ukendt	2017	19
657 Herning	9999 Ukendt	2018	17
657 Herning	9999 Ukendt	2019	17
657 Herning	9999 Ukendt	2020	10
657 Herning	9999 Ukendt	2021	17
657 Herning	9999 Ukendt	2022	24
657 Herning	9999 Ukendt	2023	12
657 Herning	9999 Ukendt	2024	11
657 Herning	9999 Ukendt	2025	8
657 Herning	9999 Ukendt	2026	14
661 Holstebro	6990 Ulfborg	2010	4729
661 Holstebro	6990 Ulfborg	2011	4723
661 Holstebro	6990 Ulfborg	2012	4659
661 Holstebro	6990 Ulfborg	2013	4583
661 Holstebro	6990 Ulfborg	2014	4537
661 Holstebro	6990 Ulfborg	2015	4492
661 Holstebro	6990 Ulfborg	2016	4458
661 Holstebro	6990 Ulfborg	2017	4464
661 Holstebro	6990 Ulfborg	2018	4451
661 Holstebro	6990 Ulfborg	2019	4415
661 Holstebro	6990 Ulfborg	2020	4418
661 Holstebro	6990 Ulfborg	2021	4333
661 Holstebro	6990 Ulfborg	2022	4299
661 Holstebro	6990 Ulfborg	2023	4321
661 Holstebro	6990 Ulfborg	2024	4218
661 Holstebro	6990 Ulfborg	2025	4163
661 Holstebro	6990 Ulfborg	2026	4143
661 Holstebro	7500 Holstebro	2010	42121
661 Holstebro	7500 Holstebro	2011	42286
661 Holstebro	7500 Holstebro	2012	42410
661 Holstebro	7500 Holstebro	2013	42673
661 Holstebro	7500 Holstebro	2014	42872
661 Holstebro	7500 Holstebro	2015	43066
661 Holstebro	7500 Holstebro	2016	43265
661 Holstebro	7500 Holstebro	2017	43767
661 Holstebro	7500 Holstebro	2018	44140
661 Holstebro	7500 Holstebro	2019	44281
661 Holstebro	7500 Holstebro	2020	44469
661 Holstebro	7500 Holstebro	2021	44685
661 Holstebro	7500 Holstebro	2022	44616
661 Holstebro	7500 Holstebro	2023	45098
661 Holstebro	7500 Holstebro	2024	45356
661 Holstebro	7500 Holstebro	2025	45623
661 Holstebro	7500 Holstebro	2026	45753
661 Holstebro	7540 Haderup	2010	20
661 Holstebro	7540 Haderup	2011	20
661 Holstebro	7540 Haderup	2012	22
661 Holstebro	7540 Haderup	2013	22
661 Holstebro	7540 Haderup	2014	21
661 Holstebro	7540 Haderup	2015	18
661 Holstebro	7540 Haderup	2016	22
661 Holstebro	7540 Haderup	2017	24
661 Holstebro	7540 Haderup	2018	16
661 Holstebro	7540 Haderup	2019	16
661 Holstebro	7540 Haderup	2020	18
661 Holstebro	7540 Haderup	2021	17
661 Holstebro	7540 Haderup	2022	17
661 Holstebro	7540 Haderup	2023	20
661 Holstebro	7540 Haderup	2024	19
661 Holstebro	7540 Haderup	2025	20
661 Holstebro	7540 Haderup	2026	15
661 Holstebro	7560 Hjerm	2010	6
661 Holstebro	7560 Hjerm	2011	6
661 Holstebro	7560 Hjerm	2012	6
661 Holstebro	7560 Hjerm	2013	3
661 Holstebro	7560 Hjerm	2014	6
661 Holstebro	7560 Hjerm	2015	7
661 Holstebro	7560 Hjerm	2016	7
661 Holstebro	7560 Hjerm	2017	6
661 Holstebro	7560 Hjerm	2018	6
661 Holstebro	7560 Hjerm	2019	4
661 Holstebro	7560 Hjerm	2020	5
661 Holstebro	7560 Hjerm	2021	8
661 Holstebro	7560 Hjerm	2022	8
661 Holstebro	7560 Hjerm	2023	4
661 Holstebro	7560 Hjerm	2024	6
661 Holstebro	7560 Hjerm	2025	5
661 Holstebro	7560 Hjerm	2026	5
661 Holstebro	7570 Vemb	2010	2181
661 Holstebro	7570 Vemb	2011	2166
661 Holstebro	7570 Vemb	2012	2178
661 Holstebro	7570 Vemb	2013	2155
661 Holstebro	7570 Vemb	2014	2136
661 Holstebro	7570 Vemb	2015	2142
661 Holstebro	7570 Vemb	2016	2140
661 Holstebro	7570 Vemb	2017	2128
661 Holstebro	7570 Vemb	2018	2101
661 Holstebro	7570 Vemb	2019	2048
661 Holstebro	7570 Vemb	2020	2025
661 Holstebro	7570 Vemb	2021	2036
661 Holstebro	7570 Vemb	2022	2035
661 Holstebro	7570 Vemb	2023	1993
661 Holstebro	7570 Vemb	2024	1950
661 Holstebro	7570 Vemb	2025	1927
661 Holstebro	7570 Vemb	2026	1916
661 Holstebro	7600 Struer	2010	2
661 Holstebro	7600 Struer	2011	2
661 Holstebro	7600 Struer	2012	2
661 Holstebro	7600 Struer	2013	2
661 Holstebro	7600 Struer	2014	2
661 Holstebro	7600 Struer	2015	2
661 Holstebro	7600 Struer	2016	2
661 Holstebro	7600 Struer	2017	2
661 Holstebro	7600 Struer	2018	2
661 Holstebro	7600 Struer	2019	2
661 Holstebro	7600 Struer	2020	2
661 Holstebro	7600 Struer	2021	2
661 Holstebro	7600 Struer	2022	2
661 Holstebro	7600 Struer	2023	2
661 Holstebro	7600 Struer	2024	2
661 Holstebro	7600 Struer	2025	0
661 Holstebro	7600 Struer	2026	2
661 Holstebro	7800 Skive	2010	464
661 Holstebro	7800 Skive	2011	485
661 Holstebro	7800 Skive	2012	470
661 Holstebro	7800 Skive	2013	463
661 Holstebro	7800 Skive	2014	462
661 Holstebro	7800 Skive	2015	454
661 Holstebro	7800 Skive	2016	441
661 Holstebro	7800 Skive	2017	439
661 Holstebro	7800 Skive	2018	454
661 Holstebro	7800 Skive	2019	452
661 Holstebro	7800 Skive	2020	443
661 Holstebro	7800 Skive	2021	433
661 Holstebro	7800 Skive	2022	442
661 Holstebro	7800 Skive	2023	445
661 Holstebro	7800 Skive	2024	417
661 Holstebro	7800 Skive	2025	403
661 Holstebro	7800 Skive	2026	406
661 Holstebro	7830 Vinderup	2010	7514
661 Holstebro	7830 Vinderup	2011	7465
661 Holstebro	7830 Vinderup	2012	7400
661 Holstebro	7830 Vinderup	2013	7344
661 Holstebro	7830 Vinderup	2014	7293
661 Holstebro	7830 Vinderup	2015	7301
661 Holstebro	7830 Vinderup	2016	7311
661 Holstebro	7830 Vinderup	2017	7286
661 Holstebro	7830 Vinderup	2018	7233
661 Holstebro	7830 Vinderup	2019	7265
661 Holstebro	7830 Vinderup	2020	7199
661 Holstebro	7830 Vinderup	2021	7138
661 Holstebro	7830 Vinderup	2022	7124
661 Holstebro	7830 Vinderup	2023	7084
661 Holstebro	7830 Vinderup	2024	7034
661 Holstebro	7830 Vinderup	2025	7037
661 Holstebro	7830 Vinderup	2026	7063
661 Holstebro	9999 Ukendt	2010	19
661 Holstebro	9999 Ukendt	2011	8
661 Holstebro	9999 Ukendt	2012	6
661 Holstebro	9999 Ukendt	2013	9
661 Holstebro	9999 Ukendt	2014	9
661 Holstebro	9999 Ukendt	2015	12
661 Holstebro	9999 Ukendt	2016	15
661 Holstebro	9999 Ukendt	2017	9
661 Holstebro	9999 Ukendt	2018	15
661 Holstebro	9999 Ukendt	2019	21
661 Holstebro	9999 Ukendt	2020	12
661 Holstebro	9999 Ukendt	2021	10
661 Holstebro	9999 Ukendt	2022	10
661 Holstebro	9999 Ukendt	2023	11
661 Holstebro	9999 Ukendt	2024	14
661 Holstebro	9999 Ukendt	2025	23
661 Holstebro	9999 Ukendt	2026	21
665 Lemvig	6990 Ulfborg	2010	9
665 Lemvig	6990 Ulfborg	2011	8
665 Lemvig	6990 Ulfborg	2012	8
665 Lemvig	6990 Ulfborg	2013	8
665 Lemvig	6990 Ulfborg	2014	8
665 Lemvig	6990 Ulfborg	2015	8
665 Lemvig	6990 Ulfborg	2016	7
665 Lemvig	6990 Ulfborg	2017	7
665 Lemvig	6990 Ulfborg	2018	6
665 Lemvig	6990 Ulfborg	2019	6
665 Lemvig	6990 Ulfborg	2020	6
665 Lemvig	6990 Ulfborg	2021	6
665 Lemvig	6990 Ulfborg	2022	6
665 Lemvig	6990 Ulfborg	2023	5
665 Lemvig	6990 Ulfborg	2024	4
665 Lemvig	6990 Ulfborg	2025	4
665 Lemvig	6990 Ulfborg	2026	4
665 Lemvig	7570 Vemb	2010	458
665 Lemvig	7570 Vemb	2011	456
665 Lemvig	7570 Vemb	2012	444
665 Lemvig	7570 Vemb	2013	426
665 Lemvig	7570 Vemb	2014	411
665 Lemvig	7570 Vemb	2015	402
665 Lemvig	7570 Vemb	2016	382
665 Lemvig	7570 Vemb	2017	379
665 Lemvig	7570 Vemb	2018	383
665 Lemvig	7570 Vemb	2019	386
665 Lemvig	7570 Vemb	2020	398
665 Lemvig	7570 Vemb	2021	386
665 Lemvig	7570 Vemb	2022	376
665 Lemvig	7570 Vemb	2023	382
665 Lemvig	7570 Vemb	2024	353
665 Lemvig	7570 Vemb	2025	349
665 Lemvig	7570 Vemb	2026	333
665 Lemvig	7600 Struer	2010	4
665 Lemvig	7600 Struer	2011	4
665 Lemvig	7600 Struer	2012	4
665 Lemvig	7600 Struer	2013	4
665 Lemvig	7600 Struer	2014	5
665 Lemvig	7600 Struer	2015	4
665 Lemvig	7600 Struer	2016	2
665 Lemvig	7600 Struer	2017	2
665 Lemvig	7600 Struer	2018	2
665 Lemvig	7600 Struer	2019	2
665 Lemvig	7600 Struer	2020	2
665 Lemvig	7600 Struer	2021	2
665 Lemvig	7600 Struer	2022	2
665 Lemvig	7600 Struer	2023	2
665 Lemvig	7600 Struer	2024	2
665 Lemvig	7600 Struer	2025	2
665 Lemvig	7600 Struer	2026	1
665 Lemvig	7620 Lemvig	2010	14472
665 Lemvig	7620 Lemvig	2011	14328
665 Lemvig	7620 Lemvig	2012	14239
665 Lemvig	7620 Lemvig	2013	14247
665 Lemvig	7620 Lemvig	2014	14029
665 Lemvig	7620 Lemvig	2015	13871
665 Lemvig	7620 Lemvig	2016	13722
665 Lemvig	7620 Lemvig	2017	13663
665 Lemvig	7620 Lemvig	2018	13563
665 Lemvig	7620 Lemvig	2019	13476
665 Lemvig	7620 Lemvig	2020	13326
665 Lemvig	7620 Lemvig	2021	13258
665 Lemvig	7620 Lemvig	2022	13169
665 Lemvig	7620 Lemvig	2023	13109
665 Lemvig	7620 Lemvig	2024	13022
665 Lemvig	7620 Lemvig	2025	12895
665 Lemvig	7620 Lemvig	2026	12811
665 Lemvig	7650 Bøvlingbjerg	2010	1166
665 Lemvig	7650 Bøvlingbjerg	2011	1129
665 Lemvig	7650 Bøvlingbjerg	2012	1125
665 Lemvig	7650 Bøvlingbjerg	2013	1064
665 Lemvig	7650 Bøvlingbjerg	2014	1098
665 Lemvig	7650 Bøvlingbjerg	2015	1046
665 Lemvig	7650 Bøvlingbjerg	2016	1027
665 Lemvig	7650 Bøvlingbjerg	2017	1028
665 Lemvig	7650 Bøvlingbjerg	2018	1002
665 Lemvig	7650 Bøvlingbjerg	2019	997
665 Lemvig	7650 Bøvlingbjerg	2020	951
665 Lemvig	7650 Bøvlingbjerg	2021	957
665 Lemvig	7650 Bøvlingbjerg	2022	937
665 Lemvig	7650 Bøvlingbjerg	2023	937
665 Lemvig	7650 Bøvlingbjerg	2024	948
665 Lemvig	7650 Bøvlingbjerg	2025	922
665 Lemvig	7650 Bøvlingbjerg	2026	901
665 Lemvig	7660 Bækmarksbro	2010	1489
665 Lemvig	7660 Bækmarksbro	2011	1484
665 Lemvig	7660 Bækmarksbro	2012	1464
665 Lemvig	7660 Bækmarksbro	2013	1456
665 Lemvig	7660 Bækmarksbro	2014	1441
665 Lemvig	7660 Bækmarksbro	2015	1424
665 Lemvig	7660 Bækmarksbro	2016	1399
665 Lemvig	7660 Bækmarksbro	2017	1394
665 Lemvig	7660 Bækmarksbro	2018	1398
665 Lemvig	7660 Bækmarksbro	2019	1402
665 Lemvig	7660 Bækmarksbro	2020	1388
665 Lemvig	7660 Bækmarksbro	2021	1382
665 Lemvig	7660 Bækmarksbro	2022	1368
665 Lemvig	7660 Bækmarksbro	2023	1386
665 Lemvig	7660 Bækmarksbro	2024	1365
665 Lemvig	7660 Bækmarksbro	2025	1345
665 Lemvig	7660 Bækmarksbro	2026	1317
665 Lemvig	7673 Harboøre	2010	1930
665 Lemvig	7673 Harboøre	2011	1904
665 Lemvig	7673 Harboøre	2012	1900
665 Lemvig	7673 Harboøre	2013	1853
665 Lemvig	7673 Harboøre	2014	1822
665 Lemvig	7673 Harboøre	2015	1798
665 Lemvig	7673 Harboøre	2016	1768
665 Lemvig	7673 Harboøre	2017	1749
665 Lemvig	7673 Harboøre	2018	1744
665 Lemvig	7673 Harboøre	2019	1722
665 Lemvig	7673 Harboøre	2020	1686
665 Lemvig	7673 Harboøre	2021	1680
665 Lemvig	7673 Harboøre	2022	1647
665 Lemvig	7673 Harboøre	2023	1647
665 Lemvig	7673 Harboøre	2024	1595
665 Lemvig	7673 Harboøre	2025	1538
665 Lemvig	7673 Harboøre	2026	1505
665 Lemvig	7680 Thyborøn	2010	2262
665 Lemvig	7680 Thyborøn	2011	2241
665 Lemvig	7680 Thyborøn	2012	2200
665 Lemvig	7680 Thyborøn	2013	2165
665 Lemvig	7680 Thyborøn	2014	2119
665 Lemvig	7680 Thyborøn	2015	2104
665 Lemvig	7680 Thyborøn	2016	2092
665 Lemvig	7680 Thyborøn	2017	2069
665 Lemvig	7680 Thyborøn	2018	2035
665 Lemvig	7680 Thyborøn	2019	2007
665 Lemvig	7680 Thyborøn	2020	1965
665 Lemvig	7680 Thyborøn	2021	1936
665 Lemvig	7680 Thyborøn	2022	1890
665 Lemvig	7680 Thyborøn	2023	1898
665 Lemvig	7680 Thyborøn	2024	1816
665 Lemvig	7680 Thyborøn	2025	1740
665 Lemvig	7680 Thyborøn	2026	1719
665 Lemvig	9999 Ukendt	2010	0
665 Lemvig	9999 Ukendt	2011	0
665 Lemvig	9999 Ukendt	2012	0
665 Lemvig	9999 Ukendt	2013	0
665 Lemvig	9999 Ukendt	2014	0
665 Lemvig	9999 Ukendt	2015	0
665 Lemvig	9999 Ukendt	2016	0
665 Lemvig	9999 Ukendt	2017	0
665 Lemvig	9999 Ukendt	2018	0
665 Lemvig	9999 Ukendt	2019	0
665 Lemvig	9999 Ukendt	2020	0
665 Lemvig	9999 Ukendt	2021	0
665 Lemvig	9999 Ukendt	2022	3
665 Lemvig	9999 Ukendt	2023	5
665 Lemvig	9999 Ukendt	2024	5
665 Lemvig	9999 Ukendt	2025	5
665 Lemvig	9999 Ukendt	2026	5
671 Struer	7500 Holstebro	2010	6
671 Struer	7500 Holstebro	2011	6
671 Struer	7500 Holstebro	2012	5
671 Struer	7500 Holstebro	2013	4
671 Struer	7500 Holstebro	2014	4
671 Struer	7500 Holstebro	2015	4
671 Struer	7500 Holstebro	2016	5
671 Struer	7500 Holstebro	2017	4
671 Struer	7500 Holstebro	2018	4
671 Struer	7500 Holstebro	2019	4
671 Struer	7500 Holstebro	2020	4
671 Struer	7500 Holstebro	2021	4
671 Struer	7500 Holstebro	2022	5
671 Struer	7500 Holstebro	2023	5
671 Struer	7500 Holstebro	2024	5
671 Struer	7500 Holstebro	2025	6
671 Struer	7500 Holstebro	2026	6
671 Struer	7560 Hjerm	2010	1808
671 Struer	7560 Hjerm	2011	1802
671 Struer	7560 Hjerm	2012	1800
671 Struer	7560 Hjerm	2013	1809
671 Struer	7560 Hjerm	2014	1812
671 Struer	7560 Hjerm	2015	1793
671 Struer	7560 Hjerm	2016	1732
671 Struer	7560 Hjerm	2017	1721
671 Struer	7560 Hjerm	2018	1691
671 Struer	7560 Hjerm	2019	1690
671 Struer	7560 Hjerm	2020	1680
671 Struer	7560 Hjerm	2021	1682
671 Struer	7560 Hjerm	2022	1685
671 Struer	7560 Hjerm	2023	1684
671 Struer	7560 Hjerm	2024	1680
671 Struer	7560 Hjerm	2025	1638
671 Struer	7560 Hjerm	2026	1663
671 Struer	7600 Struer	2010	17141
671 Struer	7600 Struer	2011	16897
671 Struer	7600 Struer	2012	16864
671 Struer	7600 Struer	2013	16684
671 Struer	7600 Struer	2014	16425
671 Struer	7600 Struer	2015	16444
671 Struer	7600 Struer	2016	16545
671 Struer	7600 Struer	2017	16433
671 Struer	7600 Struer	2018	16379
671 Struer	7600 Struer	2019	16295
671 Struer	7600 Struer	2020	16239
671 Struer	7600 Struer	2021	16036
671 Struer	7600 Struer	2022	16054
671 Struer	7600 Struer	2023	16074
671 Struer	7600 Struer	2024	15930
671 Struer	7600 Struer	2025	15681
671 Struer	7600 Struer	2026	15565
671 Struer	7660 Bækmarksbro	2010	2
671 Struer	7660 Bækmarksbro	2011	2
671 Struer	7660 Bækmarksbro	2012	2
671 Struer	7660 Bækmarksbro	2013	2
671 Struer	7660 Bækmarksbro	2014	2
671 Struer	7660 Bækmarksbro	2015	2
671 Struer	7660 Bækmarksbro	2016	2
671 Struer	7660 Bækmarksbro	2017	2
671 Struer	7660 Bækmarksbro	2018	2
671 Struer	7660 Bækmarksbro	2019	2
671 Struer	7660 Bækmarksbro	2020	2
671 Struer	7660 Bækmarksbro	2021	2
671 Struer	7660 Bækmarksbro	2022	2
671 Struer	7660 Bækmarksbro	2023	2
671 Struer	7660 Bækmarksbro	2024	2
671 Struer	7660 Bækmarksbro	2025	2
671 Struer	7660 Bækmarksbro	2026	2
671 Struer	7760 Hurup Thy	2010	1
671 Struer	7760 Hurup Thy	2011	0
671 Struer	7760 Hurup Thy	2012	0
671 Struer	7760 Hurup Thy	2013	0
671 Struer	7760 Hurup Thy	2014	0
671 Struer	7760 Hurup Thy	2015	0
671 Struer	7760 Hurup Thy	2016	1
671 Struer	7760 Hurup Thy	2017	2
671 Struer	7760 Hurup Thy	2018	0
671 Struer	7760 Hurup Thy	2019	0
671 Struer	7760 Hurup Thy	2020	0
671 Struer	7760 Hurup Thy	2021	0
671 Struer	7760 Hurup Thy	2022	0
671 Struer	7760 Hurup Thy	2023	0
671 Struer	7760 Hurup Thy	2024	0
671 Struer	7760 Hurup Thy	2025	0
671 Struer	7760 Hurup Thy	2026	0
671 Struer	7790 Thyholm	2010	3467
671 Struer	7790 Thyholm	2011	3424
671 Struer	7790 Thyholm	2012	3364
671 Struer	7790 Thyholm	2013	3290
671 Struer	7790 Thyholm	2014	3231
671 Struer	7790 Thyholm	2015	3142
671 Struer	7790 Thyholm	2016	3135
671 Struer	7790 Thyholm	2017	3123
671 Struer	7790 Thyholm	2018	3136
671 Struer	7790 Thyholm	2019	3096
671 Struer	7790 Thyholm	2020	3042
671 Struer	7790 Thyholm	2021	3022
671 Struer	7790 Thyholm	2022	2988
671 Struer	7790 Thyholm	2023	2967
671 Struer	7790 Thyholm	2024	2919
671 Struer	7790 Thyholm	2025	2840
671 Struer	7790 Thyholm	2026	2826
671 Struer	7830 Vinderup	2010	58
671 Struer	7830 Vinderup	2011	59
671 Struer	7830 Vinderup	2012	63
671 Struer	7830 Vinderup	2013	57
671 Struer	7830 Vinderup	2014	59
671 Struer	7830 Vinderup	2015	54
671 Struer	7830 Vinderup	2016	54
671 Struer	7830 Vinderup	2017	61
671 Struer	7830 Vinderup	2018	58
671 Struer	7830 Vinderup	2019	56
671 Struer	7830 Vinderup	2020	68
671 Struer	7830 Vinderup	2021	59
671 Struer	7830 Vinderup	2022	65
671 Struer	7830 Vinderup	2023	59
671 Struer	7830 Vinderup	2024	55
671 Struer	7830 Vinderup	2025	59
671 Struer	7830 Vinderup	2026	57
671 Struer	9999 Ukendt	2010	0
671 Struer	9999 Ukendt	2011	0
671 Struer	9999 Ukendt	2012	0
671 Struer	9999 Ukendt	2013	0
671 Struer	9999 Ukendt	2014	0
671 Struer	9999 Ukendt	2015	0
671 Struer	9999 Ukendt	2016	0
671 Struer	9999 Ukendt	2017	1
671 Struer	9999 Ukendt	2018	0
671 Struer	9999 Ukendt	2019	0
671 Struer	9999 Ukendt	2020	1
671 Struer	9999 Ukendt	2021	3
671 Struer	9999 Ukendt	2022	3
671 Struer	9999 Ukendt	2023	3
671 Struer	9999 Ukendt	2024	3
671 Struer	9999 Ukendt	2025	3
671 Struer	9999 Ukendt	2026	3
706 Syddjurs	8370 Hadsten	2010	0
706 Syddjurs	8370 Hadsten	2011	0
706 Syddjurs	8370 Hadsten	2012	0
706 Syddjurs	8370 Hadsten	2013	0
706 Syddjurs	8370 Hadsten	2014	0
706 Syddjurs	8370 Hadsten	2015	0
706 Syddjurs	8370 Hadsten	2016	0
706 Syddjurs	8370 Hadsten	2017	0
706 Syddjurs	8370 Hadsten	2018	0
706 Syddjurs	8370 Hadsten	2019	0
706 Syddjurs	8370 Hadsten	2020	0
706 Syddjurs	8370 Hadsten	2021	0
706 Syddjurs	8370 Hadsten	2022	0
706 Syddjurs	8370 Hadsten	2023	0
706 Syddjurs	8370 Hadsten	2024	0
706 Syddjurs	8370 Hadsten	2025	0
706 Syddjurs	8370 Hadsten	2026	0
706 Syddjurs	8400 Ebeltoft	2010	10711
706 Syddjurs	8400 Ebeltoft	2011	10687
706 Syddjurs	8400 Ebeltoft	2012	10762
706 Syddjurs	8400 Ebeltoft	2013	10800
706 Syddjurs	8400 Ebeltoft	2014	10615
706 Syddjurs	8400 Ebeltoft	2015	10532
706 Syddjurs	8400 Ebeltoft	2016	10517
706 Syddjurs	8400 Ebeltoft	2017	10523
706 Syddjurs	8400 Ebeltoft	2018	10529
706 Syddjurs	8400 Ebeltoft	2019	10524
706 Syddjurs	8400 Ebeltoft	2020	10430
706 Syddjurs	8400 Ebeltoft	2021	10498
706 Syddjurs	8400 Ebeltoft	2022	10492
706 Syddjurs	8400 Ebeltoft	2023	10580
706 Syddjurs	8400 Ebeltoft	2024	10466
706 Syddjurs	8400 Ebeltoft	2025	10503
706 Syddjurs	8400 Ebeltoft	2026	10647
706 Syddjurs	8410 Rønde	2010	7676
706 Syddjurs	8410 Rønde	2011	7776
706 Syddjurs	8410 Rønde	2012	7817
706 Syddjurs	8410 Rønde	2013	7884
706 Syddjurs	8410 Rønde	2014	7901
706 Syddjurs	8410 Rønde	2015	7908
706 Syddjurs	8410 Rønde	2016	7950
706 Syddjurs	8410 Rønde	2017	8080
706 Syddjurs	8410 Rønde	2018	8174
706 Syddjurs	8410 Rønde	2019	8231
706 Syddjurs	8410 Rønde	2020	8401
706 Syddjurs	8410 Rønde	2021	8442
706 Syddjurs	8410 Rønde	2022	8595
706 Syddjurs	8410 Rønde	2023	8768
706 Syddjurs	8410 Rønde	2024	8744
706 Syddjurs	8410 Rønde	2025	8768
706 Syddjurs	8410 Rønde	2026	8881
706 Syddjurs	8420 Knebel	2010	3266
706 Syddjurs	8420 Knebel	2011	3269
706 Syddjurs	8420 Knebel	2012	3270
706 Syddjurs	8420 Knebel	2013	3209
706 Syddjurs	8420 Knebel	2014	3191
706 Syddjurs	8420 Knebel	2015	3190
706 Syddjurs	8420 Knebel	2016	3150
706 Syddjurs	8420 Knebel	2017	3158
706 Syddjurs	8420 Knebel	2018	3133
706 Syddjurs	8420 Knebel	2019	3166
706 Syddjurs	8420 Knebel	2020	3185
706 Syddjurs	8420 Knebel	2021	3194
706 Syddjurs	8420 Knebel	2022	3239
706 Syddjurs	8420 Knebel	2023	3276
706 Syddjurs	8420 Knebel	2024	3289
706 Syddjurs	8420 Knebel	2025	3268
706 Syddjurs	8420 Knebel	2026	3274
706 Syddjurs	8444 Balle	2010	851
706 Syddjurs	8444 Balle	2011	861
706 Syddjurs	8444 Balle	2012	866
706 Syddjurs	8444 Balle	2013	829
706 Syddjurs	8444 Balle	2014	847
706 Syddjurs	8444 Balle	2015	813
706 Syddjurs	8444 Balle	2016	834
706 Syddjurs	8444 Balle	2017	808
706 Syddjurs	8444 Balle	2018	838
706 Syddjurs	8444 Balle	2019	835
706 Syddjurs	8444 Balle	2020	858
706 Syddjurs	8444 Balle	2021	854
706 Syddjurs	8444 Balle	2022	821
706 Syddjurs	8444 Balle	2023	824
706 Syddjurs	8444 Balle	2024	821
706 Syddjurs	8444 Balle	2025	795
706 Syddjurs	8444 Balle	2026	765
706 Syddjurs	8543 Hornslet	2010	7178
706 Syddjurs	8543 Hornslet	2011	7224
706 Syddjurs	8543 Hornslet	2012	7199
706 Syddjurs	8543 Hornslet	2013	7261
706 Syddjurs	8543 Hornslet	2014	7261
706 Syddjurs	8543 Hornslet	2015	7312
706 Syddjurs	8543 Hornslet	2016	7362
706 Syddjurs	8543 Hornslet	2017	7452
706 Syddjurs	8543 Hornslet	2018	7729
706 Syddjurs	8543 Hornslet	2019	7836
706 Syddjurs	8543 Hornslet	2020	7956
706 Syddjurs	8543 Hornslet	2021	8099
706 Syddjurs	8543 Hornslet	2022	8241
706 Syddjurs	8543 Hornslet	2023	8428
706 Syddjurs	8543 Hornslet	2024	8421
706 Syddjurs	8543 Hornslet	2025	8470
706 Syddjurs	8543 Hornslet	2026	8496
706 Syddjurs	8544 Mørke	2010	3620
706 Syddjurs	8544 Mørke	2011	3671
706 Syddjurs	8544 Mørke	2012	3679
706 Syddjurs	8544 Mørke	2013	3736
706 Syddjurs	8544 Mørke	2014	3706
706 Syddjurs	8544 Mørke	2015	3658
706 Syddjurs	8544 Mørke	2016	3701
706 Syddjurs	8544 Mørke	2017	3626
706 Syddjurs	8544 Mørke	2018	3690
706 Syddjurs	8544 Mørke	2019	3731
706 Syddjurs	8544 Mørke	2020	3736
706 Syddjurs	8544 Mørke	2021	3707
706 Syddjurs	8544 Mørke	2022	3770
706 Syddjurs	8544 Mørke	2023	3766
706 Syddjurs	8544 Mørke	2024	3760
706 Syddjurs	8544 Mørke	2025	3731
706 Syddjurs	8544 Mørke	2026	3745
706 Syddjurs	8550 Ryomgård	2010	3820
706 Syddjurs	8550 Ryomgård	2011	3904
706 Syddjurs	8550 Ryomgård	2012	3851
706 Syddjurs	8550 Ryomgård	2013	3853
706 Syddjurs	8550 Ryomgård	2014	3882
706 Syddjurs	8550 Ryomgård	2015	3898
706 Syddjurs	8550 Ryomgård	2016	3941
706 Syddjurs	8550 Ryomgård	2017	3944
706 Syddjurs	8550 Ryomgård	2018	3938
706 Syddjurs	8550 Ryomgård	2019	3964
706 Syddjurs	8550 Ryomgård	2020	3966
706 Syddjurs	8550 Ryomgård	2021	3952
706 Syddjurs	8550 Ryomgård	2022	3994
706 Syddjurs	8550 Ryomgård	2023	4103
706 Syddjurs	8550 Ryomgård	2024	4134
706 Syddjurs	8550 Ryomgård	2025	4164
706 Syddjurs	8550 Ryomgård	2026	4212
706 Syddjurs	8560 Kolind	2010	3164
706 Syddjurs	8560 Kolind	2011	3205
706 Syddjurs	8560 Kolind	2012	3224
706 Syddjurs	8560 Kolind	2013	3216
706 Syddjurs	8560 Kolind	2014	3217
706 Syddjurs	8560 Kolind	2015	3229
706 Syddjurs	8560 Kolind	2016	3277
706 Syddjurs	8560 Kolind	2017	3266
706 Syddjurs	8560 Kolind	2018	3261
706 Syddjurs	8560 Kolind	2019	3323
706 Syddjurs	8560 Kolind	2020	3317
706 Syddjurs	8560 Kolind	2021	3302
706 Syddjurs	8560 Kolind	2022	3328
706 Syddjurs	8560 Kolind	2023	3345
706 Syddjurs	8560 Kolind	2024	3303
706 Syddjurs	8560 Kolind	2025	3304
706 Syddjurs	8560 Kolind	2026	3301
706 Syddjurs	8570 Trustrup	2010	19
706 Syddjurs	8570 Trustrup	2011	19
706 Syddjurs	8570 Trustrup	2012	16
706 Syddjurs	8570 Trustrup	2013	15
706 Syddjurs	8570 Trustrup	2014	26
706 Syddjurs	8570 Trustrup	2015	21
706 Syddjurs	8570 Trustrup	2016	21
706 Syddjurs	8570 Trustrup	2017	21
706 Syddjurs	8570 Trustrup	2018	22
706 Syddjurs	8570 Trustrup	2019	22
706 Syddjurs	8570 Trustrup	2020	21
706 Syddjurs	8570 Trustrup	2021	21
706 Syddjurs	8570 Trustrup	2022	18
706 Syddjurs	8570 Trustrup	2023	18
706 Syddjurs	8570 Trustrup	2024	17
706 Syddjurs	8570 Trustrup	2025	13
706 Syddjurs	8570 Trustrup	2026	11
706 Syddjurs	8581 Nimtofte	2010	1029
706 Syddjurs	8581 Nimtofte	2011	1058
706 Syddjurs	8581 Nimtofte	2012	1074
706 Syddjurs	8581 Nimtofte	2013	1030
706 Syddjurs	8581 Nimtofte	2014	1011
706 Syddjurs	8581 Nimtofte	2015	1014
706 Syddjurs	8581 Nimtofte	2016	1035
706 Syddjurs	8581 Nimtofte	2017	1047
706 Syddjurs	8581 Nimtofte	2018	1044
706 Syddjurs	8581 Nimtofte	2019	1007
706 Syddjurs	8581 Nimtofte	2020	975
706 Syddjurs	8581 Nimtofte	2021	978
706 Syddjurs	8581 Nimtofte	2022	983
706 Syddjurs	8581 Nimtofte	2023	983
706 Syddjurs	8581 Nimtofte	2024	980
706 Syddjurs	8581 Nimtofte	2025	962
706 Syddjurs	8581 Nimtofte	2026	942
706 Syddjurs	8963 Auning	2010	34
706 Syddjurs	8963 Auning	2011	35
706 Syddjurs	8963 Auning	2012	36
706 Syddjurs	8963 Auning	2013	36
706 Syddjurs	8963 Auning	2014	38
706 Syddjurs	8963 Auning	2015	43
706 Syddjurs	8963 Auning	2016	43
706 Syddjurs	8963 Auning	2017	46
706 Syddjurs	8963 Auning	2018	45
706 Syddjurs	8963 Auning	2019	47
706 Syddjurs	8963 Auning	2020	44
706 Syddjurs	8963 Auning	2021	42
706 Syddjurs	8963 Auning	2022	45
706 Syddjurs	8963 Auning	2023	44
706 Syddjurs	8963 Auning	2024	40
706 Syddjurs	8963 Auning	2025	36
706 Syddjurs	8963 Auning	2026	35
706 Syddjurs	9999 Ukendt	2010	24
706 Syddjurs	9999 Ukendt	2011	25
706 Syddjurs	9999 Ukendt	2012	21
706 Syddjurs	9999 Ukendt	2013	25
706 Syddjurs	9999 Ukendt	2014	24
706 Syddjurs	9999 Ukendt	2015	34
706 Syddjurs	9999 Ukendt	2016	58
706 Syddjurs	9999 Ukendt	2017	50
706 Syddjurs	9999 Ukendt	2018	65
706 Syddjurs	9999 Ukendt	2019	82
706 Syddjurs	9999 Ukendt	2020	73
706 Syddjurs	9999 Ukendt	2021	79
706 Syddjurs	9999 Ukendt	2022	70
706 Syddjurs	9999 Ukendt	2023	72
706 Syddjurs	9999 Ukendt	2024	101
706 Syddjurs	9999 Ukendt	2025	87
706 Syddjurs	9999 Ukendt	2026	85
707 Norddjurs	8444 Balle	2010	244
707 Norddjurs	8444 Balle	2011	237
707 Norddjurs	8444 Balle	2012	241
707 Norddjurs	8444 Balle	2013	241
707 Norddjurs	8444 Balle	2014	231
707 Norddjurs	8444 Balle	2015	213
707 Norddjurs	8444 Balle	2016	216
707 Norddjurs	8444 Balle	2017	221
707 Norddjurs	8444 Balle	2018	217
707 Norddjurs	8444 Balle	2019	206
707 Norddjurs	8444 Balle	2020	210
707 Norddjurs	8444 Balle	2021	219
707 Norddjurs	8444 Balle	2022	211
707 Norddjurs	8444 Balle	2023	218
707 Norddjurs	8444 Balle	2024	220
707 Norddjurs	8444 Balle	2025	216
707 Norddjurs	8444 Balle	2026	217
707 Norddjurs	8500 Grenaa	2010	18654
707 Norddjurs	8500 Grenaa	2011	18624
707 Norddjurs	8500 Grenaa	2012	18553
707 Norddjurs	8500 Grenaa	2013	18632
707 Norddjurs	8500 Grenaa	2014	18673
707 Norddjurs	8500 Grenaa	2015	18745
707 Norddjurs	8500 Grenaa	2016	18870
707 Norddjurs	8500 Grenaa	2017	18828
707 Norddjurs	8500 Grenaa	2018	18807
707 Norddjurs	8500 Grenaa	2019	18512
707 Norddjurs	8500 Grenaa	2020	18258
707 Norddjurs	8500 Grenaa	2021	18215
707 Norddjurs	8500 Grenaa	2022	18152
707 Norddjurs	8500 Grenaa	2023	18120
707 Norddjurs	8500 Grenaa	2024	18016
707 Norddjurs	8500 Grenaa	2025	18020
707 Norddjurs	8500 Grenaa	2026	17867
707 Norddjurs	8544 Mørke	2010	33
707 Norddjurs	8544 Mørke	2011	36
707 Norddjurs	8544 Mørke	2012	40
707 Norddjurs	8544 Mørke	2013	41
707 Norddjurs	8544 Mørke	2014	0
707 Norddjurs	8544 Mørke	2015	0
707 Norddjurs	8544 Mørke	2016	0
707 Norddjurs	8544 Mørke	2017	0
707 Norddjurs	8544 Mørke	2018	0
707 Norddjurs	8544 Mørke	2019	0
707 Norddjurs	8544 Mørke	2020	0
707 Norddjurs	8544 Mørke	2021	0
707 Norddjurs	8544 Mørke	2022	0
707 Norddjurs	8544 Mørke	2023	0
707 Norddjurs	8544 Mørke	2024	0
707 Norddjurs	8544 Mørke	2025	0
707 Norddjurs	8544 Mørke	2026	0
707 Norddjurs	8550 Ryomgård	2010	20
707 Norddjurs	8550 Ryomgård	2011	19
707 Norddjurs	8550 Ryomgård	2012	20
707 Norddjurs	8550 Ryomgård	2013	23
707 Norddjurs	8550 Ryomgård	2014	24
707 Norddjurs	8550 Ryomgård	2015	22
707 Norddjurs	8550 Ryomgård	2016	24
707 Norddjurs	8550 Ryomgård	2017	23
707 Norddjurs	8550 Ryomgård	2018	23
707 Norddjurs	8550 Ryomgård	2019	25
707 Norddjurs	8550 Ryomgård	2020	27
707 Norddjurs	8550 Ryomgård	2021	25
707 Norddjurs	8550 Ryomgård	2022	22
707 Norddjurs	8550 Ryomgård	2023	24
707 Norddjurs	8550 Ryomgård	2024	24
707 Norddjurs	8550 Ryomgård	2025	22
707 Norddjurs	8550 Ryomgård	2026	22
707 Norddjurs	8560 Kolind	2010	235
707 Norddjurs	8560 Kolind	2011	241
707 Norddjurs	8560 Kolind	2012	232
707 Norddjurs	8560 Kolind	2013	223
707 Norddjurs	8560 Kolind	2014	214
707 Norddjurs	8560 Kolind	2015	216
707 Norddjurs	8560 Kolind	2016	211
707 Norddjurs	8560 Kolind	2017	205
707 Norddjurs	8560 Kolind	2018	193
707 Norddjurs	8560 Kolind	2019	190
707 Norddjurs	8560 Kolind	2020	205
707 Norddjurs	8560 Kolind	2021	200
707 Norddjurs	8560 Kolind	2022	192
707 Norddjurs	8560 Kolind	2023	184
707 Norddjurs	8560 Kolind	2024	181
707 Norddjurs	8560 Kolind	2025	175
707 Norddjurs	8560 Kolind	2026	172
707 Norddjurs	8570 Trustrup	2010	1951
707 Norddjurs	8570 Trustrup	2011	1941
707 Norddjurs	8570 Trustrup	2012	1908
707 Norddjurs	8570 Trustrup	2013	1881
707 Norddjurs	8570 Trustrup	2014	1851
707 Norddjurs	8570 Trustrup	2015	1832
707 Norddjurs	8570 Trustrup	2016	1840
707 Norddjurs	8570 Trustrup	2017	1851
707 Norddjurs	8570 Trustrup	2018	1845
707 Norddjurs	8570 Trustrup	2019	1856
707 Norddjurs	8570 Trustrup	2020	1782
707 Norddjurs	8570 Trustrup	2021	1772
707 Norddjurs	8570 Trustrup	2022	1788
707 Norddjurs	8570 Trustrup	2023	1737
707 Norddjurs	8570 Trustrup	2024	1741
707 Norddjurs	8570 Trustrup	2025	1686
707 Norddjurs	8570 Trustrup	2026	1683
707 Norddjurs	8581 Nimtofte	2010	152
707 Norddjurs	8581 Nimtofte	2011	132
707 Norddjurs	8581 Nimtofte	2012	137
707 Norddjurs	8581 Nimtofte	2013	141
707 Norddjurs	8581 Nimtofte	2014	143
707 Norddjurs	8581 Nimtofte	2015	143
707 Norddjurs	8581 Nimtofte	2016	176
707 Norddjurs	8581 Nimtofte	2017	189
707 Norddjurs	8581 Nimtofte	2018	214
707 Norddjurs	8581 Nimtofte	2019	218
707 Norddjurs	8581 Nimtofte	2020	196
707 Norddjurs	8581 Nimtofte	2021	182
707 Norddjurs	8581 Nimtofte	2022	182
707 Norddjurs	8581 Nimtofte	2023	192
707 Norddjurs	8581 Nimtofte	2024	197
707 Norddjurs	8581 Nimtofte	2025	199
707 Norddjurs	8581 Nimtofte	2026	231
707 Norddjurs	8585 Glesborg	2010	2871
707 Norddjurs	8585 Glesborg	2011	2899
707 Norddjurs	8585 Glesborg	2012	2929
707 Norddjurs	8585 Glesborg	2013	2896
707 Norddjurs	8585 Glesborg	2014	2869
707 Norddjurs	8585 Glesborg	2015	2867
707 Norddjurs	8585 Glesborg	2016	2868
707 Norddjurs	8585 Glesborg	2017	2843
707 Norddjurs	8585 Glesborg	2018	2920
707 Norddjurs	8585 Glesborg	2019	2835
707 Norddjurs	8585 Glesborg	2020	2792
707 Norddjurs	8585 Glesborg	2021	2749
707 Norddjurs	8585 Glesborg	2022	2768
707 Norddjurs	8585 Glesborg	2023	2776
707 Norddjurs	8585 Glesborg	2024	2766
707 Norddjurs	8585 Glesborg	2025	2768
707 Norddjurs	8585 Glesborg	2026	2708
707 Norddjurs	8586 Ørum Djurs	2010	2000
707 Norddjurs	8586 Ørum Djurs	2011	2003
707 Norddjurs	8586 Ørum Djurs	2012	1967
707 Norddjurs	8586 Ørum Djurs	2013	1996
707 Norddjurs	8586 Ørum Djurs	2014	1961
707 Norddjurs	8586 Ørum Djurs	2015	1929
707 Norddjurs	8586 Ørum Djurs	2016	1950
707 Norddjurs	8586 Ørum Djurs	2017	1926
707 Norddjurs	8586 Ørum Djurs	2018	1895
707 Norddjurs	8586 Ørum Djurs	2019	1881
707 Norddjurs	8586 Ørum Djurs	2020	1861
707 Norddjurs	8586 Ørum Djurs	2021	1858
707 Norddjurs	8586 Ørum Djurs	2022	1858
707 Norddjurs	8586 Ørum Djurs	2023	1841
707 Norddjurs	8586 Ørum Djurs	2024	1817
707 Norddjurs	8586 Ørum Djurs	2025	1801
707 Norddjurs	8586 Ørum Djurs	2026	1772
707 Norddjurs	8592 Anholt	2010	171
707 Norddjurs	8592 Anholt	2011	154
707 Norddjurs	8592 Anholt	2012	151
707 Norddjurs	8592 Anholt	2013	169
707 Norddjurs	8592 Anholt	2014	154
707 Norddjurs	8592 Anholt	2015	146
707 Norddjurs	8592 Anholt	2016	145
707 Norddjurs	8592 Anholt	2017	137
707 Norddjurs	8592 Anholt	2018	132
707 Norddjurs	8592 Anholt	2019	127
707 Norddjurs	8592 Anholt	2020	138
707 Norddjurs	8592 Anholt	2021	136
707 Norddjurs	8592 Anholt	2022	150
707 Norddjurs	8592 Anholt	2023	143
707 Norddjurs	8592 Anholt	2024	127
707 Norddjurs	8592 Anholt	2025	127
707 Norddjurs	8592 Anholt	2026	131
707 Norddjurs	8950 Ørsted	2010	3351
707 Norddjurs	8950 Ørsted	2011	3311
707 Norddjurs	8950 Ørsted	2012	3236
707 Norddjurs	8950 Ørsted	2013	3221
707 Norddjurs	8950 Ørsted	2014	3189
707 Norddjurs	8950 Ørsted	2015	3201
707 Norddjurs	8950 Ørsted	2016	3172
707 Norddjurs	8950 Ørsted	2017	3206
707 Norddjurs	8950 Ørsted	2018	3203
707 Norddjurs	8950 Ørsted	2019	3175
707 Norddjurs	8950 Ørsted	2020	3105
707 Norddjurs	8950 Ørsted	2021	3047
707 Norddjurs	8950 Ørsted	2022	3002
707 Norddjurs	8950 Ørsted	2023	2978
707 Norddjurs	8950 Ørsted	2024	2895
707 Norddjurs	8950 Ørsted	2025	2867
707 Norddjurs	8950 Ørsted	2026	2816
707 Norddjurs	8961 Allingåbro	2010	4401
707 Norddjurs	8961 Allingåbro	2011	4353
707 Norddjurs	8961 Allingåbro	2012	4301
707 Norddjurs	8961 Allingåbro	2013	4287
707 Norddjurs	8961 Allingåbro	2014	4225
707 Norddjurs	8961 Allingåbro	2015	4223
707 Norddjurs	8961 Allingåbro	2016	4277
707 Norddjurs	8961 Allingåbro	2017	4311
707 Norddjurs	8961 Allingåbro	2018	4323
707 Norddjurs	8961 Allingåbro	2019	4265
707 Norddjurs	8961 Allingåbro	2020	4190
707 Norddjurs	8961 Allingåbro	2021	4178
707 Norddjurs	8961 Allingåbro	2022	4181
707 Norddjurs	8961 Allingåbro	2023	4243
707 Norddjurs	8961 Allingåbro	2024	4193
707 Norddjurs	8961 Allingåbro	2025	4155
707 Norddjurs	8961 Allingåbro	2026	4145
707 Norddjurs	8963 Auning	2010	4065
707 Norddjurs	8963 Auning	2011	4079
707 Norddjurs	8963 Auning	2012	4161
707 Norddjurs	8963 Auning	2013	4274
707 Norddjurs	8963 Auning	2014	4391
707 Norddjurs	8963 Auning	2015	4356
707 Norddjurs	8963 Auning	2016	4383
707 Norddjurs	8963 Auning	2017	4347
707 Norddjurs	8963 Auning	2018	4402
707 Norddjurs	8963 Auning	2019	4349
707 Norddjurs	8963 Auning	2020	4311
707 Norddjurs	8963 Auning	2021	4345
707 Norddjurs	8963 Auning	2022	4403
707 Norddjurs	8963 Auning	2023	4510
707 Norddjurs	8963 Auning	2024	4584
707 Norddjurs	8963 Auning	2025	4614
707 Norddjurs	8963 Auning	2026	4695
707 Norddjurs	9999 Ukendt	2010	0
707 Norddjurs	9999 Ukendt	2011	0
707 Norddjurs	9999 Ukendt	2012	0
707 Norddjurs	9999 Ukendt	2013	10
707 Norddjurs	9999 Ukendt	2014	0
707 Norddjurs	9999 Ukendt	2015	5
707 Norddjurs	9999 Ukendt	2016	12
707 Norddjurs	9999 Ukendt	2017	12
707 Norddjurs	9999 Ukendt	2018	23
707 Norddjurs	9999 Ukendt	2019	41
707 Norddjurs	9999 Ukendt	2020	14
707 Norddjurs	9999 Ukendt	2021	17
707 Norddjurs	9999 Ukendt	2022	12
707 Norddjurs	9999 Ukendt	2023	12
707 Norddjurs	9999 Ukendt	2024	12
707 Norddjurs	9999 Ukendt	2025	8
707 Norddjurs	9999 Ukendt	2026	18
710 Favrskov	8370 Hadsten	2010	12749
710 Favrskov	8370 Hadsten	2011	12922
710 Favrskov	8370 Hadsten	2012	13002
710 Favrskov	8370 Hadsten	2013	12951
710 Favrskov	8370 Hadsten	2014	12944
710 Favrskov	8370 Hadsten	2015	13029
710 Favrskov	8370 Hadsten	2016	13043
710 Favrskov	8370 Hadsten	2017	13158
710 Favrskov	8370 Hadsten	2018	13165
710 Favrskov	8370 Hadsten	2019	13167
710 Favrskov	8370 Hadsten	2020	13306
710 Favrskov	8370 Hadsten	2021	13173
710 Favrskov	8370 Hadsten	2022	13282
710 Favrskov	8370 Hadsten	2023	13368
710 Favrskov	8370 Hadsten	2024	13453
710 Favrskov	8370 Hadsten	2025	13511
710 Favrskov	8370 Hadsten	2026	13571
710 Favrskov	8380 Trige	2010	21
710 Favrskov	8380 Trige	2011	16
710 Favrskov	8380 Trige	2012	19
710 Favrskov	8380 Trige	2013	21
710 Favrskov	8380 Trige	2014	20
710 Favrskov	8380 Trige	2015	18
710 Favrskov	8380 Trige	2016	17
710 Favrskov	8380 Trige	2017	17
710 Favrskov	8380 Trige	2018	17
710 Favrskov	8380 Trige	2019	18
710 Favrskov	8380 Trige	2020	13
710 Favrskov	8380 Trige	2021	13
710 Favrskov	8380 Trige	2022	17
710 Favrskov	8380 Trige	2023	18
710 Favrskov	8380 Trige	2024	16
710 Favrskov	8380 Trige	2025	15
710 Favrskov	8380 Trige	2026	15
710 Favrskov	8382 Hinnerup	2010	12798
710 Favrskov	8382 Hinnerup	2011	12901
710 Favrskov	8382 Hinnerup	2012	12996
710 Favrskov	8382 Hinnerup	2013	13058
710 Favrskov	8382 Hinnerup	2014	13217
710 Favrskov	8382 Hinnerup	2015	13408
710 Favrskov	8382 Hinnerup	2016	13484
710 Favrskov	8382 Hinnerup	2017	13719
710 Favrskov	8382 Hinnerup	2018	13899
710 Favrskov	8382 Hinnerup	2019	14082
710 Favrskov	8382 Hinnerup	2020	14137
710 Favrskov	8382 Hinnerup	2021	14324
710 Favrskov	8382 Hinnerup	2022	14763
710 Favrskov	8382 Hinnerup	2023	14921
710 Favrskov	8382 Hinnerup	2024	14991
710 Favrskov	8382 Hinnerup	2025	15061
710 Favrskov	8382 Hinnerup	2026	15255
710 Favrskov	8450 Hammel	2010	9415
710 Favrskov	8450 Hammel	2011	9507
710 Favrskov	8450 Hammel	2012	9571
710 Favrskov	8450 Hammel	2013	9559
710 Favrskov	8450 Hammel	2014	9580
710 Favrskov	8450 Hammel	2015	9697
710 Favrskov	8450 Hammel	2016	9753
710 Favrskov	8450 Hammel	2017	9715
710 Favrskov	8450 Hammel	2018	9877
710 Favrskov	8450 Hammel	2019	9850
710 Favrskov	8450 Hammel	2020	9731
710 Favrskov	8450 Hammel	2021	9694
710 Favrskov	8450 Hammel	2022	9650
710 Favrskov	8450 Hammel	2023	9870
710 Favrskov	8450 Hammel	2024	9815
710 Favrskov	8450 Hammel	2025	9778
710 Favrskov	8450 Hammel	2026	9927
710 Favrskov	8464 Galten	2010	0
710 Favrskov	8464 Galten	2011	0
710 Favrskov	8464 Galten	2012	0
710 Favrskov	8464 Galten	2013	0
710 Favrskov	8464 Galten	2014	0
710 Favrskov	8464 Galten	2015	0
710 Favrskov	8464 Galten	2016	0
710 Favrskov	8464 Galten	2017	0
710 Favrskov	8464 Galten	2018	0
710 Favrskov	8464 Galten	2019	0
710 Favrskov	8464 Galten	2020	0
710 Favrskov	8464 Galten	2021	0
710 Favrskov	8464 Galten	2022	0
710 Favrskov	8464 Galten	2023	0
710 Favrskov	8464 Galten	2024	0
710 Favrskov	8464 Galten	2025	0
710 Favrskov	8464 Galten	2026	0
710 Favrskov	8471 Sabro	2010	1152
710 Favrskov	8471 Sabro	2011	1186
710 Favrskov	8471 Sabro	2012	1194
710 Favrskov	8471 Sabro	2013	1183
710 Favrskov	8471 Sabro	2014	1190
710 Favrskov	8471 Sabro	2015	1167
710 Favrskov	8471 Sabro	2016	1155
710 Favrskov	8471 Sabro	2017	1149
710 Favrskov	8471 Sabro	2018	1162
710 Favrskov	8471 Sabro	2019	1203
710 Favrskov	8471 Sabro	2020	1213
710 Favrskov	8471 Sabro	2021	1225
710 Favrskov	8471 Sabro	2022	1342
710 Favrskov	8471 Sabro	2023	1417
710 Favrskov	8471 Sabro	2024	1401
710 Favrskov	8471 Sabro	2025	1366
710 Favrskov	8471 Sabro	2026	1367
710 Favrskov	8472 Sporup	2010	833
710 Favrskov	8472 Sporup	2011	845
710 Favrskov	8472 Sporup	2012	849
710 Favrskov	8472 Sporup	2013	842
710 Favrskov	8472 Sporup	2014	831
710 Favrskov	8472 Sporup	2015	819
710 Favrskov	8472 Sporup	2016	814
710 Favrskov	8472 Sporup	2017	816
710 Favrskov	8472 Sporup	2018	825
710 Favrskov	8472 Sporup	2019	817
710 Favrskov	8472 Sporup	2020	816
710 Favrskov	8472 Sporup	2021	793
710 Favrskov	8472 Sporup	2022	810
710 Favrskov	8472 Sporup	2023	809
710 Favrskov	8472 Sporup	2024	802
710 Favrskov	8472 Sporup	2025	813
710 Favrskov	8472 Sporup	2026	815
710 Favrskov	8641 Sorring	2010	19
710 Favrskov	8641 Sorring	2011	21
710 Favrskov	8641 Sorring	2012	21
710 Favrskov	8641 Sorring	2013	22
710 Favrskov	8641 Sorring	2014	22
710 Favrskov	8641 Sorring	2015	18
710 Favrskov	8641 Sorring	2016	18
710 Favrskov	8641 Sorring	2017	18
710 Favrskov	8641 Sorring	2018	17
710 Favrskov	8641 Sorring	2019	19
710 Favrskov	8641 Sorring	2020	16
710 Favrskov	8641 Sorring	2021	18
710 Favrskov	8641 Sorring	2022	14
710 Favrskov	8641 Sorring	2023	15
710 Favrskov	8641 Sorring	2024	14
710 Favrskov	8641 Sorring	2025	14
710 Favrskov	8641 Sorring	2026	14
710 Favrskov	8850 Bjerringbro	2010	396
710 Favrskov	8850 Bjerringbro	2011	382
710 Favrskov	8850 Bjerringbro	2012	380
710 Favrskov	8850 Bjerringbro	2013	385
710 Favrskov	8850 Bjerringbro	2014	364
710 Favrskov	8850 Bjerringbro	2015	357
710 Favrskov	8850 Bjerringbro	2016	364
710 Favrskov	8850 Bjerringbro	2017	349
710 Favrskov	8850 Bjerringbro	2018	354
710 Favrskov	8850 Bjerringbro	2019	357
710 Favrskov	8850 Bjerringbro	2020	375
710 Favrskov	8850 Bjerringbro	2021	374
710 Favrskov	8850 Bjerringbro	2022	376
710 Favrskov	8850 Bjerringbro	2023	363
710 Favrskov	8850 Bjerringbro	2024	364
710 Favrskov	8850 Bjerringbro	2025	354
710 Favrskov	8850 Bjerringbro	2026	355
710 Favrskov	8860 Ulstrup	2010	4033
710 Favrskov	8860 Ulstrup	2011	4018
710 Favrskov	8860 Ulstrup	2012	4011
710 Favrskov	8860 Ulstrup	2013	3994
710 Favrskov	8860 Ulstrup	2014	3923
710 Favrskov	8860 Ulstrup	2015	3945
710 Favrskov	8860 Ulstrup	2016	3924
710 Favrskov	8860 Ulstrup	2017	3920
710 Favrskov	8860 Ulstrup	2018	3911
710 Favrskov	8860 Ulstrup	2019	3873
710 Favrskov	8860 Ulstrup	2020	3849
710 Favrskov	8860 Ulstrup	2021	3866
710 Favrskov	8860 Ulstrup	2022	3818
710 Favrskov	8860 Ulstrup	2023	3835
710 Favrskov	8860 Ulstrup	2024	3752
710 Favrskov	8860 Ulstrup	2025	3712
710 Favrskov	8860 Ulstrup	2026	3705
710 Favrskov	8870 Langå	2010	2194
710 Favrskov	8870 Langå	2011	2149
710 Favrskov	8870 Langå	2012	2145
710 Favrskov	8870 Langå	2013	2174
710 Favrskov	8870 Langå	2014	2138
710 Favrskov	8870 Langå	2015	2121
710 Favrskov	8870 Langå	2016	2104
710 Favrskov	8870 Langå	2017	2076
710 Favrskov	8870 Langå	2018	2082
710 Favrskov	8870 Langå	2019	2058
710 Favrskov	8870 Langå	2020	2039
710 Favrskov	8870 Langå	2021	2005
710 Favrskov	8870 Langå	2022	1958
710 Favrskov	8870 Langå	2023	1926
710 Favrskov	8870 Langå	2024	1928
710 Favrskov	8870 Langå	2025	1915
710 Favrskov	8870 Langå	2026	1921
710 Favrskov	8881 Thorsø	2010	2841
710 Favrskov	8881 Thorsø	2011	2872
710 Favrskov	8881 Thorsø	2012	2850
710 Favrskov	8881 Thorsø	2013	2878
710 Favrskov	8881 Thorsø	2014	2836
710 Favrskov	8881 Thorsø	2015	2829
710 Favrskov	8881 Thorsø	2016	2860
710 Favrskov	8881 Thorsø	2017	2878
710 Favrskov	8881 Thorsø	2018	2874
710 Favrskov	8881 Thorsø	2019	2848
710 Favrskov	8881 Thorsø	2020	2812
710 Favrskov	8881 Thorsø	2021	2800
710 Favrskov	8881 Thorsø	2022	2778
710 Favrskov	8881 Thorsø	2023	2776
710 Favrskov	8881 Thorsø	2024	2753
710 Favrskov	8881 Thorsø	2025	2729
710 Favrskov	8881 Thorsø	2026	2725
710 Favrskov	8882 Fårvang	2010	26
710 Favrskov	8882 Fårvang	2011	27
710 Favrskov	8882 Fårvang	2012	27
710 Favrskov	8882 Fårvang	2013	27
710 Favrskov	8882 Fårvang	2014	28
710 Favrskov	8882 Fårvang	2015	27
710 Favrskov	8882 Fårvang	2016	25
710 Favrskov	8882 Fårvang	2017	24
710 Favrskov	8882 Fårvang	2018	22
710 Favrskov	8882 Fårvang	2019	25
710 Favrskov	8882 Fårvang	2020	24
710 Favrskov	8882 Fårvang	2021	22
710 Favrskov	8882 Fårvang	2022	25
710 Favrskov	8882 Fårvang	2023	26
710 Favrskov	8882 Fårvang	2024	28
710 Favrskov	8882 Fårvang	2025	29
710 Favrskov	8882 Fårvang	2026	25
710 Favrskov	8900 Randers C	2010	0
710 Favrskov	8900 Randers C	2011	0
710 Favrskov	8900 Randers C	2012	0
710 Favrskov	8900 Randers C	2013	0
710 Favrskov	8900 Randers C	2014	0
710 Favrskov	8900 Randers C	2015	0
710 Favrskov	8900 Randers C	2016	0
710 Favrskov	8900 Randers C	2017	0
710 Favrskov	8900 Randers C	2018	0
710 Favrskov	8900 Randers C	2019	0
710 Favrskov	8900 Randers C	2020	0
710 Favrskov	8900 Randers C	2021	0
710 Favrskov	8900 Randers C	2022	0
710 Favrskov	8900 Randers C	2023	0
710 Favrskov	8900 Randers C	2024	0
710 Favrskov	8900 Randers C	2025	0
710 Favrskov	8900 Randers C	2026	0
710 Favrskov	8940 Randers SV	2010	17
710 Favrskov	8940 Randers SV	2011	14
710 Favrskov	8940 Randers SV	2012	19
710 Favrskov	8940 Randers SV	2013	14
710 Favrskov	8940 Randers SV	2014	16
710 Favrskov	8940 Randers SV	2015	19
710 Favrskov	8940 Randers SV	2016	21
710 Favrskov	8940 Randers SV	2017	17
710 Favrskov	8940 Randers SV	2018	17
710 Favrskov	8940 Randers SV	2019	15
710 Favrskov	8940 Randers SV	2020	15
710 Favrskov	8940 Randers SV	2021	17
710 Favrskov	8940 Randers SV	2022	17
710 Favrskov	8940 Randers SV	2023	17
710 Favrskov	8940 Randers SV	2024	19
710 Favrskov	8940 Randers SV	2025	19
710 Favrskov	8940 Randers SV	2026	19
710 Favrskov	8960 Randers SØ	2010	1
710 Favrskov	8960 Randers SØ	2011	1
710 Favrskov	8960 Randers SØ	2012	1
710 Favrskov	8960 Randers SØ	2013	1
710 Favrskov	8960 Randers SØ	2014	1
710 Favrskov	8960 Randers SØ	2015	1
710 Favrskov	8960 Randers SØ	2016	1
710 Favrskov	8960 Randers SØ	2017	1
710 Favrskov	8960 Randers SØ	2018	1
710 Favrskov	8960 Randers SØ	2019	1
710 Favrskov	8960 Randers SØ	2020	1
710 Favrskov	8960 Randers SØ	2021	1
710 Favrskov	8960 Randers SØ	2022	3
710 Favrskov	8960 Randers SØ	2023	1
710 Favrskov	8960 Randers SØ	2024	1
710 Favrskov	8960 Randers SØ	2025	0
710 Favrskov	8960 Randers SØ	2026	0
710 Favrskov	9999 Ukendt	2010	34
710 Favrskov	9999 Ukendt	2011	33
710 Favrskov	9999 Ukendt	2012	32
710 Favrskov	9999 Ukendt	2013	47
710 Favrskov	9999 Ukendt	2014	53
710 Favrskov	9999 Ukendt	2015	68
710 Favrskov	9999 Ukendt	2016	72
710 Favrskov	9999 Ukendt	2017	58
710 Favrskov	9999 Ukendt	2018	48
710 Favrskov	9999 Ukendt	2019	41
710 Favrskov	9999 Ukendt	2020	50
710 Favrskov	9999 Ukendt	2021	56
710 Favrskov	9999 Ukendt	2022	27
710 Favrskov	9999 Ukendt	2023	46
710 Favrskov	9999 Ukendt	2024	40
710 Favrskov	9999 Ukendt	2025	43
710 Favrskov	9999 Ukendt	2026	59
727 Odder	8300 Odder	2010	20320
727 Odder	8300 Odder	2011	20461
727 Odder	8300 Odder	2012	20391
727 Odder	8300 Odder	2013	20444
727 Odder	8300 Odder	2014	20428
727 Odder	8300 Odder	2015	20594
727 Odder	8300 Odder	2016	20776
727 Odder	8300 Odder	2017	20977
727 Odder	8300 Odder	2018	21177
727 Odder	8300 Odder	2019	21249
727 Odder	8300 Odder	2020	21448
727 Odder	8300 Odder	2021	21593
727 Odder	8300 Odder	2022	21887
727 Odder	8300 Odder	2023	22203
727 Odder	8300 Odder	2024	22509
727 Odder	8300 Odder	2025	22703
727 Odder	8300 Odder	2026	22940
727 Odder	8340 Malling	2010	1
727 Odder	8340 Malling	2011	2
727 Odder	8340 Malling	2012	3
727 Odder	8340 Malling	2013	3
727 Odder	8340 Malling	2014	2
727 Odder	8340 Malling	2015	2
727 Odder	8340 Malling	2016	2
727 Odder	8340 Malling	2017	2
727 Odder	8340 Malling	2018	2
727 Odder	8340 Malling	2019	2
727 Odder	8340 Malling	2020	2
727 Odder	8340 Malling	2021	2
727 Odder	8340 Malling	2022	2
727 Odder	8340 Malling	2023	2
727 Odder	8340 Malling	2024	2
727 Odder	8340 Malling	2025	2
727 Odder	8340 Malling	2026	2
727 Odder	8350 Hundslund	2010	1392
727 Odder	8350 Hundslund	2011	1380
727 Odder	8350 Hundslund	2012	1346
727 Odder	8350 Hundslund	2013	1346
727 Odder	8350 Hundslund	2014	1340
727 Odder	8350 Hundslund	2015	1329
727 Odder	8350 Hundslund	2016	1347
727 Odder	8350 Hundslund	2017	1347
727 Odder	8350 Hundslund	2018	1326
727 Odder	8350 Hundslund	2019	1304
727 Odder	8350 Hundslund	2020	1279
727 Odder	8350 Hundslund	2021	1279
727 Odder	8350 Hundslund	2022	1306
727 Odder	8350 Hundslund	2023	1342
727 Odder	8350 Hundslund	2024	1304
727 Odder	8350 Hundslund	2025	1296
727 Odder	8350 Hundslund	2026	1289
727 Odder	8660 Skanderborg	2010	6
727 Odder	8660 Skanderborg	2011	7
727 Odder	8660 Skanderborg	2012	7
727 Odder	8660 Skanderborg	2013	7
727 Odder	8660 Skanderborg	2014	3
727 Odder	8660 Skanderborg	2015	3
727 Odder	8660 Skanderborg	2016	4
727 Odder	8660 Skanderborg	2017	3
727 Odder	8660 Skanderborg	2018	5
727 Odder	8660 Skanderborg	2019	5
727 Odder	8660 Skanderborg	2020	5
727 Odder	8660 Skanderborg	2021	4
727 Odder	8660 Skanderborg	2022	5
727 Odder	8660 Skanderborg	2023	5
727 Odder	8660 Skanderborg	2024	3
727 Odder	8660 Skanderborg	2025	3
727 Odder	8660 Skanderborg	2026	4
727 Odder	8799 Tunø	2010	0
727 Odder	8799 Tunø	2011	0
727 Odder	8799 Tunø	2012	0
727 Odder	8799 Tunø	2013	0
727 Odder	8799 Tunø	2014	0
727 Odder	8799 Tunø	2015	0
727 Odder	8799 Tunø	2016	0
727 Odder	8799 Tunø	2017	0
727 Odder	8799 Tunø	2018	112
727 Odder	8799 Tunø	2019	111
727 Odder	8799 Tunø	2020	105
727 Odder	8799 Tunø	2021	96
727 Odder	8799 Tunø	2022	89
727 Odder	8799 Tunø	2023	71
727 Odder	8799 Tunø	2024	75
727 Odder	8799 Tunø	2025	74
727 Odder	8799 Tunø	2026	70
727 Odder	9999 Ukendt	2010	2
727 Odder	9999 Ukendt	2011	2
727 Odder	9999 Ukendt	2012	2
727 Odder	9999 Ukendt	2013	0
727 Odder	9999 Ukendt	2014	0
727 Odder	9999 Ukendt	2015	0
727 Odder	9999 Ukendt	2016	2
727 Odder	9999 Ukendt	2017	2
727 Odder	9999 Ukendt	2018	4
727 Odder	9999 Ukendt	2019	4
727 Odder	9999 Ukendt	2020	5
727 Odder	9999 Ukendt	2021	5
727 Odder	9999 Ukendt	2022	15
727 Odder	9999 Ukendt	2023	3
727 Odder	9999 Ukendt	2024	3
727 Odder	9999 Ukendt	2025	5
727 Odder	9999 Ukendt	2026	5
730 Randers	8860 Ulstrup	2010	196
730 Randers	8860 Ulstrup	2011	191
730 Randers	8860 Ulstrup	2012	191
730 Randers	8860 Ulstrup	2013	192
730 Randers	8860 Ulstrup	2014	189
730 Randers	8860 Ulstrup	2015	181
730 Randers	8860 Ulstrup	2016	177
730 Randers	8860 Ulstrup	2017	181
730 Randers	8860 Ulstrup	2018	186
730 Randers	8860 Ulstrup	2019	180
730 Randers	8860 Ulstrup	2020	177
730 Randers	8860 Ulstrup	2021	187
730 Randers	8860 Ulstrup	2022	179
730 Randers	8860 Ulstrup	2023	180
730 Randers	8860 Ulstrup	2024	169
730 Randers	8860 Ulstrup	2025	166
730 Randers	8860 Ulstrup	2026	168
730 Randers	8870 Langå	2010	5409
730 Randers	8870 Langå	2011	5544
730 Randers	8870 Langå	2012	5525
730 Randers	8870 Langå	2013	5524
730 Randers	8870 Langå	2014	5538
730 Randers	8870 Langå	2015	5578
730 Randers	8870 Langå	2016	5697
730 Randers	8870 Langå	2017	5836
730 Randers	8870 Langå	2018	5933
730 Randers	8870 Langå	2019	5897
730 Randers	8870 Langå	2020	5957
730 Randers	8870 Langå	2021	5981
730 Randers	8870 Langå	2022	6151
730 Randers	8870 Langå	2023	6229
730 Randers	8870 Langå	2024	6378
730 Randers	8870 Langå	2025	6418
730 Randers	8870 Langå	2026	6378
730 Randers	8900 Randers C	2010	12839
730 Randers	8900 Randers C	2011	13086
730 Randers	8900 Randers C	2012	13091
730 Randers	8900 Randers C	2013	13287
730 Randers	8900 Randers C	2014	13421
730 Randers	8900 Randers C	2015	13635
730 Randers	8900 Randers C	2016	14040
730 Randers	8900 Randers C	2017	14052
730 Randers	8900 Randers C	2018	14034
730 Randers	8900 Randers C	2019	13860
730 Randers	8900 Randers C	2020	13698
730 Randers	8900 Randers C	2021	13495
730 Randers	8900 Randers C	2022	13243
730 Randers	8900 Randers C	2023	13486
730 Randers	8900 Randers C	2024	13462
730 Randers	8900 Randers C	2025	13539
730 Randers	8900 Randers C	2026	13824
730 Randers	8920 Randers NV	2010	22034
730 Randers	8920 Randers NV	2011	22075
730 Randers	8920 Randers NV	2012	22252
730 Randers	8920 Randers NV	2013	22325
730 Randers	8920 Randers NV	2014	22333
730 Randers	8920 Randers NV	2015	22473
730 Randers	8920 Randers NV	2016	22696
730 Randers	8920 Randers NV	2017	22797
730 Randers	8920 Randers NV	2018	23018
730 Randers	8920 Randers NV	2019	22977
730 Randers	8920 Randers NV	2020	22856
730 Randers	8920 Randers NV	2021	22805
730 Randers	8920 Randers NV	2022	23325
730 Randers	8920 Randers NV	2023	23556
730 Randers	8920 Randers NV	2024	23459
730 Randers	8920 Randers NV	2025	23482
730 Randers	8920 Randers NV	2026	23567
730 Randers	8930 Randers NØ	2010	17652
730 Randers	8930 Randers NØ	2011	17714
730 Randers	8930 Randers NØ	2012	17835
730 Randers	8930 Randers NØ	2013	17900
730 Randers	8930 Randers NØ	2014	17993
730 Randers	8930 Randers NØ	2015	18152
730 Randers	8930 Randers NØ	2016	18130
730 Randers	8930 Randers NØ	2017	18215
730 Randers	8930 Randers NØ	2018	18268
730 Randers	8930 Randers NØ	2019	18238
730 Randers	8930 Randers NØ	2020	18258
730 Randers	8930 Randers NØ	2021	18469
730 Randers	8930 Randers NØ	2022	18476
730 Randers	8930 Randers NØ	2023	18702
730 Randers	8930 Randers NØ	2024	18687
730 Randers	8930 Randers NØ	2025	18842
730 Randers	8930 Randers NØ	2026	18811
730 Randers	8940 Randers SV	2010	8887
730 Randers	8940 Randers SV	2011	8879
730 Randers	8940 Randers SV	2012	8874
730 Randers	8940 Randers SV	2013	8915
730 Randers	8940 Randers SV	2014	8859
730 Randers	8940 Randers SV	2015	8789
730 Randers	8940 Randers SV	2016	8793
730 Randers	8940 Randers SV	2017	8790
730 Randers	8940 Randers SV	2018	8692
730 Randers	8940 Randers SV	2019	8722
730 Randers	8940 Randers SV	2020	8880
730 Randers	8940 Randers SV	2021	8971
730 Randers	8940 Randers SV	2022	8951
730 Randers	8940 Randers SV	2023	9056
730 Randers	8940 Randers SV	2024	9193
730 Randers	8940 Randers SV	2025	9179
730 Randers	8940 Randers SV	2026	9316
730 Randers	8960 Randers SØ	2010	13868
730 Randers	8960 Randers SØ	2011	14024
730 Randers	8960 Randers SØ	2012	14262
730 Randers	8960 Randers SØ	2013	14347
730 Randers	8960 Randers SØ	2014	14447
730 Randers	8960 Randers SØ	2015	14532
730 Randers	8960 Randers SØ	2016	14572
730 Randers	8960 Randers SØ	2017	14751
730 Randers	8960 Randers SØ	2018	14743
730 Randers	8960 Randers SØ	2019	14826
730 Randers	8960 Randers SØ	2020	14983
730 Randers	8960 Randers SØ	2021	15268
730 Randers	8960 Randers SØ	2022	15579
730 Randers	8960 Randers SØ	2023	15646
730 Randers	8960 Randers SØ	2024	15835
730 Randers	8960 Randers SØ	2025	15946
730 Randers	8960 Randers SØ	2026	15854
730 Randers	8970 Havndal	2010	3149
730 Randers	8970 Havndal	2011	3097
730 Randers	8970 Havndal	2012	3105
730 Randers	8970 Havndal	2013	2968
730 Randers	8970 Havndal	2014	2967
730 Randers	8970 Havndal	2015	2948
730 Randers	8970 Havndal	2016	2925
730 Randers	8970 Havndal	2017	2929
730 Randers	8970 Havndal	2018	2924
730 Randers	8970 Havndal	2019	2899
730 Randers	8970 Havndal	2020	2829
730 Randers	8970 Havndal	2021	2821
730 Randers	8970 Havndal	2022	2811
730 Randers	8970 Havndal	2023	2752
730 Randers	8970 Havndal	2024	2685
730 Randers	8970 Havndal	2025	2648
730 Randers	8970 Havndal	2026	2611
730 Randers	8981 Spentrup	2010	4785
730 Randers	8981 Spentrup	2011	4747
730 Randers	8981 Spentrup	2012	4753
730 Randers	8981 Spentrup	2013	4712
730 Randers	8981 Spentrup	2014	4691
730 Randers	8981 Spentrup	2015	4647
730 Randers	8981 Spentrup	2016	4641
730 Randers	8981 Spentrup	2017	4643
730 Randers	8981 Spentrup	2018	4614
730 Randers	8981 Spentrup	2019	4581
730 Randers	8981 Spentrup	2020	4547
730 Randers	8981 Spentrup	2021	4486
730 Randers	8981 Spentrup	2022	4480
730 Randers	8981 Spentrup	2023	4431
730 Randers	8981 Spentrup	2024	4372
730 Randers	8981 Spentrup	2025	4420
730 Randers	8981 Spentrup	2026	4450
730 Randers	8983 Gjerlev J	2010	3406
730 Randers	8983 Gjerlev J	2011	3410
730 Randers	8983 Gjerlev J	2012	3330
730 Randers	8983 Gjerlev J	2013	3290
730 Randers	8983 Gjerlev J	2014	3331
730 Randers	8983 Gjerlev J	2015	3257
730 Randers	8983 Gjerlev J	2016	3228
730 Randers	8983 Gjerlev J	2017	3239
730 Randers	8983 Gjerlev J	2018	3256
730 Randers	8983 Gjerlev J	2019	3192
730 Randers	8983 Gjerlev J	2020	3148
730 Randers	8983 Gjerlev J	2021	3156
730 Randers	8983 Gjerlev J	2022	3141
730 Randers	8983 Gjerlev J	2023	3176
730 Randers	8983 Gjerlev J	2024	3155
730 Randers	8983 Gjerlev J	2025	3148
730 Randers	8983 Gjerlev J	2026	3082
730 Randers	8990 Fårup	2010	2388
730 Randers	8990 Fårup	2011	2418
730 Randers	8990 Fårup	2012	2409
730 Randers	8990 Fårup	2013	2403
730 Randers	8990 Fårup	2014	2374
730 Randers	8990 Fårup	2015	2358
730 Randers	8990 Fårup	2016	2367
730 Randers	8990 Fårup	2017	2349
730 Randers	8990 Fårup	2018	2337
730 Randers	8990 Fårup	2019	2321
730 Randers	8990 Fårup	2020	2267
730 Randers	8990 Fårup	2021	2318
730 Randers	8990 Fårup	2022	2395
730 Randers	8990 Fårup	2023	2401
730 Randers	8990 Fårup	2024	2373
730 Randers	8990 Fårup	2025	2366
730 Randers	8990 Fårup	2026	2324
730 Randers	9550 Mariager	2010	11
730 Randers	9550 Mariager	2011	14
730 Randers	9550 Mariager	2012	9
730 Randers	9550 Mariager	2013	10
730 Randers	9550 Mariager	2014	11
730 Randers	9550 Mariager	2015	10
730 Randers	9550 Mariager	2016	18
730 Randers	9550 Mariager	2017	12
730 Randers	9550 Mariager	2018	10
730 Randers	9550 Mariager	2019	12
730 Randers	9550 Mariager	2020	13
730 Randers	9550 Mariager	2021	11
730 Randers	9550 Mariager	2022	12
730 Randers	9550 Mariager	2023	10
730 Randers	9550 Mariager	2024	10
730 Randers	9550 Mariager	2025	9
730 Randers	9550 Mariager	2026	10
730 Randers	9999 Ukendt	2010	126
730 Randers	9999 Ukendt	2011	119
730 Randers	9999 Ukendt	2012	120
730 Randers	9999 Ukendt	2013	134
730 Randers	9999 Ukendt	2014	189
730 Randers	9999 Ukendt	2015	240
730 Randers	9999 Ukendt	2016	236
730 Randers	9999 Ukendt	2017	324
730 Randers	9999 Ukendt	2018	250
730 Randers	9999 Ukendt	2019	204
730 Randers	9999 Ukendt	2020	192
730 Randers	9999 Ukendt	2021	222
730 Randers	9999 Ukendt	2022	245
730 Randers	9999 Ukendt	2023	306
730 Randers	9999 Ukendt	2024	196
730 Randers	9999 Ukendt	2025	193
730 Randers	9999 Ukendt	2026	169
740 Silkeborg	7362 Hampen	2010	274
740 Silkeborg	7362 Hampen	2011	266
740 Silkeborg	7362 Hampen	2012	268
740 Silkeborg	7362 Hampen	2013	259
740 Silkeborg	7362 Hampen	2014	283
740 Silkeborg	7362 Hampen	2015	266
740 Silkeborg	7362 Hampen	2016	256
740 Silkeborg	7362 Hampen	2017	270
740 Silkeborg	7362 Hampen	2018	251
740 Silkeborg	7362 Hampen	2019	270
740 Silkeborg	7362 Hampen	2020	261
740 Silkeborg	7362 Hampen	2021	247
740 Silkeborg	7362 Hampen	2022	246
740 Silkeborg	7362 Hampen	2023	247
740 Silkeborg	7362 Hampen	2024	240
740 Silkeborg	7362 Hampen	2025	220
740 Silkeborg	7362 Hampen	2026	219
740 Silkeborg	7441 Bording	2010	7
740 Silkeborg	7441 Bording	2011	8
740 Silkeborg	7441 Bording	2012	6
740 Silkeborg	7441 Bording	2013	7
740 Silkeborg	7441 Bording	2014	8
740 Silkeborg	7441 Bording	2015	11
740 Silkeborg	7441 Bording	2016	7
740 Silkeborg	7441 Bording	2017	5
740 Silkeborg	7441 Bording	2018	7
740 Silkeborg	7441 Bording	2019	7
740 Silkeborg	7441 Bording	2020	8
740 Silkeborg	7441 Bording	2021	4
740 Silkeborg	7441 Bording	2022	4
740 Silkeborg	7441 Bording	2023	4
740 Silkeborg	7441 Bording	2024	4
740 Silkeborg	7441 Bording	2025	4
740 Silkeborg	7441 Bording	2026	6
740 Silkeborg	7442 Engesvang	2010	182
740 Silkeborg	7442 Engesvang	2011	180
740 Silkeborg	7442 Engesvang	2012	174
740 Silkeborg	7442 Engesvang	2013	174
740 Silkeborg	7442 Engesvang	2014	175
740 Silkeborg	7442 Engesvang	2015	162
740 Silkeborg	7442 Engesvang	2016	166
740 Silkeborg	7442 Engesvang	2017	166
740 Silkeborg	7442 Engesvang	2018	177
740 Silkeborg	7442 Engesvang	2019	181
740 Silkeborg	7442 Engesvang	2020	183
740 Silkeborg	7442 Engesvang	2021	178
740 Silkeborg	7442 Engesvang	2022	170
740 Silkeborg	7442 Engesvang	2023	155
740 Silkeborg	7442 Engesvang	2024	162
740 Silkeborg	7442 Engesvang	2025	159
740 Silkeborg	7442 Engesvang	2026	156
740 Silkeborg	7470 Karup J	2010	14
740 Silkeborg	7470 Karup J	2011	16
740 Silkeborg	7470 Karup J	2012	17
740 Silkeborg	7470 Karup J	2013	17
740 Silkeborg	7470 Karup J	2014	16
740 Silkeborg	7470 Karup J	2015	15
740 Silkeborg	7470 Karup J	2016	19
740 Silkeborg	7470 Karup J	2017	18
740 Silkeborg	7470 Karup J	2018	24
740 Silkeborg	7470 Karup J	2019	25
740 Silkeborg	7470 Karup J	2020	19
740 Silkeborg	7470 Karup J	2021	16
740 Silkeborg	7470 Karup J	2022	15
740 Silkeborg	7470 Karup J	2023	19
740 Silkeborg	7470 Karup J	2024	15
740 Silkeborg	7470 Karup J	2025	17
740 Silkeborg	7470 Karup J	2026	14
740 Silkeborg	8450 Hammel	2010	31
740 Silkeborg	8450 Hammel	2011	30
740 Silkeborg	8450 Hammel	2012	33
740 Silkeborg	8450 Hammel	2013	33
740 Silkeborg	8450 Hammel	2014	32
740 Silkeborg	8450 Hammel	2015	35
740 Silkeborg	8450 Hammel	2016	31
740 Silkeborg	8450 Hammel	2017	33
740 Silkeborg	8450 Hammel	2018	34
740 Silkeborg	8450 Hammel	2019	36
740 Silkeborg	8450 Hammel	2020	37
740 Silkeborg	8450 Hammel	2021	36
740 Silkeborg	8450 Hammel	2022	35
740 Silkeborg	8450 Hammel	2023	34
740 Silkeborg	8450 Hammel	2024	33
740 Silkeborg	8450 Hammel	2025	29
740 Silkeborg	8450 Hammel	2026	29
740 Silkeborg	8472 Sporup	2010	204
740 Silkeborg	8472 Sporup	2011	199
740 Silkeborg	8472 Sporup	2012	196
740 Silkeborg	8472 Sporup	2013	185
740 Silkeborg	8472 Sporup	2014	192
740 Silkeborg	8472 Sporup	2015	193
740 Silkeborg	8472 Sporup	2016	197
740 Silkeborg	8472 Sporup	2017	194
740 Silkeborg	8472 Sporup	2018	192
740 Silkeborg	8472 Sporup	2019	203
740 Silkeborg	8472 Sporup	2020	199
740 Silkeborg	8472 Sporup	2021	188
740 Silkeborg	8472 Sporup	2022	191
740 Silkeborg	8472 Sporup	2023	189
740 Silkeborg	8472 Sporup	2024	180
740 Silkeborg	8472 Sporup	2025	176
740 Silkeborg	8472 Sporup	2026	187
740 Silkeborg	8600 Silkeborg	2010	59829
740 Silkeborg	8600 Silkeborg	2011	60132
740 Silkeborg	8600 Silkeborg	2012	60458
740 Silkeborg	8600 Silkeborg	2013	60530
740 Silkeborg	8600 Silkeborg	2014	60798
740 Silkeborg	8600 Silkeborg	2015	61212
740 Silkeborg	8600 Silkeborg	2016	61756
740 Silkeborg	8600 Silkeborg	2017	62269
740 Silkeborg	8600 Silkeborg	2018	63199
740 Silkeborg	8600 Silkeborg	2019	64424
740 Silkeborg	8600 Silkeborg	2020	65336
740 Silkeborg	8600 Silkeborg	2021	67065
740 Silkeborg	8600 Silkeborg	2022	68922
740 Silkeborg	8600 Silkeborg	2023	70572
740 Silkeborg	8600 Silkeborg	2024	71834
740 Silkeborg	8600 Silkeborg	2025	72759
740 Silkeborg	8600 Silkeborg	2026	73792
740 Silkeborg	8620 Kjellerup	2010	11823
740 Silkeborg	8620 Kjellerup	2011	11856
740 Silkeborg	8620 Kjellerup	2012	11791
740 Silkeborg	8620 Kjellerup	2013	11759
740 Silkeborg	8620 Kjellerup	2014	11754
740 Silkeborg	8620 Kjellerup	2015	11747
740 Silkeborg	8620 Kjellerup	2016	11759
740 Silkeborg	8620 Kjellerup	2017	11883
740 Silkeborg	8620 Kjellerup	2018	11773
740 Silkeborg	8620 Kjellerup	2019	11730
740 Silkeborg	8620 Kjellerup	2020	11664
740 Silkeborg	8620 Kjellerup	2021	11518
740 Silkeborg	8620 Kjellerup	2022	11450
740 Silkeborg	8620 Kjellerup	2023	11674
740 Silkeborg	8620 Kjellerup	2024	11643
740 Silkeborg	8620 Kjellerup	2025	11614
740 Silkeborg	8620 Kjellerup	2026	11601
740 Silkeborg	8632 Lemming	2010	1127
740 Silkeborg	8632 Lemming	2011	1128
740 Silkeborg	8632 Lemming	2012	1154
740 Silkeborg	8632 Lemming	2013	1154
740 Silkeborg	8632 Lemming	2014	1158
740 Silkeborg	8632 Lemming	2015	1131
740 Silkeborg	8632 Lemming	2016	1140
740 Silkeborg	8632 Lemming	2017	1139
740 Silkeborg	8632 Lemming	2018	1141
740 Silkeborg	8632 Lemming	2019	1114
740 Silkeborg	8632 Lemming	2020	1113
740 Silkeborg	8632 Lemming	2021	1121
740 Silkeborg	8632 Lemming	2022	1104
740 Silkeborg	8632 Lemming	2023	1085
740 Silkeborg	8632 Lemming	2024	1085
740 Silkeborg	8632 Lemming	2025	1068
740 Silkeborg	8632 Lemming	2026	1094
740 Silkeborg	8641 Sorring	2010	1525
740 Silkeborg	8641 Sorring	2011	1553
740 Silkeborg	8641 Sorring	2012	1579
740 Silkeborg	8641 Sorring	2013	1581
740 Silkeborg	8641 Sorring	2014	1581
740 Silkeborg	8641 Sorring	2015	1581
740 Silkeborg	8641 Sorring	2016	1603
740 Silkeborg	8641 Sorring	2017	1566
740 Silkeborg	8641 Sorring	2018	1585
740 Silkeborg	8641 Sorring	2019	1576
740 Silkeborg	8641 Sorring	2020	1582
740 Silkeborg	8641 Sorring	2021	1596
740 Silkeborg	8641 Sorring	2022	1578
740 Silkeborg	8641 Sorring	2023	1562
740 Silkeborg	8641 Sorring	2024	1595
740 Silkeborg	8641 Sorring	2025	1595
740 Silkeborg	8641 Sorring	2026	1619
740 Silkeborg	8643 Ans By	2010	2703
740 Silkeborg	8643 Ans By	2011	2713
740 Silkeborg	8643 Ans By	2012	2787
740 Silkeborg	8643 Ans By	2013	2791
740 Silkeborg	8643 Ans By	2014	2824
740 Silkeborg	8643 Ans By	2015	2863
740 Silkeborg	8643 Ans By	2016	2874
740 Silkeborg	8643 Ans By	2017	2863
740 Silkeborg	8643 Ans By	2018	2853
740 Silkeborg	8643 Ans By	2019	2827
740 Silkeborg	8643 Ans By	2020	2848
740 Silkeborg	8643 Ans By	2021	2790
740 Silkeborg	8643 Ans By	2022	2851
740 Silkeborg	8643 Ans By	2023	2864
740 Silkeborg	8643 Ans By	2024	2834
740 Silkeborg	8643 Ans By	2025	2810
740 Silkeborg	8643 Ans By	2026	2814
740 Silkeborg	8653 Them	2010	3890
740 Silkeborg	8653 Them	2011	3931
740 Silkeborg	8653 Them	2012	3931
740 Silkeborg	8653 Them	2013	3910
740 Silkeborg	8653 Them	2014	3890
740 Silkeborg	8653 Them	2015	3855
740 Silkeborg	8653 Them	2016	3872
740 Silkeborg	8653 Them	2017	3847
740 Silkeborg	8653 Them	2018	3843
740 Silkeborg	8653 Them	2019	3879
740 Silkeborg	8653 Them	2020	3933
740 Silkeborg	8653 Them	2021	3931
740 Silkeborg	8653 Them	2022	3995
740 Silkeborg	8653 Them	2023	4038
740 Silkeborg	8653 Them	2024	4058
740 Silkeborg	8653 Them	2025	4131
740 Silkeborg	8653 Them	2026	4140
740 Silkeborg	8654 Bryrup	2010	2474
740 Silkeborg	8654 Bryrup	2011	2484
740 Silkeborg	8654 Bryrup	2012	2516
740 Silkeborg	8654 Bryrup	2013	2495
740 Silkeborg	8654 Bryrup	2014	2436
740 Silkeborg	8654 Bryrup	2015	2393
740 Silkeborg	8654 Bryrup	2016	2409
740 Silkeborg	8654 Bryrup	2017	2396
740 Silkeborg	8654 Bryrup	2018	2369
740 Silkeborg	8654 Bryrup	2019	2348
740 Silkeborg	8654 Bryrup	2020	2374
740 Silkeborg	8654 Bryrup	2021	2379
740 Silkeborg	8654 Bryrup	2022	2374
740 Silkeborg	8654 Bryrup	2023	2441
740 Silkeborg	8654 Bryrup	2024	2508
740 Silkeborg	8654 Bryrup	2025	2462
740 Silkeborg	8654 Bryrup	2026	2493
740 Silkeborg	8680 Ry	2010	14
740 Silkeborg	8680 Ry	2011	11
740 Silkeborg	8680 Ry	2012	16
740 Silkeborg	8680 Ry	2013	15
740 Silkeborg	8680 Ry	2014	21
740 Silkeborg	8680 Ry	2015	16
740 Silkeborg	8680 Ry	2016	22
740 Silkeborg	8680 Ry	2017	22
740 Silkeborg	8680 Ry	2018	20
740 Silkeborg	8680 Ry	2019	24
740 Silkeborg	8680 Ry	2020	24
740 Silkeborg	8680 Ry	2021	25
740 Silkeborg	8680 Ry	2022	22
740 Silkeborg	8680 Ry	2023	14
740 Silkeborg	8680 Ry	2024	11
740 Silkeborg	8680 Ry	2025	12
740 Silkeborg	8680 Ry	2026	12
740 Silkeborg	8740 Brædstrup	2010	51
740 Silkeborg	8740 Brædstrup	2011	52
740 Silkeborg	8740 Brædstrup	2012	55
740 Silkeborg	8740 Brædstrup	2013	52
740 Silkeborg	8740 Brædstrup	2014	39
740 Silkeborg	8740 Brædstrup	2015	44
740 Silkeborg	8740 Brædstrup	2016	40
740 Silkeborg	8740 Brædstrup	2017	36
740 Silkeborg	8740 Brædstrup	2018	40
740 Silkeborg	8740 Brædstrup	2019	37
740 Silkeborg	8740 Brædstrup	2020	34
740 Silkeborg	8740 Brædstrup	2021	32
740 Silkeborg	8740 Brædstrup	2022	33
740 Silkeborg	8740 Brædstrup	2023	40
740 Silkeborg	8740 Brædstrup	2024	40
740 Silkeborg	8740 Brædstrup	2025	35
740 Silkeborg	8740 Brædstrup	2026	36
740 Silkeborg	8800 Viborg	2010	16
740 Silkeborg	8800 Viborg	2011	15
740 Silkeborg	8800 Viborg	2012	14
740 Silkeborg	8800 Viborg	2013	15
740 Silkeborg	8800 Viborg	2014	17
740 Silkeborg	8800 Viborg	2015	14
740 Silkeborg	8800 Viborg	2016	14
740 Silkeborg	8800 Viborg	2017	12
740 Silkeborg	8800 Viborg	2018	13
740 Silkeborg	8800 Viborg	2019	12
740 Silkeborg	8800 Viborg	2020	12
740 Silkeborg	8800 Viborg	2021	13
740 Silkeborg	8800 Viborg	2022	12
740 Silkeborg	8800 Viborg	2023	11
740 Silkeborg	8800 Viborg	2024	12
740 Silkeborg	8800 Viborg	2025	14
740 Silkeborg	8800 Viborg	2026	14
740 Silkeborg	8840 Rødkærsbro	2010	91
740 Silkeborg	8840 Rødkærsbro	2011	89
740 Silkeborg	8840 Rødkærsbro	2012	88
740 Silkeborg	8840 Rødkærsbro	2013	98
740 Silkeborg	8840 Rødkærsbro	2014	89
740 Silkeborg	8840 Rødkærsbro	2015	92
740 Silkeborg	8840 Rødkærsbro	2016	82
740 Silkeborg	8840 Rødkærsbro	2017	84
740 Silkeborg	8840 Rødkærsbro	2018	74
740 Silkeborg	8840 Rødkærsbro	2019	83
740 Silkeborg	8840 Rødkærsbro	2020	77
740 Silkeborg	8840 Rødkærsbro	2021	80
740 Silkeborg	8840 Rødkærsbro	2022	73
740 Silkeborg	8840 Rødkærsbro	2023	75
740 Silkeborg	8840 Rødkærsbro	2024	75
740 Silkeborg	8840 Rødkærsbro	2025	70
740 Silkeborg	8840 Rødkærsbro	2026	73
740 Silkeborg	8881 Thorsø	2010	2
740 Silkeborg	8881 Thorsø	2011	0
740 Silkeborg	8881 Thorsø	2012	3
740 Silkeborg	8881 Thorsø	2013	3
740 Silkeborg	8881 Thorsø	2014	3
740 Silkeborg	8881 Thorsø	2015	3
740 Silkeborg	8881 Thorsø	2016	3
740 Silkeborg	8881 Thorsø	2017	3
740 Silkeborg	8881 Thorsø	2018	2
740 Silkeborg	8881 Thorsø	2019	2
740 Silkeborg	8881 Thorsø	2020	2
740 Silkeborg	8881 Thorsø	2021	2
740 Silkeborg	8881 Thorsø	2022	3
740 Silkeborg	8881 Thorsø	2023	3
740 Silkeborg	8881 Thorsø	2024	3
740 Silkeborg	8881 Thorsø	2025	3
740 Silkeborg	8881 Thorsø	2026	3
740 Silkeborg	8882 Fårvang	2010	2119
740 Silkeborg	8882 Fårvang	2011	2129
740 Silkeborg	8882 Fårvang	2012	2131
740 Silkeborg	8882 Fårvang	2013	2112
740 Silkeborg	8882 Fårvang	2014	2147
740 Silkeborg	8882 Fårvang	2015	2187
740 Silkeborg	8882 Fårvang	2016	2219
740 Silkeborg	8882 Fårvang	2017	2246
740 Silkeborg	8882 Fårvang	2018	2218
740 Silkeborg	8882 Fårvang	2019	2164
740 Silkeborg	8882 Fårvang	2020	2216
740 Silkeborg	8882 Fårvang	2021	2200
740 Silkeborg	8882 Fårvang	2022	2196
740 Silkeborg	8882 Fårvang	2023	2245
740 Silkeborg	8882 Fårvang	2024	2267
740 Silkeborg	8882 Fårvang	2025	2238
740 Silkeborg	8882 Fårvang	2026	2287
740 Silkeborg	8883 Gjern	2010	2022
740 Silkeborg	8883 Gjern	2011	2008
740 Silkeborg	8883 Gjern	2012	2025
740 Silkeborg	8883 Gjern	2013	2035
740 Silkeborg	8883 Gjern	2014	2048
740 Silkeborg	8883 Gjern	2015	2049
740 Silkeborg	8883 Gjern	2016	2073
740 Silkeborg	8883 Gjern	2017	2049
740 Silkeborg	8883 Gjern	2018	2073
740 Silkeborg	8883 Gjern	2019	2075
740 Silkeborg	8883 Gjern	2020	2071
740 Silkeborg	8883 Gjern	2021	2043
740 Silkeborg	8883 Gjern	2022	2032
740 Silkeborg	8883 Gjern	2023	2087
740 Silkeborg	8883 Gjern	2024	2109
740 Silkeborg	8883 Gjern	2025	2101
740 Silkeborg	8883 Gjern	2026	2126
740 Silkeborg	9999 Ukendt	2010	83
740 Silkeborg	9999 Ukendt	2011	113
740 Silkeborg	9999 Ukendt	2012	86
740 Silkeborg	9999 Ukendt	2013	121
740 Silkeborg	9999 Ukendt	2014	122
740 Silkeborg	9999 Ukendt	2015	147
740 Silkeborg	9999 Ukendt	2016	177
740 Silkeborg	9999 Ukendt	2017	136
740 Silkeborg	9999 Ukendt	2018	136
740 Silkeborg	9999 Ukendt	2019	37
740 Silkeborg	9999 Ukendt	2020	33
740 Silkeborg	9999 Ukendt	2021	24
740 Silkeborg	9999 Ukendt	2022	52
740 Silkeborg	9999 Ukendt	2023	41
740 Silkeborg	9999 Ukendt	2024	39
740 Silkeborg	9999 Ukendt	2025	57
740 Silkeborg	9999 Ukendt	2026	38
741 Samsø	8305 Samsø	2010	4006
741 Samsø	8305 Samsø	2011	3882
741 Samsø	8305 Samsø	2012	3885
741 Samsø	8305 Samsø	2013	3802
741 Samsø	8305 Samsø	2014	3764
741 Samsø	8305 Samsø	2015	3730
741 Samsø	8305 Samsø	2016	3708
741 Samsø	8305 Samsø	2017	3722
741 Samsø	8305 Samsø	2018	3719
741 Samsø	8305 Samsø	2019	3684
741 Samsø	8305 Samsø	2020	3657
741 Samsø	8305 Samsø	2021	3682
741 Samsø	8305 Samsø	2022	3716
741 Samsø	8305 Samsø	2023	3775
741 Samsø	8305 Samsø	2024	3694
741 Samsø	8305 Samsø	2025	3656
741 Samsø	8305 Samsø	2026	3617
741 Samsø	9999 Ukendt	2010	4
741 Samsø	9999 Ukendt	2011	3
741 Samsø	9999 Ukendt	2012	4
741 Samsø	9999 Ukendt	2013	4
741 Samsø	9999 Ukendt	2014	3
741 Samsø	9999 Ukendt	2015	3
741 Samsø	9999 Ukendt	2016	2
741 Samsø	9999 Ukendt	2017	2
741 Samsø	9999 Ukendt	2018	1
741 Samsø	9999 Ukendt	2019	0
741 Samsø	9999 Ukendt	2020	0
741 Samsø	9999 Ukendt	2021	0
741 Samsø	9999 Ukendt	2022	0
741 Samsø	9999 Ukendt	2023	0
741 Samsø	9999 Ukendt	2024	0
741 Samsø	9999 Ukendt	2025	0
741 Samsø	9999 Ukendt	2026	0
746 Skanderborg	8362 Hørning	2010	7865
746 Skanderborg	8362 Hørning	2011	8077
746 Skanderborg	8362 Hørning	2012	8158
746 Skanderborg	8362 Hørning	2013	8179
746 Skanderborg	8362 Hørning	2014	8154
746 Skanderborg	8362 Hørning	2015	8315
746 Skanderborg	8362 Hørning	2016	8484
746 Skanderborg	8362 Hørning	2017	8800
746 Skanderborg	8362 Hørning	2018	9103
746 Skanderborg	8362 Hørning	2019	9203
746 Skanderborg	8362 Hørning	2020	9237
746 Skanderborg	8362 Hørning	2021	9266
746 Skanderborg	8362 Hørning	2022	9380
746 Skanderborg	8362 Hørning	2023	9450
746 Skanderborg	8362 Hørning	2024	9438
746 Skanderborg	8362 Hørning	2025	9518
746 Skanderborg	8362 Hørning	2026	9531
746 Skanderborg	8464 Galten	2010	11617
746 Skanderborg	8464 Galten	2011	11643
746 Skanderborg	8464 Galten	2012	11660
746 Skanderborg	8464 Galten	2013	11583
746 Skanderborg	8464 Galten	2014	11616
746 Skanderborg	8464 Galten	2015	11747
746 Skanderborg	8464 Galten	2016	11846
746 Skanderborg	8464 Galten	2017	12116
746 Skanderborg	8464 Galten	2018	12334
746 Skanderborg	8464 Galten	2019	12566
746 Skanderborg	8464 Galten	2020	12797
746 Skanderborg	8464 Galten	2021	13060
746 Skanderborg	8464 Galten	2022	13146
746 Skanderborg	8464 Galten	2023	13284
746 Skanderborg	8464 Galten	2024	13279
746 Skanderborg	8464 Galten	2025	13412
746 Skanderborg	8464 Galten	2026	13523
746 Skanderborg	8471 Sabro	2010	30
746 Skanderborg	8471 Sabro	2011	30
746 Skanderborg	8471 Sabro	2012	29
746 Skanderborg	8471 Sabro	2013	30
746 Skanderborg	8471 Sabro	2014	29
746 Skanderborg	8471 Sabro	2015	30
746 Skanderborg	8471 Sabro	2016	26
746 Skanderborg	8471 Sabro	2017	26
746 Skanderborg	8471 Sabro	2018	27
746 Skanderborg	8471 Sabro	2019	28
746 Skanderborg	8471 Sabro	2020	28
746 Skanderborg	8471 Sabro	2021	29
746 Skanderborg	8471 Sabro	2022	32
746 Skanderborg	8471 Sabro	2023	31
746 Skanderborg	8471 Sabro	2024	33
746 Skanderborg	8471 Sabro	2025	33
746 Skanderborg	8471 Sabro	2026	29
746 Skanderborg	8472 Sporup	2010	2
746 Skanderborg	8472 Sporup	2011	2
746 Skanderborg	8472 Sporup	2012	2
746 Skanderborg	8472 Sporup	2013	1
746 Skanderborg	8472 Sporup	2014	1
746 Skanderborg	8472 Sporup	2015	1
746 Skanderborg	8472 Sporup	2016	1
746 Skanderborg	8472 Sporup	2017	1
746 Skanderborg	8472 Sporup	2018	1
746 Skanderborg	8472 Sporup	2019	0
746 Skanderborg	8472 Sporup	2020	2
746 Skanderborg	8472 Sporup	2021	2
746 Skanderborg	8472 Sporup	2022	2
746 Skanderborg	8472 Sporup	2023	2
746 Skanderborg	8472 Sporup	2024	2
746 Skanderborg	8472 Sporup	2025	2
746 Skanderborg	8472 Sporup	2026	2
746 Skanderborg	8600 Silkeborg	2010	11
746 Skanderborg	8600 Silkeborg	2011	14
746 Skanderborg	8600 Silkeborg	2012	12
746 Skanderborg	8600 Silkeborg	2013	12
746 Skanderborg	8600 Silkeborg	2014	15
746 Skanderborg	8600 Silkeborg	2015	18
746 Skanderborg	8600 Silkeborg	2016	15
746 Skanderborg	8600 Silkeborg	2017	19
746 Skanderborg	8600 Silkeborg	2018	18
746 Skanderborg	8600 Silkeborg	2019	16
746 Skanderborg	8600 Silkeborg	2020	14
746 Skanderborg	8600 Silkeborg	2021	15
746 Skanderborg	8600 Silkeborg	2022	15
746 Skanderborg	8600 Silkeborg	2023	18
746 Skanderborg	8600 Silkeborg	2024	16
746 Skanderborg	8600 Silkeborg	2025	14
746 Skanderborg	8600 Silkeborg	2026	13
746 Skanderborg	8660 Skanderborg	2010	26749
746 Skanderborg	8660 Skanderborg	2011	26876
746 Skanderborg	8660 Skanderborg	2012	26974
746 Skanderborg	8660 Skanderborg	2013	26998
746 Skanderborg	8660 Skanderborg	2014	27010
746 Skanderborg	8660 Skanderborg	2015	27214
746 Skanderborg	8660 Skanderborg	2016	27280
746 Skanderborg	8660 Skanderborg	2017	27453
746 Skanderborg	8660 Skanderborg	2018	27481
746 Skanderborg	8660 Skanderborg	2019	27745
746 Skanderborg	8660 Skanderborg	2020	28114
746 Skanderborg	8660 Skanderborg	2021	28254
746 Skanderborg	8660 Skanderborg	2022	28692
746 Skanderborg	8660 Skanderborg	2023	28914
746 Skanderborg	8660 Skanderborg	2024	28933
746 Skanderborg	8660 Skanderborg	2025	29219
746 Skanderborg	8660 Skanderborg	2026	29393
746 Skanderborg	8670 Låsby	2010	2361
746 Skanderborg	8670 Låsby	2011	2375
746 Skanderborg	8670 Låsby	2012	2377
746 Skanderborg	8670 Låsby	2013	2391
746 Skanderborg	8670 Låsby	2014	2392
746 Skanderborg	8670 Låsby	2015	2422
746 Skanderborg	8670 Låsby	2016	2451
746 Skanderborg	8670 Låsby	2017	2481
746 Skanderborg	8670 Låsby	2018	2494
746 Skanderborg	8670 Låsby	2019	2494
746 Skanderborg	8670 Låsby	2020	2495
746 Skanderborg	8670 Låsby	2021	2500
746 Skanderborg	8670 Låsby	2022	2483
746 Skanderborg	8670 Låsby	2023	2498
746 Skanderborg	8670 Låsby	2024	2521
746 Skanderborg	8670 Låsby	2025	2552
746 Skanderborg	8670 Låsby	2026	2562
746 Skanderborg	8680 Ry	2010	8635
746 Skanderborg	8680 Ry	2011	8667
746 Skanderborg	8680 Ry	2012	8765
746 Skanderborg	8680 Ry	2013	8866
746 Skanderborg	8680 Ry	2014	8920
746 Skanderborg	8680 Ry	2015	9008
746 Skanderborg	8680 Ry	2016	9349
746 Skanderborg	8680 Ry	2017	9473
746 Skanderborg	8680 Ry	2018	9676
746 Skanderborg	8680 Ry	2019	9887
746 Skanderborg	8680 Ry	2020	9960
746 Skanderborg	8680 Ry	2021	10232
746 Skanderborg	8680 Ry	2022	10537
746 Skanderborg	8680 Ry	2023	10909
746 Skanderborg	8680 Ry	2024	10966
746 Skanderborg	8680 Ry	2025	10993
746 Skanderborg	8680 Ry	2026	11275
746 Skanderborg	8751 Gedved	2010	1
746 Skanderborg	8751 Gedved	2011	1
746 Skanderborg	8751 Gedved	2012	1
746 Skanderborg	8751 Gedved	2013	1
746 Skanderborg	8751 Gedved	2014	2
746 Skanderborg	8751 Gedved	2015	3
746 Skanderborg	8751 Gedved	2016	3
746 Skanderborg	8751 Gedved	2017	3
746 Skanderborg	8751 Gedved	2018	3
746 Skanderborg	8751 Gedved	2019	4
746 Skanderborg	8751 Gedved	2020	3
746 Skanderborg	8751 Gedved	2021	3
746 Skanderborg	8751 Gedved	2022	3
746 Skanderborg	8751 Gedved	2023	3
746 Skanderborg	8751 Gedved	2024	0
746 Skanderborg	8751 Gedved	2025	1
746 Skanderborg	8751 Gedved	2026	1
746 Skanderborg	9999 Ukendt	2010	32
746 Skanderborg	9999 Ukendt	2011	32
746 Skanderborg	9999 Ukendt	2012	30
746 Skanderborg	9999 Ukendt	2013	33
746 Skanderborg	9999 Ukendt	2014	37
746 Skanderborg	9999 Ukendt	2015	24
746 Skanderborg	9999 Ukendt	2016	26
746 Skanderborg	9999 Ukendt	2017	29
746 Skanderborg	9999 Ukendt	2018	21
746 Skanderborg	9999 Ukendt	2019	31
746 Skanderborg	9999 Ukendt	2020	28
746 Skanderborg	9999 Ukendt	2021	29
746 Skanderborg	9999 Ukendt	2022	28
746 Skanderborg	9999 Ukendt	2023	29
746 Skanderborg	9999 Ukendt	2024	17
746 Skanderborg	9999 Ukendt	2025	16
746 Skanderborg	9999 Ukendt	2026	23
751 Århus	8000 Aarhus C	2010	57849
751 Århus	8000 Aarhus C	2011	58695
751 Århus	8000 Aarhus C	2012	59645
751 Århus	8000 Aarhus C	2013	61528
751 Århus	8000 Aarhus C	2014	62882
751 Århus	8000 Aarhus C	2015	64322
751 Århus	8000 Aarhus C	2016	66199
751 Århus	8000 Aarhus C	2017	68325
751 Århus	8000 Aarhus C	2018	70348
751 Århus	8000 Aarhus C	2019	72294
751 Århus	8000 Aarhus C	2020	73988
751 Århus	8000 Aarhus C	2021	74222
751 Århus	8000 Aarhus C	2022	74450
751 Århus	8000 Aarhus C	2023	76714
751 Århus	8000 Aarhus C	2024	79129
751 Århus	8000 Aarhus C	2025	80224
751 Århus	8000 Aarhus C	2026	81105
751 Århus	8200 Aarhus N	2010	28773
751 Århus	8200 Aarhus N	2011	29145
751 Århus	8200 Aarhus N	2012	29394
751 Århus	8200 Aarhus N	2013	29705
751 Århus	8200 Aarhus N	2014	30204
751 Århus	8200 Aarhus N	2015	30586
751 Århus	8200 Aarhus N	2016	30910
751 Århus	8200 Aarhus N	2017	31361
751 Århus	8200 Aarhus N	2018	31485
751 Århus	8200 Aarhus N	2019	32125
751 Århus	8200 Aarhus N	2020	32543
751 Århus	8200 Aarhus N	2021	32978
751 Århus	8200 Aarhus N	2022	32852
751 Århus	8200 Aarhus N	2023	34317
751 Århus	8200 Aarhus N	2024	35629
751 Århus	8200 Aarhus N	2025	37415
751 Århus	8200 Aarhus N	2026	38501
751 Århus	8210 Aarhus V	2010	25155
751 Århus	8210 Aarhus V	2011	25437
751 Århus	8210 Aarhus V	2012	25374
751 Århus	8210 Aarhus V	2013	25421
751 Århus	8210 Aarhus V	2014	25593
751 Århus	8210 Aarhus V	2015	25597
751 Århus	8210 Aarhus V	2016	25756
751 Århus	8210 Aarhus V	2017	26077
751 Århus	8210 Aarhus V	2018	26098
751 Århus	8210 Aarhus V	2019	26167
751 Århus	8210 Aarhus V	2020	25891
751 Århus	8210 Aarhus V	2021	25533
751 Århus	8210 Aarhus V	2022	25186
751 Århus	8210 Aarhus V	2023	25305
751 Århus	8210 Aarhus V	2024	25165
751 Århus	8210 Aarhus V	2025	25231
751 Århus	8210 Aarhus V	2026	25471
751 Århus	8220 Brabrand	2010	20639
751 Århus	8220 Brabrand	2011	20966
751 Århus	8220 Brabrand	2012	21249
751 Århus	8220 Brabrand	2013	21228
751 Århus	8220 Brabrand	2014	21057
751 Århus	8220 Brabrand	2015	20745
751 Århus	8220 Brabrand	2016	20467
751 Århus	8220 Brabrand	2017	20201
751 Århus	8220 Brabrand	2018	19843
751 Århus	8220 Brabrand	2019	19385
751 Århus	8220 Brabrand	2020	19664
751 Århus	8220 Brabrand	2021	20086
751 Århus	8220 Brabrand	2022	20156
751 Århus	8220 Brabrand	2023	20218
751 Århus	8220 Brabrand	2024	19808
751 Århus	8220 Brabrand	2025	19885
751 Århus	8220 Brabrand	2026	20061
751 Århus	8230 Åbyhøj	2010	10698
751 Århus	8230 Åbyhøj	2011	10792
751 Århus	8230 Åbyhøj	2012	10882
751 Århus	8230 Åbyhøj	2013	10994
751 Århus	8230 Åbyhøj	2014	11026
751 Århus	8230 Åbyhøj	2015	11039
751 Århus	8230 Åbyhøj	2016	11106
751 Århus	8230 Åbyhøj	2017	11202
751 Århus	8230 Åbyhøj	2018	11606
751 Århus	8230 Åbyhøj	2019	12183
751 Århus	8230 Åbyhøj	2020	12321
751 Århus	8230 Åbyhøj	2021	12755
751 Århus	8230 Åbyhøj	2022	13025
751 Århus	8230 Åbyhøj	2023	13342
751 Århus	8230 Åbyhøj	2024	13285
751 Århus	8230 Åbyhøj	2025	13491
751 Århus	8230 Åbyhøj	2026	13851
751 Århus	8240 Risskov	2010	24382
751 Århus	8240 Risskov	2011	24464
751 Århus	8240 Risskov	2012	24510
751 Århus	8240 Risskov	2013	24661
751 Århus	8240 Risskov	2014	24898
751 Århus	8240 Risskov	2015	25010
751 Århus	8240 Risskov	2016	25044
751 Århus	8240 Risskov	2017	25126
751 Århus	8240 Risskov	2018	26024
751 Århus	8240 Risskov	2019	26614
751 Århus	8240 Risskov	2020	27425
751 Århus	8240 Risskov	2021	28908
751 Århus	8240 Risskov	2022	30907
751 Århus	8240 Risskov	2023	32290
751 Århus	8240 Risskov	2024	33851
751 Århus	8240 Risskov	2025	35695
751 Århus	8240 Risskov	2026	36614
751 Århus	8250 Egå	2010	9392
751 Århus	8250 Egå	2011	9378
751 Århus	8250 Egå	2012	9483
751 Århus	8250 Egå	2013	9511
751 Århus	8250 Egå	2014	9629
751 Århus	8250 Egå	2015	9590
751 Århus	8250 Egå	2016	9693
751 Århus	8250 Egå	2017	9991
751 Århus	8250 Egå	2018	10173
751 Århus	8250 Egå	2019	10393
751 Århus	8250 Egå	2020	10483
751 Århus	8250 Egå	2021	10848
751 Århus	8250 Egå	2022	11100
751 Århus	8250 Egå	2023	11235
751 Århus	8250 Egå	2024	11360
751 Århus	8250 Egå	2025	11465
751 Århus	8250 Egå	2026	11688
751 Århus	8260 Viby J	2010	26061
751 Århus	8260 Viby J	2011	26489
751 Århus	8260 Viby J	2012	26996
751 Århus	8260 Viby J	2013	27519
751 Århus	8260 Viby J	2014	28047
751 Århus	8260 Viby J	2015	28216
751 Århus	8260 Viby J	2016	28469
751 Århus	8260 Viby J	2017	28709
751 Århus	8260 Viby J	2018	29474
751 Århus	8260 Viby J	2019	29699
751 Århus	8260 Viby J	2020	29641
751 Århus	8260 Viby J	2021	29340
751 Århus	8260 Viby J	2022	29021
751 Århus	8260 Viby J	2023	29015
751 Århus	8260 Viby J	2024	29081
751 Århus	8260 Viby J	2025	29358
751 Århus	8260 Viby J	2026	29500
751 Århus	8270 Højbjerg	2010	21874
751 Århus	8270 Højbjerg	2011	22035
751 Århus	8270 Højbjerg	2012	22118
751 Århus	8270 Højbjerg	2013	22380
751 Århus	8270 Højbjerg	2014	22565
751 Århus	8270 Højbjerg	2015	22716
751 Århus	8270 Højbjerg	2016	22862
751 Århus	8270 Højbjerg	2017	22894
751 Århus	8270 Højbjerg	2018	22725
751 Århus	8270 Højbjerg	2019	22671
751 Århus	8270 Højbjerg	2020	22569
751 Århus	8270 Højbjerg	2021	22364
751 Århus	8270 Højbjerg	2022	22320
751 Århus	8270 Højbjerg	2023	22420
751 Århus	8270 Højbjerg	2024	22318
751 Århus	8270 Højbjerg	2025	22249
751 Århus	8270 Højbjerg	2026	22421
751 Århus	8300 Odder	2010	158
751 Århus	8300 Odder	2011	161
751 Århus	8300 Odder	2012	156
751 Århus	8300 Odder	2013	155
751 Århus	8300 Odder	2014	158
751 Århus	8300 Odder	2015	156
751 Århus	8300 Odder	2016	155
751 Århus	8300 Odder	2017	149
751 Århus	8300 Odder	2018	145
751 Århus	8300 Odder	2019	140
751 Århus	8300 Odder	2020	142
751 Århus	8300 Odder	2021	144
751 Århus	8300 Odder	2022	140
751 Århus	8300 Odder	2023	143
751 Århus	8300 Odder	2024	137
751 Århus	8300 Odder	2025	130
751 Århus	8300 Odder	2026	134
751 Århus	8310 Tranbjerg J	2010	8012
751 Århus	8310 Tranbjerg J	2011	8191
751 Århus	8310 Tranbjerg J	2012	8231
751 Århus	8310 Tranbjerg J	2013	8382
751 Århus	8310 Tranbjerg J	2014	8485
751 Århus	8310 Tranbjerg J	2015	8523
751 Århus	8310 Tranbjerg J	2016	8603
751 Århus	8310 Tranbjerg J	2017	8554
751 Århus	8310 Tranbjerg J	2018	8734
751 Århus	8310 Tranbjerg J	2019	8997
751 Århus	8310 Tranbjerg J	2020	9192
751 Århus	8310 Tranbjerg J	2021	9181
751 Århus	8310 Tranbjerg J	2022	9084
751 Århus	8310 Tranbjerg J	2023	8969
751 Århus	8310 Tranbjerg J	2024	9035
751 Århus	8310 Tranbjerg J	2025	9047
751 Århus	8310 Tranbjerg J	2026	9101
751 Århus	8320 Mårslet	2010	5124
751 Århus	8320 Mårslet	2011	5218
751 Århus	8320 Mårslet	2012	5297
751 Århus	8320 Mårslet	2013	5499
751 Århus	8320 Mårslet	2014	5547
751 Århus	8320 Mårslet	2015	5650
751 Århus	8320 Mårslet	2016	5839
751 Århus	8320 Mårslet	2017	6094
751 Århus	8320 Mårslet	2018	6277
751 Århus	8320 Mårslet	2019	6328
751 Århus	8320 Mårslet	2020	6377
751 Århus	8320 Mårslet	2021	6389
751 Århus	8320 Mårslet	2022	6374
751 Århus	8320 Mårslet	2023	6471
751 Århus	8320 Mårslet	2024	6442
751 Århus	8320 Mårslet	2025	6447
751 Århus	8320 Mårslet	2026	6482
751 Århus	8330 Beder	2010	4836
751 Århus	8330 Beder	2011	4870
751 Århus	8330 Beder	2012	4873
751 Århus	8330 Beder	2013	4832
751 Århus	8330 Beder	2014	4792
751 Århus	8330 Beder	2015	4852
751 Århus	8330 Beder	2016	4854
751 Århus	8330 Beder	2017	4873
751 Århus	8330 Beder	2018	4845
751 Århus	8330 Beder	2019	4902
751 Århus	8330 Beder	2020	4888
751 Århus	8330 Beder	2021	4868
751 Århus	8330 Beder	2022	4850
751 Århus	8330 Beder	2023	4808
751 Århus	8330 Beder	2024	4804
751 Århus	8330 Beder	2025	4805
751 Århus	8330 Beder	2026	4821
751 Århus	8340 Malling	2010	4550
751 Århus	8340 Malling	2011	4641
751 Århus	8340 Malling	2012	4785
751 Århus	8340 Malling	2013	4863
751 Århus	8340 Malling	2014	4956
751 Århus	8340 Malling	2015	5066
751 Århus	8340 Malling	2016	5130
751 Århus	8340 Malling	2017	5118
751 Århus	8340 Malling	2018	5182
751 Århus	8340 Malling	2019	5294
751 Århus	8340 Malling	2020	5602
751 Århus	8340 Malling	2021	5769
751 Århus	8340 Malling	2022	5850
751 Århus	8340 Malling	2023	6053
751 Århus	8340 Malling	2024	6214
751 Århus	8340 Malling	2025	6256
751 Århus	8340 Malling	2026	6365
751 Århus	8355 Solbjerg	2010	3947
751 Århus	8355 Solbjerg	2011	3961
751 Århus	8355 Solbjerg	2012	4076
751 Århus	8355 Solbjerg	2013	4220
751 Århus	8355 Solbjerg	2014	4272
751 Århus	8355 Solbjerg	2015	4370
751 Århus	8355 Solbjerg	2016	4411
751 Århus	8355 Solbjerg	2017	4530
751 Århus	8355 Solbjerg	2018	4751
751 Århus	8355 Solbjerg	2019	4982
751 Århus	8355 Solbjerg	2020	5246
751 Århus	8355 Solbjerg	2021	5332
751 Århus	8355 Solbjerg	2022	5373
751 Århus	8355 Solbjerg	2023	5459
751 Århus	8355 Solbjerg	2024	5529
751 Århus	8355 Solbjerg	2025	5588
751 Århus	8355 Solbjerg	2026	5551
751 Århus	8361 Hasselager	2010	6310
751 Århus	8361 Hasselager	2011	6335
751 Århus	8361 Hasselager	2012	6370
751 Århus	8361 Hasselager	2013	6422
751 Århus	8361 Hasselager	2014	6976
751 Århus	8361 Hasselager	2015	7257
751 Århus	8361 Hasselager	2016	7430
751 Århus	8361 Hasselager	2017	7700
751 Århus	8361 Hasselager	2018	7855
751 Århus	8361 Hasselager	2019	7817
751 Århus	8361 Hasselager	2020	7949
751 Århus	8361 Hasselager	2021	7843
751 Århus	8361 Hasselager	2022	7879
751 Århus	8361 Hasselager	2023	7933
751 Århus	8361 Hasselager	2024	7989
751 Århus	8361 Hasselager	2025	8156
751 Århus	8361 Hasselager	2026	8241
751 Århus	8362 Hørning	2010	141
751 Århus	8362 Hørning	2011	138
751 Århus	8362 Hørning	2012	148
751 Århus	8362 Hørning	2013	152
751 Århus	8362 Hørning	2014	145
751 Århus	8362 Hørning	2015	164
751 Århus	8362 Hørning	2016	171
751 Århus	8362 Hørning	2017	155
751 Århus	8362 Hørning	2018	165
751 Århus	8362 Hørning	2019	162
751 Århus	8362 Hørning	2020	161
751 Århus	8362 Hørning	2021	144
751 Århus	8362 Hørning	2022	148
751 Århus	8362 Hørning	2023	151
751 Århus	8362 Hørning	2024	136
751 Århus	8362 Hørning	2025	132
751 Århus	8362 Hørning	2026	133
751 Århus	8380 Trige	2010	4275
751 Århus	8380 Trige	2011	4316
751 Århus	8380 Trige	2012	4324
751 Århus	8380 Trige	2013	4366
751 Århus	8380 Trige	2014	4451
751 Århus	8380 Trige	2015	4460
751 Århus	8380 Trige	2016	4494
751 Århus	8380 Trige	2017	4514
751 Århus	8380 Trige	2018	4530
751 Århus	8380 Trige	2019	4465
751 Århus	8380 Trige	2020	4738
751 Århus	8380 Trige	2021	4849
751 Århus	8380 Trige	2022	4885
751 Århus	8380 Trige	2023	4927
751 Århus	8380 Trige	2024	4996
751 Århus	8380 Trige	2025	5300
751 Århus	8380 Trige	2026	5629
751 Århus	8381 Tilst	2010	11144
751 Århus	8381 Tilst	2011	11350
751 Århus	8381 Tilst	2012	11526
751 Århus	8381 Tilst	2013	11643
751 Århus	8381 Tilst	2014	11830
751 Århus	8381 Tilst	2015	11668
751 Århus	8381 Tilst	2016	11799
751 Århus	8381 Tilst	2017	12253
751 Århus	8381 Tilst	2018	12158
751 Århus	8381 Tilst	2019	12250
751 Århus	8381 Tilst	2020	12432
751 Århus	8381 Tilst	2021	12530
751 Århus	8381 Tilst	2022	12993
751 Århus	8381 Tilst	2023	12962
751 Århus	8381 Tilst	2024	13370
751 Århus	8381 Tilst	2025	13617
751 Århus	8381 Tilst	2026	13723
751 Århus	8382 Hinnerup	2010	2
751 Århus	8382 Hinnerup	2011	2
751 Århus	8382 Hinnerup	2012	2
751 Århus	8382 Hinnerup	2013	2
751 Århus	8382 Hinnerup	2014	2
751 Århus	8382 Hinnerup	2015	2
751 Århus	8382 Hinnerup	2016	2
751 Århus	8382 Hinnerup	2017	2
751 Århus	8382 Hinnerup	2018	2
751 Århus	8382 Hinnerup	2019	2
751 Århus	8382 Hinnerup	2020	2
751 Århus	8382 Hinnerup	2021	2
751 Århus	8382 Hinnerup	2022	2
751 Århus	8382 Hinnerup	2023	2
751 Århus	8382 Hinnerup	2024	2
751 Århus	8382 Hinnerup	2025	2
751 Århus	8382 Hinnerup	2026	2
751 Århus	8462 Harlev J	2010	4532
751 Århus	8462 Harlev J	2011	4606
751 Århus	8462 Harlev J	2012	4666
751 Århus	8462 Harlev J	2013	4689
751 Århus	8462 Harlev J	2014	4693
751 Århus	8462 Harlev J	2015	4728
751 Århus	8462 Harlev J	2016	4714
751 Århus	8462 Harlev J	2017	4782
751 Århus	8462 Harlev J	2018	4773
751 Århus	8462 Harlev J	2019	4803
751 Århus	8462 Harlev J	2020	4909
751 Århus	8462 Harlev J	2021	5012
751 Århus	8462 Harlev J	2022	5032
751 Århus	8462 Harlev J	2023	5029
751 Århus	8462 Harlev J	2024	5008
751 Århus	8462 Harlev J	2025	5026
751 Århus	8462 Harlev J	2026	5141
751 Århus	8464 Galten	2010	3
751 Århus	8464 Galten	2011	5
751 Århus	8464 Galten	2012	5
751 Århus	8464 Galten	2013	5
751 Århus	8464 Galten	2014	5
751 Århus	8464 Galten	2015	5
751 Århus	8464 Galten	2016	5
751 Århus	8464 Galten	2017	5
751 Århus	8464 Galten	2018	5
751 Århus	8464 Galten	2019	4
751 Århus	8464 Galten	2020	4
751 Århus	8464 Galten	2021	4
751 Århus	8464 Galten	2022	4
751 Århus	8464 Galten	2023	3
751 Århus	8464 Galten	2024	7
751 Århus	8464 Galten	2025	7
751 Århus	8464 Galten	2026	7
751 Århus	8471 Sabro	2010	3777
751 Århus	8471 Sabro	2011	3797
751 Århus	8471 Sabro	2012	3960
751 Århus	8471 Sabro	2013	4053
751 Århus	8471 Sabro	2014	4105
751 Århus	8471 Sabro	2015	4148
751 Århus	8471 Sabro	2016	4256
751 Århus	8471 Sabro	2017	4320
751 Århus	8471 Sabro	2018	4317
751 Århus	8471 Sabro	2019	4549
751 Århus	8471 Sabro	2020	4621
751 Århus	8471 Sabro	2021	4622
751 Århus	8471 Sabro	2022	4642
751 Århus	8471 Sabro	2023	4628
751 Århus	8471 Sabro	2024	4696
751 Århus	8471 Sabro	2025	4842
751 Århus	8471 Sabro	2026	4909
751 Århus	8520 Lystrup	2010	11230
751 Århus	8520 Lystrup	2011	11621
751 Århus	8520 Lystrup	2012	11664
751 Århus	8520 Lystrup	2013	11638
751 Århus	8520 Lystrup	2014	11715
751 Århus	8520 Lystrup	2015	11637
751 Århus	8520 Lystrup	2016	11705
751 Århus	8520 Lystrup	2017	11860
751 Århus	8520 Lystrup	2018	11948
751 Århus	8520 Lystrup	2019	11933
751 Århus	8520 Lystrup	2020	11928
751 Århus	8520 Lystrup	2021	11891
751 Århus	8520 Lystrup	2022	11781
751 Århus	8520 Lystrup	2023	11718
751 Århus	8520 Lystrup	2024	11776
751 Århus	8520 Lystrup	2025	11692
751 Århus	8520 Lystrup	2026	11640
751 Århus	8530 Hjortshøj	2010	4977
751 Århus	8530 Hjortshøj	2011	5008
751 Århus	8530 Hjortshøj	2012	5161
751 Århus	8530 Hjortshøj	2013	5179
751 Århus	8530 Hjortshøj	2014	5441
751 Århus	8530 Hjortshøj	2015	5602
751 Århus	8530 Hjortshøj	2016	5771
751 Århus	8530 Hjortshøj	2017	5775
751 Århus	8530 Hjortshøj	2018	5836
751 Århus	8530 Hjortshøj	2019	5874
751 Århus	8530 Hjortshøj	2020	5867
751 Århus	8530 Hjortshøj	2021	5784
751 Århus	8530 Hjortshøj	2022	5766
751 Århus	8530 Hjortshøj	2023	5829
751 Århus	8530 Hjortshøj	2024	5882
751 Århus	8530 Hjortshøj	2025	5884
751 Århus	8530 Hjortshøj	2026	5870
751 Århus	8541 Skødstrup	2010	7675
751 Århus	8541 Skødstrup	2011	7891
751 Århus	8541 Skødstrup	2012	8164
751 Århus	8541 Skødstrup	2013	8405
751 Århus	8541 Skødstrup	2014	8488
751 Århus	8541 Skødstrup	2015	8763
751 Århus	8541 Skødstrup	2016	9151
751 Århus	8541 Skødstrup	2017	9364
751 Århus	8541 Skødstrup	2018	9446
751 Århus	8541 Skødstrup	2019	9721
751 Århus	8541 Skødstrup	2020	9986
751 Århus	8541 Skødstrup	2021	10028
751 Århus	8541 Skødstrup	2022	10050
751 Århus	8541 Skødstrup	2023	10012
751 Århus	8541 Skødstrup	2024	9933
751 Århus	8541 Skødstrup	2025	9916
751 Århus	8541 Skødstrup	2026	9927
751 Århus	8543 Hornslet	2010	54
751 Århus	8543 Hornslet	2011	55
751 Århus	8543 Hornslet	2012	53
751 Århus	8543 Hornslet	2013	54
751 Århus	8543 Hornslet	2014	52
751 Århus	8543 Hornslet	2015	51
751 Århus	8543 Hornslet	2016	52
751 Århus	8543 Hornslet	2017	52
751 Århus	8543 Hornslet	2018	53
751 Århus	8543 Hornslet	2019	53
751 Århus	8543 Hornslet	2020	50
751 Århus	8543 Hornslet	2021	49
751 Århus	8543 Hornslet	2022	50
751 Århus	8543 Hornslet	2023	52
751 Århus	8543 Hornslet	2024	50
751 Århus	8543 Hornslet	2025	47
751 Århus	8543 Hornslet	2026	48
751 Århus	8660 Skanderborg	2010	33
751 Århus	8660 Skanderborg	2011	35
751 Århus	8660 Skanderborg	2012	42
751 Århus	8660 Skanderborg	2013	38
751 Århus	8660 Skanderborg	2014	34
751 Århus	8660 Skanderborg	2015	28
751 Århus	8660 Skanderborg	2016	34
751 Århus	8660 Skanderborg	2017	35
751 Århus	8660 Skanderborg	2018	36
751 Århus	8660 Skanderborg	2019	35
751 Århus	8660 Skanderborg	2020	40
751 Århus	8660 Skanderborg	2021	38
751 Århus	8660 Skanderborg	2022	36
751 Århus	8660 Skanderborg	2023	32
751 Århus	8660 Skanderborg	2024	27
751 Århus	8660 Skanderborg	2025	31
751 Århus	8660 Skanderborg	2026	24
751 Århus	9999 Ukendt	2010	1047
751 Århus	9999 Ukendt	2011	1354
751 Århus	9999 Ukendt	2012	1391
751 Århus	9999 Ukendt	2013	1550
751 Århus	9999 Ukendt	2014	1845
751 Århus	9999 Ukendt	2015	1295
751 Århus	9999 Ukendt	2016	1557
751 Århus	9999 Ukendt	2017	1663
751 Århus	9999 Ukendt	2018	1587
751 Århus	9999 Ukendt	2019	1490
751 Århus	9999 Ukendt	2020	1324
751 Århus	9999 Ukendt	2021	1238
751 Århus	9999 Ukendt	2022	1282
751 Århus	9999 Ukendt	2023	1507
751 Århus	9999 Ukendt	2024	1436
751 Århus	9999 Ukendt	2025	1450
751 Århus	9999 Ukendt	2026	1401
756 Ikast-Brande	7323 Give	2010	0
756 Ikast-Brande	7323 Give	2011	0
756 Ikast-Brande	7323 Give	2012	0
756 Ikast-Brande	7323 Give	2013	0
756 Ikast-Brande	7323 Give	2014	0
756 Ikast-Brande	7323 Give	2015	0
756 Ikast-Brande	7323 Give	2016	5
756 Ikast-Brande	7323 Give	2017	5
756 Ikast-Brande	7323 Give	2018	5
756 Ikast-Brande	7323 Give	2019	0
756 Ikast-Brande	7323 Give	2020	0
756 Ikast-Brande	7323 Give	2021	0
756 Ikast-Brande	7323 Give	2022	0
756 Ikast-Brande	7323 Give	2023	0
756 Ikast-Brande	7323 Give	2024	0
756 Ikast-Brande	7323 Give	2025	0
756 Ikast-Brande	7323 Give	2026	0
756 Ikast-Brande	7330 Brande	2010	9422
756 Ikast-Brande	7330 Brande	2011	9506
756 Ikast-Brande	7330 Brande	2012	9493
756 Ikast-Brande	7330 Brande	2013	9414
756 Ikast-Brande	7330 Brande	2014	9484
756 Ikast-Brande	7330 Brande	2015	9511
756 Ikast-Brande	7330 Brande	2016	9538
756 Ikast-Brande	7330 Brande	2017	9612
756 Ikast-Brande	7330 Brande	2018	9682
756 Ikast-Brande	7330 Brande	2019	9664
756 Ikast-Brande	7330 Brande	2020	9731
756 Ikast-Brande	7330 Brande	2021	9730
756 Ikast-Brande	7330 Brande	2022	9769
756 Ikast-Brande	7330 Brande	2023	9917
756 Ikast-Brande	7330 Brande	2024	9778
756 Ikast-Brande	7330 Brande	2025	9728
756 Ikast-Brande	7330 Brande	2026	9737
756 Ikast-Brande	7361 Ejstrupholm	2010	3107
756 Ikast-Brande	7361 Ejstrupholm	2011	3070
756 Ikast-Brande	7361 Ejstrupholm	2012	3051
756 Ikast-Brande	7361 Ejstrupholm	2013	3016
756 Ikast-Brande	7361 Ejstrupholm	2014	2999
756 Ikast-Brande	7361 Ejstrupholm	2015	2991
756 Ikast-Brande	7361 Ejstrupholm	2016	3034
756 Ikast-Brande	7361 Ejstrupholm	2017	2989
756 Ikast-Brande	7361 Ejstrupholm	2018	3010
756 Ikast-Brande	7361 Ejstrupholm	2019	3011
756 Ikast-Brande	7361 Ejstrupholm	2020	2987
756 Ikast-Brande	7361 Ejstrupholm	2021	3002
756 Ikast-Brande	7361 Ejstrupholm	2022	2995
756 Ikast-Brande	7361 Ejstrupholm	2023	3023
756 Ikast-Brande	7361 Ejstrupholm	2024	3042
756 Ikast-Brande	7361 Ejstrupholm	2025	3039
756 Ikast-Brande	7361 Ejstrupholm	2026	3024
756 Ikast-Brande	7362 Hampen	2010	504
756 Ikast-Brande	7362 Hampen	2011	509
756 Ikast-Brande	7362 Hampen	2012	504
756 Ikast-Brande	7362 Hampen	2013	489
756 Ikast-Brande	7362 Hampen	2014	492
756 Ikast-Brande	7362 Hampen	2015	483
756 Ikast-Brande	7362 Hampen	2016	466
756 Ikast-Brande	7362 Hampen	2017	478
756 Ikast-Brande	7362 Hampen	2018	483
756 Ikast-Brande	7362 Hampen	2019	488
756 Ikast-Brande	7362 Hampen	2020	486
756 Ikast-Brande	7362 Hampen	2021	476
756 Ikast-Brande	7362 Hampen	2022	475
756 Ikast-Brande	7362 Hampen	2023	454
756 Ikast-Brande	7362 Hampen	2024	460
756 Ikast-Brande	7362 Hampen	2025	447
756 Ikast-Brande	7362 Hampen	2026	465
756 Ikast-Brande	7400 Herning	2010	9
756 Ikast-Brande	7400 Herning	2011	11
756 Ikast-Brande	7400 Herning	2012	11
756 Ikast-Brande	7400 Herning	2013	10
756 Ikast-Brande	7400 Herning	2014	11
756 Ikast-Brande	7400 Herning	2015	11
756 Ikast-Brande	7400 Herning	2016	10
756 Ikast-Brande	7400 Herning	2017	9
756 Ikast-Brande	7400 Herning	2018	8
756 Ikast-Brande	7400 Herning	2019	11
756 Ikast-Brande	7400 Herning	2020	11
756 Ikast-Brande	7400 Herning	2021	6
756 Ikast-Brande	7400 Herning	2022	6
756 Ikast-Brande	7400 Herning	2023	10
756 Ikast-Brande	7400 Herning	2024	115
756 Ikast-Brande	7400 Herning	2025	145
756 Ikast-Brande	7400 Herning	2026	130
756 Ikast-Brande	7430 Ikast	2010	17062
756 Ikast-Brande	7430 Ikast	2011	17241
756 Ikast-Brande	7430 Ikast	2012	17361
756 Ikast-Brande	7430 Ikast	2013	17346
756 Ikast-Brande	7430 Ikast	2014	17457
756 Ikast-Brande	7430 Ikast	2015	17494
756 Ikast-Brande	7430 Ikast	2016	17560
756 Ikast-Brande	7430 Ikast	2017	17730
756 Ikast-Brande	7430 Ikast	2018	17759
756 Ikast-Brande	7430 Ikast	2019	17915
756 Ikast-Brande	7430 Ikast	2020	17998
756 Ikast-Brande	7430 Ikast	2021	18165
756 Ikast-Brande	7430 Ikast	2022	18462
756 Ikast-Brande	7430 Ikast	2023	18777
756 Ikast-Brande	7430 Ikast	2024	18950
756 Ikast-Brande	7430 Ikast	2025	19243
756 Ikast-Brande	7430 Ikast	2026	19380
756 Ikast-Brande	7441 Bording	2010	3883
756 Ikast-Brande	7441 Bording	2011	3860
756 Ikast-Brande	7441 Bording	2012	3865
756 Ikast-Brande	7441 Bording	2013	3846
756 Ikast-Brande	7441 Bording	2014	3856
756 Ikast-Brande	7441 Bording	2015	3815
756 Ikast-Brande	7441 Bording	2016	3834
756 Ikast-Brande	7441 Bording	2017	3844
756 Ikast-Brande	7441 Bording	2018	3855
756 Ikast-Brande	7441 Bording	2019	3878
756 Ikast-Brande	7441 Bording	2020	3887
756 Ikast-Brande	7441 Bording	2021	3865
756 Ikast-Brande	7441 Bording	2022	3857
756 Ikast-Brande	7441 Bording	2023	3903
756 Ikast-Brande	7441 Bording	2024	3943
756 Ikast-Brande	7441 Bording	2025	3957
756 Ikast-Brande	7441 Bording	2026	3962
756 Ikast-Brande	7442 Engesvang	2010	2657
756 Ikast-Brande	7442 Engesvang	2011	2687
756 Ikast-Brande	7442 Engesvang	2012	2689
756 Ikast-Brande	7442 Engesvang	2013	2715
756 Ikast-Brande	7442 Engesvang	2014	2700
756 Ikast-Brande	7442 Engesvang	2015	2699
756 Ikast-Brande	7442 Engesvang	2016	2709
756 Ikast-Brande	7442 Engesvang	2017	2688
756 Ikast-Brande	7442 Engesvang	2018	2749
756 Ikast-Brande	7442 Engesvang	2019	2702
756 Ikast-Brande	7442 Engesvang	2020	2747
756 Ikast-Brande	7442 Engesvang	2021	2678
756 Ikast-Brande	7442 Engesvang	2022	2713
756 Ikast-Brande	7442 Engesvang	2023	2809
756 Ikast-Brande	7442 Engesvang	2024	2844
756 Ikast-Brande	7442 Engesvang	2025	2854
756 Ikast-Brande	7442 Engesvang	2026	2881
756 Ikast-Brande	7451 Sunds	2010	1
756 Ikast-Brande	7451 Sunds	2011	1
756 Ikast-Brande	7451 Sunds	2012	1
756 Ikast-Brande	7451 Sunds	2013	1
756 Ikast-Brande	7451 Sunds	2014	1
756 Ikast-Brande	7451 Sunds	2015	1
756 Ikast-Brande	7451 Sunds	2016	1
756 Ikast-Brande	7451 Sunds	2017	1
756 Ikast-Brande	7451 Sunds	2018	1
756 Ikast-Brande	7451 Sunds	2019	1
756 Ikast-Brande	7451 Sunds	2020	1
756 Ikast-Brande	7451 Sunds	2021	1
756 Ikast-Brande	7451 Sunds	2022	1
756 Ikast-Brande	7451 Sunds	2023	1
756 Ikast-Brande	7451 Sunds	2024	1
756 Ikast-Brande	7451 Sunds	2025	1
756 Ikast-Brande	7451 Sunds	2026	1
756 Ikast-Brande	8600 Silkeborg	2010	5
756 Ikast-Brande	8600 Silkeborg	2011	5
756 Ikast-Brande	8600 Silkeborg	2012	5
756 Ikast-Brande	8600 Silkeborg	2013	1
756 Ikast-Brande	8600 Silkeborg	2014	3
756 Ikast-Brande	8600 Silkeborg	2015	3
756 Ikast-Brande	8600 Silkeborg	2016	3
756 Ikast-Brande	8600 Silkeborg	2017	3
756 Ikast-Brande	8600 Silkeborg	2018	3
756 Ikast-Brande	8600 Silkeborg	2019	3
756 Ikast-Brande	8600 Silkeborg	2020	3
756 Ikast-Brande	8600 Silkeborg	2021	3
756 Ikast-Brande	8600 Silkeborg	2022	3
756 Ikast-Brande	8600 Silkeborg	2023	3
756 Ikast-Brande	8600 Silkeborg	2024	3
756 Ikast-Brande	8600 Silkeborg	2025	3
756 Ikast-Brande	8600 Silkeborg	2026	3
756 Ikast-Brande	8654 Bryrup	2010	4
756 Ikast-Brande	8654 Bryrup	2011	4
756 Ikast-Brande	8654 Bryrup	2012	4
756 Ikast-Brande	8654 Bryrup	2013	4
756 Ikast-Brande	8654 Bryrup	2014	4
756 Ikast-Brande	8654 Bryrup	2015	3
756 Ikast-Brande	8654 Bryrup	2016	1
756 Ikast-Brande	8654 Bryrup	2017	3
756 Ikast-Brande	8654 Bryrup	2018	5
756 Ikast-Brande	8654 Bryrup	2019	6
756 Ikast-Brande	8654 Bryrup	2020	6
756 Ikast-Brande	8654 Bryrup	2021	6
756 Ikast-Brande	8654 Bryrup	2022	2
756 Ikast-Brande	8654 Bryrup	2023	2
756 Ikast-Brande	8654 Bryrup	2024	2
756 Ikast-Brande	8654 Bryrup	2025	2
756 Ikast-Brande	8654 Bryrup	2026	2
756 Ikast-Brande	8765 Klovborg	2010	932
756 Ikast-Brande	8765 Klovborg	2011	944
756 Ikast-Brande	8765 Klovborg	2012	947
756 Ikast-Brande	8765 Klovborg	2013	959
756 Ikast-Brande	8765 Klovborg	2014	965
756 Ikast-Brande	8765 Klovborg	2015	956
756 Ikast-Brande	8765 Klovborg	2016	956
756 Ikast-Brande	8765 Klovborg	2017	956
756 Ikast-Brande	8765 Klovborg	2018	971
756 Ikast-Brande	8765 Klovborg	2019	934
756 Ikast-Brande	8765 Klovborg	2020	933
756 Ikast-Brande	8765 Klovborg	2021	939
756 Ikast-Brande	8765 Klovborg	2022	899
756 Ikast-Brande	8765 Klovborg	2023	929
756 Ikast-Brande	8765 Klovborg	2024	902
756 Ikast-Brande	8765 Klovborg	2025	904
756 Ikast-Brande	8765 Klovborg	2026	900
756 Ikast-Brande	8766 Nørre Snede	2010	2674
756 Ikast-Brande	8766 Nørre Snede	2011	2665
756 Ikast-Brande	8766 Nørre Snede	2012	2651
756 Ikast-Brande	8766 Nørre Snede	2013	2614
756 Ikast-Brande	8766 Nørre Snede	2014	2555
756 Ikast-Brande	8766 Nørre Snede	2015	2543
756 Ikast-Brande	8766 Nørre Snede	2016	2584
756 Ikast-Brande	8766 Nørre Snede	2017	2558
756 Ikast-Brande	8766 Nørre Snede	2018	2539
756 Ikast-Brande	8766 Nørre Snede	2019	2546
756 Ikast-Brande	8766 Nørre Snede	2020	2542
756 Ikast-Brande	8766 Nørre Snede	2021	2563
756 Ikast-Brande	8766 Nørre Snede	2022	2644
756 Ikast-Brande	8766 Nørre Snede	2023	2648
756 Ikast-Brande	8766 Nørre Snede	2024	2621
756 Ikast-Brande	8766 Nørre Snede	2025	2596
756 Ikast-Brande	8766 Nørre Snede	2026	2634
756 Ikast-Brande	9999 Ukendt	2010	52
756 Ikast-Brande	9999 Ukendt	2011	68
756 Ikast-Brande	9999 Ukendt	2012	76
756 Ikast-Brande	9999 Ukendt	2013	53
756 Ikast-Brande	9999 Ukendt	2014	75
756 Ikast-Brande	9999 Ukendt	2015	88
756 Ikast-Brande	9999 Ukendt	2016	97
756 Ikast-Brande	9999 Ukendt	2017	105
756 Ikast-Brande	9999 Ukendt	2018	121
756 Ikast-Brande	9999 Ukendt	2019	123
756 Ikast-Brande	9999 Ukendt	2020	37
756 Ikast-Brande	9999 Ukendt	2021	39
756 Ikast-Brande	9999 Ukendt	2022	59
756 Ikast-Brande	9999 Ukendt	2023	64
756 Ikast-Brande	9999 Ukendt	2024	76
756 Ikast-Brande	9999 Ukendt	2025	90
756 Ikast-Brande	9999 Ukendt	2026	186
760 Ringkøbing-Skjern	6830 Nørre Nebel	2010	44
760 Ringkøbing-Skjern	6830 Nørre Nebel	2011	39
760 Ringkøbing-Skjern	6830 Nørre Nebel	2012	38
760 Ringkøbing-Skjern	6830 Nørre Nebel	2013	41
760 Ringkøbing-Skjern	6830 Nørre Nebel	2014	38
760 Ringkøbing-Skjern	6830 Nørre Nebel	2015	36
760 Ringkøbing-Skjern	6830 Nørre Nebel	2016	34
760 Ringkøbing-Skjern	6830 Nørre Nebel	2017	34
760 Ringkøbing-Skjern	6830 Nørre Nebel	2018	32
760 Ringkøbing-Skjern	6830 Nørre Nebel	2019	28
760 Ringkøbing-Skjern	6830 Nørre Nebel	2020	24
760 Ringkøbing-Skjern	6830 Nørre Nebel	2021	22
760 Ringkøbing-Skjern	6830 Nørre Nebel	2022	21
760 Ringkøbing-Skjern	6830 Nørre Nebel	2023	21
760 Ringkøbing-Skjern	6830 Nørre Nebel	2024	22
760 Ringkøbing-Skjern	6830 Nørre Nebel	2025	29
760 Ringkøbing-Skjern	6830 Nørre Nebel	2026	27
760 Ringkøbing-Skjern	6870 Ølgod	2010	12
760 Ringkøbing-Skjern	6870 Ølgod	2011	13
760 Ringkøbing-Skjern	6870 Ølgod	2012	13
760 Ringkøbing-Skjern	6870 Ølgod	2013	13
760 Ringkøbing-Skjern	6870 Ølgod	2014	11
760 Ringkøbing-Skjern	6870 Ølgod	2015	12
760 Ringkøbing-Skjern	6870 Ølgod	2016	11
760 Ringkøbing-Skjern	6870 Ølgod	2017	11
760 Ringkøbing-Skjern	6870 Ølgod	2018	10
760 Ringkøbing-Skjern	6870 Ølgod	2019	11
760 Ringkøbing-Skjern	6870 Ølgod	2020	11
760 Ringkøbing-Skjern	6870 Ølgod	2021	10
760 Ringkøbing-Skjern	6870 Ølgod	2022	10
760 Ringkøbing-Skjern	6870 Ølgod	2023	13
760 Ringkøbing-Skjern	6870 Ølgod	2024	10
760 Ringkøbing-Skjern	6870 Ølgod	2025	10
760 Ringkøbing-Skjern	6870 Ølgod	2026	10
760 Ringkøbing-Skjern	6880 Tarm	2010	7307
760 Ringkøbing-Skjern	6880 Tarm	2011	7261
760 Ringkøbing-Skjern	6880 Tarm	2012	7207
760 Ringkøbing-Skjern	6880 Tarm	2013	7104
760 Ringkøbing-Skjern	6880 Tarm	2014	7060
760 Ringkøbing-Skjern	6880 Tarm	2015	7045
760 Ringkøbing-Skjern	6880 Tarm	2016	7020
760 Ringkøbing-Skjern	6880 Tarm	2017	6884
760 Ringkøbing-Skjern	6880 Tarm	2018	6930
760 Ringkøbing-Skjern	6880 Tarm	2019	6919
760 Ringkøbing-Skjern	6880 Tarm	2020	6855
760 Ringkøbing-Skjern	6880 Tarm	2021	6842
760 Ringkøbing-Skjern	6880 Tarm	2022	6874
760 Ringkøbing-Skjern	6880 Tarm	2023	6915
760 Ringkøbing-Skjern	6880 Tarm	2024	6907
760 Ringkøbing-Skjern	6880 Tarm	2025	6869
760 Ringkøbing-Skjern	6880 Tarm	2026	6831
760 Ringkøbing-Skjern	6893 Hemmet	2010	2106
760 Ringkøbing-Skjern	6893 Hemmet	2011	2071
760 Ringkøbing-Skjern	6893 Hemmet	2012	2008
760 Ringkøbing-Skjern	6893 Hemmet	2013	1967
760 Ringkøbing-Skjern	6893 Hemmet	2014	1935
760 Ringkøbing-Skjern	6893 Hemmet	2015	1937
760 Ringkøbing-Skjern	6893 Hemmet	2016	1946
760 Ringkøbing-Skjern	6893 Hemmet	2017	1908
760 Ringkøbing-Skjern	6893 Hemmet	2018	1888
760 Ringkøbing-Skjern	6893 Hemmet	2019	1868
760 Ringkøbing-Skjern	6893 Hemmet	2020	1831
760 Ringkøbing-Skjern	6893 Hemmet	2021	1821
760 Ringkøbing-Skjern	6893 Hemmet	2022	1798
760 Ringkøbing-Skjern	6893 Hemmet	2023	1793
760 Ringkøbing-Skjern	6893 Hemmet	2024	1791
760 Ringkøbing-Skjern	6893 Hemmet	2025	1724
760 Ringkøbing-Skjern	6893 Hemmet	2026	1711
760 Ringkøbing-Skjern	6900 Skjern	2010	13372
760 Ringkøbing-Skjern	6900 Skjern	2011	13381
760 Ringkøbing-Skjern	6900 Skjern	2012	13449
760 Ringkøbing-Skjern	6900 Skjern	2013	13409
760 Ringkøbing-Skjern	6900 Skjern	2014	13319
760 Ringkøbing-Skjern	6900 Skjern	2015	13331
760 Ringkøbing-Skjern	6900 Skjern	2016	13286
760 Ringkøbing-Skjern	6900 Skjern	2017	13375
760 Ringkøbing-Skjern	6900 Skjern	2018	13418
760 Ringkøbing-Skjern	6900 Skjern	2019	13381
760 Ringkøbing-Skjern	6900 Skjern	2020	13425
760 Ringkøbing-Skjern	6900 Skjern	2021	13284
760 Ringkøbing-Skjern	6900 Skjern	2022	13327
760 Ringkøbing-Skjern	6900 Skjern	2023	13304
760 Ringkøbing-Skjern	6900 Skjern	2024	13298
760 Ringkøbing-Skjern	6900 Skjern	2025	13143
760 Ringkøbing-Skjern	6900 Skjern	2026	13125
760 Ringkøbing-Skjern	6920 Videbæk	2010	8788
760 Ringkøbing-Skjern	6920 Videbæk	2011	8762
760 Ringkøbing-Skjern	6920 Videbæk	2012	8783
760 Ringkøbing-Skjern	6920 Videbæk	2013	8675
760 Ringkøbing-Skjern	6920 Videbæk	2014	8592
760 Ringkøbing-Skjern	6920 Videbæk	2015	8522
760 Ringkøbing-Skjern	6920 Videbæk	2016	8566
760 Ringkøbing-Skjern	6920 Videbæk	2017	8543
760 Ringkøbing-Skjern	6920 Videbæk	2018	8536
760 Ringkøbing-Skjern	6920 Videbæk	2019	8513
760 Ringkøbing-Skjern	6920 Videbæk	2020	8513
760 Ringkøbing-Skjern	6920 Videbæk	2021	8469
760 Ringkøbing-Skjern	6920 Videbæk	2022	8519
760 Ringkøbing-Skjern	6920 Videbæk	2023	8500
760 Ringkøbing-Skjern	6920 Videbæk	2024	8523
760 Ringkøbing-Skjern	6920 Videbæk	2025	8533
760 Ringkøbing-Skjern	6920 Videbæk	2026	8432
760 Ringkøbing-Skjern	6933 Kibæk	2010	681
760 Ringkøbing-Skjern	6933 Kibæk	2011	678
760 Ringkøbing-Skjern	6933 Kibæk	2012	681
760 Ringkøbing-Skjern	6933 Kibæk	2013	691
760 Ringkøbing-Skjern	6933 Kibæk	2014	677
760 Ringkøbing-Skjern	6933 Kibæk	2015	666
760 Ringkøbing-Skjern	6933 Kibæk	2016	658
760 Ringkøbing-Skjern	6933 Kibæk	2017	685
760 Ringkøbing-Skjern	6933 Kibæk	2018	641
760 Ringkøbing-Skjern	6933 Kibæk	2019	637
760 Ringkøbing-Skjern	6933 Kibæk	2020	619
760 Ringkøbing-Skjern	6933 Kibæk	2021	621
760 Ringkøbing-Skjern	6933 Kibæk	2022	617
760 Ringkøbing-Skjern	6933 Kibæk	2023	622
760 Ringkøbing-Skjern	6933 Kibæk	2024	622
760 Ringkøbing-Skjern	6933 Kibæk	2025	616
760 Ringkøbing-Skjern	6933 Kibæk	2026	630
760 Ringkøbing-Skjern	6940 Lem St	2010	2242
760 Ringkøbing-Skjern	6940 Lem St	2011	2236
760 Ringkøbing-Skjern	6940 Lem St	2012	2256
760 Ringkøbing-Skjern	6940 Lem St	2013	2230
760 Ringkøbing-Skjern	6940 Lem St	2014	2222
760 Ringkøbing-Skjern	6940 Lem St	2015	2214
760 Ringkøbing-Skjern	6940 Lem St	2016	2180
760 Ringkøbing-Skjern	6940 Lem St	2017	2166
760 Ringkøbing-Skjern	6940 Lem St	2018	2154
760 Ringkøbing-Skjern	6940 Lem St	2019	2119
760 Ringkøbing-Skjern	6940 Lem St	2020	2099
760 Ringkøbing-Skjern	6940 Lem St	2021	2124
760 Ringkøbing-Skjern	6940 Lem St	2022	2082
760 Ringkøbing-Skjern	6940 Lem St	2023	2159
760 Ringkøbing-Skjern	6940 Lem St	2024	2140
760 Ringkøbing-Skjern	6940 Lem St	2025	2129
760 Ringkøbing-Skjern	6940 Lem St	2026	2142
760 Ringkøbing-Skjern	6950 Ringkøbing	2010	14538
760 Ringkøbing-Skjern	6950 Ringkøbing	2011	14399
760 Ringkøbing-Skjern	6950 Ringkøbing	2012	14294
760 Ringkøbing-Skjern	6950 Ringkøbing	2013	14244
760 Ringkøbing-Skjern	6950 Ringkøbing	2014	14188
760 Ringkøbing-Skjern	6950 Ringkøbing	2015	14229
760 Ringkøbing-Skjern	6950 Ringkøbing	2016	14344
760 Ringkøbing-Skjern	6950 Ringkøbing	2017	14368
760 Ringkøbing-Skjern	6950 Ringkøbing	2018	14347
760 Ringkøbing-Skjern	6950 Ringkøbing	2019	14391
760 Ringkøbing-Skjern	6950 Ringkøbing	2020	14277
760 Ringkøbing-Skjern	6950 Ringkøbing	2021	14203
760 Ringkøbing-Skjern	6950 Ringkøbing	2022	14208
760 Ringkøbing-Skjern	6950 Ringkøbing	2023	14276
760 Ringkøbing-Skjern	6950 Ringkøbing	2024	14237
760 Ringkøbing-Skjern	6950 Ringkøbing	2025	14011
760 Ringkøbing-Skjern	6950 Ringkøbing	2026	13985
760 Ringkøbing-Skjern	6960 Hvide Sande	2010	3572
760 Ringkøbing-Skjern	6960 Hvide Sande	2011	3497
760 Ringkøbing-Skjern	6960 Hvide Sande	2012	3424
760 Ringkøbing-Skjern	6960 Hvide Sande	2013	3443
760 Ringkøbing-Skjern	6960 Hvide Sande	2014	3416
760 Ringkøbing-Skjern	6960 Hvide Sande	2015	3407
760 Ringkøbing-Skjern	6960 Hvide Sande	2016	3416
760 Ringkøbing-Skjern	6960 Hvide Sande	2017	3401
760 Ringkøbing-Skjern	6960 Hvide Sande	2018	3383
760 Ringkøbing-Skjern	6960 Hvide Sande	2019	3337
760 Ringkøbing-Skjern	6960 Hvide Sande	2020	3306
760 Ringkøbing-Skjern	6960 Hvide Sande	2021	3223
760 Ringkøbing-Skjern	6960 Hvide Sande	2022	3195
760 Ringkøbing-Skjern	6960 Hvide Sande	2023	3171
760 Ringkøbing-Skjern	6960 Hvide Sande	2024	3146
760 Ringkøbing-Skjern	6960 Hvide Sande	2025	3076
760 Ringkøbing-Skjern	6960 Hvide Sande	2026	3057
760 Ringkøbing-Skjern	6971 Spjald	2010	3231
760 Ringkøbing-Skjern	6971 Spjald	2011	3199
760 Ringkøbing-Skjern	6971 Spjald	2012	3190
760 Ringkøbing-Skjern	6971 Spjald	2013	3210
760 Ringkøbing-Skjern	6971 Spjald	2014	3129
760 Ringkøbing-Skjern	6971 Spjald	2015	3185
760 Ringkøbing-Skjern	6971 Spjald	2016	3161
760 Ringkøbing-Skjern	6971 Spjald	2017	3142
760 Ringkøbing-Skjern	6971 Spjald	2018	3187
760 Ringkøbing-Skjern	6971 Spjald	2019	3230
760 Ringkøbing-Skjern	6971 Spjald	2020	3185
760 Ringkøbing-Skjern	6971 Spjald	2021	3164
760 Ringkøbing-Skjern	6971 Spjald	2022	3157
760 Ringkøbing-Skjern	6971 Spjald	2023	3187
760 Ringkøbing-Skjern	6971 Spjald	2024	3154
760 Ringkøbing-Skjern	6971 Spjald	2025	3108
760 Ringkøbing-Skjern	6971 Spjald	2026	3099
760 Ringkøbing-Skjern	6973 Ørnhøj	2010	27
760 Ringkøbing-Skjern	6973 Ørnhøj	2011	23
760 Ringkøbing-Skjern	6973 Ørnhøj	2012	22
760 Ringkøbing-Skjern	6973 Ørnhøj	2013	20
760 Ringkøbing-Skjern	6973 Ørnhøj	2014	20
760 Ringkøbing-Skjern	6973 Ørnhøj	2015	19
760 Ringkøbing-Skjern	6973 Ørnhøj	2016	24
760 Ringkøbing-Skjern	6973 Ørnhøj	2017	23
760 Ringkøbing-Skjern	6973 Ørnhøj	2018	21
760 Ringkøbing-Skjern	6973 Ørnhøj	2019	23
760 Ringkøbing-Skjern	6973 Ørnhøj	2020	23
760 Ringkøbing-Skjern	6973 Ørnhøj	2021	21
760 Ringkøbing-Skjern	6973 Ørnhøj	2022	22
760 Ringkøbing-Skjern	6973 Ørnhøj	2023	23
760 Ringkøbing-Skjern	6973 Ørnhøj	2024	25
760 Ringkøbing-Skjern	6973 Ørnhøj	2025	26
760 Ringkøbing-Skjern	6973 Ørnhøj	2026	25
760 Ringkøbing-Skjern	6980 Tim	2010	1967
760 Ringkøbing-Skjern	6980 Tim	2011	1975
760 Ringkøbing-Skjern	6980 Tim	2012	1983
760 Ringkøbing-Skjern	6980 Tim	2013	1952
760 Ringkøbing-Skjern	6980 Tim	2014	1956
760 Ringkøbing-Skjern	6980 Tim	2015	1923
760 Ringkøbing-Skjern	6980 Tim	2016	1946
760 Ringkøbing-Skjern	6980 Tim	2017	1947
760 Ringkøbing-Skjern	6980 Tim	2018	1936
760 Ringkøbing-Skjern	6980 Tim	2019	1928
760 Ringkøbing-Skjern	6980 Tim	2020	1899
760 Ringkøbing-Skjern	6980 Tim	2021	1857
760 Ringkøbing-Skjern	6980 Tim	2022	1854
760 Ringkøbing-Skjern	6980 Tim	2023	1835
760 Ringkøbing-Skjern	6980 Tim	2024	1801
760 Ringkøbing-Skjern	6980 Tim	2025	1769
760 Ringkøbing-Skjern	6980 Tim	2026	1799
760 Ringkøbing-Skjern	6990 Ulfborg	2010	484
760 Ringkøbing-Skjern	6990 Ulfborg	2011	474
760 Ringkøbing-Skjern	6990 Ulfborg	2012	484
760 Ringkøbing-Skjern	6990 Ulfborg	2013	474
760 Ringkøbing-Skjern	6990 Ulfborg	2014	472
760 Ringkøbing-Skjern	6990 Ulfborg	2015	466
760 Ringkøbing-Skjern	6990 Ulfborg	2016	467
760 Ringkøbing-Skjern	6990 Ulfborg	2017	485
760 Ringkøbing-Skjern	6990 Ulfborg	2018	478
760 Ringkøbing-Skjern	6990 Ulfborg	2019	503
760 Ringkøbing-Skjern	6990 Ulfborg	2020	485
760 Ringkøbing-Skjern	6990 Ulfborg	2021	470
760 Ringkøbing-Skjern	6990 Ulfborg	2022	477
760 Ringkøbing-Skjern	6990 Ulfborg	2023	485
760 Ringkøbing-Skjern	6990 Ulfborg	2024	500
760 Ringkøbing-Skjern	6990 Ulfborg	2025	500
760 Ringkøbing-Skjern	6990 Ulfborg	2026	492
760 Ringkøbing-Skjern	7270 Stakroge	2010	50
760 Ringkøbing-Skjern	7270 Stakroge	2011	45
760 Ringkøbing-Skjern	7270 Stakroge	2012	41
760 Ringkøbing-Skjern	7270 Stakroge	2013	40
760 Ringkøbing-Skjern	7270 Stakroge	2014	42
760 Ringkøbing-Skjern	7270 Stakroge	2015	40
760 Ringkøbing-Skjern	7270 Stakroge	2016	43
760 Ringkøbing-Skjern	7270 Stakroge	2017	41
760 Ringkøbing-Skjern	7270 Stakroge	2018	34
760 Ringkøbing-Skjern	7270 Stakroge	2019	31
760 Ringkøbing-Skjern	7270 Stakroge	2020	30
760 Ringkøbing-Skjern	7270 Stakroge	2021	24
760 Ringkøbing-Skjern	7270 Stakroge	2022	28
760 Ringkøbing-Skjern	7270 Stakroge	2023	26
760 Ringkøbing-Skjern	7270 Stakroge	2024	25
760 Ringkøbing-Skjern	7270 Stakroge	2025	25
760 Ringkøbing-Skjern	7270 Stakroge	2026	26
760 Ringkøbing-Skjern	7280 Sønder Felding	2010	4
760 Ringkøbing-Skjern	7280 Sønder Felding	2011	4
760 Ringkøbing-Skjern	7280 Sønder Felding	2012	4
760 Ringkøbing-Skjern	7280 Sønder Felding	2013	4
760 Ringkøbing-Skjern	7280 Sønder Felding	2014	4
760 Ringkøbing-Skjern	7280 Sønder Felding	2015	4
760 Ringkøbing-Skjern	7280 Sønder Felding	2016	4
760 Ringkøbing-Skjern	7280 Sønder Felding	2017	2
760 Ringkøbing-Skjern	7280 Sønder Felding	2018	3
760 Ringkøbing-Skjern	7280 Sønder Felding	2019	3
760 Ringkøbing-Skjern	7280 Sønder Felding	2020	4
760 Ringkøbing-Skjern	7280 Sønder Felding	2021	4
760 Ringkøbing-Skjern	7280 Sønder Felding	2022	4
760 Ringkøbing-Skjern	7280 Sønder Felding	2023	4
760 Ringkøbing-Skjern	7280 Sønder Felding	2024	4
760 Ringkøbing-Skjern	7280 Sønder Felding	2025	3
760 Ringkøbing-Skjern	7280 Sønder Felding	2026	2
760 Ringkøbing-Skjern	7400 Herning	2010	2
760 Ringkøbing-Skjern	7400 Herning	2011	3
760 Ringkøbing-Skjern	7400 Herning	2012	3
760 Ringkøbing-Skjern	7400 Herning	2013	4
760 Ringkøbing-Skjern	7400 Herning	2014	4
760 Ringkøbing-Skjern	7400 Herning	2015	1
760 Ringkøbing-Skjern	7400 Herning	2016	3
760 Ringkøbing-Skjern	7400 Herning	2017	2
760 Ringkøbing-Skjern	7400 Herning	2018	2
760 Ringkøbing-Skjern	7400 Herning	2019	3
760 Ringkøbing-Skjern	7400 Herning	2020	3
760 Ringkøbing-Skjern	7400 Herning	2021	3
760 Ringkøbing-Skjern	7400 Herning	2022	3
760 Ringkøbing-Skjern	7400 Herning	2023	3
760 Ringkøbing-Skjern	7400 Herning	2024	3
760 Ringkøbing-Skjern	7400 Herning	2025	3
760 Ringkøbing-Skjern	7400 Herning	2026	3
760 Ringkøbing-Skjern	7480 Vildbjerg	2010	3
760 Ringkøbing-Skjern	7480 Vildbjerg	2011	3
760 Ringkøbing-Skjern	7480 Vildbjerg	2012	4
760 Ringkøbing-Skjern	7480 Vildbjerg	2013	4
760 Ringkøbing-Skjern	7480 Vildbjerg	2014	4
760 Ringkøbing-Skjern	7480 Vildbjerg	2015	5
760 Ringkøbing-Skjern	7480 Vildbjerg	2016	5
760 Ringkøbing-Skjern	7480 Vildbjerg	2017	5
760 Ringkøbing-Skjern	7480 Vildbjerg	2018	5
760 Ringkøbing-Skjern	7480 Vildbjerg	2019	5
760 Ringkøbing-Skjern	7480 Vildbjerg	2020	5
760 Ringkøbing-Skjern	7480 Vildbjerg	2021	5
760 Ringkøbing-Skjern	7480 Vildbjerg	2022	5
760 Ringkøbing-Skjern	7480 Vildbjerg	2023	5
760 Ringkøbing-Skjern	7480 Vildbjerg	2024	5
760 Ringkøbing-Skjern	7480 Vildbjerg	2025	5
760 Ringkøbing-Skjern	7480 Vildbjerg	2026	5
760 Ringkøbing-Skjern	9999 Ukendt	2010	9
760 Ringkøbing-Skjern	9999 Ukendt	2011	5
760 Ringkøbing-Skjern	9999 Ukendt	2012	8
760 Ringkøbing-Skjern	9999 Ukendt	2013	4
760 Ringkøbing-Skjern	9999 Ukendt	2014	4
760 Ringkøbing-Skjern	9999 Ukendt	2015	0
760 Ringkøbing-Skjern	9999 Ukendt	2016	25
760 Ringkøbing-Skjern	9999 Ukendt	2017	0
760 Ringkøbing-Skjern	9999 Ukendt	2018	0
760 Ringkøbing-Skjern	9999 Ukendt	2019	0
760 Ringkøbing-Skjern	9999 Ukendt	2020	0
760 Ringkøbing-Skjern	9999 Ukendt	2021	15
760 Ringkøbing-Skjern	9999 Ukendt	2022	2
760 Ringkøbing-Skjern	9999 Ukendt	2023	6
760 Ringkøbing-Skjern	9999 Ukendt	2024	5
760 Ringkøbing-Skjern	9999 Ukendt	2025	3
760 Ringkøbing-Skjern	9999 Ukendt	2026	4
766 Hedensted	7100 Vejle	2010	1764
766 Hedensted	7100 Vejle	2011	1767
766 Hedensted	7100 Vejle	2012	1758
766 Hedensted	7100 Vejle	2013	1765
766 Hedensted	7100 Vejle	2014	1741
766 Hedensted	7100 Vejle	2015	1743
766 Hedensted	7100 Vejle	2016	1737
766 Hedensted	7100 Vejle	2017	1764
766 Hedensted	7100 Vejle	2018	1753
766 Hedensted	7100 Vejle	2019	1776
766 Hedensted	7100 Vejle	2020	1802
766 Hedensted	7100 Vejle	2021	1804
766 Hedensted	7100 Vejle	2022	1824
766 Hedensted	7100 Vejle	2023	1856
766 Hedensted	7100 Vejle	2024	1847
766 Hedensted	7100 Vejle	2025	1860
766 Hedensted	7100 Vejle	2026	1890
766 Hedensted	7120 Vejle Øst	2010	8
766 Hedensted	7120 Vejle Øst	2011	8
766 Hedensted	7120 Vejle Øst	2012	8
766 Hedensted	7120 Vejle Øst	2013	8
766 Hedensted	7120 Vejle Øst	2014	8
766 Hedensted	7120 Vejle Øst	2015	8
766 Hedensted	7120 Vejle Øst	2016	9
766 Hedensted	7120 Vejle Øst	2017	8
766 Hedensted	7120 Vejle Øst	2018	7
766 Hedensted	7120 Vejle Øst	2019	7
766 Hedensted	7120 Vejle Øst	2020	7
766 Hedensted	7120 Vejle Øst	2021	7
766 Hedensted	7120 Vejle Øst	2022	7
766 Hedensted	7120 Vejle Øst	2023	6
766 Hedensted	7120 Vejle Øst	2024	6
766 Hedensted	7120 Vejle Øst	2025	6
766 Hedensted	7120 Vejle Øst	2026	6
766 Hedensted	7130 Juelsminde	2010	8905
766 Hedensted	7130 Juelsminde	2011	8907
766 Hedensted	7130 Juelsminde	2012	8952
766 Hedensted	7130 Juelsminde	2013	8946
766 Hedensted	7130 Juelsminde	2014	8923
766 Hedensted	7130 Juelsminde	2015	8967
766 Hedensted	7130 Juelsminde	2016	8937
766 Hedensted	7130 Juelsminde	2017	8971
766 Hedensted	7130 Juelsminde	2018	8998
766 Hedensted	7130 Juelsminde	2019	8998
766 Hedensted	7130 Juelsminde	2020	8910
766 Hedensted	7130 Juelsminde	2021	8881
766 Hedensted	7130 Juelsminde	2022	8961
766 Hedensted	7130 Juelsminde	2023	8927
766 Hedensted	7130 Juelsminde	2024	8869
766 Hedensted	7130 Juelsminde	2025	8857
766 Hedensted	7130 Juelsminde	2026	8883
766 Hedensted	7140 Stouby	2010	1981
766 Hedensted	7140 Stouby	2011	2000
766 Hedensted	7140 Stouby	2012	2000
766 Hedensted	7140 Stouby	2013	1953
766 Hedensted	7140 Stouby	2014	1924
766 Hedensted	7140 Stouby	2015	1932
766 Hedensted	7140 Stouby	2016	1955
766 Hedensted	7140 Stouby	2017	1940
766 Hedensted	7140 Stouby	2018	2012
766 Hedensted	7140 Stouby	2019	1993
766 Hedensted	7140 Stouby	2020	1999
766 Hedensted	7140 Stouby	2021	1983
766 Hedensted	7140 Stouby	2022	1964
766 Hedensted	7140 Stouby	2023	2001
766 Hedensted	7140 Stouby	2024	1952
766 Hedensted	7140 Stouby	2025	1938
766 Hedensted	7140 Stouby	2026	1943
766 Hedensted	7150 Barrit	2010	1486
766 Hedensted	7150 Barrit	2011	1478
766 Hedensted	7150 Barrit	2012	1489
766 Hedensted	7150 Barrit	2013	1468
766 Hedensted	7150 Barrit	2014	1430
766 Hedensted	7150 Barrit	2015	1448
766 Hedensted	7150 Barrit	2016	1459
766 Hedensted	7150 Barrit	2017	1439
766 Hedensted	7150 Barrit	2018	1391
766 Hedensted	7150 Barrit	2019	1410
766 Hedensted	7150 Barrit	2020	1387
766 Hedensted	7150 Barrit	2021	1373
766 Hedensted	7150 Barrit	2022	1388
766 Hedensted	7150 Barrit	2023	1344
766 Hedensted	7150 Barrit	2024	1323
766 Hedensted	7150 Barrit	2025	1337
766 Hedensted	7150 Barrit	2026	1320
766 Hedensted	7160 Tørring	2010	5192
766 Hedensted	7160 Tørring	2011	5169
766 Hedensted	7160 Tørring	2012	5178
766 Hedensted	7160 Tørring	2013	5193
766 Hedensted	7160 Tørring	2014	5228
766 Hedensted	7160 Tørring	2015	5316
766 Hedensted	7160 Tørring	2016	5328
766 Hedensted	7160 Tørring	2017	5450
766 Hedensted	7160 Tørring	2018	5471
766 Hedensted	7160 Tørring	2019	5464
766 Hedensted	7160 Tørring	2020	5477
766 Hedensted	7160 Tørring	2021	5559
766 Hedensted	7160 Tørring	2022	5609
766 Hedensted	7160 Tørring	2023	5678
766 Hedensted	7160 Tørring	2024	5743
766 Hedensted	7160 Tørring	2025	5764
766 Hedensted	7160 Tørring	2026	5823
766 Hedensted	7171 Uldum	2010	2179
766 Hedensted	7171 Uldum	2011	2176
766 Hedensted	7171 Uldum	2012	2176
766 Hedensted	7171 Uldum	2013	2153
766 Hedensted	7171 Uldum	2014	2138
766 Hedensted	7171 Uldum	2015	2151
766 Hedensted	7171 Uldum	2016	2116
766 Hedensted	7171 Uldum	2017	2117
766 Hedensted	7171 Uldum	2018	2153
766 Hedensted	7171 Uldum	2019	2167
766 Hedensted	7171 Uldum	2020	2160
766 Hedensted	7171 Uldum	2021	2131
766 Hedensted	7171 Uldum	2022	2116
766 Hedensted	7171 Uldum	2023	2136
766 Hedensted	7171 Uldum	2024	2114
766 Hedensted	7171 Uldum	2025	2090
766 Hedensted	7171 Uldum	2026	2145
766 Hedensted	7173 Vonge	2010	5
766 Hedensted	7173 Vonge	2011	5
766 Hedensted	7173 Vonge	2012	6
766 Hedensted	7173 Vonge	2013	5
766 Hedensted	7173 Vonge	2014	0
766 Hedensted	7173 Vonge	2015	0
766 Hedensted	7173 Vonge	2016	0
766 Hedensted	7173 Vonge	2017	0
766 Hedensted	7173 Vonge	2018	0
766 Hedensted	7173 Vonge	2019	0
766 Hedensted	7173 Vonge	2020	0
766 Hedensted	7173 Vonge	2021	0
766 Hedensted	7173 Vonge	2022	0
766 Hedensted	7173 Vonge	2023	0
766 Hedensted	7173 Vonge	2024	0
766 Hedensted	7173 Vonge	2025	0
766 Hedensted	7173 Vonge	2026	0
766 Hedensted	8700 Horsens	2010	710
766 Hedensted	8700 Horsens	2011	708
766 Hedensted	8700 Horsens	2012	702
766 Hedensted	8700 Horsens	2013	694
766 Hedensted	8700 Horsens	2014	686
766 Hedensted	8700 Horsens	2015	692
766 Hedensted	8700 Horsens	2016	701
766 Hedensted	8700 Horsens	2017	683
766 Hedensted	8700 Horsens	2018	680
766 Hedensted	8700 Horsens	2019	689
766 Hedensted	8700 Horsens	2020	695
766 Hedensted	8700 Horsens	2021	719
766 Hedensted	8700 Horsens	2022	721
766 Hedensted	8700 Horsens	2023	723
766 Hedensted	8700 Horsens	2024	719
766 Hedensted	8700 Horsens	2025	708
766 Hedensted	8700 Horsens	2026	716
766 Hedensted	8721 Daugård	2010	1705
766 Hedensted	8721 Daugård	2011	1683
766 Hedensted	8721 Daugård	2012	1729
766 Hedensted	8721 Daugård	2013	1701
766 Hedensted	8721 Daugård	2014	1660
766 Hedensted	8721 Daugård	2015	1660
766 Hedensted	8721 Daugård	2016	1669
766 Hedensted	8721 Daugård	2017	1696
766 Hedensted	8721 Daugård	2018	1671
766 Hedensted	8721 Daugård	2019	1654
766 Hedensted	8721 Daugård	2020	1681
766 Hedensted	8721 Daugård	2021	1676
766 Hedensted	8721 Daugård	2022	1667
766 Hedensted	8721 Daugård	2023	1678
766 Hedensted	8721 Daugård	2024	1685
766 Hedensted	8721 Daugård	2025	1688
766 Hedensted	8721 Daugård	2026	1655
766 Hedensted	8722 Hedensted	2010	8368
766 Hedensted	8722 Hedensted	2011	8389
766 Hedensted	8722 Hedensted	2012	8426
766 Hedensted	8722 Hedensted	2013	8480
766 Hedensted	8722 Hedensted	2014	8503
766 Hedensted	8722 Hedensted	2015	8730
766 Hedensted	8722 Hedensted	2016	8760
766 Hedensted	8722 Hedensted	2017	8884
766 Hedensted	8722 Hedensted	2018	8892
766 Hedensted	8722 Hedensted	2019	8962
766 Hedensted	8722 Hedensted	2020	9068
766 Hedensted	8722 Hedensted	2021	9146
766 Hedensted	8722 Hedensted	2022	9344
766 Hedensted	8722 Hedensted	2023	9719
766 Hedensted	8722 Hedensted	2024	10084
766 Hedensted	8722 Hedensted	2025	10474
766 Hedensted	8722 Hedensted	2026	10617
766 Hedensted	8723 Løsning	2010	7298
766 Hedensted	8723 Løsning	2011	7348
766 Hedensted	8723 Løsning	2012	7295
766 Hedensted	8723 Løsning	2013	7267
766 Hedensted	8723 Løsning	2014	7253
766 Hedensted	8723 Løsning	2015	7221
766 Hedensted	8723 Løsning	2016	7270
766 Hedensted	8723 Løsning	2017	7273
766 Hedensted	8723 Løsning	2018	7305
766 Hedensted	8723 Løsning	2019	7334
766 Hedensted	8723 Løsning	2020	7285
766 Hedensted	8723 Løsning	2021	7221
766 Hedensted	8723 Løsning	2022	7194
766 Hedensted	8723 Løsning	2023	7232
766 Hedensted	8723 Løsning	2024	7181
766 Hedensted	8723 Løsning	2025	7213
766 Hedensted	8723 Løsning	2026	7331
766 Hedensted	8762 Flemming	2010	1064
766 Hedensted	8762 Flemming	2011	1058
766 Hedensted	8762 Flemming	2012	1044
766 Hedensted	8762 Flemming	2013	1055
766 Hedensted	8762 Flemming	2014	1047
766 Hedensted	8762 Flemming	2015	1044
766 Hedensted	8762 Flemming	2016	1060
766 Hedensted	8762 Flemming	2017	1059
766 Hedensted	8762 Flemming	2018	1036
766 Hedensted	8762 Flemming	2019	1042
766 Hedensted	8762 Flemming	2020	1018
766 Hedensted	8762 Flemming	2021	1021
766 Hedensted	8762 Flemming	2022	1016
766 Hedensted	8762 Flemming	2023	1003
766 Hedensted	8762 Flemming	2024	955
766 Hedensted	8762 Flemming	2025	975
766 Hedensted	8762 Flemming	2026	987
766 Hedensted	8763 Rask Mølle	2010	1624
766 Hedensted	8763 Rask Mølle	2011	1621
766 Hedensted	8763 Rask Mølle	2012	1624
766 Hedensted	8763 Rask Mølle	2013	1594
766 Hedensted	8763 Rask Mølle	2014	1574
766 Hedensted	8763 Rask Mølle	2015	1599
766 Hedensted	8763 Rask Mølle	2016	1616
766 Hedensted	8763 Rask Mølle	2017	1596
766 Hedensted	8763 Rask Mølle	2018	1597
766 Hedensted	8763 Rask Mølle	2019	1633
766 Hedensted	8763 Rask Mølle	2020	1633
766 Hedensted	8763 Rask Mølle	2021	1662
766 Hedensted	8763 Rask Mølle	2022	1649
766 Hedensted	8763 Rask Mølle	2023	1674
766 Hedensted	8763 Rask Mølle	2024	1661
766 Hedensted	8763 Rask Mølle	2025	1662
766 Hedensted	8763 Rask Mølle	2026	1673
766 Hedensted	8766 Nørre Snede	2010	8
766 Hedensted	8766 Nørre Snede	2011	10
766 Hedensted	8766 Nørre Snede	2012	13
766 Hedensted	8766 Nørre Snede	2013	10
766 Hedensted	8766 Nørre Snede	2014	9
766 Hedensted	8766 Nørre Snede	2015	9
766 Hedensted	8766 Nørre Snede	2016	9
766 Hedensted	8766 Nørre Snede	2017	9
766 Hedensted	8766 Nørre Snede	2018	9
766 Hedensted	8766 Nørre Snede	2019	9
766 Hedensted	8766 Nørre Snede	2020	9
766 Hedensted	8766 Nørre Snede	2021	14
766 Hedensted	8766 Nørre Snede	2022	14
766 Hedensted	8766 Nørre Snede	2023	14
766 Hedensted	8766 Nørre Snede	2024	13
766 Hedensted	8766 Nørre Snede	2025	12
766 Hedensted	8766 Nørre Snede	2026	8
766 Hedensted	8781 Stenderup	2010	659
766 Hedensted	8781 Stenderup	2011	631
766 Hedensted	8781 Stenderup	2012	635
766 Hedensted	8781 Stenderup	2013	650
766 Hedensted	8781 Stenderup	2014	654
766 Hedensted	8781 Stenderup	2015	652
766 Hedensted	8781 Stenderup	2016	653
766 Hedensted	8781 Stenderup	2017	652
766 Hedensted	8781 Stenderup	2018	679
766 Hedensted	8781 Stenderup	2019	675
766 Hedensted	8781 Stenderup	2020	670
766 Hedensted	8781 Stenderup	2021	672
766 Hedensted	8781 Stenderup	2022	669
766 Hedensted	8781 Stenderup	2023	672
766 Hedensted	8781 Stenderup	2024	655
766 Hedensted	8781 Stenderup	2025	633
766 Hedensted	8781 Stenderup	2026	637
766 Hedensted	8783 Hornsyld	2010	2991
766 Hedensted	8783 Hornsyld	2011	2990
766 Hedensted	8783 Hornsyld	2012	2968
766 Hedensted	8783 Hornsyld	2013	2889
766 Hedensted	8783 Hornsyld	2014	2903
766 Hedensted	8783 Hornsyld	2015	2884
766 Hedensted	8783 Hornsyld	2016	2890
766 Hedensted	8783 Hornsyld	2017	2936
766 Hedensted	8783 Hornsyld	2018	2928
766 Hedensted	8783 Hornsyld	2019	2901
766 Hedensted	8783 Hornsyld	2020	2886
766 Hedensted	8783 Hornsyld	2021	2849
766 Hedensted	8783 Hornsyld	2022	2915
766 Hedensted	8783 Hornsyld	2023	2896
766 Hedensted	8783 Hornsyld	2024	2874
766 Hedensted	8783 Hornsyld	2025	2905
766 Hedensted	8783 Hornsyld	2026	2902
766 Hedensted	9999 Ukendt	2010	35
766 Hedensted	9999 Ukendt	2011	32
766 Hedensted	9999 Ukendt	2012	26
766 Hedensted	9999 Ukendt	2013	37
766 Hedensted	9999 Ukendt	2014	34
766 Hedensted	9999 Ukendt	2015	35
766 Hedensted	9999 Ukendt	2016	37
766 Hedensted	9999 Ukendt	2017	47
766 Hedensted	9999 Ukendt	2018	34
766 Hedensted	9999 Ukendt	2019	33
766 Hedensted	9999 Ukendt	2020	35
766 Hedensted	9999 Ukendt	2021	55
766 Hedensted	9999 Ukendt	2022	41
766 Hedensted	9999 Ukendt	2023	50
766 Hedensted	9999 Ukendt	2024	44
766 Hedensted	9999 Ukendt	2025	45
766 Hedensted	9999 Ukendt	2026	42
773 Morsø	7900 Nykøbing M	2010	14311
773 Morsø	7900 Nykøbing M	2011	14175
773 Morsø	7900 Nykøbing M	2012	14125
773 Morsø	7900 Nykøbing M	2013	13916
773 Morsø	7900 Nykøbing M	2014	13817
773 Morsø	7900 Nykøbing M	2015	13682
773 Morsø	7900 Nykøbing M	2016	13633
773 Morsø	7900 Nykøbing M	2017	13688
773 Morsø	7900 Nykøbing M	2018	13604
773 Morsø	7900 Nykøbing M	2019	13522
773 Morsø	7900 Nykøbing M	2020	13499
773 Morsø	7900 Nykøbing M	2021	13361
773 Morsø	7900 Nykøbing M	2022	13369
773 Morsø	7900 Nykøbing M	2023	13295
773 Morsø	7900 Nykøbing M	2024	13181
773 Morsø	7900 Nykøbing M	2025	13049
773 Morsø	7900 Nykøbing M	2026	13028
773 Morsø	7950 Erslev	2010	3568
773 Morsø	7950 Erslev	2011	3511
773 Morsø	7950 Erslev	2012	3455
773 Morsø	7950 Erslev	2013	3475
773 Morsø	7950 Erslev	2014	3448
773 Morsø	7950 Erslev	2015	3400
773 Morsø	7950 Erslev	2016	3361
773 Morsø	7950 Erslev	2017	3356
773 Morsø	7950 Erslev	2018	3334
773 Morsø	7950 Erslev	2019	3343
773 Morsø	7950 Erslev	2020	3287
773 Morsø	7950 Erslev	2021	3251
773 Morsø	7950 Erslev	2022	3257
773 Morsø	7950 Erslev	2023	3217
773 Morsø	7950 Erslev	2024	3189
773 Morsø	7950 Erslev	2025	3155
773 Morsø	7950 Erslev	2026	3077
773 Morsø	7960 Karby	2010	1001
773 Morsø	7960 Karby	2011	1020
773 Morsø	7960 Karby	2012	1013
773 Morsø	7960 Karby	2013	961
773 Morsø	7960 Karby	2014	947
773 Morsø	7960 Karby	2015	924
773 Morsø	7960 Karby	2016	900
773 Morsø	7960 Karby	2017	905
773 Morsø	7960 Karby	2018	907
773 Morsø	7960 Karby	2019	894
773 Morsø	7960 Karby	2020	876
773 Morsø	7960 Karby	2021	864
773 Morsø	7960 Karby	2022	852
773 Morsø	7960 Karby	2023	846
773 Morsø	7960 Karby	2024	844
773 Morsø	7960 Karby	2025	805
773 Morsø	7960 Karby	2026	794
773 Morsø	7970 Redsted M	2010	811
773 Morsø	7970 Redsted M	2011	812
773 Morsø	7970 Redsted M	2012	791
773 Morsø	7970 Redsted M	2013	811
773 Morsø	7970 Redsted M	2014	780
773 Morsø	7970 Redsted M	2015	794
773 Morsø	7970 Redsted M	2016	777
773 Morsø	7970 Redsted M	2017	774
773 Morsø	7970 Redsted M	2018	750
773 Morsø	7970 Redsted M	2019	743
773 Morsø	7970 Redsted M	2020	715
773 Morsø	7970 Redsted M	2021	731
773 Morsø	7970 Redsted M	2022	732
773 Morsø	7970 Redsted M	2023	728
773 Morsø	7970 Redsted M	2024	722
773 Morsø	7970 Redsted M	2025	728
773 Morsø	7970 Redsted M	2026	700
773 Morsø	7980 Vils	2010	792
773 Morsø	7980 Vils	2011	778
773 Morsø	7980 Vils	2012	790
773 Morsø	7980 Vils	2013	778
773 Morsø	7980 Vils	2014	776
773 Morsø	7980 Vils	2015	771
773 Morsø	7980 Vils	2016	758
773 Morsø	7980 Vils	2017	748
773 Morsø	7980 Vils	2018	767
773 Morsø	7980 Vils	2019	747
773 Morsø	7980 Vils	2020	740
773 Morsø	7980 Vils	2021	733
773 Morsø	7980 Vils	2022	737
773 Morsø	7980 Vils	2023	741
773 Morsø	7980 Vils	2024	703
773 Morsø	7980 Vils	2025	726
773 Morsø	7980 Vils	2026	706
773 Morsø	7990 Øster Assels	2010	1350
773 Morsø	7990 Øster Assels	2011	1304
773 Morsø	7990 Øster Assels	2012	1300
773 Morsø	7990 Øster Assels	2013	1245
773 Morsø	7990 Øster Assels	2014	1235
773 Morsø	7990 Øster Assels	2015	1245
773 Morsø	7990 Øster Assels	2016	1200
773 Morsø	7990 Øster Assels	2017	1194
773 Morsø	7990 Øster Assels	2018	1152
773 Morsø	7990 Øster Assels	2019	1154
773 Morsø	7990 Øster Assels	2020	1130
773 Morsø	7990 Øster Assels	2021	1126
773 Morsø	7990 Øster Assels	2022	1121
773 Morsø	7990 Øster Assels	2023	1099
773 Morsø	7990 Øster Assels	2024	1095
773 Morsø	7990 Øster Assels	2025	1057
773 Morsø	7990 Øster Assels	2026	1039
773 Morsø	9999 Ukendt	2010	0
773 Morsø	9999 Ukendt	2011	0
773 Morsø	9999 Ukendt	2012	0
773 Morsø	9999 Ukendt	2013	3
773 Morsø	9999 Ukendt	2014	0
773 Morsø	9999 Ukendt	2015	0
773 Morsø	9999 Ukendt	2016	0
773 Morsø	9999 Ukendt	2017	0
773 Morsø	9999 Ukendt	2018	0
773 Morsø	9999 Ukendt	2019	0
773 Morsø	9999 Ukendt	2020	0
773 Morsø	9999 Ukendt	2021	0
773 Morsø	9999 Ukendt	2022	0
773 Morsø	9999 Ukendt	2023	1
773 Morsø	9999 Ukendt	2024	0
773 Morsø	9999 Ukendt	2025	0
773 Morsø	9999 Ukendt	2026	0
779 Skive	7800 Skive	2010	23644
779 Skive	7800 Skive	2011	23693
779 Skive	7800 Skive	2012	23587
779 Skive	7800 Skive	2013	23498
779 Skive	7800 Skive	2014	23476
779 Skive	7800 Skive	2015	23380
779 Skive	7800 Skive	2016	23526
779 Skive	7800 Skive	2017	23621
779 Skive	7800 Skive	2018	23709
779 Skive	7800 Skive	2019	23466
779 Skive	7800 Skive	2020	23414
779 Skive	7800 Skive	2021	23225
779 Skive	7800 Skive	2022	23028
779 Skive	7800 Skive	2023	23070
779 Skive	7800 Skive	2024	22949
779 Skive	7800 Skive	2025	22840
779 Skive	7800 Skive	2026	22814
779 Skive	7830 Vinderup	2010	1
779 Skive	7830 Vinderup	2011	1
779 Skive	7830 Vinderup	2012	4
779 Skive	7830 Vinderup	2013	3
779 Skive	7830 Vinderup	2014	4
779 Skive	7830 Vinderup	2015	3
779 Skive	7830 Vinderup	2016	3
779 Skive	7830 Vinderup	2017	3
779 Skive	7830 Vinderup	2018	3
779 Skive	7830 Vinderup	2019	3
779 Skive	7830 Vinderup	2020	3
779 Skive	7830 Vinderup	2021	4
779 Skive	7830 Vinderup	2022	5
779 Skive	7830 Vinderup	2023	5
779 Skive	7830 Vinderup	2024	4
779 Skive	7830 Vinderup	2025	4
779 Skive	7830 Vinderup	2026	5
779 Skive	7840 Højslev	2010	4760
779 Skive	7840 Højslev	2011	4781
779 Skive	7840 Højslev	2012	4770
779 Skive	7840 Højslev	2013	4798
779 Skive	7840 Højslev	2014	4832
779 Skive	7840 Højslev	2015	4785
779 Skive	7840 Højslev	2016	4760
779 Skive	7840 Højslev	2017	4716
779 Skive	7840 Højslev	2018	4756
779 Skive	7840 Højslev	2019	4816
779 Skive	7840 Højslev	2020	4778
779 Skive	7840 Højslev	2021	4740
779 Skive	7840 Højslev	2022	4731
779 Skive	7840 Højslev	2023	4705
779 Skive	7840 Højslev	2024	4670
779 Skive	7840 Højslev	2025	4624
779 Skive	7840 Højslev	2026	4556
779 Skive	7860 Spøttrup	2010	7783
779 Skive	7860 Spøttrup	2011	7719
779 Skive	7860 Spøttrup	2012	7617
779 Skive	7860 Spøttrup	2013	7517
779 Skive	7860 Spøttrup	2014	7379
779 Skive	7860 Spøttrup	2015	7325
779 Skive	7860 Spøttrup	2016	7256
779 Skive	7860 Spøttrup	2017	7212
779 Skive	7860 Spøttrup	2018	7159
779 Skive	7860 Spøttrup	2019	7040
779 Skive	7860 Spøttrup	2020	6935
779 Skive	7860 Spøttrup	2021	6866
779 Skive	7860 Spøttrup	2022	6804
779 Skive	7860 Spøttrup	2023	6838
779 Skive	7860 Spøttrup	2024	6786
779 Skive	7860 Spøttrup	2025	6637
779 Skive	7860 Spøttrup	2026	6597
779 Skive	7870 Roslev	2010	11073
779 Skive	7870 Roslev	2011	10922
779 Skive	7870 Roslev	2012	10771
779 Skive	7870 Roslev	2013	10631
779 Skive	7870 Roslev	2014	10420
779 Skive	7870 Roslev	2015	10333
779 Skive	7870 Roslev	2016	10305
779 Skive	7870 Roslev	2017	10187
779 Skive	7870 Roslev	2018	10129
779 Skive	7870 Roslev	2019	10089
779 Skive	7870 Roslev	2020	9920
779 Skive	7870 Roslev	2021	9803
779 Skive	7870 Roslev	2022	9727
779 Skive	7870 Roslev	2023	9680
779 Skive	7870 Roslev	2024	9554
779 Skive	7870 Roslev	2025	9456
779 Skive	7870 Roslev	2026	9373
779 Skive	7884 Fur	2010	856
779 Skive	7884 Fur	2011	855
779 Skive	7884 Fur	2012	842
779 Skive	7884 Fur	2013	826
779 Skive	7884 Fur	2014	809
779 Skive	7884 Fur	2015	788
779 Skive	7884 Fur	2016	765
779 Skive	7884 Fur	2017	771
779 Skive	7884 Fur	2018	799
779 Skive	7884 Fur	2019	780
779 Skive	7884 Fur	2020	767
779 Skive	7884 Fur	2021	757
779 Skive	7884 Fur	2022	752
779 Skive	7884 Fur	2023	732
779 Skive	7884 Fur	2024	730
779 Skive	7884 Fur	2025	732
779 Skive	7884 Fur	2026	735
779 Skive	9999 Ukendt	2010	20
779 Skive	9999 Ukendt	2011	15
779 Skive	9999 Ukendt	2012	29
779 Skive	9999 Ukendt	2013	18
779 Skive	9999 Ukendt	2014	22
779 Skive	9999 Ukendt	2015	27
779 Skive	9999 Ukendt	2016	24
779 Skive	9999 Ukendt	2017	30
779 Skive	9999 Ukendt	2018	44
779 Skive	9999 Ukendt	2019	30
779 Skive	9999 Ukendt	2020	34
779 Skive	9999 Ukendt	2021	30
779 Skive	9999 Ukendt	2022	31
779 Skive	9999 Ukendt	2023	39
779 Skive	9999 Ukendt	2024	46
779 Skive	9999 Ukendt	2025	35
779 Skive	9999 Ukendt	2026	24
787 Thisted	7700 Thisted	2010	25018
787 Thisted	7700 Thisted	2011	25051
787 Thisted	7700 Thisted	2012	25089
787 Thisted	7700 Thisted	2013	24894
787 Thisted	7700 Thisted	2014	24871
787 Thisted	7700 Thisted	2015	24875
787 Thisted	7700 Thisted	2016	24947
787 Thisted	7700 Thisted	2017	24951
787 Thisted	7700 Thisted	2018	25016
787 Thisted	7700 Thisted	2019	25015
787 Thisted	7700 Thisted	2020	24961
787 Thisted	7700 Thisted	2021	24966
787 Thisted	7700 Thisted	2022	25044
787 Thisted	7700 Thisted	2023	25326
787 Thisted	7700 Thisted	2024	25263
787 Thisted	7700 Thisted	2025	25138
787 Thisted	7700 Thisted	2026	25228
787 Thisted	7730 Hanstholm	2010	3177
787 Thisted	7730 Hanstholm	2011	3152
787 Thisted	7730 Hanstholm	2012	3074
787 Thisted	7730 Hanstholm	2013	3067
787 Thisted	7730 Hanstholm	2014	2997
787 Thisted	7730 Hanstholm	2015	2978
787 Thisted	7730 Hanstholm	2016	2968
787 Thisted	7730 Hanstholm	2017	2969
787 Thisted	7730 Hanstholm	2018	2940
787 Thisted	7730 Hanstholm	2019	2951
787 Thisted	7730 Hanstholm	2020	2903
787 Thisted	7730 Hanstholm	2021	2842
787 Thisted	7730 Hanstholm	2022	2845
787 Thisted	7730 Hanstholm	2023	2830
787 Thisted	7730 Hanstholm	2024	2806
787 Thisted	7730 Hanstholm	2025	2763
787 Thisted	7730 Hanstholm	2026	2739
787 Thisted	7741 Frøstrup	2010	1428
787 Thisted	7741 Frøstrup	2011	1448
787 Thisted	7741 Frøstrup	2012	1428
787 Thisted	7741 Frøstrup	2013	1385
787 Thisted	7741 Frøstrup	2014	1385
787 Thisted	7741 Frøstrup	2015	1381
787 Thisted	7741 Frøstrup	2016	1373
787 Thisted	7741 Frøstrup	2017	1342
787 Thisted	7741 Frøstrup	2018	1330
787 Thisted	7741 Frøstrup	2019	1349
787 Thisted	7741 Frøstrup	2020	1325
787 Thisted	7741 Frøstrup	2021	1296
787 Thisted	7741 Frøstrup	2022	1308
787 Thisted	7741 Frøstrup	2023	1309
787 Thisted	7741 Frøstrup	2024	1290
787 Thisted	7741 Frøstrup	2025	1293
787 Thisted	7741 Frøstrup	2026	1258
787 Thisted	7742 Vesløs	2010	1236
787 Thisted	7742 Vesløs	2011	1232
787 Thisted	7742 Vesløs	2012	1216
787 Thisted	7742 Vesløs	2013	1200
787 Thisted	7742 Vesløs	2014	1185
787 Thisted	7742 Vesløs	2015	1144
787 Thisted	7742 Vesløs	2016	1111
787 Thisted	7742 Vesløs	2017	1098
787 Thisted	7742 Vesløs	2018	1103
787 Thisted	7742 Vesløs	2019	1085
787 Thisted	7742 Vesløs	2020	1076
787 Thisted	7742 Vesløs	2021	1063
787 Thisted	7742 Vesløs	2022	1049
787 Thisted	7742 Vesløs	2023	1074
787 Thisted	7742 Vesløs	2024	1035
787 Thisted	7742 Vesløs	2025	1009
787 Thisted	7742 Vesløs	2026	994
787 Thisted	7752 Snedsted	2010	5223
787 Thisted	7752 Snedsted	2011	5140
787 Thisted	7752 Snedsted	2012	5104
787 Thisted	7752 Snedsted	2013	5053
787 Thisted	7752 Snedsted	2014	4966
787 Thisted	7752 Snedsted	2015	4919
787 Thisted	7752 Snedsted	2016	4895
787 Thisted	7752 Snedsted	2017	4843
787 Thisted	7752 Snedsted	2018	4811
787 Thisted	7752 Snedsted	2019	4783
787 Thisted	7752 Snedsted	2020	4707
787 Thisted	7752 Snedsted	2021	4680
787 Thisted	7752 Snedsted	2022	4637
787 Thisted	7752 Snedsted	2023	4590
787 Thisted	7752 Snedsted	2024	4517
787 Thisted	7752 Snedsted	2025	4507
787 Thisted	7752 Snedsted	2026	4465
787 Thisted	7755 Bedsted Thy	2010	2598
787 Thisted	7755 Bedsted Thy	2011	2534
787 Thisted	7755 Bedsted Thy	2012	2497
787 Thisted	7755 Bedsted Thy	2013	2442
787 Thisted	7755 Bedsted Thy	2014	2440
787 Thisted	7755 Bedsted Thy	2015	2456
787 Thisted	7755 Bedsted Thy	2016	2432
787 Thisted	7755 Bedsted Thy	2017	2350
787 Thisted	7755 Bedsted Thy	2018	2315
787 Thisted	7755 Bedsted Thy	2019	2280
787 Thisted	7755 Bedsted Thy	2020	2288
787 Thisted	7755 Bedsted Thy	2021	2249
787 Thisted	7755 Bedsted Thy	2022	2220
787 Thisted	7755 Bedsted Thy	2023	2220
787 Thisted	7755 Bedsted Thy	2024	2148
787 Thisted	7755 Bedsted Thy	2025	2115
787 Thisted	7755 Bedsted Thy	2026	2101
787 Thisted	7760 Hurup Thy	2010	4894
787 Thisted	7760 Hurup Thy	2011	4904
787 Thisted	7760 Hurup Thy	2012	4836
787 Thisted	7760 Hurup Thy	2013	4803
787 Thisted	7760 Hurup Thy	2014	4777
787 Thisted	7760 Hurup Thy	2015	4721
787 Thisted	7760 Hurup Thy	2016	4670
787 Thisted	7760 Hurup Thy	2017	4682
787 Thisted	7760 Hurup Thy	2018	4654
787 Thisted	7760 Hurup Thy	2019	4658
787 Thisted	7760 Hurup Thy	2020	4603
787 Thisted	7760 Hurup Thy	2021	4521
787 Thisted	7760 Hurup Thy	2022	4491
787 Thisted	7760 Hurup Thy	2023	4517
787 Thisted	7760 Hurup Thy	2024	4487
787 Thisted	7760 Hurup Thy	2025	4439
787 Thisted	7760 Hurup Thy	2026	4390
787 Thisted	7770 Vestervig	2010	1701
787 Thisted	7770 Vestervig	2011	1660
787 Thisted	7770 Vestervig	2012	1649
787 Thisted	7770 Vestervig	2013	1616
787 Thisted	7770 Vestervig	2014	1581
787 Thisted	7770 Vestervig	2015	1569
787 Thisted	7770 Vestervig	2016	1554
787 Thisted	7770 Vestervig	2017	1540
787 Thisted	7770 Vestervig	2018	1511
787 Thisted	7770 Vestervig	2019	1501
787 Thisted	7770 Vestervig	2020	1519
787 Thisted	7770 Vestervig	2021	1500
787 Thisted	7770 Vestervig	2022	1459
787 Thisted	7770 Vestervig	2023	1461
787 Thisted	7770 Vestervig	2024	1406
787 Thisted	7770 Vestervig	2025	1397
787 Thisted	7770 Vestervig	2026	1363
787 Thisted	9999 Ukendt	2010	22
787 Thisted	9999 Ukendt	2011	24
787 Thisted	9999 Ukendt	2012	15
787 Thisted	9999 Ukendt	2013	34
787 Thisted	9999 Ukendt	2014	28
787 Thisted	9999 Ukendt	2015	35
787 Thisted	9999 Ukendt	2016	41
787 Thisted	9999 Ukendt	2017	51
787 Thisted	9999 Ukendt	2018	36
787 Thisted	9999 Ukendt	2019	38
787 Thisted	9999 Ukendt	2020	41
787 Thisted	9999 Ukendt	2021	43
787 Thisted	9999 Ukendt	2022	36
787 Thisted	9999 Ukendt	2023	56
787 Thisted	9999 Ukendt	2024	37
787 Thisted	9999 Ukendt	2025	37
787 Thisted	9999 Ukendt	2026	34
791 Viborg	7470 Karup J	2010	7134
791 Viborg	7470 Karup J	2011	7051
791 Viborg	7470 Karup J	2012	6994
791 Viborg	7470 Karup J	2013	6937
791 Viborg	7470 Karup J	2014	6934
791 Viborg	7470 Karup J	2015	6913
791 Viborg	7470 Karup J	2016	6920
791 Viborg	7470 Karup J	2017	6947
791 Viborg	7470 Karup J	2018	6952
791 Viborg	7470 Karup J	2019	6928
791 Viborg	7470 Karup J	2020	6869
791 Viborg	7470 Karup J	2021	6797
791 Viborg	7470 Karup J	2022	6767
791 Viborg	7470 Karup J	2023	6751
791 Viborg	7470 Karup J	2024	6670
791 Viborg	7470 Karup J	2025	6653
791 Viborg	7470 Karup J	2026	6566
791 Viborg	7800 Skive	2010	1862
791 Viborg	7800 Skive	2011	1842
791 Viborg	7800 Skive	2012	1817
791 Viborg	7800 Skive	2013	1790
791 Viborg	7800 Skive	2014	1782
791 Viborg	7800 Skive	2015	1770
791 Viborg	7800 Skive	2016	1778
791 Viborg	7800 Skive	2017	1789
791 Viborg	7800 Skive	2018	1764
791 Viborg	7800 Skive	2019	1777
791 Viborg	7800 Skive	2020	1766
791 Viborg	7800 Skive	2021	1752
791 Viborg	7800 Skive	2022	1739
791 Viborg	7800 Skive	2023	1726
791 Viborg	7800 Skive	2024	1716
791 Viborg	7800 Skive	2025	1687
791 Viborg	7800 Skive	2026	1686
791 Viborg	7840 Højslev	2010	25
791 Viborg	7840 Højslev	2011	25
791 Viborg	7840 Højslev	2012	24
791 Viborg	7840 Højslev	2013	23
791 Viborg	7840 Højslev	2014	19
791 Viborg	7840 Højslev	2015	19
791 Viborg	7840 Højslev	2016	18
791 Viborg	7840 Højslev	2017	20
791 Viborg	7840 Højslev	2018	22
791 Viborg	7840 Højslev	2019	18
791 Viborg	7840 Højslev	2020	17
791 Viborg	7840 Højslev	2021	18
791 Viborg	7840 Højslev	2022	18
791 Viborg	7840 Højslev	2023	16
791 Viborg	7840 Højslev	2024	14
791 Viborg	7840 Højslev	2025	13
791 Viborg	7840 Højslev	2026	13
791 Viborg	7850 Stoholm Jyll	2010	3679
791 Viborg	7850 Stoholm Jyll	2011	3691
791 Viborg	7850 Stoholm Jyll	2012	3732
791 Viborg	7850 Stoholm Jyll	2013	3699
791 Viborg	7850 Stoholm Jyll	2014	3679
791 Viborg	7850 Stoholm Jyll	2015	3644
791 Viborg	7850 Stoholm Jyll	2016	3672
791 Viborg	7850 Stoholm Jyll	2017	3713
791 Viborg	7850 Stoholm Jyll	2018	3724
791 Viborg	7850 Stoholm Jyll	2019	3724
791 Viborg	7850 Stoholm Jyll	2020	3684
791 Viborg	7850 Stoholm Jyll	2021	3658
791 Viborg	7850 Stoholm Jyll	2022	3674
791 Viborg	7850 Stoholm Jyll	2023	3712
791 Viborg	7850 Stoholm Jyll	2024	3684
791 Viborg	7850 Stoholm Jyll	2025	3647
791 Viborg	7850 Stoholm Jyll	2026	3652
791 Viborg	8620 Kjellerup	2010	5
791 Viborg	8620 Kjellerup	2011	4
791 Viborg	8620 Kjellerup	2012	4
791 Viborg	8620 Kjellerup	2013	2
791 Viborg	8620 Kjellerup	2014	2
791 Viborg	8620 Kjellerup	2015	2
791 Viborg	8620 Kjellerup	2016	2
791 Viborg	8620 Kjellerup	2017	2
791 Viborg	8620 Kjellerup	2018	2
791 Viborg	8620 Kjellerup	2019	2
791 Viborg	8620 Kjellerup	2020	2
791 Viborg	8620 Kjellerup	2021	4
791 Viborg	8620 Kjellerup	2022	4
791 Viborg	8620 Kjellerup	2023	4
791 Viborg	8620 Kjellerup	2024	1
791 Viborg	8620 Kjellerup	2025	1
791 Viborg	8620 Kjellerup	2026	1
791 Viborg	8643 Ans By	2010	6
791 Viborg	8643 Ans By	2011	5
791 Viborg	8643 Ans By	2012	5
791 Viborg	8643 Ans By	2013	5
791 Viborg	8643 Ans By	2014	5
791 Viborg	8643 Ans By	2015	5
791 Viborg	8643 Ans By	2016	5
791 Viborg	8643 Ans By	2017	5
791 Viborg	8643 Ans By	2018	5
791 Viborg	8643 Ans By	2019	5
791 Viborg	8643 Ans By	2020	5
791 Viborg	8643 Ans By	2021	5
791 Viborg	8643 Ans By	2022	5
791 Viborg	8643 Ans By	2023	5
791 Viborg	8643 Ans By	2024	5
791 Viborg	8643 Ans By	2025	5
791 Viborg	8643 Ans By	2026	5
791 Viborg	8800 Viborg	2010	45909
791 Viborg	8800 Viborg	2011	46165
791 Viborg	8800 Viborg	2012	46608
791 Viborg	8800 Viborg	2013	47168
791 Viborg	8800 Viborg	2014	47473
791 Viborg	8800 Viborg	2015	48089
791 Viborg	8800 Viborg	2016	48729
791 Viborg	8800 Viborg	2017	49190
791 Viborg	8800 Viborg	2018	49480
791 Viborg	8800 Viborg	2019	49762
791 Viborg	8800 Viborg	2020	49820
791 Viborg	8800 Viborg	2021	49843
791 Viborg	8800 Viborg	2022	50063
791 Viborg	8800 Viborg	2023	50976
791 Viborg	8800 Viborg	2024	51121
791 Viborg	8800 Viborg	2025	51502
791 Viborg	8800 Viborg	2026	52015
791 Viborg	8830 Tjele	2010	8843
791 Viborg	8830 Tjele	2011	9082
791 Viborg	8830 Tjele	2012	9081
791 Viborg	8830 Tjele	2013	9115
791 Viborg	8830 Tjele	2014	9072
791 Viborg	8830 Tjele	2015	9124
791 Viborg	8830 Tjele	2016	9065
791 Viborg	8830 Tjele	2017	9098
791 Viborg	8830 Tjele	2018	9211
791 Viborg	8830 Tjele	2019	9186
791 Viborg	8830 Tjele	2020	9104
791 Viborg	8830 Tjele	2021	9063
791 Viborg	8830 Tjele	2022	9026
791 Viborg	8830 Tjele	2023	9063
791 Viborg	8830 Tjele	2024	8983
791 Viborg	8830 Tjele	2025	8985
791 Viborg	8830 Tjele	2026	8880
791 Viborg	8831 Løgstrup	2010	3117
791 Viborg	8831 Løgstrup	2011	3143
791 Viborg	8831 Løgstrup	2012	3188
791 Viborg	8831 Løgstrup	2013	3210
791 Viborg	8831 Løgstrup	2014	3200
791 Viborg	8831 Løgstrup	2015	3206
791 Viborg	8831 Løgstrup	2016	3249
791 Viborg	8831 Løgstrup	2017	3289
791 Viborg	8831 Løgstrup	2018	3287
791 Viborg	8831 Løgstrup	2019	3280
791 Viborg	8831 Løgstrup	2020	3264
791 Viborg	8831 Løgstrup	2021	3294
791 Viborg	8831 Løgstrup	2022	3346
791 Viborg	8831 Løgstrup	2023	3330
791 Viborg	8831 Løgstrup	2024	3329
791 Viborg	8831 Løgstrup	2025	3294
791 Viborg	8831 Løgstrup	2026	3270
791 Viborg	8832 Skals	2010	3770
791 Viborg	8832 Skals	2011	3742
791 Viborg	8832 Skals	2012	3755
791 Viborg	8832 Skals	2013	3742
791 Viborg	8832 Skals	2014	3720
791 Viborg	8832 Skals	2015	3711
791 Viborg	8832 Skals	2016	3681
791 Viborg	8832 Skals	2017	3702
791 Viborg	8832 Skals	2018	3679
791 Viborg	8832 Skals	2019	3647
791 Viborg	8832 Skals	2020	3678
791 Viborg	8832 Skals	2021	3627
791 Viborg	8832 Skals	2022	3535
791 Viborg	8832 Skals	2023	3524
791 Viborg	8832 Skals	2024	3522
791 Viborg	8832 Skals	2025	3469
791 Viborg	8832 Skals	2026	3477
791 Viborg	8840 Rødkærsbro	2010	2666
791 Viborg	8840 Rødkærsbro	2011	2700
791 Viborg	8840 Rødkærsbro	2012	2666
791 Viborg	8840 Rødkærsbro	2013	2620
791 Viborg	8840 Rødkærsbro	2014	2615
791 Viborg	8840 Rødkærsbro	2015	2554
791 Viborg	8840 Rødkærsbro	2016	2632
791 Viborg	8840 Rødkærsbro	2017	2693
791 Viborg	8840 Rødkærsbro	2018	2735
791 Viborg	8840 Rødkærsbro	2019	2727
791 Viborg	8840 Rødkærsbro	2020	2760
791 Viborg	8840 Rødkærsbro	2021	2713
791 Viborg	8840 Rødkærsbro	2022	2693
791 Viborg	8840 Rødkærsbro	2023	2707
791 Viborg	8840 Rødkærsbro	2024	2662
791 Viborg	8840 Rødkærsbro	2025	2714
791 Viborg	8840 Rødkærsbro	2026	2718
791 Viborg	8850 Bjerringbro	2010	11129
791 Viborg	8850 Bjerringbro	2011	11079
791 Viborg	8850 Bjerringbro	2012	10983
791 Viborg	8850 Bjerringbro	2013	11056
791 Viborg	8850 Bjerringbro	2014	11024
791 Viborg	8850 Bjerringbro	2015	10952
791 Viborg	8850 Bjerringbro	2016	11017
791 Viborg	8850 Bjerringbro	2017	11091
791 Viborg	8850 Bjerringbro	2018	11050
791 Viborg	8850 Bjerringbro	2019	11076
791 Viborg	8850 Bjerringbro	2020	10999
791 Viborg	8850 Bjerringbro	2021	10929
791 Viborg	8850 Bjerringbro	2022	11027
791 Viborg	8850 Bjerringbro	2023	11045
791 Viborg	8850 Bjerringbro	2024	10934
791 Viborg	8850 Bjerringbro	2025	10874
791 Viborg	8850 Bjerringbro	2026	10862
791 Viborg	8860 Ulstrup	2010	5
791 Viborg	8860 Ulstrup	2011	2
791 Viborg	8860 Ulstrup	2012	6
791 Viborg	8860 Ulstrup	2013	6
791 Viborg	8860 Ulstrup	2014	7
791 Viborg	8860 Ulstrup	2015	7
791 Viborg	8860 Ulstrup	2016	8
791 Viborg	8860 Ulstrup	2017	8
791 Viborg	8860 Ulstrup	2018	8
791 Viborg	8860 Ulstrup	2019	9
791 Viborg	8860 Ulstrup	2020	9
791 Viborg	8860 Ulstrup	2021	9
791 Viborg	8860 Ulstrup	2022	9
791 Viborg	8860 Ulstrup	2023	9
791 Viborg	8860 Ulstrup	2024	9
791 Viborg	8860 Ulstrup	2025	9
791 Viborg	8860 Ulstrup	2026	9
791 Viborg	8900 Randers C	2010	0
791 Viborg	8900 Randers C	2011	0
791 Viborg	8900 Randers C	2012	0
791 Viborg	8900 Randers C	2013	0
791 Viborg	8900 Randers C	2014	0
791 Viborg	8900 Randers C	2015	0
791 Viborg	8900 Randers C	2016	0
791 Viborg	8900 Randers C	2017	0
791 Viborg	8900 Randers C	2018	0
791 Viborg	8900 Randers C	2019	0
791 Viborg	8900 Randers C	2020	0
791 Viborg	8900 Randers C	2021	0
791 Viborg	8900 Randers C	2022	0
791 Viborg	8900 Randers C	2023	0
791 Viborg	8900 Randers C	2024	0
791 Viborg	8900 Randers C	2025	0
791 Viborg	8900 Randers C	2026	0
791 Viborg	8920 Randers NV	2010	226
791 Viborg	8920 Randers NV	2011	0
791 Viborg	8920 Randers NV	2012	0
791 Viborg	8920 Randers NV	2013	0
791 Viborg	8920 Randers NV	2014	0
791 Viborg	8920 Randers NV	2015	0
791 Viborg	8920 Randers NV	2016	0
791 Viborg	8920 Randers NV	2017	0
791 Viborg	8920 Randers NV	2018	0
791 Viborg	8920 Randers NV	2019	0
791 Viborg	8920 Randers NV	2020	0
791 Viborg	8920 Randers NV	2021	0
791 Viborg	8920 Randers NV	2022	0
791 Viborg	8920 Randers NV	2023	0
791 Viborg	8920 Randers NV	2024	0
791 Viborg	8920 Randers NV	2025	0
791 Viborg	8920 Randers NV	2026	0
791 Viborg	9500 Hobro	2010	1400
791 Viborg	9500 Hobro	2011	1420
791 Viborg	9500 Hobro	2012	1433
791 Viborg	9500 Hobro	2013	1446
791 Viborg	9500 Hobro	2014	1435
791 Viborg	9500 Hobro	2015	1473
791 Viborg	9500 Hobro	2016	1468
791 Viborg	9500 Hobro	2017	1433
791 Viborg	9500 Hobro	2018	1437
791 Viborg	9500 Hobro	2019	1439
791 Viborg	9500 Hobro	2020	1432
791 Viborg	9500 Hobro	2021	1437
791 Viborg	9500 Hobro	2022	1408
791 Viborg	9500 Hobro	2023	1409
791 Viborg	9500 Hobro	2024	1392
791 Viborg	9500 Hobro	2025	1368
791 Viborg	9500 Hobro	2026	1346
791 Viborg	9620 Aalestrup	2010	655
791 Viborg	9620 Aalestrup	2011	650
791 Viborg	9620 Aalestrup	2012	633
791 Viborg	9620 Aalestrup	2013	624
791 Viborg	9620 Aalestrup	2014	641
791 Viborg	9620 Aalestrup	2015	633
791 Viborg	9620 Aalestrup	2016	622
791 Viborg	9620 Aalestrup	2017	614
791 Viborg	9620 Aalestrup	2018	628
791 Viborg	9620 Aalestrup	2019	622
791 Viborg	9620 Aalestrup	2020	623
791 Viborg	9620 Aalestrup	2021	629
791 Viborg	9620 Aalestrup	2022	619
791 Viborg	9620 Aalestrup	2023	592
791 Viborg	9620 Aalestrup	2024	593
791 Viborg	9620 Aalestrup	2025	580
791 Viborg	9620 Aalestrup	2026	555
791 Viborg	9631 Gedsted	2010	14
791 Viborg	9631 Gedsted	2011	12
791 Viborg	9631 Gedsted	2012	18
791 Viborg	9631 Gedsted	2013	19
791 Viborg	9631 Gedsted	2014	22
791 Viborg	9631 Gedsted	2015	24
791 Viborg	9631 Gedsted	2016	24
791 Viborg	9631 Gedsted	2017	30
791 Viborg	9631 Gedsted	2018	32
791 Viborg	9631 Gedsted	2019	30
791 Viborg	9631 Gedsted	2020	28
791 Viborg	9631 Gedsted	2021	26
791 Viborg	9631 Gedsted	2022	23
791 Viborg	9631 Gedsted	2023	25
791 Viborg	9631 Gedsted	2024	21
791 Viborg	9631 Gedsted	2025	22
791 Viborg	9631 Gedsted	2026	22
791 Viborg	9632 Møldrup	2010	2786
791 Viborg	9632 Møldrup	2011	2762
791 Viborg	9632 Møldrup	2012	2752
791 Viborg	9632 Møldrup	2013	2756
791 Viborg	9632 Møldrup	2014	2721
791 Viborg	9632 Møldrup	2015	2725
791 Viborg	9632 Møldrup	2016	2719
791 Viborg	9632 Møldrup	2017	2732
791 Viborg	9632 Møldrup	2018	2722
791 Viborg	9632 Møldrup	2019	2737
791 Viborg	9632 Møldrup	2020	2724
791 Viborg	9632 Møldrup	2021	2742
791 Viborg	9632 Møldrup	2022	2728
791 Viborg	9632 Møldrup	2023	2659
791 Viborg	9632 Møldrup	2024	2664
791 Viborg	9632 Møldrup	2025	2644
791 Viborg	9632 Møldrup	2026	2662
791 Viborg	9999 Ukendt	2010	79
791 Viborg	9999 Ukendt	2011	123
791 Viborg	9999 Ukendt	2012	120
791 Viborg	9999 Ukendt	2013	115
791 Viborg	9999 Ukendt	2014	135
791 Viborg	9999 Ukendt	2015	134
791 Viborg	9999 Ukendt	2016	167
791 Viborg	9999 Ukendt	2017	121
791 Viborg	9999 Ukendt	2018	145
791 Viborg	9999 Ukendt	2019	144
791 Viborg	9999 Ukendt	2020	137
791 Viborg	9999 Ukendt	2021	133
791 Viborg	9999 Ukendt	2022	163
791 Viborg	9999 Ukendt	2023	178
791 Viborg	9999 Ukendt	2024	152
791 Viborg	9999 Ukendt	2025	154
791 Viborg	9999 Ukendt	2026	135
810 Brønderslev	9320 Hjallerup	2010	6057
810 Brønderslev	9320 Hjallerup	2011	6118
810 Brønderslev	9320 Hjallerup	2012	6108
810 Brønderslev	9320 Hjallerup	2013	6110
810 Brønderslev	9320 Hjallerup	2014	6103
810 Brønderslev	9320 Hjallerup	2015	6141
810 Brønderslev	9320 Hjallerup	2016	6160
810 Brønderslev	9320 Hjallerup	2017	6147
810 Brønderslev	9320 Hjallerup	2018	6218
810 Brønderslev	9320 Hjallerup	2019	6359
810 Brønderslev	9320 Hjallerup	2020	6441
810 Brønderslev	9320 Hjallerup	2021	6427
810 Brønderslev	9320 Hjallerup	2022	6441
810 Brønderslev	9320 Hjallerup	2023	6540
810 Brønderslev	9320 Hjallerup	2024	6600
810 Brønderslev	9320 Hjallerup	2025	6640
810 Brønderslev	9320 Hjallerup	2026	6650
810 Brønderslev	9330 Dronninglund	2010	7264
810 Brønderslev	9330 Dronninglund	2011	7222
810 Brønderslev	9330 Dronninglund	2012	7206
810 Brønderslev	9330 Dronninglund	2013	7235
810 Brønderslev	9330 Dronninglund	2014	7239
810 Brønderslev	9330 Dronninglund	2015	7290
810 Brønderslev	9330 Dronninglund	2016	7356
810 Brønderslev	9330 Dronninglund	2017	7326
810 Brønderslev	9330 Dronninglund	2018	7343
810 Brønderslev	9330 Dronninglund	2019	7275
810 Brønderslev	9330 Dronninglund	2020	7242
810 Brønderslev	9330 Dronninglund	2021	7183
810 Brønderslev	9330 Dronninglund	2022	7222
810 Brønderslev	9330 Dronninglund	2023	7250
810 Brønderslev	9330 Dronninglund	2024	7294
810 Brønderslev	9330 Dronninglund	2025	7335
810 Brønderslev	9330 Dronninglund	2026	7346
810 Brønderslev	9340 Asaa	2010	1945
810 Brønderslev	9340 Asaa	2011	1901
810 Brønderslev	9340 Asaa	2012	1887
810 Brønderslev	9340 Asaa	2013	1838
810 Brønderslev	9340 Asaa	2014	1855
810 Brønderslev	9340 Asaa	2015	1818
810 Brønderslev	9340 Asaa	2016	1808
810 Brønderslev	9340 Asaa	2017	1815
810 Brønderslev	9340 Asaa	2018	1809
810 Brønderslev	9340 Asaa	2019	1799
810 Brønderslev	9340 Asaa	2020	1774
810 Brønderslev	9340 Asaa	2021	1766
810 Brønderslev	9340 Asaa	2022	1733
810 Brønderslev	9340 Asaa	2023	1736
810 Brønderslev	9340 Asaa	2024	1734
810 Brønderslev	9340 Asaa	2025	1716
810 Brønderslev	9340 Asaa	2026	1671
810 Brønderslev	9352 Dybvad	2010	94
810 Brønderslev	9352 Dybvad	2011	95
810 Brønderslev	9352 Dybvad	2012	91
810 Brønderslev	9352 Dybvad	2013	93
810 Brønderslev	9352 Dybvad	2014	86
810 Brønderslev	9352 Dybvad	2015	89
810 Brønderslev	9352 Dybvad	2016	76
810 Brønderslev	9352 Dybvad	2017	79
810 Brønderslev	9352 Dybvad	2018	90
810 Brønderslev	9352 Dybvad	2019	95
810 Brønderslev	9352 Dybvad	2020	96
810 Brønderslev	9352 Dybvad	2021	93
810 Brønderslev	9352 Dybvad	2022	95
810 Brønderslev	9352 Dybvad	2023	91
810 Brønderslev	9352 Dybvad	2024	92
810 Brønderslev	9352 Dybvad	2025	90
810 Brønderslev	9352 Dybvad	2026	89
810 Brønderslev	9370 Hals	2010	67
810 Brønderslev	9370 Hals	2011	64
810 Brønderslev	9370 Hals	2012	60
810 Brønderslev	9370 Hals	2013	64
810 Brønderslev	9370 Hals	2014	67
810 Brønderslev	9370 Hals	2015	64
810 Brønderslev	9370 Hals	2016	70
810 Brønderslev	9370 Hals	2017	70
810 Brønderslev	9370 Hals	2018	71
810 Brønderslev	9370 Hals	2019	62
810 Brønderslev	9370 Hals	2020	59
810 Brønderslev	9370 Hals	2021	67
810 Brønderslev	9370 Hals	2022	72
810 Brønderslev	9370 Hals	2023	72
810 Brønderslev	9370 Hals	2024	73
810 Brønderslev	9370 Hals	2025	69
810 Brønderslev	9370 Hals	2026	57
810 Brønderslev	9382 Tylstrup	2010	286
810 Brønderslev	9382 Tylstrup	2011	267
810 Brønderslev	9382 Tylstrup	2012	280
810 Brønderslev	9382 Tylstrup	2013	288
810 Brønderslev	9382 Tylstrup	2014	277
810 Brønderslev	9382 Tylstrup	2015	270
810 Brønderslev	9382 Tylstrup	2016	273
810 Brønderslev	9382 Tylstrup	2017	272
810 Brønderslev	9382 Tylstrup	2018	255
810 Brønderslev	9382 Tylstrup	2019	235
810 Brønderslev	9382 Tylstrup	2020	239
810 Brønderslev	9382 Tylstrup	2021	234
810 Brønderslev	9382 Tylstrup	2022	241
810 Brønderslev	9382 Tylstrup	2023	239
810 Brønderslev	9382 Tylstrup	2024	235
810 Brønderslev	9382 Tylstrup	2025	235
810 Brønderslev	9382 Tylstrup	2026	228
810 Brønderslev	9440 Aabybro	2010	4
810 Brønderslev	9440 Aabybro	2011	4
810 Brønderslev	9440 Aabybro	2012	5
810 Brønderslev	9440 Aabybro	2013	4
810 Brønderslev	9440 Aabybro	2014	4
810 Brønderslev	9440 Aabybro	2015	4
810 Brønderslev	9440 Aabybro	2016	4
810 Brønderslev	9440 Aabybro	2017	4
810 Brønderslev	9440 Aabybro	2018	4
810 Brønderslev	9440 Aabybro	2019	3
810 Brønderslev	9440 Aabybro	2020	4
810 Brønderslev	9440 Aabybro	2021	5
810 Brønderslev	9440 Aabybro	2022	4
810 Brønderslev	9440 Aabybro	2023	4
810 Brønderslev	9440 Aabybro	2024	4
810 Brønderslev	9440 Aabybro	2025	4
810 Brønderslev	9440 Aabybro	2026	4
810 Brønderslev	9480 Løkken	2010	7
810 Brønderslev	9480 Løkken	2011	7
810 Brønderslev	9480 Løkken	2012	7
810 Brønderslev	9480 Løkken	2013	7
810 Brønderslev	9480 Løkken	2014	7
810 Brønderslev	9480 Løkken	2015	7
810 Brønderslev	9480 Løkken	2016	7
810 Brønderslev	9480 Løkken	2017	7
810 Brønderslev	9480 Løkken	2018	8
810 Brønderslev	9480 Løkken	2019	7
810 Brønderslev	9480 Løkken	2020	7
810 Brønderslev	9480 Løkken	2021	8
810 Brønderslev	9480 Løkken	2022	8
810 Brønderslev	9480 Løkken	2023	8
810 Brønderslev	9480 Løkken	2024	8
810 Brønderslev	9480 Løkken	2025	10
810 Brønderslev	9480 Løkken	2026	10
810 Brønderslev	9700 Brønderslev	2010	17454
810 Brønderslev	9700 Brønderslev	2011	17488
810 Brønderslev	9700 Brønderslev	2012	17504
810 Brønderslev	9700 Brønderslev	2013	17441
810 Brønderslev	9700 Brønderslev	2014	17507
810 Brønderslev	9700 Brønderslev	2015	17635
810 Brønderslev	9700 Brønderslev	2016	17845
810 Brønderslev	9700 Brønderslev	2017	17941
810 Brønderslev	9700 Brønderslev	2018	18056
810 Brønderslev	9700 Brønderslev	2019	18097
810 Brønderslev	9700 Brønderslev	2020	18041
810 Brønderslev	9700 Brønderslev	2021	17972
810 Brønderslev	9700 Brønderslev	2022	17977
810 Brønderslev	9700 Brønderslev	2023	18187
810 Brønderslev	9700 Brønderslev	2024	18195
810 Brønderslev	9700 Brønderslev	2025	18254
810 Brønderslev	9700 Brønderslev	2026	18092
810 Brønderslev	9740 Jerslev J	2010	2527
810 Brønderslev	9740 Jerslev J	2011	2512
810 Brønderslev	9740 Jerslev J	2012	2475
810 Brønderslev	9740 Jerslev J	2013	2429
810 Brønderslev	9740 Jerslev J	2014	2393
810 Brønderslev	9740 Jerslev J	2015	2366
810 Brønderslev	9740 Jerslev J	2016	2343
810 Brønderslev	9740 Jerslev J	2017	2360
810 Brønderslev	9740 Jerslev J	2018	2322
810 Brønderslev	9740 Jerslev J	2019	2342
810 Brønderslev	9740 Jerslev J	2020	2315
810 Brønderslev	9740 Jerslev J	2021	2329
810 Brønderslev	9740 Jerslev J	2022	2331
810 Brønderslev	9740 Jerslev J	2023	2325
810 Brønderslev	9740 Jerslev J	2024	2295
810 Brønderslev	9740 Jerslev J	2025	2272
810 Brønderslev	9740 Jerslev J	2026	2300
810 Brønderslev	9750 Østervrå	2010	36
810 Brønderslev	9750 Østervrå	2011	39
810 Brønderslev	9750 Østervrå	2012	37
810 Brønderslev	9750 Østervrå	2013	36
810 Brønderslev	9750 Østervrå	2014	34
810 Brønderslev	9750 Østervrå	2015	30
810 Brønderslev	9750 Østervrå	2016	30
810 Brønderslev	9750 Østervrå	2017	30
810 Brønderslev	9750 Østervrå	2018	30
810 Brønderslev	9750 Østervrå	2019	31
810 Brønderslev	9750 Østervrå	2020	28
810 Brønderslev	9750 Østervrå	2021	32
810 Brønderslev	9750 Østervrå	2022	31
810 Brønderslev	9750 Østervrå	2023	29
810 Brønderslev	9750 Østervrå	2024	28
810 Brønderslev	9750 Østervrå	2025	23
810 Brønderslev	9750 Østervrå	2026	23
810 Brønderslev	9760 Vrå	2010	25
810 Brønderslev	9760 Vrå	2011	27
810 Brønderslev	9760 Vrå	2012	29
810 Brønderslev	9760 Vrå	2013	26
810 Brønderslev	9760 Vrå	2014	28
810 Brønderslev	9760 Vrå	2015	26
810 Brønderslev	9760 Vrå	2016	27
810 Brønderslev	9760 Vrå	2017	27
810 Brønderslev	9760 Vrå	2018	30
810 Brønderslev	9760 Vrå	2019	30
810 Brønderslev	9760 Vrå	2020	30
810 Brønderslev	9760 Vrå	2021	31
810 Brønderslev	9760 Vrå	2022	31
810 Brønderslev	9760 Vrå	2023	31
810 Brønderslev	9760 Vrå	2024	29
810 Brønderslev	9760 Vrå	2025	28
810 Brønderslev	9760 Vrå	2026	29
810 Brønderslev	9999 Ukendt	2010	38
810 Brønderslev	9999 Ukendt	2011	45
810 Brønderslev	9999 Ukendt	2012	65
810 Brønderslev	9999 Ukendt	2013	29
810 Brønderslev	9999 Ukendt	2014	27
810 Brønderslev	9999 Ukendt	2015	41
810 Brønderslev	9999 Ukendt	2016	48
810 Brønderslev	9999 Ukendt	2017	50
810 Brønderslev	9999 Ukendt	2018	53
810 Brønderslev	9999 Ukendt	2019	35
810 Brønderslev	9999 Ukendt	2020	28
810 Brønderslev	9999 Ukendt	2021	30
810 Brønderslev	9999 Ukendt	2022	8
810 Brønderslev	9999 Ukendt	2023	28
810 Brønderslev	9999 Ukendt	2024	27
810 Brønderslev	9999 Ukendt	2025	30
810 Brønderslev	9999 Ukendt	2026	30
813 Frederikshavn	9300 Sæby	2010	12571
813 Frederikshavn	9300 Sæby	2011	12523
813 Frederikshavn	9300 Sæby	2012	12399
813 Frederikshavn	9300 Sæby	2013	12279
813 Frederikshavn	9300 Sæby	2014	12283
813 Frederikshavn	9300 Sæby	2015	12277
813 Frederikshavn	9300 Sæby	2016	12355
813 Frederikshavn	9300 Sæby	2017	12322
813 Frederikshavn	9300 Sæby	2018	12283
813 Frederikshavn	9300 Sæby	2019	12268
813 Frederikshavn	9300 Sæby	2020	12254
813 Frederikshavn	9300 Sæby	2021	12173
813 Frederikshavn	9300 Sæby	2022	12180
813 Frederikshavn	9300 Sæby	2023	12170
813 Frederikshavn	9300 Sæby	2024	12120
813 Frederikshavn	9300 Sæby	2025	12208
813 Frederikshavn	9300 Sæby	2026	12171
813 Frederikshavn	9330 Dronninglund	2010	564
813 Frederikshavn	9330 Dronninglund	2011	536
813 Frederikshavn	9330 Dronninglund	2012	538
813 Frederikshavn	9330 Dronninglund	2013	532
813 Frederikshavn	9330 Dronninglund	2014	540
813 Frederikshavn	9330 Dronninglund	2015	543
813 Frederikshavn	9330 Dronninglund	2016	510
813 Frederikshavn	9330 Dronninglund	2017	522
813 Frederikshavn	9330 Dronninglund	2018	499
813 Frederikshavn	9330 Dronninglund	2019	514
813 Frederikshavn	9330 Dronninglund	2020	506
813 Frederikshavn	9330 Dronninglund	2021	517
813 Frederikshavn	9330 Dronninglund	2022	513
813 Frederikshavn	9330 Dronninglund	2023	508
813 Frederikshavn	9330 Dronninglund	2024	501
813 Frederikshavn	9330 Dronninglund	2025	463
813 Frederikshavn	9330 Dronninglund	2026	466
813 Frederikshavn	9340 Asaa	2010	57
813 Frederikshavn	9340 Asaa	2011	66
813 Frederikshavn	9340 Asaa	2012	64
813 Frederikshavn	9340 Asaa	2013	58
813 Frederikshavn	9340 Asaa	2014	59
813 Frederikshavn	9340 Asaa	2015	60
813 Frederikshavn	9340 Asaa	2016	55
813 Frederikshavn	9340 Asaa	2017	56
813 Frederikshavn	9340 Asaa	2018	54
813 Frederikshavn	9340 Asaa	2019	52
813 Frederikshavn	9340 Asaa	2020	53
813 Frederikshavn	9340 Asaa	2021	56
813 Frederikshavn	9340 Asaa	2022	54
813 Frederikshavn	9340 Asaa	2023	48
813 Frederikshavn	9340 Asaa	2024	51
813 Frederikshavn	9340 Asaa	2025	42
813 Frederikshavn	9340 Asaa	2026	45
813 Frederikshavn	9352 Dybvad	2010	1765
813 Frederikshavn	9352 Dybvad	2011	1734
813 Frederikshavn	9352 Dybvad	2012	1727
813 Frederikshavn	9352 Dybvad	2013	1665
813 Frederikshavn	9352 Dybvad	2014	1639
813 Frederikshavn	9352 Dybvad	2015	1599
813 Frederikshavn	9352 Dybvad	2016	1561
813 Frederikshavn	9352 Dybvad	2017	1591
813 Frederikshavn	9352 Dybvad	2018	1561
813 Frederikshavn	9352 Dybvad	2019	1570
813 Frederikshavn	9352 Dybvad	2020	1551
813 Frederikshavn	9352 Dybvad	2021	1521
813 Frederikshavn	9352 Dybvad	2022	1536
813 Frederikshavn	9352 Dybvad	2023	1511
813 Frederikshavn	9352 Dybvad	2024	1493
813 Frederikshavn	9352 Dybvad	2025	1481
813 Frederikshavn	9352 Dybvad	2026	1467
813 Frederikshavn	9750 Østervrå	2010	2866
813 Frederikshavn	9750 Østervrå	2011	2814
813 Frederikshavn	9750 Østervrå	2012	2824
813 Frederikshavn	9750 Østervrå	2013	2760
813 Frederikshavn	9750 Østervrå	2014	2750
813 Frederikshavn	9750 Østervrå	2015	2678
813 Frederikshavn	9750 Østervrå	2016	2646
813 Frederikshavn	9750 Østervrå	2017	2654
813 Frederikshavn	9750 Østervrå	2018	2640
813 Frederikshavn	9750 Østervrå	2019	2618
813 Frederikshavn	9750 Østervrå	2020	2606
813 Frederikshavn	9750 Østervrå	2021	2549
813 Frederikshavn	9750 Østervrå	2022	2573
813 Frederikshavn	9750 Østervrå	2023	2545
813 Frederikshavn	9750 Østervrå	2024	2526
813 Frederikshavn	9750 Østervrå	2025	2477
813 Frederikshavn	9750 Østervrå	2026	2484
813 Frederikshavn	9830 Tårs	2010	19
813 Frederikshavn	9830 Tårs	2011	16
813 Frederikshavn	9830 Tårs	2012	15
813 Frederikshavn	9830 Tårs	2013	15
813 Frederikshavn	9830 Tårs	2014	18
813 Frederikshavn	9830 Tårs	2015	19
813 Frederikshavn	9830 Tårs	2016	18
813 Frederikshavn	9830 Tårs	2017	21
813 Frederikshavn	9830 Tårs	2018	22
813 Frederikshavn	9830 Tårs	2019	23
813 Frederikshavn	9830 Tårs	2020	23
813 Frederikshavn	9830 Tårs	2021	19
813 Frederikshavn	9830 Tårs	2022	15
813 Frederikshavn	9830 Tårs	2023	17
813 Frederikshavn	9830 Tårs	2024	18
813 Frederikshavn	9830 Tårs	2025	13
813 Frederikshavn	9830 Tårs	2026	19
813 Frederikshavn	9870 Sindal	2010	2
813 Frederikshavn	9870 Sindal	2011	2
813 Frederikshavn	9870 Sindal	2012	5
813 Frederikshavn	9870 Sindal	2013	3
813 Frederikshavn	9870 Sindal	2014	3
813 Frederikshavn	9870 Sindal	2015	5
813 Frederikshavn	9870 Sindal	2016	2
813 Frederikshavn	9870 Sindal	2017	2
813 Frederikshavn	9870 Sindal	2018	2
813 Frederikshavn	9870 Sindal	2019	2
813 Frederikshavn	9870 Sindal	2020	1
813 Frederikshavn	9870 Sindal	2021	1
813 Frederikshavn	9870 Sindal	2022	3
813 Frederikshavn	9870 Sindal	2023	3
813 Frederikshavn	9870 Sindal	2024	3
813 Frederikshavn	9870 Sindal	2025	3
813 Frederikshavn	9870 Sindal	2026	4
813 Frederikshavn	9881 Bindslev	2010	3
813 Frederikshavn	9881 Bindslev	2011	3
813 Frederikshavn	9881 Bindslev	2012	1
813 Frederikshavn	9881 Bindslev	2013	1
813 Frederikshavn	9881 Bindslev	2014	1
813 Frederikshavn	9881 Bindslev	2015	1
813 Frederikshavn	9881 Bindslev	2016	1
813 Frederikshavn	9881 Bindslev	2017	1
813 Frederikshavn	9881 Bindslev	2018	1
813 Frederikshavn	9881 Bindslev	2019	1
813 Frederikshavn	9881 Bindslev	2020	1
813 Frederikshavn	9881 Bindslev	2021	1
813 Frederikshavn	9881 Bindslev	2022	1
813 Frederikshavn	9881 Bindslev	2023	1
813 Frederikshavn	9881 Bindslev	2024	1
813 Frederikshavn	9881 Bindslev	2025	1
813 Frederikshavn	9881 Bindslev	2026	1
813 Frederikshavn	9900 Frederikshavn	2010	29863
813 Frederikshavn	9900 Frederikshavn	2011	29795
813 Frederikshavn	9900 Frederikshavn	2012	29682
813 Frederikshavn	9900 Frederikshavn	2013	29677
813 Frederikshavn	9900 Frederikshavn	2014	29521
813 Frederikshavn	9900 Frederikshavn	2015	29643
813 Frederikshavn	9900 Frederikshavn	2016	29672
813 Frederikshavn	9900 Frederikshavn	2017	29793
813 Frederikshavn	9900 Frederikshavn	2018	29667
813 Frederikshavn	9900 Frederikshavn	2019	29610
813 Frederikshavn	9900 Frederikshavn	2020	29473
813 Frederikshavn	9900 Frederikshavn	2021	29196
813 Frederikshavn	9900 Frederikshavn	2022	29137
813 Frederikshavn	9900 Frederikshavn	2023	29242
813 Frederikshavn	9900 Frederikshavn	2024	28937
813 Frederikshavn	9900 Frederikshavn	2025	28553
813 Frederikshavn	9900 Frederikshavn	2026	28469
813 Frederikshavn	9970 Strandby	2010	2521
813 Frederikshavn	9970 Strandby	2011	2483
813 Frederikshavn	9970 Strandby	2012	2490
813 Frederikshavn	9970 Strandby	2013	2513
813 Frederikshavn	9970 Strandby	2014	2469
813 Frederikshavn	9970 Strandby	2015	2457
813 Frederikshavn	9970 Strandby	2016	2423
813 Frederikshavn	9970 Strandby	2017	2401
813 Frederikshavn	9970 Strandby	2018	2460
813 Frederikshavn	9970 Strandby	2019	2457
813 Frederikshavn	9970 Strandby	2020	2464
813 Frederikshavn	9970 Strandby	2021	2450
813 Frederikshavn	9970 Strandby	2022	2411
813 Frederikshavn	9970 Strandby	2023	2462
813 Frederikshavn	9970 Strandby	2024	2469
813 Frederikshavn	9970 Strandby	2025	2459
813 Frederikshavn	9970 Strandby	2026	2432
813 Frederikshavn	9981 Jerup	2010	1027
813 Frederikshavn	9981 Jerup	2011	1007
813 Frederikshavn	9981 Jerup	2012	997
813 Frederikshavn	9981 Jerup	2013	981
813 Frederikshavn	9981 Jerup	2014	960
813 Frederikshavn	9981 Jerup	2015	936
813 Frederikshavn	9981 Jerup	2016	951
813 Frederikshavn	9981 Jerup	2017	952
813 Frederikshavn	9981 Jerup	2018	954
813 Frederikshavn	9981 Jerup	2019	940
813 Frederikshavn	9981 Jerup	2020	953
813 Frederikshavn	9981 Jerup	2021	958
813 Frederikshavn	9981 Jerup	2022	958
813 Frederikshavn	9981 Jerup	2023	916
813 Frederikshavn	9981 Jerup	2024	901
813 Frederikshavn	9981 Jerup	2025	890
813 Frederikshavn	9981 Jerup	2026	887
813 Frederikshavn	9982 Ålbæk	2010	1916
813 Frederikshavn	9982 Ålbæk	2011	1888
813 Frederikshavn	9982 Ålbæk	2012	1887
813 Frederikshavn	9982 Ålbæk	2013	1878
813 Frederikshavn	9982 Ålbæk	2014	1852
813 Frederikshavn	9982 Ålbæk	2015	1798
813 Frederikshavn	9982 Ålbæk	2016	1776
813 Frederikshavn	9982 Ålbæk	2017	1782
813 Frederikshavn	9982 Ålbæk	2018	1783
813 Frederikshavn	9982 Ålbæk	2019	1757
813 Frederikshavn	9982 Ålbæk	2020	1764
813 Frederikshavn	9982 Ålbæk	2021	1769
813 Frederikshavn	9982 Ålbæk	2022	1764
813 Frederikshavn	9982 Ålbæk	2023	1741
813 Frederikshavn	9982 Ålbæk	2024	1723
813 Frederikshavn	9982 Ålbæk	2025	1746
813 Frederikshavn	9982 Ålbæk	2026	1688
813 Frederikshavn	9990 Skagen	2010	8826
813 Frederikshavn	9990 Skagen	2011	8697
813 Frederikshavn	9990 Skagen	2012	8517
813 Frederikshavn	9990 Skagen	2013	8399
813 Frederikshavn	9990 Skagen	2014	8351
813 Frederikshavn	9990 Skagen	2015	8359
813 Frederikshavn	9990 Skagen	2016	8274
813 Frederikshavn	9990 Skagen	2017	8245
813 Frederikshavn	9990 Skagen	2018	8199
813 Frederikshavn	9990 Skagen	2019	8168
813 Frederikshavn	9990 Skagen	2020	7999
813 Frederikshavn	9990 Skagen	2021	7823
813 Frederikshavn	9990 Skagen	2022	7723
813 Frederikshavn	9990 Skagen	2023	7690
813 Frederikshavn	9990 Skagen	2024	7624
813 Frederikshavn	9990 Skagen	2025	7541
813 Frederikshavn	9990 Skagen	2026	7387
813 Frederikshavn	9999 Ukendt	2010	7
813 Frederikshavn	9999 Ukendt	2011	12
813 Frederikshavn	9999 Ukendt	2012	12
813 Frederikshavn	9999 Ukendt	2013	14
813 Frederikshavn	9999 Ukendt	2014	12
813 Frederikshavn	9999 Ukendt	2015	2
813 Frederikshavn	9999 Ukendt	2016	2
813 Frederikshavn	9999 Ukendt	2017	14
813 Frederikshavn	9999 Ukendt	2018	15
813 Frederikshavn	9999 Ukendt	2019	7
813 Frederikshavn	9999 Ukendt	2020	6
813 Frederikshavn	9999 Ukendt	2021	6
813 Frederikshavn	9999 Ukendt	2022	10
813 Frederikshavn	9999 Ukendt	2023	10
813 Frederikshavn	9999 Ukendt	2024	9
813 Frederikshavn	9999 Ukendt	2025	5
813 Frederikshavn	9999 Ukendt	2026	3
820 Vesthimmerlands	9240 Nibe	2010	1014
820 Vesthimmerlands	9240 Nibe	2011	999
820 Vesthimmerlands	9240 Nibe	2012	1008
820 Vesthimmerlands	9240 Nibe	2013	1000
820 Vesthimmerlands	9240 Nibe	2014	1005
820 Vesthimmerlands	9240 Nibe	2015	995
820 Vesthimmerlands	9240 Nibe	2016	971
820 Vesthimmerlands	9240 Nibe	2017	952
820 Vesthimmerlands	9240 Nibe	2018	961
820 Vesthimmerlands	9240 Nibe	2019	933
820 Vesthimmerlands	9240 Nibe	2020	918
820 Vesthimmerlands	9240 Nibe	2021	898
820 Vesthimmerlands	9240 Nibe	2022	888
820 Vesthimmerlands	9240 Nibe	2023	849
820 Vesthimmerlands	9240 Nibe	2024	834
820 Vesthimmerlands	9240 Nibe	2025	814
820 Vesthimmerlands	9240 Nibe	2026	824
820 Vesthimmerlands	9541 Suldrup	2010	11
820 Vesthimmerlands	9541 Suldrup	2011	11
820 Vesthimmerlands	9541 Suldrup	2012	9
820 Vesthimmerlands	9541 Suldrup	2013	10
820 Vesthimmerlands	9541 Suldrup	2014	15
820 Vesthimmerlands	9541 Suldrup	2015	14
820 Vesthimmerlands	9541 Suldrup	2016	15
820 Vesthimmerlands	9541 Suldrup	2017	16
820 Vesthimmerlands	9541 Suldrup	2018	15
820 Vesthimmerlands	9541 Suldrup	2019	15
820 Vesthimmerlands	9541 Suldrup	2020	12
820 Vesthimmerlands	9541 Suldrup	2021	14
820 Vesthimmerlands	9541 Suldrup	2022	12
820 Vesthimmerlands	9541 Suldrup	2023	11
820 Vesthimmerlands	9541 Suldrup	2024	11
820 Vesthimmerlands	9541 Suldrup	2025	11
820 Vesthimmerlands	9541 Suldrup	2026	9
820 Vesthimmerlands	9600 Aars	2010	12709
820 Vesthimmerlands	9600 Aars	2011	12773
820 Vesthimmerlands	9600 Aars	2012	12760
820 Vesthimmerlands	9600 Aars	2013	12810
820 Vesthimmerlands	9600 Aars	2014	12893
820 Vesthimmerlands	9600 Aars	2015	12850
820 Vesthimmerlands	9600 Aars	2016	12815
820 Vesthimmerlands	9600 Aars	2017	12869
820 Vesthimmerlands	9600 Aars	2018	12961
820 Vesthimmerlands	9600 Aars	2019	12926
820 Vesthimmerlands	9600 Aars	2020	12981
820 Vesthimmerlands	9600 Aars	2021	12872
820 Vesthimmerlands	9600 Aars	2022	12938
820 Vesthimmerlands	9600 Aars	2023	13177
820 Vesthimmerlands	9600 Aars	2024	13029
820 Vesthimmerlands	9600 Aars	2025	13074
820 Vesthimmerlands	9600 Aars	2026	13059
820 Vesthimmerlands	9610 Nørager	2010	84
820 Vesthimmerlands	9610 Nørager	2011	90
820 Vesthimmerlands	9610 Nørager	2012	88
820 Vesthimmerlands	9610 Nørager	2013	85
820 Vesthimmerlands	9610 Nørager	2014	71
820 Vesthimmerlands	9610 Nørager	2015	69
820 Vesthimmerlands	9610 Nørager	2016	73
820 Vesthimmerlands	9610 Nørager	2017	76
820 Vesthimmerlands	9610 Nørager	2018	75
820 Vesthimmerlands	9610 Nørager	2019	73
820 Vesthimmerlands	9610 Nørager	2020	75
820 Vesthimmerlands	9610 Nørager	2021	77
820 Vesthimmerlands	9610 Nørager	2022	79
820 Vesthimmerlands	9610 Nørager	2023	79
820 Vesthimmerlands	9610 Nørager	2024	71
820 Vesthimmerlands	9610 Nørager	2025	70
820 Vesthimmerlands	9610 Nørager	2026	65
820 Vesthimmerlands	9620 Aalestrup	2010	4699
820 Vesthimmerlands	9620 Aalestrup	2011	4600
820 Vesthimmerlands	9620 Aalestrup	2012	4500
820 Vesthimmerlands	9620 Aalestrup	2013	4517
820 Vesthimmerlands	9620 Aalestrup	2014	4466
820 Vesthimmerlands	9620 Aalestrup	2015	4506
820 Vesthimmerlands	9620 Aalestrup	2016	4526
820 Vesthimmerlands	9620 Aalestrup	2017	4542
820 Vesthimmerlands	9620 Aalestrup	2018	4531
820 Vesthimmerlands	9620 Aalestrup	2019	4540
820 Vesthimmerlands	9620 Aalestrup	2020	4458
820 Vesthimmerlands	9620 Aalestrup	2021	4428
820 Vesthimmerlands	9620 Aalestrup	2022	4423
820 Vesthimmerlands	9620 Aalestrup	2023	4474
820 Vesthimmerlands	9620 Aalestrup	2024	4444
820 Vesthimmerlands	9620 Aalestrup	2025	4397
820 Vesthimmerlands	9620 Aalestrup	2026	4382
820 Vesthimmerlands	9631 Gedsted	2010	1384
820 Vesthimmerlands	9631 Gedsted	2011	1381
820 Vesthimmerlands	9631 Gedsted	2012	1362
820 Vesthimmerlands	9631 Gedsted	2013	1367
820 Vesthimmerlands	9631 Gedsted	2014	1351
820 Vesthimmerlands	9631 Gedsted	2015	1331
820 Vesthimmerlands	9631 Gedsted	2016	1299
820 Vesthimmerlands	9631 Gedsted	2017	1340
820 Vesthimmerlands	9631 Gedsted	2018	1337
820 Vesthimmerlands	9631 Gedsted	2019	1322
820 Vesthimmerlands	9631 Gedsted	2020	1310
820 Vesthimmerlands	9631 Gedsted	2021	1306
820 Vesthimmerlands	9631 Gedsted	2022	1287
820 Vesthimmerlands	9631 Gedsted	2023	1298
820 Vesthimmerlands	9631 Gedsted	2024	1286
820 Vesthimmerlands	9631 Gedsted	2025	1309
820 Vesthimmerlands	9631 Gedsted	2026	1284
820 Vesthimmerlands	9640 Farsø	2010	8099
820 Vesthimmerlands	9640 Farsø	2011	7983
820 Vesthimmerlands	9640 Farsø	2012	7964
820 Vesthimmerlands	9640 Farsø	2013	8003
820 Vesthimmerlands	9640 Farsø	2014	7976
820 Vesthimmerlands	9640 Farsø	2015	8021
820 Vesthimmerlands	9640 Farsø	2016	8108
820 Vesthimmerlands	9640 Farsø	2017	8073
820 Vesthimmerlands	9640 Farsø	2018	8023
820 Vesthimmerlands	9640 Farsø	2019	7985
820 Vesthimmerlands	9640 Farsø	2020	7818
820 Vesthimmerlands	9640 Farsø	2021	7790
820 Vesthimmerlands	9640 Farsø	2022	7791
820 Vesthimmerlands	9640 Farsø	2023	7717
820 Vesthimmerlands	9640 Farsø	2024	7629
820 Vesthimmerlands	9640 Farsø	2025	7495
820 Vesthimmerlands	9640 Farsø	2026	7456
820 Vesthimmerlands	9670 Løgstør	2010	8497
820 Vesthimmerlands	9670 Løgstør	2011	8440
820 Vesthimmerlands	9670 Løgstør	2012	8309
820 Vesthimmerlands	9670 Løgstør	2013	8254
820 Vesthimmerlands	9670 Løgstør	2014	8231
820 Vesthimmerlands	9670 Løgstør	2015	8119
820 Vesthimmerlands	9670 Løgstør	2016	8010
820 Vesthimmerlands	9670 Løgstør	2017	7943
820 Vesthimmerlands	9670 Løgstør	2018	7919
820 Vesthimmerlands	9670 Løgstør	2019	7892
820 Vesthimmerlands	9670 Løgstør	2020	7709
820 Vesthimmerlands	9670 Løgstør	2021	7601
820 Vesthimmerlands	9670 Løgstør	2022	7519
820 Vesthimmerlands	9670 Løgstør	2023	7459
820 Vesthimmerlands	9670 Løgstør	2024	7380
820 Vesthimmerlands	9670 Løgstør	2025	7310
820 Vesthimmerlands	9670 Løgstør	2026	7239
820 Vesthimmerlands	9681 Ranum	2010	1594
820 Vesthimmerlands	9681 Ranum	2011	1551
820 Vesthimmerlands	9681 Ranum	2012	1507
820 Vesthimmerlands	9681 Ranum	2013	1497
820 Vesthimmerlands	9681 Ranum	2014	1435
820 Vesthimmerlands	9681 Ranum	2015	1460
820 Vesthimmerlands	9681 Ranum	2016	1431
820 Vesthimmerlands	9681 Ranum	2017	1416
820 Vesthimmerlands	9681 Ranum	2018	1411
820 Vesthimmerlands	9681 Ranum	2019	1380
820 Vesthimmerlands	9681 Ranum	2020	1390
820 Vesthimmerlands	9681 Ranum	2021	1327
820 Vesthimmerlands	9681 Ranum	2022	1360
820 Vesthimmerlands	9681 Ranum	2023	1343
820 Vesthimmerlands	9681 Ranum	2024	1294
820 Vesthimmerlands	9681 Ranum	2025	1301
820 Vesthimmerlands	9681 Ranum	2026	1282
820 Vesthimmerlands	9999 Ukendt	2010	15
820 Vesthimmerlands	9999 Ukendt	2011	36
820 Vesthimmerlands	9999 Ukendt	2012	27
820 Vesthimmerlands	9999 Ukendt	2013	43
820 Vesthimmerlands	9999 Ukendt	2014	36
820 Vesthimmerlands	9999 Ukendt	2015	34
820 Vesthimmerlands	9999 Ukendt	2016	48
820 Vesthimmerlands	9999 Ukendt	2017	58
820 Vesthimmerlands	9999 Ukendt	2018	44
820 Vesthimmerlands	9999 Ukendt	2019	55
820 Vesthimmerlands	9999 Ukendt	2020	56
820 Vesthimmerlands	9999 Ukendt	2021	49
820 Vesthimmerlands	9999 Ukendt	2022	29
820 Vesthimmerlands	9999 Ukendt	2023	24
820 Vesthimmerlands	9999 Ukendt	2024	34
820 Vesthimmerlands	9999 Ukendt	2025	37
820 Vesthimmerlands	9999 Ukendt	2026	32
825 Læsø	9940 Læsø	2010	1969
825 Læsø	9940 Læsø	2011	1949
825 Læsø	9940 Læsø	2012	1897
825 Læsø	9940 Læsø	2013	1839
825 Læsø	9940 Læsø	2014	1808
825 Læsø	9940 Læsø	2015	1795
825 Læsø	9940 Læsø	2016	1817
825 Læsø	9940 Læsø	2017	1793
825 Læsø	9940 Læsø	2018	1807
825 Læsø	9940 Læsø	2019	1806
825 Læsø	9940 Læsø	2020	1785
825 Læsø	9940 Læsø	2021	1761
825 Læsø	9940 Læsø	2022	1769
825 Læsø	9940 Læsø	2023	1789
825 Læsø	9940 Læsø	2024	1759
825 Læsø	9940 Læsø	2025	1719
825 Læsø	9940 Læsø	2026	1683
825 Læsø	9999 Ukendt	2010	0
825 Læsø	9999 Ukendt	2011	0
825 Læsø	9999 Ukendt	2012	0
825 Læsø	9999 Ukendt	2013	0
825 Læsø	9999 Ukendt	2014	0
825 Læsø	9999 Ukendt	2015	0
825 Læsø	9999 Ukendt	2016	0
825 Læsø	9999 Ukendt	2017	0
825 Læsø	9999 Ukendt	2018	0
825 Læsø	9999 Ukendt	2019	0
825 Læsø	9999 Ukendt	2020	1
825 Læsø	9999 Ukendt	2021	3
825 Læsø	9999 Ukendt	2022	0
825 Læsø	9999 Ukendt	2023	0
825 Læsø	9999 Ukendt	2024	0
825 Læsø	9999 Ukendt	2025	0
825 Læsø	9999 Ukendt	2026	0
840 Rebild	9230 Svenstrup J	2010	309
840 Rebild	9230 Svenstrup J	2011	302
840 Rebild	9230 Svenstrup J	2012	297
840 Rebild	9230 Svenstrup J	2013	286
840 Rebild	9230 Svenstrup J	2014	312
840 Rebild	9230 Svenstrup J	2015	305
840 Rebild	9230 Svenstrup J	2016	303
840 Rebild	9230 Svenstrup J	2017	315
840 Rebild	9230 Svenstrup J	2018	311
840 Rebild	9230 Svenstrup J	2019	312
840 Rebild	9230 Svenstrup J	2020	316
840 Rebild	9230 Svenstrup J	2021	314
840 Rebild	9230 Svenstrup J	2022	313
840 Rebild	9230 Svenstrup J	2023	304
840 Rebild	9230 Svenstrup J	2024	323
840 Rebild	9230 Svenstrup J	2025	318
840 Rebild	9230 Svenstrup J	2026	334
840 Rebild	9240 Nibe	2010	482
840 Rebild	9240 Nibe	2011	481
840 Rebild	9240 Nibe	2012	466
840 Rebild	9240 Nibe	2013	463
840 Rebild	9240 Nibe	2014	459
840 Rebild	9240 Nibe	2015	465
840 Rebild	9240 Nibe	2016	443
840 Rebild	9240 Nibe	2017	437
840 Rebild	9240 Nibe	2018	432
840 Rebild	9240 Nibe	2019	454
840 Rebild	9240 Nibe	2020	450
840 Rebild	9240 Nibe	2021	449
840 Rebild	9240 Nibe	2022	429
840 Rebild	9240 Nibe	2023	432
840 Rebild	9240 Nibe	2024	427
840 Rebild	9240 Nibe	2025	414
840 Rebild	9240 Nibe	2026	427
840 Rebild	9260 Gistrup	2010	32
840 Rebild	9260 Gistrup	2011	26
840 Rebild	9260 Gistrup	2012	26
840 Rebild	9260 Gistrup	2013	24
840 Rebild	9260 Gistrup	2014	23
840 Rebild	9260 Gistrup	2015	21
840 Rebild	9260 Gistrup	2016	20
840 Rebild	9260 Gistrup	2017	19
840 Rebild	9260 Gistrup	2018	20
840 Rebild	9260 Gistrup	2019	23
840 Rebild	9260 Gistrup	2020	23
840 Rebild	9260 Gistrup	2021	21
840 Rebild	9260 Gistrup	2022	21
840 Rebild	9260 Gistrup	2023	20
840 Rebild	9260 Gistrup	2024	18
840 Rebild	9260 Gistrup	2025	22
840 Rebild	9260 Gistrup	2026	18
840 Rebild	9293 Kongerslev	2010	338
840 Rebild	9293 Kongerslev	2011	343
840 Rebild	9293 Kongerslev	2012	321
840 Rebild	9293 Kongerslev	2013	308
840 Rebild	9293 Kongerslev	2014	313
840 Rebild	9293 Kongerslev	2015	318
840 Rebild	9293 Kongerslev	2016	329
840 Rebild	9293 Kongerslev	2017	310
840 Rebild	9293 Kongerslev	2018	322
840 Rebild	9293 Kongerslev	2019	311
840 Rebild	9293 Kongerslev	2020	299
840 Rebild	9293 Kongerslev	2021	294
840 Rebild	9293 Kongerslev	2022	302
840 Rebild	9293 Kongerslev	2023	309
840 Rebild	9293 Kongerslev	2024	299
840 Rebild	9293 Kongerslev	2025	298
840 Rebild	9293 Kongerslev	2026	290
840 Rebild	9500 Hobro	2010	1124
840 Rebild	9500 Hobro	2011	1115
840 Rebild	9500 Hobro	2012	1125
840 Rebild	9500 Hobro	2013	1130
840 Rebild	9500 Hobro	2014	1130
840 Rebild	9500 Hobro	2015	1112
840 Rebild	9500 Hobro	2016	1072
840 Rebild	9500 Hobro	2017	1091
840 Rebild	9500 Hobro	2018	1090
840 Rebild	9500 Hobro	2019	1057
840 Rebild	9500 Hobro	2020	1064
840 Rebild	9500 Hobro	2021	1081
840 Rebild	9500 Hobro	2022	988
840 Rebild	9500 Hobro	2023	998
840 Rebild	9500 Hobro	2024	1006
840 Rebild	9500 Hobro	2025	974
840 Rebild	9500 Hobro	2026	976
840 Rebild	9510 Arden	2010	7
840 Rebild	9510 Arden	2011	10
840 Rebild	9510 Arden	2012	7
840 Rebild	9510 Arden	2013	12
840 Rebild	9510 Arden	2014	7
840 Rebild	9510 Arden	2015	9
840 Rebild	9510 Arden	2016	9
840 Rebild	9510 Arden	2017	9
840 Rebild	9510 Arden	2018	6
840 Rebild	9510 Arden	2019	7
840 Rebild	9510 Arden	2020	8
840 Rebild	9510 Arden	2021	6
840 Rebild	9510 Arden	2022	8
840 Rebild	9510 Arden	2023	9
840 Rebild	9510 Arden	2024	9
840 Rebild	9510 Arden	2025	8
840 Rebild	9510 Arden	2026	9
840 Rebild	9520 Skørping	2010	6453
840 Rebild	9520 Skørping	2011	6434
840 Rebild	9520 Skørping	2012	6474
840 Rebild	9520 Skørping	2013	6463
840 Rebild	9520 Skørping	2014	6446
840 Rebild	9520 Skørping	2015	6440
840 Rebild	9520 Skørping	2016	6505
840 Rebild	9520 Skørping	2017	6511
840 Rebild	9520 Skørping	2018	6562
840 Rebild	9520 Skørping	2019	6499
840 Rebild	9520 Skørping	2020	6454
840 Rebild	9520 Skørping	2021	6426
840 Rebild	9520 Skørping	2022	6433
840 Rebild	9520 Skørping	2023	6480
840 Rebild	9520 Skørping	2024	6484
840 Rebild	9520 Skørping	2025	6435
840 Rebild	9520 Skørping	2026	6451
840 Rebild	9530 Støvring	2010	9353
840 Rebild	9530 Støvring	2011	9455
840 Rebild	9530 Støvring	2012	9502
840 Rebild	9530 Støvring	2013	9538
840 Rebild	9530 Støvring	2014	9557
840 Rebild	9530 Støvring	2015	9663
840 Rebild	9530 Støvring	2016	9878
840 Rebild	9530 Støvring	2017	10058
840 Rebild	9530 Støvring	2018	10536
840 Rebild	9530 Støvring	2019	10750
840 Rebild	9530 Støvring	2020	11082
840 Rebild	9530 Støvring	2021	11480
840 Rebild	9530 Støvring	2022	11734
840 Rebild	9530 Støvring	2023	11858
840 Rebild	9530 Støvring	2024	11957
840 Rebild	9530 Støvring	2025	12140
840 Rebild	9530 Støvring	2026	12434
840 Rebild	9541 Suldrup	2010	2717
840 Rebild	9541 Suldrup	2011	2702
840 Rebild	9541 Suldrup	2012	2680
840 Rebild	9541 Suldrup	2013	2657
840 Rebild	9541 Suldrup	2014	2621
840 Rebild	9541 Suldrup	2015	2648
840 Rebild	9541 Suldrup	2016	2649
840 Rebild	9541 Suldrup	2017	2627
840 Rebild	9541 Suldrup	2018	2627
840 Rebild	9541 Suldrup	2019	2602
840 Rebild	9541 Suldrup	2020	2659
840 Rebild	9541 Suldrup	2021	2666
840 Rebild	9541 Suldrup	2022	2674
840 Rebild	9541 Suldrup	2023	2692
840 Rebild	9541 Suldrup	2024	2721
840 Rebild	9541 Suldrup	2025	2678
840 Rebild	9541 Suldrup	2026	2631
840 Rebild	9560 Hadsund	2010	194
840 Rebild	9560 Hadsund	2011	192
840 Rebild	9560 Hadsund	2012	194
840 Rebild	9560 Hadsund	2013	182
840 Rebild	9560 Hadsund	2014	182
840 Rebild	9560 Hadsund	2015	177
840 Rebild	9560 Hadsund	2016	181
840 Rebild	9560 Hadsund	2017	176
840 Rebild	9560 Hadsund	2018	175
840 Rebild	9560 Hadsund	2019	172
840 Rebild	9560 Hadsund	2020	159
840 Rebild	9560 Hadsund	2021	157
840 Rebild	9560 Hadsund	2022	162
840 Rebild	9560 Hadsund	2023	163
840 Rebild	9560 Hadsund	2024	148
840 Rebild	9560 Hadsund	2025	156
840 Rebild	9560 Hadsund	2026	149
840 Rebild	9574 Bælum	2010	1416
840 Rebild	9574 Bælum	2011	1411
840 Rebild	9574 Bælum	2012	1386
840 Rebild	9574 Bælum	2013	1399
840 Rebild	9574 Bælum	2014	1383
840 Rebild	9574 Bælum	2015	1352
840 Rebild	9574 Bælum	2016	1351
840 Rebild	9574 Bælum	2017	1364
840 Rebild	9574 Bælum	2018	1348
840 Rebild	9574 Bælum	2019	1338
840 Rebild	9574 Bælum	2020	1280
840 Rebild	9574 Bælum	2021	1270
840 Rebild	9574 Bælum	2022	1247
840 Rebild	9574 Bælum	2023	1241
840 Rebild	9574 Bælum	2024	1228
840 Rebild	9574 Bælum	2025	1216
840 Rebild	9574 Bælum	2026	1208
840 Rebild	9575 Terndrup	2010	2023
840 Rebild	9575 Terndrup	2011	2093
840 Rebild	9575 Terndrup	2012	2076
840 Rebild	9575 Terndrup	2013	2068
840 Rebild	9575 Terndrup	2014	2058
840 Rebild	9575 Terndrup	2015	2055
840 Rebild	9575 Terndrup	2016	2063
840 Rebild	9575 Terndrup	2017	2087
840 Rebild	9575 Terndrup	2018	2075
840 Rebild	9575 Terndrup	2019	2079
840 Rebild	9575 Terndrup	2020	2063
840 Rebild	9575 Terndrup	2021	2090
840 Rebild	9575 Terndrup	2022	2088
840 Rebild	9575 Terndrup	2023	2124
840 Rebild	9575 Terndrup	2024	2105
840 Rebild	9575 Terndrup	2025	2083
840 Rebild	9575 Terndrup	2026	2113
840 Rebild	9600 Aars	2010	282
840 Rebild	9600 Aars	2011	282
840 Rebild	9600 Aars	2012	276
840 Rebild	9600 Aars	2013	276
840 Rebild	9600 Aars	2014	275
840 Rebild	9600 Aars	2015	273
840 Rebild	9600 Aars	2016	267
840 Rebild	9600 Aars	2017	270
840 Rebild	9600 Aars	2018	262
840 Rebild	9600 Aars	2019	274
840 Rebild	9600 Aars	2020	271
840 Rebild	9600 Aars	2021	265
840 Rebild	9600 Aars	2022	248
840 Rebild	9600 Aars	2023	251
840 Rebild	9600 Aars	2024	232
840 Rebild	9600 Aars	2025	235
840 Rebild	9600 Aars	2026	242
840 Rebild	9610 Nørager	2010	4110
840 Rebild	9610 Nørager	2011	4079
840 Rebild	9610 Nørager	2012	4066
840 Rebild	9610 Nørager	2013	4049
840 Rebild	9610 Nørager	2014	4017
840 Rebild	9610 Nørager	2015	4010
840 Rebild	9610 Nørager	2016	4059
840 Rebild	9610 Nørager	2017	4092
840 Rebild	9610 Nørager	2018	4038
840 Rebild	9610 Nørager	2019	4015
840 Rebild	9610 Nørager	2020	3965
840 Rebild	9610 Nørager	2021	3974
840 Rebild	9610 Nørager	2022	3976
840 Rebild	9610 Nørager	2023	4000
840 Rebild	9610 Nørager	2024	3953
840 Rebild	9610 Nørager	2025	3931
840 Rebild	9610 Nørager	2026	3971
840 Rebild	9620 Aalestrup	2010	8
840 Rebild	9620 Aalestrup	2011	11
840 Rebild	9620 Aalestrup	2012	11
840 Rebild	9620 Aalestrup	2013	11
840 Rebild	9620 Aalestrup	2014	11
840 Rebild	9620 Aalestrup	2015	11
840 Rebild	9620 Aalestrup	2016	11
840 Rebild	9620 Aalestrup	2017	11
840 Rebild	9620 Aalestrup	2018	10
840 Rebild	9620 Aalestrup	2019	10
840 Rebild	9620 Aalestrup	2020	9
840 Rebild	9620 Aalestrup	2021	9
840 Rebild	9620 Aalestrup	2022	9
840 Rebild	9620 Aalestrup	2023	10
840 Rebild	9620 Aalestrup	2024	8
840 Rebild	9620 Aalestrup	2025	8
840 Rebild	9620 Aalestrup	2026	8
840 Rebild	9999 Ukendt	2010	4
840 Rebild	9999 Ukendt	2011	4
840 Rebild	9999 Ukendt	2012	4
840 Rebild	9999 Ukendt	2013	0
840 Rebild	9999 Ukendt	2014	0
840 Rebild	9999 Ukendt	2015	0
840 Rebild	9999 Ukendt	2016	9
840 Rebild	9999 Ukendt	2017	14
840 Rebild	9999 Ukendt	2018	13
840 Rebild	9999 Ukendt	2019	13
840 Rebild	9999 Ukendt	2020	11
840 Rebild	9999 Ukendt	2021	16
840 Rebild	9999 Ukendt	2022	14
840 Rebild	9999 Ukendt	2023	17
840 Rebild	9999 Ukendt	2024	19
840 Rebild	9999 Ukendt	2025	26
840 Rebild	9999 Ukendt	2026	19
846 Mariagerfjord	8970 Havndal	2010	563
846 Mariagerfjord	8970 Havndal	2011	543
846 Mariagerfjord	8970 Havndal	2012	528
846 Mariagerfjord	8970 Havndal	2013	510
846 Mariagerfjord	8970 Havndal	2014	501
846 Mariagerfjord	8970 Havndal	2015	501
846 Mariagerfjord	8970 Havndal	2016	512
846 Mariagerfjord	8970 Havndal	2017	492
846 Mariagerfjord	8970 Havndal	2018	502
846 Mariagerfjord	8970 Havndal	2019	498
846 Mariagerfjord	8970 Havndal	2020	505
846 Mariagerfjord	8970 Havndal	2021	480
846 Mariagerfjord	8970 Havndal	2022	465
846 Mariagerfjord	8970 Havndal	2023	449
846 Mariagerfjord	8970 Havndal	2024	447
846 Mariagerfjord	8970 Havndal	2025	446
846 Mariagerfjord	8970 Havndal	2026	420
846 Mariagerfjord	8990 Fårup	2010	529
846 Mariagerfjord	8990 Fårup	2011	553
846 Mariagerfjord	8990 Fårup	2012	537
846 Mariagerfjord	8990 Fårup	2013	532
846 Mariagerfjord	8990 Fårup	2014	558
846 Mariagerfjord	8990 Fårup	2015	555
846 Mariagerfjord	8990 Fårup	2016	529
846 Mariagerfjord	8990 Fårup	2017	505
846 Mariagerfjord	8990 Fårup	2018	509
846 Mariagerfjord	8990 Fårup	2019	522
846 Mariagerfjord	8990 Fårup	2020	525
846 Mariagerfjord	8990 Fårup	2021	523
846 Mariagerfjord	8990 Fårup	2022	516
846 Mariagerfjord	8990 Fårup	2023	515
846 Mariagerfjord	8990 Fårup	2024	516
846 Mariagerfjord	8990 Fårup	2025	525
846 Mariagerfjord	8990 Fårup	2026	498
846 Mariagerfjord	9500 Hobro	2010	19537
846 Mariagerfjord	9500 Hobro	2011	19619
846 Mariagerfjord	9500 Hobro	2012	19625
846 Mariagerfjord	9500 Hobro	2013	19603
846 Mariagerfjord	9500 Hobro	2014	19625
846 Mariagerfjord	9500 Hobro	2015	19700
846 Mariagerfjord	9500 Hobro	2016	19721
846 Mariagerfjord	9500 Hobro	2017	19757
846 Mariagerfjord	9500 Hobro	2018	19820
846 Mariagerfjord	9500 Hobro	2019	19832
846 Mariagerfjord	9500 Hobro	2020	19830
846 Mariagerfjord	9500 Hobro	2021	19659
846 Mariagerfjord	9500 Hobro	2022	19799
846 Mariagerfjord	9500 Hobro	2023	19939
846 Mariagerfjord	9500 Hobro	2024	19848
846 Mariagerfjord	9500 Hobro	2025	19862
846 Mariagerfjord	9500 Hobro	2026	19952
846 Mariagerfjord	9510 Arden	2010	4826
846 Mariagerfjord	9510 Arden	2011	4820
846 Mariagerfjord	9510 Arden	2012	4815
846 Mariagerfjord	9510 Arden	2013	4780
846 Mariagerfjord	9510 Arden	2014	4846
846 Mariagerfjord	9510 Arden	2015	4859
846 Mariagerfjord	9510 Arden	2016	4870
846 Mariagerfjord	9510 Arden	2017	4814
846 Mariagerfjord	9510 Arden	2018	4793
846 Mariagerfjord	9510 Arden	2019	4783
846 Mariagerfjord	9510 Arden	2020	4739
846 Mariagerfjord	9510 Arden	2021	4748
846 Mariagerfjord	9510 Arden	2022	4764
846 Mariagerfjord	9510 Arden	2023	4779
846 Mariagerfjord	9510 Arden	2024	4804
846 Mariagerfjord	9510 Arden	2025	4842
846 Mariagerfjord	9510 Arden	2026	4775
846 Mariagerfjord	9550 Mariager	2010	5931
846 Mariagerfjord	9550 Mariager	2011	5935
846 Mariagerfjord	9550 Mariager	2012	5944
846 Mariagerfjord	9550 Mariager	2013	5857
846 Mariagerfjord	9550 Mariager	2014	5828
846 Mariagerfjord	9550 Mariager	2015	5815
846 Mariagerfjord	9550 Mariager	2016	5808
846 Mariagerfjord	9550 Mariager	2017	5799
846 Mariagerfjord	9550 Mariager	2018	5750
846 Mariagerfjord	9550 Mariager	2019	5706
846 Mariagerfjord	9550 Mariager	2020	5666
846 Mariagerfjord	9550 Mariager	2021	5645
846 Mariagerfjord	9550 Mariager	2022	5604
846 Mariagerfjord	9550 Mariager	2023	5665
846 Mariagerfjord	9550 Mariager	2024	5718
846 Mariagerfjord	9550 Mariager	2025	5675
846 Mariagerfjord	9550 Mariager	2026	5639
846 Mariagerfjord	9560 Hadsund	2010	11147
846 Mariagerfjord	9560 Hadsund	2011	11009
846 Mariagerfjord	9560 Hadsund	2012	10900
846 Mariagerfjord	9560 Hadsund	2013	10734
846 Mariagerfjord	9560 Hadsund	2014	10632
846 Mariagerfjord	9560 Hadsund	2015	10608
846 Mariagerfjord	9560 Hadsund	2016	10572
846 Mariagerfjord	9560 Hadsund	2017	10577
846 Mariagerfjord	9560 Hadsund	2018	10628
846 Mariagerfjord	9560 Hadsund	2019	10600
846 Mariagerfjord	9560 Hadsund	2020	10428
846 Mariagerfjord	9560 Hadsund	2021	10376
846 Mariagerfjord	9560 Hadsund	2022	10415
846 Mariagerfjord	9560 Hadsund	2023	10406
846 Mariagerfjord	9560 Hadsund	2024	10321
846 Mariagerfjord	9560 Hadsund	2025	10174
846 Mariagerfjord	9560 Hadsund	2026	10167
846 Mariagerfjord	9620 Aalestrup	2010	71
846 Mariagerfjord	9620 Aalestrup	2011	82
846 Mariagerfjord	9620 Aalestrup	2012	80
846 Mariagerfjord	9620 Aalestrup	2013	76
846 Mariagerfjord	9620 Aalestrup	2014	68
846 Mariagerfjord	9620 Aalestrup	2015	73
846 Mariagerfjord	9620 Aalestrup	2016	69
846 Mariagerfjord	9620 Aalestrup	2017	71
846 Mariagerfjord	9620 Aalestrup	2018	73
846 Mariagerfjord	9620 Aalestrup	2019	76
846 Mariagerfjord	9620 Aalestrup	2020	70
846 Mariagerfjord	9620 Aalestrup	2021	71
846 Mariagerfjord	9620 Aalestrup	2022	66
846 Mariagerfjord	9620 Aalestrup	2023	66
846 Mariagerfjord	9620 Aalestrup	2024	71
846 Mariagerfjord	9620 Aalestrup	2025	63
846 Mariagerfjord	9620 Aalestrup	2026	65
846 Mariagerfjord	9632 Møldrup	2010	0
846 Mariagerfjord	9632 Møldrup	2011	0
846 Mariagerfjord	9632 Møldrup	2012	0
846 Mariagerfjord	9632 Møldrup	2013	0
846 Mariagerfjord	9632 Møldrup	2014	0
846 Mariagerfjord	9632 Møldrup	2015	0
846 Mariagerfjord	9632 Møldrup	2016	0
846 Mariagerfjord	9632 Møldrup	2017	0
846 Mariagerfjord	9632 Møldrup	2018	0
846 Mariagerfjord	9632 Møldrup	2019	0
846 Mariagerfjord	9632 Møldrup	2020	0
846 Mariagerfjord	9632 Møldrup	2021	0
846 Mariagerfjord	9632 Møldrup	2022	0
846 Mariagerfjord	9632 Møldrup	2023	0
846 Mariagerfjord	9632 Møldrup	2024	0
846 Mariagerfjord	9632 Møldrup	2025	0
846 Mariagerfjord	9632 Møldrup	2026	0
846 Mariagerfjord	9999 Ukendt	2010	0
846 Mariagerfjord	9999 Ukendt	2011	11
846 Mariagerfjord	9999 Ukendt	2012	0
846 Mariagerfjord	9999 Ukendt	2013	19
846 Mariagerfjord	9999 Ukendt	2014	35
846 Mariagerfjord	9999 Ukendt	2015	23
846 Mariagerfjord	9999 Ukendt	2016	50
846 Mariagerfjord	9999 Ukendt	2017	51
846 Mariagerfjord	9999 Ukendt	2018	50
846 Mariagerfjord	9999 Ukendt	2019	38
846 Mariagerfjord	9999 Ukendt	2020	37
846 Mariagerfjord	9999 Ukendt	2021	34
846 Mariagerfjord	9999 Ukendt	2022	33
846 Mariagerfjord	9999 Ukendt	2023	40
846 Mariagerfjord	9999 Ukendt	2024	37
846 Mariagerfjord	9999 Ukendt	2025	19
846 Mariagerfjord	9999 Ukendt	2026	25
849 Jammerbugt	9381 Sulsted	2010	54
849 Jammerbugt	9381 Sulsted	2011	43
849 Jammerbugt	9381 Sulsted	2012	47
849 Jammerbugt	9381 Sulsted	2013	51
849 Jammerbugt	9381 Sulsted	2014	48
849 Jammerbugt	9381 Sulsted	2015	47
849 Jammerbugt	9381 Sulsted	2016	44
849 Jammerbugt	9381 Sulsted	2017	49
849 Jammerbugt	9381 Sulsted	2018	53
849 Jammerbugt	9381 Sulsted	2019	49
849 Jammerbugt	9381 Sulsted	2020	49
849 Jammerbugt	9381 Sulsted	2021	52
849 Jammerbugt	9381 Sulsted	2022	50
849 Jammerbugt	9381 Sulsted	2023	47
849 Jammerbugt	9381 Sulsted	2024	50
849 Jammerbugt	9381 Sulsted	2025	55
849 Jammerbugt	9381 Sulsted	2026	54
849 Jammerbugt	9382 Tylstrup	2010	4
849 Jammerbugt	9382 Tylstrup	2011	4
849 Jammerbugt	9382 Tylstrup	2012	4
849 Jammerbugt	9382 Tylstrup	2013	4
849 Jammerbugt	9382 Tylstrup	2014	4
849 Jammerbugt	9382 Tylstrup	2015	2
849 Jammerbugt	9382 Tylstrup	2016	3
849 Jammerbugt	9382 Tylstrup	2017	5
849 Jammerbugt	9382 Tylstrup	2018	4
849 Jammerbugt	9382 Tylstrup	2019	3
849 Jammerbugt	9382 Tylstrup	2020	3
849 Jammerbugt	9382 Tylstrup	2021	3
849 Jammerbugt	9382 Tylstrup	2022	3
849 Jammerbugt	9382 Tylstrup	2023	2
849 Jammerbugt	9382 Tylstrup	2024	2
849 Jammerbugt	9382 Tylstrup	2025	1
849 Jammerbugt	9382 Tylstrup	2026	1
849 Jammerbugt	9430 Vadum	2010	1483
849 Jammerbugt	9430 Vadum	2011	1471
849 Jammerbugt	9430 Vadum	2012	1474
849 Jammerbugt	9430 Vadum	2013	1477
849 Jammerbugt	9430 Vadum	2014	1482
849 Jammerbugt	9430 Vadum	2015	1474
849 Jammerbugt	9430 Vadum	2016	1497
849 Jammerbugt	9430 Vadum	2017	1546
849 Jammerbugt	9430 Vadum	2018	1575
849 Jammerbugt	9430 Vadum	2019	1605
849 Jammerbugt	9430 Vadum	2020	1626
849 Jammerbugt	9430 Vadum	2021	1649
849 Jammerbugt	9430 Vadum	2022	1703
849 Jammerbugt	9430 Vadum	2023	1705
849 Jammerbugt	9430 Vadum	2024	1698
849 Jammerbugt	9430 Vadum	2025	1714
849 Jammerbugt	9430 Vadum	2026	1731
849 Jammerbugt	9440 Aabybro	2010	10261
849 Jammerbugt	9440 Aabybro	2011	10329
849 Jammerbugt	9440 Aabybro	2012	10381
849 Jammerbugt	9440 Aabybro	2013	10438
849 Jammerbugt	9440 Aabybro	2014	10489
849 Jammerbugt	9440 Aabybro	2015	10505
849 Jammerbugt	9440 Aabybro	2016	10642
849 Jammerbugt	9440 Aabybro	2017	10712
849 Jammerbugt	9440 Aabybro	2018	10720
849 Jammerbugt	9440 Aabybro	2019	10783
849 Jammerbugt	9440 Aabybro	2020	10875
849 Jammerbugt	9440 Aabybro	2021	10926
849 Jammerbugt	9440 Aabybro	2022	11034
849 Jammerbugt	9440 Aabybro	2023	11209
849 Jammerbugt	9440 Aabybro	2024	11315
849 Jammerbugt	9440 Aabybro	2025	11273
849 Jammerbugt	9440 Aabybro	2026	11410
849 Jammerbugt	9460 Brovst	2010	8308
849 Jammerbugt	9460 Brovst	2011	8249
849 Jammerbugt	9460 Brovst	2012	8236
849 Jammerbugt	9460 Brovst	2013	8208
849 Jammerbugt	9460 Brovst	2014	8082
849 Jammerbugt	9460 Brovst	2015	8034
849 Jammerbugt	9460 Brovst	2016	8000
849 Jammerbugt	9460 Brovst	2017	7930
849 Jammerbugt	9460 Brovst	2018	7911
849 Jammerbugt	9460 Brovst	2019	7855
849 Jammerbugt	9460 Brovst	2020	7708
849 Jammerbugt	9460 Brovst	2021	7640
849 Jammerbugt	9460 Brovst	2022	7520
849 Jammerbugt	9460 Brovst	2023	7564
849 Jammerbugt	9460 Brovst	2024	7477
849 Jammerbugt	9460 Brovst	2025	7439
849 Jammerbugt	9460 Brovst	2026	7382
849 Jammerbugt	9480 Løkken	2010	755
849 Jammerbugt	9480 Løkken	2011	725
849 Jammerbugt	9480 Løkken	2012	728
849 Jammerbugt	9480 Løkken	2013	726
849 Jammerbugt	9480 Løkken	2014	717
849 Jammerbugt	9480 Løkken	2015	677
849 Jammerbugt	9480 Løkken	2016	669
849 Jammerbugt	9480 Løkken	2017	703
849 Jammerbugt	9480 Løkken	2018	710
849 Jammerbugt	9480 Løkken	2019	654
849 Jammerbugt	9480 Løkken	2020	671
849 Jammerbugt	9480 Løkken	2021	679
849 Jammerbugt	9480 Løkken	2022	665
849 Jammerbugt	9480 Løkken	2023	685
849 Jammerbugt	9480 Løkken	2024	681
849 Jammerbugt	9480 Løkken	2025	643
849 Jammerbugt	9480 Løkken	2026	637
849 Jammerbugt	9490 Pandrup	2010	6476
849 Jammerbugt	9490 Pandrup	2011	6446
849 Jammerbugt	9490 Pandrup	2012	6384
849 Jammerbugt	9490 Pandrup	2013	6405
849 Jammerbugt	9490 Pandrup	2014	6356
849 Jammerbugt	9490 Pandrup	2015	6386
849 Jammerbugt	9490 Pandrup	2016	6469
849 Jammerbugt	9490 Pandrup	2017	6412
849 Jammerbugt	9490 Pandrup	2018	6373
849 Jammerbugt	9490 Pandrup	2019	6359
849 Jammerbugt	9490 Pandrup	2020	6313
849 Jammerbugt	9490 Pandrup	2021	6205
849 Jammerbugt	9490 Pandrup	2022	6151
849 Jammerbugt	9490 Pandrup	2023	6086
849 Jammerbugt	9490 Pandrup	2024	6051
849 Jammerbugt	9490 Pandrup	2025	6018
849 Jammerbugt	9490 Pandrup	2026	5984
849 Jammerbugt	9492 Blokhus	2010	1198
849 Jammerbugt	9492 Blokhus	2011	1201
849 Jammerbugt	9492 Blokhus	2012	1218
849 Jammerbugt	9492 Blokhus	2013	1223
849 Jammerbugt	9492 Blokhus	2014	1262
849 Jammerbugt	9492 Blokhus	2015	1292
849 Jammerbugt	9492 Blokhus	2016	1337
849 Jammerbugt	9492 Blokhus	2017	1342
849 Jammerbugt	9492 Blokhus	2018	1359
849 Jammerbugt	9492 Blokhus	2019	1357
849 Jammerbugt	9492 Blokhus	2020	1369
849 Jammerbugt	9492 Blokhus	2021	1380
849 Jammerbugt	9492 Blokhus	2022	1422
849 Jammerbugt	9492 Blokhus	2023	1456
849 Jammerbugt	9492 Blokhus	2024	1429
849 Jammerbugt	9492 Blokhus	2025	1437
849 Jammerbugt	9492 Blokhus	2026	1440
849 Jammerbugt	9493 Saltum	2010	1360
849 Jammerbugt	9493 Saltum	2011	1325
849 Jammerbugt	9493 Saltum	2012	1323
849 Jammerbugt	9493 Saltum	2013	1326
849 Jammerbugt	9493 Saltum	2014	1298
849 Jammerbugt	9493 Saltum	2015	1288
849 Jammerbugt	9493 Saltum	2016	1280
849 Jammerbugt	9493 Saltum	2017	1279
849 Jammerbugt	9493 Saltum	2018	1289
849 Jammerbugt	9493 Saltum	2019	1270
849 Jammerbugt	9493 Saltum	2020	1292
849 Jammerbugt	9493 Saltum	2021	1316
849 Jammerbugt	9493 Saltum	2022	1323
849 Jammerbugt	9493 Saltum	2023	1333
849 Jammerbugt	9493 Saltum	2024	1299
849 Jammerbugt	9493 Saltum	2025	1287
849 Jammerbugt	9493 Saltum	2026	1302
849 Jammerbugt	9670 Løgstør	2010	25
849 Jammerbugt	9670 Løgstør	2011	25
849 Jammerbugt	9670 Løgstør	2012	23
849 Jammerbugt	9670 Løgstør	2013	22
849 Jammerbugt	9670 Løgstør	2014	22
849 Jammerbugt	9670 Løgstør	2015	22
849 Jammerbugt	9670 Løgstør	2016	22
849 Jammerbugt	9670 Løgstør	2017	21
849 Jammerbugt	9670 Løgstør	2018	22
849 Jammerbugt	9670 Løgstør	2019	23
849 Jammerbugt	9670 Løgstør	2020	21
849 Jammerbugt	9670 Løgstør	2021	24
849 Jammerbugt	9670 Løgstør	2022	18
849 Jammerbugt	9670 Løgstør	2023	21
849 Jammerbugt	9670 Løgstør	2024	16
849 Jammerbugt	9670 Løgstør	2025	17
849 Jammerbugt	9670 Løgstør	2026	20
849 Jammerbugt	9690 Fjerritslev	2010	8293
849 Jammerbugt	9690 Fjerritslev	2011	8235
849 Jammerbugt	9690 Fjerritslev	2012	8139
849 Jammerbugt	9690 Fjerritslev	2013	8075
849 Jammerbugt	9690 Fjerritslev	2014	7947
849 Jammerbugt	9690 Fjerritslev	2015	7947
849 Jammerbugt	9690 Fjerritslev	2016	7915
849 Jammerbugt	9690 Fjerritslev	2017	7977
849 Jammerbugt	9690 Fjerritslev	2018	8024
849 Jammerbugt	9690 Fjerritslev	2019	7917
849 Jammerbugt	9690 Fjerritslev	2020	7832
849 Jammerbugt	9690 Fjerritslev	2021	7767
849 Jammerbugt	9690 Fjerritslev	2022	7750
849 Jammerbugt	9690 Fjerritslev	2023	7711
849 Jammerbugt	9690 Fjerritslev	2024	7672
849 Jammerbugt	9690 Fjerritslev	2025	7526
849 Jammerbugt	9690 Fjerritslev	2026	7497
849 Jammerbugt	9700 Brønderslev	2010	689
849 Jammerbugt	9700 Brønderslev	2011	672
849 Jammerbugt	9700 Brønderslev	2012	653
849 Jammerbugt	9700 Brønderslev	2013	641
849 Jammerbugt	9700 Brønderslev	2014	638
849 Jammerbugt	9700 Brønderslev	2015	613
849 Jammerbugt	9700 Brønderslev	2016	583
849 Jammerbugt	9700 Brønderslev	2017	605
849 Jammerbugt	9700 Brønderslev	2018	592
849 Jammerbugt	9700 Brønderslev	2019	571
849 Jammerbugt	9700 Brønderslev	2020	549
849 Jammerbugt	9700 Brønderslev	2021	518
849 Jammerbugt	9700 Brønderslev	2022	536
849 Jammerbugt	9700 Brønderslev	2023	534
849 Jammerbugt	9700 Brønderslev	2024	532
849 Jammerbugt	9700 Brønderslev	2025	536
849 Jammerbugt	9700 Brønderslev	2026	532
849 Jammerbugt	9999 Ukendt	2010	21
849 Jammerbugt	9999 Ukendt	2011	8
849 Jammerbugt	9999 Ukendt	2012	1
849 Jammerbugt	9999 Ukendt	2013	1
849 Jammerbugt	9999 Ukendt	2014	6
849 Jammerbugt	9999 Ukendt	2015	6
849 Jammerbugt	9999 Ukendt	2016	5
849 Jammerbugt	9999 Ukendt	2017	0
849 Jammerbugt	9999 Ukendt	2018	6
849 Jammerbugt	9999 Ukendt	2019	14
849 Jammerbugt	9999 Ukendt	2020	16
849 Jammerbugt	9999 Ukendt	2021	16
849 Jammerbugt	9999 Ukendt	2022	12
849 Jammerbugt	9999 Ukendt	2023	11
849 Jammerbugt	9999 Ukendt	2024	12
849 Jammerbugt	9999 Ukendt	2025	8
849 Jammerbugt	9999 Ukendt	2026	8
851 Aalborg	9000 Aalborg	2010	65567
851 Aalborg	9000 Aalborg	2011	66644
851 Aalborg	9000 Aalborg	2012	67681
851 Aalborg	9000 Aalborg	2013	68954
851 Aalborg	9000 Aalborg	2014	71091
851 Aalborg	9000 Aalborg	2015	72636
851 Aalborg	9000 Aalborg	2016	74300
851 Aalborg	9000 Aalborg	2017	75470
851 Aalborg	9000 Aalborg	2018	76208
851 Aalborg	9000 Aalborg	2019	77100
851 Aalborg	9000 Aalborg	2020	77497
851 Aalborg	9000 Aalborg	2021	78553
851 Aalborg	9000 Aalborg	2022	78719
851 Aalborg	9000 Aalborg	2023	79129
851 Aalborg	9000 Aalborg	2024	78699
851 Aalborg	9000 Aalborg	2025	79244
851 Aalborg	9000 Aalborg	2026	79500
851 Aalborg	9200 Aalborg SV	2010	9999
851 Aalborg	9200 Aalborg SV	2011	10076
851 Aalborg	9200 Aalborg SV	2012	10146
851 Aalborg	9200 Aalborg SV	2013	10201
851 Aalborg	9200 Aalborg SV	2014	10358
851 Aalborg	9200 Aalborg SV	2015	10414
851 Aalborg	9200 Aalborg SV	2016	10310
851 Aalborg	9200 Aalborg SV	2017	10311
851 Aalborg	9200 Aalborg SV	2018	10292
851 Aalborg	9200 Aalborg SV	2019	10636
851 Aalborg	9200 Aalborg SV	2020	11211
851 Aalborg	9200 Aalborg SV	2021	11838
851 Aalborg	9200 Aalborg SV	2022	12488
851 Aalborg	9200 Aalborg SV	2023	12858
851 Aalborg	9200 Aalborg SV	2024	12958
851 Aalborg	9200 Aalborg SV	2025	13084
851 Aalborg	9200 Aalborg SV	2026	13317
851 Aalborg	9210 Aalborg SØ	2010	14099
851 Aalborg	9210 Aalborg SØ	2011	14087
851 Aalborg	9210 Aalborg SØ	2012	14235
851 Aalborg	9210 Aalborg SØ	2013	14312
851 Aalborg	9210 Aalborg SØ	2014	14365
851 Aalborg	9210 Aalborg SØ	2015	14368
851 Aalborg	9210 Aalborg SØ	2016	14546
851 Aalborg	9210 Aalborg SØ	2017	14553
851 Aalborg	9210 Aalborg SØ	2018	14551
851 Aalborg	9210 Aalborg SØ	2019	14588
851 Aalborg	9210 Aalborg SØ	2020	14679
851 Aalborg	9210 Aalborg SØ	2021	14602
851 Aalborg	9210 Aalborg SØ	2022	14440
851 Aalborg	9210 Aalborg SØ	2023	14733
851 Aalborg	9210 Aalborg SØ	2024	14875
851 Aalborg	9210 Aalborg SØ	2025	14941
851 Aalborg	9210 Aalborg SØ	2026	14903
851 Aalborg	9220 Aalborg Øst	2010	15387
851 Aalborg	9220 Aalborg Øst	2011	15441
851 Aalborg	9220 Aalborg Øst	2012	15744
851 Aalborg	9220 Aalborg Øst	2013	16167
851 Aalborg	9220 Aalborg Øst	2014	16059
851 Aalborg	9220 Aalborg Øst	2015	15893
851 Aalborg	9220 Aalborg Øst	2016	15837
851 Aalborg	9220 Aalborg Øst	2017	15841
851 Aalborg	9220 Aalborg Øst	2018	15733
851 Aalborg	9220 Aalborg Øst	2019	16040
851 Aalborg	9220 Aalborg Øst	2020	16474
851 Aalborg	9220 Aalborg Øst	2021	16765
851 Aalborg	9220 Aalborg Øst	2022	16916
851 Aalborg	9220 Aalborg Øst	2023	16943
851 Aalborg	9220 Aalborg Øst	2024	16931
851 Aalborg	9220 Aalborg Øst	2025	17300
851 Aalborg	9220 Aalborg Øst	2026	17527
851 Aalborg	9230 Svenstrup J	2010	10018
851 Aalborg	9230 Svenstrup J	2011	10056
851 Aalborg	9230 Svenstrup J	2012	10083
851 Aalborg	9230 Svenstrup J	2013	10214
851 Aalborg	9230 Svenstrup J	2014	10277
851 Aalborg	9230 Svenstrup J	2015	10339
851 Aalborg	9230 Svenstrup J	2016	10475
851 Aalborg	9230 Svenstrup J	2017	10527
851 Aalborg	9230 Svenstrup J	2018	10605
851 Aalborg	9230 Svenstrup J	2019	10610
851 Aalborg	9230 Svenstrup J	2020	10556
851 Aalborg	9230 Svenstrup J	2021	10721
851 Aalborg	9230 Svenstrup J	2022	10830
851 Aalborg	9230 Svenstrup J	2023	10901
851 Aalborg	9230 Svenstrup J	2024	11050
851 Aalborg	9230 Svenstrup J	2025	11169
851 Aalborg	9230 Svenstrup J	2026	11321
851 Aalborg	9240 Nibe	2010	10741
851 Aalborg	9240 Nibe	2011	10693
851 Aalborg	9240 Nibe	2012	10757
851 Aalborg	9240 Nibe	2013	10774
851 Aalborg	9240 Nibe	2014	10770
851 Aalborg	9240 Nibe	2015	10817
851 Aalborg	9240 Nibe	2016	10956
851 Aalborg	9240 Nibe	2017	10988
851 Aalborg	9240 Nibe	2018	11031
851 Aalborg	9240 Nibe	2019	11023
851 Aalborg	9240 Nibe	2020	10981
851 Aalborg	9240 Nibe	2021	10966
851 Aalborg	9240 Nibe	2022	11098
851 Aalborg	9240 Nibe	2023	11176
851 Aalborg	9240 Nibe	2024	11253
851 Aalborg	9240 Nibe	2025	11210
851 Aalborg	9240 Nibe	2026	11272
851 Aalborg	9260 Gistrup	2010	6543
851 Aalborg	9260 Gistrup	2011	6609
851 Aalborg	9260 Gistrup	2012	6501
851 Aalborg	9260 Gistrup	2013	6589
851 Aalborg	9260 Gistrup	2014	6587
851 Aalborg	9260 Gistrup	2015	6627
851 Aalborg	9260 Gistrup	2016	6705
851 Aalborg	9260 Gistrup	2017	6844
851 Aalborg	9260 Gistrup	2018	7088
851 Aalborg	9260 Gistrup	2019	7172
851 Aalborg	9260 Gistrup	2020	7204
851 Aalborg	9260 Gistrup	2021	7201
851 Aalborg	9260 Gistrup	2022	7358
851 Aalborg	9260 Gistrup	2023	7301
851 Aalborg	9260 Gistrup	2024	7393
851 Aalborg	9260 Gistrup	2025	7491
851 Aalborg	9260 Gistrup	2026	7518
851 Aalborg	9270 Klarup	2010	4257
851 Aalborg	9270 Klarup	2011	4415
851 Aalborg	9270 Klarup	2012	4611
851 Aalborg	9270 Klarup	2013	4710
851 Aalborg	9270 Klarup	2014	4807
851 Aalborg	9270 Klarup	2015	4832
851 Aalborg	9270 Klarup	2016	4851
851 Aalborg	9270 Klarup	2017	4895
851 Aalborg	9270 Klarup	2018	4849
851 Aalborg	9270 Klarup	2019	4905
851 Aalborg	9270 Klarup	2020	4959
851 Aalborg	9270 Klarup	2021	5015
851 Aalborg	9270 Klarup	2022	5173
851 Aalborg	9270 Klarup	2023	5333
851 Aalborg	9270 Klarup	2024	5502
851 Aalborg	9270 Klarup	2025	5775
851 Aalborg	9270 Klarup	2026	5921
851 Aalborg	9280 Storvorde	2010	7732
851 Aalborg	9280 Storvorde	2011	7724
851 Aalborg	9280 Storvorde	2012	7707
851 Aalborg	9280 Storvorde	2013	7762
851 Aalborg	9280 Storvorde	2014	7714
851 Aalborg	9280 Storvorde	2015	7713
851 Aalborg	9280 Storvorde	2016	7754
851 Aalborg	9280 Storvorde	2017	7796
851 Aalborg	9280 Storvorde	2018	7833
851 Aalborg	9280 Storvorde	2019	7819
851 Aalborg	9280 Storvorde	2020	7764
851 Aalborg	9280 Storvorde	2021	7846
851 Aalborg	9280 Storvorde	2022	7863
851 Aalborg	9280 Storvorde	2023	7806
851 Aalborg	9280 Storvorde	2024	7829
851 Aalborg	9280 Storvorde	2025	7729
851 Aalborg	9280 Storvorde	2026	7725
851 Aalborg	9293 Kongerslev	2010	2191
851 Aalborg	9293 Kongerslev	2011	2194
851 Aalborg	9293 Kongerslev	2012	2166
851 Aalborg	9293 Kongerslev	2013	2152
851 Aalborg	9293 Kongerslev	2014	2124
851 Aalborg	9293 Kongerslev	2015	2120
851 Aalborg	9293 Kongerslev	2016	2112
851 Aalborg	9293 Kongerslev	2017	2121
851 Aalborg	9293 Kongerslev	2018	2127
851 Aalborg	9293 Kongerslev	2019	2118
851 Aalborg	9293 Kongerslev	2020	2091
851 Aalborg	9293 Kongerslev	2021	2061
851 Aalborg	9293 Kongerslev	2022	2016
851 Aalborg	9293 Kongerslev	2023	1972
851 Aalborg	9293 Kongerslev	2024	1973
851 Aalborg	9293 Kongerslev	2025	1925
851 Aalborg	9293 Kongerslev	2026	1923
851 Aalborg	9310 Vodskov	2010	10392
851 Aalborg	9310 Vodskov	2011	10378
851 Aalborg	9310 Vodskov	2012	10333
851 Aalborg	9310 Vodskov	2013	10317
851 Aalborg	9310 Vodskov	2014	10339
851 Aalborg	9310 Vodskov	2015	10417
851 Aalborg	9310 Vodskov	2016	10351
851 Aalborg	9310 Vodskov	2017	10271
851 Aalborg	9310 Vodskov	2018	10432
851 Aalborg	9310 Vodskov	2019	10505
851 Aalborg	9310 Vodskov	2020	10519
851 Aalborg	9310 Vodskov	2021	10562
851 Aalborg	9310 Vodskov	2022	10687
851 Aalborg	9310 Vodskov	2023	10752
851 Aalborg	9310 Vodskov	2024	10779
851 Aalborg	9310 Vodskov	2025	10787
851 Aalborg	9310 Vodskov	2026	10795
851 Aalborg	9320 Hjallerup	2010	31
851 Aalborg	9320 Hjallerup	2011	29
851 Aalborg	9320 Hjallerup	2012	30
851 Aalborg	9320 Hjallerup	2013	33
851 Aalborg	9320 Hjallerup	2014	34
851 Aalborg	9320 Hjallerup	2015	43
851 Aalborg	9320 Hjallerup	2016	36
851 Aalborg	9320 Hjallerup	2017	41
851 Aalborg	9320 Hjallerup	2018	40
851 Aalborg	9320 Hjallerup	2019	40
851 Aalborg	9320 Hjallerup	2020	40
851 Aalborg	9320 Hjallerup	2021	43
851 Aalborg	9320 Hjallerup	2022	40
851 Aalborg	9320 Hjallerup	2023	38
851 Aalborg	9320 Hjallerup	2024	29
851 Aalborg	9320 Hjallerup	2025	25
851 Aalborg	9320 Hjallerup	2026	37
851 Aalborg	9362 Gandrup	2010	2585
851 Aalborg	9362 Gandrup	2011	2611
851 Aalborg	9362 Gandrup	2012	2619
851 Aalborg	9362 Gandrup	2013	2567
851 Aalborg	9362 Gandrup	2014	2573
851 Aalborg	9362 Gandrup	2015	2535
851 Aalborg	9362 Gandrup	2016	2546
851 Aalborg	9362 Gandrup	2017	2528
851 Aalborg	9362 Gandrup	2018	2532
851 Aalborg	9362 Gandrup	2019	2538
851 Aalborg	9362 Gandrup	2020	2559
851 Aalborg	9362 Gandrup	2021	2564
851 Aalborg	9362 Gandrup	2022	2517
851 Aalborg	9362 Gandrup	2023	2546
851 Aalborg	9362 Gandrup	2024	2498
851 Aalborg	9362 Gandrup	2025	2495
851 Aalborg	9362 Gandrup	2026	2451
851 Aalborg	9370 Hals	2010	5953
851 Aalborg	9370 Hals	2011	5982
851 Aalborg	9370 Hals	2012	5915
851 Aalborg	9370 Hals	2013	5983
851 Aalborg	9370 Hals	2014	5996
851 Aalborg	9370 Hals	2015	5920
851 Aalborg	9370 Hals	2016	5944
851 Aalborg	9370 Hals	2017	5950
851 Aalborg	9370 Hals	2018	6097
851 Aalborg	9370 Hals	2019	5951
851 Aalborg	9370 Hals	2020	5931
851 Aalborg	9370 Hals	2021	5978
851 Aalborg	9370 Hals	2022	6011
851 Aalborg	9370 Hals	2023	6028
851 Aalborg	9370 Hals	2024	5960
851 Aalborg	9370 Hals	2025	5867
851 Aalborg	9370 Hals	2026	5789
851 Aalborg	9380 Vestbjerg	2010	2852
851 Aalborg	9380 Vestbjerg	2011	2871
851 Aalborg	9380 Vestbjerg	2012	2878
851 Aalborg	9380 Vestbjerg	2013	2892
851 Aalborg	9380 Vestbjerg	2014	2887
851 Aalborg	9380 Vestbjerg	2015	2873
851 Aalborg	9380 Vestbjerg	2016	2919
851 Aalborg	9380 Vestbjerg	2017	2990
851 Aalborg	9380 Vestbjerg	2018	3076
851 Aalborg	9380 Vestbjerg	2019	3090
851 Aalborg	9380 Vestbjerg	2020	3054
851 Aalborg	9380 Vestbjerg	2021	3063
851 Aalborg	9380 Vestbjerg	2022	3087
851 Aalborg	9380 Vestbjerg	2023	3088
851 Aalborg	9380 Vestbjerg	2024	3095
851 Aalborg	9380 Vestbjerg	2025	3210
851 Aalborg	9380 Vestbjerg	2026	3271
851 Aalborg	9381 Sulsted	2010	2275
851 Aalborg	9381 Sulsted	2011	2284
851 Aalborg	9381 Sulsted	2012	2270
851 Aalborg	9381 Sulsted	2013	2279
851 Aalborg	9381 Sulsted	2014	2255
851 Aalborg	9381 Sulsted	2015	2244
851 Aalborg	9381 Sulsted	2016	2253
851 Aalborg	9381 Sulsted	2017	2247
851 Aalborg	9381 Sulsted	2018	2216
851 Aalborg	9381 Sulsted	2019	2186
851 Aalborg	9381 Sulsted	2020	2183
851 Aalborg	9381 Sulsted	2021	2196
851 Aalborg	9381 Sulsted	2022	2205
851 Aalborg	9381 Sulsted	2023	2179
851 Aalborg	9381 Sulsted	2024	2178
851 Aalborg	9381 Sulsted	2025	2145
851 Aalborg	9381 Sulsted	2026	2104
851 Aalborg	9382 Tylstrup	2010	1717
851 Aalborg	9382 Tylstrup	2011	1727
851 Aalborg	9382 Tylstrup	2012	1752
851 Aalborg	9382 Tylstrup	2013	1776
851 Aalborg	9382 Tylstrup	2014	1766
851 Aalborg	9382 Tylstrup	2015	1768
851 Aalborg	9382 Tylstrup	2016	1735
851 Aalborg	9382 Tylstrup	2017	1726
851 Aalborg	9382 Tylstrup	2018	1740
851 Aalborg	9382 Tylstrup	2019	1714
851 Aalborg	9382 Tylstrup	2020	1715
851 Aalborg	9382 Tylstrup	2021	1712
851 Aalborg	9382 Tylstrup	2022	1694
851 Aalborg	9382 Tylstrup	2023	1705
851 Aalborg	9382 Tylstrup	2024	1651
851 Aalborg	9382 Tylstrup	2025	1627
851 Aalborg	9382 Tylstrup	2026	1640
851 Aalborg	9400 Nørresundby	2010	21502
851 Aalborg	9400 Nørresundby	2011	21762
851 Aalborg	9400 Nørresundby	2012	22047
851 Aalborg	9400 Nørresundby	2013	22118
851 Aalborg	9400 Nørresundby	2014	22138
851 Aalborg	9400 Nørresundby	2015	22459
851 Aalborg	9400 Nørresundby	2016	22842
851 Aalborg	9400 Nørresundby	2017	22991
851 Aalborg	9400 Nørresundby	2018	23245
851 Aalborg	9400 Nørresundby	2019	23469
851 Aalborg	9400 Nørresundby	2020	23903
851 Aalborg	9400 Nørresundby	2021	24082
851 Aalborg	9400 Nørresundby	2022	24100
851 Aalborg	9400 Nørresundby	2023	24190
851 Aalborg	9400 Nørresundby	2024	24632
851 Aalborg	9400 Nørresundby	2025	24758
851 Aalborg	9400 Nørresundby	2026	25158
851 Aalborg	9430 Vadum	2010	2862
851 Aalborg	9430 Vadum	2011	2893
851 Aalborg	9430 Vadum	2012	2862
851 Aalborg	9430 Vadum	2013	2855
851 Aalborg	9430 Vadum	2014	2864
851 Aalborg	9430 Vadum	2015	2886
851 Aalborg	9430 Vadum	2016	2860
851 Aalborg	9430 Vadum	2017	2877
851 Aalborg	9430 Vadum	2018	2865
851 Aalborg	9430 Vadum	2019	2845
851 Aalborg	9430 Vadum	2020	2896
851 Aalborg	9430 Vadum	2021	2937
851 Aalborg	9430 Vadum	2022	3077
851 Aalborg	9430 Vadum	2023	3095
851 Aalborg	9430 Vadum	2024	3100
851 Aalborg	9430 Vadum	2025	3055
851 Aalborg	9430 Vadum	2026	3083
851 Aalborg	9440 Aabybro	2010	59
851 Aalborg	9440 Aabybro	2011	57
851 Aalborg	9440 Aabybro	2012	57
851 Aalborg	9440 Aabybro	2013	58
851 Aalborg	9440 Aabybro	2014	58
851 Aalborg	9440 Aabybro	2015	56
851 Aalborg	9440 Aabybro	2016	58
851 Aalborg	9440 Aabybro	2017	62
851 Aalborg	9440 Aabybro	2018	57
851 Aalborg	9440 Aabybro	2019	47
851 Aalborg	9440 Aabybro	2020	50
851 Aalborg	9440 Aabybro	2021	56
851 Aalborg	9440 Aabybro	2022	50
851 Aalborg	9440 Aabybro	2023	47
851 Aalborg	9440 Aabybro	2024	48
851 Aalborg	9440 Aabybro	2025	50
851 Aalborg	9440 Aabybro	2026	49
851 Aalborg	9530 Støvring	2010	339
851 Aalborg	9530 Støvring	2011	324
851 Aalborg	9530 Støvring	2012	325
851 Aalborg	9530 Støvring	2013	335
851 Aalborg	9530 Støvring	2014	330
851 Aalborg	9530 Støvring	2015	332
851 Aalborg	9530 Støvring	2016	320
851 Aalborg	9530 Støvring	2017	323
851 Aalborg	9530 Støvring	2018	318
851 Aalborg	9530 Støvring	2019	312
851 Aalborg	9530 Støvring	2020	303
851 Aalborg	9530 Støvring	2021	307
851 Aalborg	9530 Støvring	2022	292
851 Aalborg	9530 Støvring	2023	295
851 Aalborg	9530 Støvring	2024	297
851 Aalborg	9530 Støvring	2025	292
851 Aalborg	9530 Støvring	2026	289
851 Aalborg	9999 Ukendt	2010	325
851 Aalborg	9999 Ukendt	2011	331
851 Aalborg	9999 Ukendt	2012	423
851 Aalborg	9999 Ukendt	2013	400
851 Aalborg	9999 Ukendt	2014	417
851 Aalborg	9999 Ukendt	2015	513
851 Aalborg	9999 Ukendt	2016	606
851 Aalborg	9999 Ukendt	2017	585
851 Aalborg	9999 Ukendt	2018	623
851 Aalborg	9999 Ukendt	2019	604
851 Aalborg	9999 Ukendt	2020	506
851 Aalborg	9999 Ukendt	2021	419
851 Aalborg	9999 Ukendt	2022	421
851 Aalborg	9999 Ukendt	2023	456
851 Aalborg	9999 Ukendt	2024	444
851 Aalborg	9999 Ukendt	2025	433
851 Aalborg	9999 Ukendt	2026	440
860 Hjørring	9480 Løkken	2010	4013
860 Hjørring	9480 Løkken	2011	3966
860 Hjørring	9480 Løkken	2012	3953
860 Hjørring	9480 Løkken	2013	3917
860 Hjørring	9480 Løkken	2014	3868
860 Hjørring	9480 Løkken	2015	3830
860 Hjørring	9480 Løkken	2016	3848
860 Hjørring	9480 Løkken	2017	3781
860 Hjørring	9480 Løkken	2018	3767
860 Hjørring	9480 Løkken	2019	3764
860 Hjørring	9480 Løkken	2020	3765
860 Hjørring	9480 Løkken	2021	3743
860 Hjørring	9480 Løkken	2022	3707
860 Hjørring	9480 Løkken	2023	3729
860 Hjørring	9480 Løkken	2024	3724
860 Hjørring	9480 Løkken	2025	3667
860 Hjørring	9480 Løkken	2026	3645
860 Hjørring	9740 Jerslev J	2010	24
860 Hjørring	9740 Jerslev J	2011	23
860 Hjørring	9740 Jerslev J	2012	21
860 Hjørring	9740 Jerslev J	2013	22
860 Hjørring	9740 Jerslev J	2014	21
860 Hjørring	9740 Jerslev J	2015	19
860 Hjørring	9740 Jerslev J	2016	19
860 Hjørring	9740 Jerslev J	2017	18
860 Hjørring	9740 Jerslev J	2018	18
860 Hjørring	9740 Jerslev J	2019	18
860 Hjørring	9740 Jerslev J	2020	17
860 Hjørring	9740 Jerslev J	2021	16
860 Hjørring	9740 Jerslev J	2022	17
860 Hjørring	9740 Jerslev J	2023	17
860 Hjørring	9740 Jerslev J	2024	16
860 Hjørring	9740 Jerslev J	2025	16
860 Hjørring	9740 Jerslev J	2026	14
860 Hjørring	9750 Østervrå	2010	6
860 Hjørring	9750 Østervrå	2011	6
860 Hjørring	9750 Østervrå	2012	4
860 Hjørring	9750 Østervrå	2013	6
860 Hjørring	9750 Østervrå	2014	6
860 Hjørring	9750 Østervrå	2015	4
860 Hjørring	9750 Østervrå	2016	5
860 Hjørring	9750 Østervrå	2017	6
860 Hjørring	9750 Østervrå	2018	5
860 Hjørring	9750 Østervrå	2019	5
860 Hjørring	9750 Østervrå	2020	5
860 Hjørring	9750 Østervrå	2021	5
860 Hjørring	9750 Østervrå	2022	5
860 Hjørring	9750 Østervrå	2023	5
860 Hjørring	9750 Østervrå	2024	5
860 Hjørring	9750 Østervrå	2025	7
860 Hjørring	9750 Østervrå	2026	7
860 Hjørring	9760 Vrå	2010	5440
860 Hjørring	9760 Vrå	2011	5457
860 Hjørring	9760 Vrå	2012	5481
860 Hjørring	9760 Vrå	2013	5349
860 Hjørring	9760 Vrå	2014	5279
860 Hjørring	9760 Vrå	2015	5282
860 Hjørring	9760 Vrå	2016	5254
860 Hjørring	9760 Vrå	2017	5207
860 Hjørring	9760 Vrå	2018	5160
860 Hjørring	9760 Vrå	2019	5110
860 Hjørring	9760 Vrå	2020	5079
860 Hjørring	9760 Vrå	2021	5036
860 Hjørring	9760 Vrå	2022	5091
860 Hjørring	9760 Vrå	2023	5199
860 Hjørring	9760 Vrå	2024	5143
860 Hjørring	9760 Vrå	2025	5257
860 Hjørring	9760 Vrå	2026	5161
860 Hjørring	9800 Hjørring	2010	33716
860 Hjørring	9800 Hjørring	2011	33541
860 Hjørring	9800 Hjørring	2012	33511
860 Hjørring	9800 Hjørring	2013	33530
860 Hjørring	9800 Hjørring	2014	33582
860 Hjørring	9800 Hjørring	2015	33807
860 Hjørring	9800 Hjørring	2016	34001
860 Hjørring	9800 Hjørring	2017	34115
860 Hjørring	9800 Hjørring	2018	34366
860 Hjørring	9800 Hjørring	2019	34138
860 Hjørring	9800 Hjørring	2020	34069
860 Hjørring	9800 Hjørring	2021	33926
860 Hjørring	9800 Hjørring	2022	33792
860 Hjørring	9800 Hjørring	2023	33967
860 Hjørring	9800 Hjørring	2024	33866
860 Hjørring	9800 Hjørring	2025	33767
860 Hjørring	9800 Hjørring	2026	33709
860 Hjørring	9830 Tårs	2010	3665
860 Hjørring	9830 Tårs	2011	3664
860 Hjørring	9830 Tårs	2012	3576
860 Hjørring	9830 Tårs	2013	3539
860 Hjørring	9830 Tårs	2014	3500
860 Hjørring	9830 Tårs	2015	3408
860 Hjørring	9830 Tårs	2016	3368
860 Hjørring	9830 Tårs	2017	3328
860 Hjørring	9830 Tårs	2018	3331
860 Hjørring	9830 Tårs	2019	3295
860 Hjørring	9830 Tårs	2020	3318
860 Hjørring	9830 Tårs	2021	3305
860 Hjørring	9830 Tårs	2022	3264
860 Hjørring	9830 Tårs	2023	3221
860 Hjørring	9830 Tårs	2024	3208
860 Hjørring	9830 Tårs	2025	3193
860 Hjørring	9830 Tårs	2026	3151
860 Hjørring	9850 Hirtshals	2010	9692
860 Hjørring	9850 Hirtshals	2011	9617
860 Hjørring	9850 Hirtshals	2012	9537
860 Hjørring	9850 Hirtshals	2013	9418
860 Hjørring	9850 Hirtshals	2014	9311
860 Hjørring	9850 Hirtshals	2015	9209
860 Hjørring	9850 Hirtshals	2016	9191
860 Hjørring	9850 Hirtshals	2017	9135
860 Hjørring	9850 Hirtshals	2018	9083
860 Hjørring	9850 Hirtshals	2019	8958
860 Hjørring	9850 Hirtshals	2020	8856
860 Hjørring	9850 Hirtshals	2021	8753
860 Hjørring	9850 Hirtshals	2022	8654
860 Hjørring	9850 Hirtshals	2023	8588
860 Hjørring	9850 Hirtshals	2024	8484
860 Hjørring	9850 Hirtshals	2025	8388
860 Hjørring	9850 Hirtshals	2026	8363
860 Hjørring	9870 Sindal	2010	6880
860 Hjørring	9870 Sindal	2011	6836
860 Hjørring	9870 Sindal	2012	6811
860 Hjørring	9870 Sindal	2013	6741
860 Hjørring	9870 Sindal	2014	6632
860 Hjørring	9870 Sindal	2015	6571
860 Hjørring	9870 Sindal	2016	6554
860 Hjørring	9870 Sindal	2017	6513
860 Hjørring	9870 Sindal	2018	6360
860 Hjørring	9870 Sindal	2019	6313
860 Hjørring	9870 Sindal	2020	6366
860 Hjørring	9870 Sindal	2021	6408
860 Hjørring	9870 Sindal	2022	6373
860 Hjørring	9870 Sindal	2023	6336
860 Hjørring	9870 Sindal	2024	6265
860 Hjørring	9870 Sindal	2025	6227
860 Hjørring	9870 Sindal	2026	6143
860 Hjørring	9881 Bindslev	2010	3064
860 Hjørring	9881 Bindslev	2011	3067
860 Hjørring	9881 Bindslev	2012	3004
860 Hjørring	9881 Bindslev	2013	2969
860 Hjørring	9881 Bindslev	2014	2927
860 Hjørring	9881 Bindslev	2015	2878
860 Hjørring	9881 Bindslev	2016	2877
860 Hjørring	9881 Bindslev	2017	2908
860 Hjørring	9881 Bindslev	2018	2866
860 Hjørring	9881 Bindslev	2019	2796
860 Hjørring	9881 Bindslev	2020	2746
860 Hjørring	9881 Bindslev	2021	2701
860 Hjørring	9881 Bindslev	2022	2670
860 Hjørring	9881 Bindslev	2023	2675
860 Hjørring	9881 Bindslev	2024	2568
860 Hjørring	9881 Bindslev	2025	2524
860 Hjørring	9881 Bindslev	2026	2523
860 Hjørring	9900 Frederikshavn	2010	283
860 Hjørring	9900 Frederikshavn	2011	286
860 Hjørring	9900 Frederikshavn	2012	268
860 Hjørring	9900 Frederikshavn	2013	260
860 Hjørring	9900 Frederikshavn	2014	265
860 Hjørring	9900 Frederikshavn	2015	273
860 Hjørring	9900 Frederikshavn	2016	280
860 Hjørring	9900 Frederikshavn	2017	277
860 Hjørring	9900 Frederikshavn	2018	280
860 Hjørring	9900 Frederikshavn	2019	245
860 Hjørring	9900 Frederikshavn	2020	241
860 Hjørring	9900 Frederikshavn	2021	242
860 Hjørring	9900 Frederikshavn	2022	250
860 Hjørring	9900 Frederikshavn	2023	247
860 Hjørring	9900 Frederikshavn	2024	248
860 Hjørring	9900 Frederikshavn	2025	250
860 Hjørring	9900 Frederikshavn	2026	249
860 Hjørring	9982 Ålbæk	2010	8
860 Hjørring	9982 Ålbæk	2011	8
860 Hjørring	9982 Ålbæk	2012	11
860 Hjørring	9982 Ålbæk	2013	11
860 Hjørring	9982 Ålbæk	2014	10
860 Hjørring	9982 Ålbæk	2015	11
860 Hjørring	9982 Ålbæk	2016	10
860 Hjørring	9982 Ålbæk	2017	11
860 Hjørring	9982 Ålbæk	2018	11
860 Hjørring	9982 Ålbæk	2019	11
860 Hjørring	9982 Ålbæk	2020	10
860 Hjørring	9982 Ålbæk	2021	9
860 Hjørring	9982 Ålbæk	2022	7
860 Hjørring	9982 Ålbæk	2023	7
860 Hjørring	9982 Ålbæk	2024	7
860 Hjørring	9982 Ålbæk	2025	7
860 Hjørring	9982 Ålbæk	2026	9
860 Hjørring	9999 Ukendt	2010	12
860 Hjørring	9999 Ukendt	2011	2
860 Hjørring	9999 Ukendt	2012	1
860 Hjørring	9999 Ukendt	2013	5
860 Hjørring	9999 Ukendt	2014	4
860 Hjørring	9999 Ukendt	2015	3
860 Hjørring	9999 Ukendt	2016	4
860 Hjørring	9999 Ukendt	2017	8
860 Hjørring	9999 Ukendt	2018	10
860 Hjørring	9999 Ukendt	2019	12
860 Hjørring	9999 Ukendt	2020	11
860 Hjørring	9999 Ukendt	2021	11
860 Hjørring	9999 Ukendt	2022	9
860 Hjørring	9999 Ukendt	2023	7
860 Hjørring	9999 Ukendt	2024	10
860 Hjørring	9999 Ukendt	2025	8
860 Hjørring	9999 Ukendt	2026	5
