municipality	municipality_code	postalcode_name	postal_code	year	count
København	101	København K	1050	2010	22
København	101	København K	1050	2011	20
København	101	København K	1050	2012	23
København	101	København K	1050	2013	23
København	101	København K	1050	2014	24
København	101	København K	1050	2015	20
København	101	København K	1050	2016	17
København	101	København K	1050	2017	18
København	101	København K	1050	2018	16
København	101	København K	1050	2019	15
København	101	København K	1050	2020	13
København	101	København K	1050	2021	15
København	101	København K	1050	2022	17
København	101	København K	1050	2023	17
København	101	København K	1050	2024	22
København	101	København K	1050	2025	20
København	101	København K	1050	2026	23
København	101	København K	1051	2010	265
København	101	København K	1051	2011	289
København	101	København K	1051	2012	293
København	101	København K	1051	2013	335
København	101	København K	1051	2014	352
København	101	København K	1051	2015	342
København	101	København K	1051	2016	340
København	101	København K	1051	2017	338
København	101	København K	1051	2018	369
København	101	København K	1051	2019	409
København	101	København K	1051	2020	390
København	101	København K	1051	2021	408
København	101	København K	1051	2022	402
København	101	København K	1051	2023	425
København	101	København K	1051	2024	417
København	101	København K	1051	2025	399
København	101	København K	1051	2026	412
København	101	København K	1052	2010	407
København	101	København K	1052	2011	429
København	101	København K	1052	2012	434
København	101	København K	1052	2013	421
København	101	København K	1052	2014	396
København	101	København K	1052	2015	406
København	101	København K	1052	2016	403
København	101	København K	1052	2017	389
København	101	København K	1052	2018	409
København	101	København K	1052	2019	412
København	101	København K	1052	2020	421
København	101	København K	1052	2021	412
København	101	København K	1052	2022	405
København	101	København K	1052	2023	400
København	101	København K	1052	2024	408
København	101	København K	1052	2025	421
København	101	København K	1052	2026	425
København	101	København K	1053	2010	415
København	101	København K	1053	2011	414
København	101	København K	1053	2012	420
København	101	København K	1053	2013	423
København	101	København K	1053	2014	431
København	101	København K	1053	2015	387
København	101	København K	1053	2016	375
København	101	København K	1053	2017	398
København	101	København K	1053	2018	401
København	101	København K	1053	2019	363
København	101	København K	1053	2020	337
København	101	København K	1053	2021	330
København	101	København K	1053	2022	311
København	101	København K	1053	2023	305
København	101	København K	1053	2024	353
København	101	København K	1053	2025	404
København	101	København K	1053	2026	416
København	101	København K	1054	2010	433
København	101	København K	1054	2011	462
København	101	København K	1054	2012	434
København	101	København K	1054	2013	413
København	101	København K	1054	2014	417
København	101	København K	1054	2015	416
København	101	København K	1054	2016	444
København	101	København K	1054	2017	438
København	101	København K	1054	2018	463
København	101	København K	1054	2019	445
København	101	København K	1054	2020	422
København	101	København K	1054	2021	416
København	101	København K	1054	2022	416
København	101	København K	1054	2023	401
København	101	København K	1054	2024	389
København	101	København K	1054	2025	392
København	101	København K	1054	2026	382
København	101	København K	1055	2010	381
København	101	København K	1055	2011	387
København	101	København K	1055	2012	324
København	101	København K	1055	2013	348
København	101	København K	1055	2014	374
København	101	København K	1055	2015	328
København	101	København K	1055	2016	336
København	101	København K	1055	2017	365
København	101	København K	1055	2018	358
København	101	København K	1055	2019	338
København	101	København K	1055	2020	348
København	101	København K	1055	2021	356
København	101	København K	1055	2022	338
København	101	København K	1055	2023	344
København	101	København K	1055	2024	325
København	101	København K	1055	2025	340
København	101	København K	1055	2026	342
København	101	København K	1056	2010	47
København	101	København K	1056	2011	47
København	101	København K	1056	2012	47
København	101	København K	1056	2013	56
København	101	København K	1056	2014	61
København	101	København K	1056	2015	61
København	101	København K	1056	2016	60
København	101	København K	1056	2017	56
København	101	København K	1056	2018	51
København	101	København K	1056	2019	50
København	101	København K	1056	2020	49
København	101	København K	1056	2021	52
København	101	København K	1056	2022	52
København	101	København K	1056	2023	52
København	101	København K	1056	2024	51
København	101	København K	1056	2025	51
København	101	København K	1056	2026	49
København	101	København K	1057	2010	303
København	101	København K	1057	2011	304
København	101	København K	1057	2012	313
København	101	København K	1057	2013	299
København	101	København K	1057	2014	297
København	101	København K	1057	2015	308
København	101	København K	1057	2016	308
København	101	København K	1057	2017	300
København	101	København K	1057	2018	305
København	101	København K	1057	2019	302
København	101	København K	1057	2020	327
København	101	København K	1057	2021	305
København	101	København K	1057	2022	291
København	101	København K	1057	2023	294
København	101	København K	1057	2024	291
København	101	København K	1057	2025	300
København	101	København K	1057	2026	302
København	101	København K	1058	2010	188
København	101	København K	1058	2011	183
København	101	København K	1058	2012	198
København	101	København K	1058	2013	192
København	101	København K	1058	2014	197
København	101	København K	1058	2015	202
København	101	København K	1058	2016	189
København	101	København K	1058	2017	194
København	101	København K	1058	2018	203
København	101	København K	1058	2019	192
København	101	København K	1058	2020	192
København	101	København K	1058	2021	202
København	101	København K	1058	2022	216
København	101	København K	1058	2023	206
København	101	København K	1058	2024	204
København	101	København K	1058	2025	213
København	101	København K	1058	2026	214
København	101	København K	1059	2010	13
København	101	København K	1059	2011	16
København	101	København K	1059	2012	15
København	101	København K	1059	2013	15
København	101	København K	1059	2014	18
København	101	København K	1059	2015	16
København	101	København K	1059	2016	17
København	101	København K	1059	2017	15
København	101	København K	1059	2018	15
København	101	København K	1059	2019	14
København	101	København K	1059	2020	15
København	101	København K	1059	2021	15
København	101	København K	1059	2022	18
København	101	København K	1059	2023	18
København	101	København K	1059	2024	19
København	101	København K	1059	2025	19
København	101	København K	1059	2026	16
København	101	København K	1061	2010	11
København	101	København K	1061	2011	11
København	101	København K	1061	2012	11
København	101	København K	1061	2013	10
København	101	København K	1061	2014	13
København	101	København K	1061	2015	16
København	101	København K	1061	2016	15
København	101	København K	1061	2017	14
København	101	København K	1061	2018	11
København	101	København K	1061	2019	12
København	101	København K	1061	2020	14
København	101	København K	1061	2021	12
København	101	København K	1061	2022	15
København	101	København K	1061	2023	13
København	101	København K	1061	2024	10
København	101	København K	1061	2025	10
København	101	København K	1061	2026	11
København	101	København K	1062	2010	19
København	101	København K	1062	2011	18
København	101	København K	1062	2012	21
København	101	København K	1062	2013	23
København	101	København K	1062	2014	21
København	101	København K	1062	2015	16
København	101	København K	1062	2016	19
København	101	København K	1062	2017	21
København	101	København K	1062	2018	21
København	101	København K	1062	2019	18
København	101	København K	1062	2020	14
København	101	København K	1062	2021	20
København	101	København K	1062	2022	21
København	101	København K	1062	2023	21
København	101	København K	1062	2024	20
København	101	København K	1062	2025	19
København	101	København K	1062	2026	16
København	101	København K	1063	2010	98
København	101	København K	1063	2011	100
København	101	København K	1063	2012	98
København	101	København K	1063	2013	100
København	101	København K	1063	2014	113
København	101	København K	1063	2015	111
København	101	København K	1063	2016	110
København	101	København K	1063	2017	112
København	101	København K	1063	2018	110
København	101	København K	1063	2019	110
København	101	København K	1063	2020	104
København	101	København K	1063	2021	108
København	101	København K	1063	2022	116
København	101	København K	1063	2023	112
København	101	København K	1063	2024	131
København	101	København K	1063	2025	126
København	101	København K	1063	2026	109
København	101	København K	1064	2010	7
København	101	København K	1064	2011	6
København	101	København K	1064	2012	8
København	101	København K	1064	2013	6
København	101	København K	1064	2014	8
København	101	København K	1064	2015	9
København	101	København K	1064	2016	8
København	101	København K	1064	2017	6
København	101	København K	1064	2018	6
København	101	København K	1064	2019	6
København	101	København K	1064	2020	7
København	101	København K	1064	2021	6
København	101	København K	1064	2022	7
København	101	København K	1064	2023	8
København	101	København K	1064	2024	6
København	101	København K	1064	2025	7
København	101	København K	1064	2026	8
København	101	København K	1065	2010	5
København	101	København K	1065	2011	16
København	101	København K	1065	2012	18
København	101	København K	1065	2013	23
København	101	København K	1065	2014	22
København	101	København K	1065	2015	19
København	101	København K	1065	2016	16
København	101	København K	1065	2017	19
København	101	København K	1065	2018	24
København	101	København K	1065	2019	19
København	101	København K	1065	2020	24
København	101	København K	1065	2021	17
København	101	København K	1065	2022	23
København	101	København K	1065	2023	16
København	101	København K	1065	2024	29
København	101	København K	1065	2025	25
København	101	København K	1065	2026	22
København	101	København K	1066	2010	56
København	101	København K	1066	2011	58
København	101	København K	1066	2012	62
København	101	København K	1066	2013	65
København	101	København K	1066	2014	60
København	101	København K	1066	2015	63
København	101	København K	1066	2016	60
København	101	København K	1066	2017	57
København	101	København K	1066	2018	58
København	101	København K	1066	2019	51
København	101	København K	1066	2020	68
København	101	København K	1066	2021	61
København	101	København K	1066	2022	63
København	101	København K	1066	2023	63
København	101	København K	1066	2024	60
København	101	København K	1066	2025	53
København	101	København K	1066	2026	64
København	101	København K	1067	2010	66
København	101	København K	1067	2011	81
København	101	København K	1067	2012	87
København	101	København K	1067	2013	91
København	101	København K	1067	2014	84
København	101	København K	1067	2015	89
København	101	København K	1067	2016	81
København	101	København K	1067	2017	78
København	101	København K	1067	2018	81
København	101	København K	1067	2019	76
København	101	København K	1067	2020	93
København	101	København K	1067	2021	95
København	101	København K	1067	2022	91
København	101	København K	1067	2023	95
København	101	København K	1067	2024	93
København	101	København K	1067	2025	107
København	101	København K	1067	2026	100
København	101	København K	1068	2010	39
København	101	København K	1068	2011	41
København	101	København K	1068	2012	43
København	101	København K	1068	2013	43
København	101	København K	1068	2014	45
København	101	København K	1068	2015	49
København	101	København K	1068	2016	41
København	101	København K	1068	2017	41
København	101	København K	1068	2018	44
København	101	København K	1068	2019	43
København	101	København K	1068	2020	40
København	101	København K	1068	2021	41
København	101	København K	1068	2022	41
København	101	København K	1068	2023	43
København	101	København K	1068	2024	32
København	101	København K	1068	2025	37
København	101	København K	1068	2026	43
København	101	København K	1069	2010	35
København	101	København K	1069	2011	35
København	101	København K	1069	2012	38
København	101	København K	1069	2013	39
København	101	København K	1069	2014	41
København	101	København K	1069	2015	40
København	101	København K	1069	2016	39
København	101	København K	1069	2017	39
København	101	København K	1069	2018	41
København	101	København K	1069	2019	40
København	101	København K	1069	2020	39
København	101	København K	1069	2021	40
København	101	København K	1069	2022	43
København	101	København K	1069	2023	43
København	101	København K	1069	2024	43
København	101	København K	1069	2025	40
København	101	København K	1069	2026	39
København	101	København K	1070	2010	52
København	101	København K	1070	2011	51
København	101	København K	1070	2012	53
København	101	København K	1070	2013	57
København	101	København K	1070	2014	58
København	101	København K	1070	2015	58
København	101	København K	1070	2016	56
København	101	København K	1070	2017	58
København	101	København K	1070	2018	62
København	101	København K	1070	2019	61
København	101	København K	1070	2020	64
København	101	København K	1070	2021	62
København	101	København K	1070	2022	59
København	101	København K	1070	2023	55
København	101	København K	1070	2024	58
København	101	København K	1070	2025	61
København	101	København K	1070	2026	60
København	101	København K	1071	2010	59
København	101	København K	1071	2011	52
København	101	København K	1071	2012	60
København	101	København K	1071	2013	56
København	101	København K	1071	2014	53
København	101	København K	1071	2015	54
København	101	København K	1071	2016	58
København	101	København K	1071	2017	57
København	101	København K	1071	2018	59
København	101	København K	1071	2019	60
København	101	København K	1071	2020	52
København	101	København K	1071	2021	57
København	101	København K	1071	2022	48
København	101	København K	1071	2023	55
København	101	København K	1071	2024	61
København	101	København K	1071	2025	66
København	101	København K	1071	2026	57
København	101	København K	1072	2010	8
København	101	København K	1072	2011	7
København	101	København K	1072	2012	7
København	101	København K	1072	2013	7
København	101	København K	1072	2014	7
København	101	København K	1072	2015	7
København	101	København K	1072	2016	4
København	101	København K	1072	2017	4
København	101	København K	1072	2018	5
København	101	København K	1072	2019	5
København	101	København K	1072	2020	4
København	101	København K	1072	2021	8
København	101	København K	1072	2022	6
København	101	København K	1072	2023	4
København	101	København K	1072	2024	6
København	101	København K	1072	2025	4
København	101	København K	1072	2026	5
København	101	København K	1073	2010	3
København	101	København K	1073	2011	1
København	101	København K	1073	2012	3
København	101	København K	1073	2013	7
København	101	København K	1073	2014	6
København	101	København K	1073	2015	5
København	101	København K	1073	2016	7
København	101	København K	1073	2017	7
København	101	København K	1073	2018	7
København	101	København K	1073	2019	7
København	101	København K	1073	2020	7
København	101	København K	1073	2021	8
København	101	København K	1073	2022	5
København	101	København K	1073	2023	5
København	101	København K	1073	2024	5
København	101	København K	1073	2025	6
København	101	København K	1073	2026	6
København	101	København K	1074	2010	24
København	101	København K	1074	2011	24
København	101	København K	1074	2012	26
København	101	København K	1074	2013	27
København	101	København K	1074	2014	29
København	101	København K	1074	2015	28
København	101	København K	1074	2016	28
København	101	København K	1074	2017	26
København	101	København K	1074	2018	26
København	101	København K	1074	2019	14
København	101	København K	1074	2020	19
København	101	København K	1074	2021	25
København	101	København K	1074	2022	15
København	101	København K	1074	2023	19
København	101	København K	1074	2024	19
København	101	København K	1074	2025	23
København	101	København K	1074	2026	25
København	101	København K	1100	2010	13
København	101	København K	1100	2011	13
København	101	København K	1100	2012	23
København	101	København K	1100	2013	25
København	101	København K	1100	2014	19
København	101	København K	1100	2015	23
København	101	København K	1100	2016	23
København	101	København K	1100	2017	16
København	101	København K	1100	2018	20
København	101	København K	1100	2019	23
København	101	København K	1100	2020	16
København	101	København K	1100	2021	24
København	101	København K	1100	2022	29
København	101	København K	1100	2023	25
København	101	København K	1100	2024	25
København	101	København K	1100	2025	29
København	101	København K	1100	2026	30
København	101	København K	1101	2010	65
København	101	København K	1101	2011	70
København	101	København K	1101	2012	64
København	101	København K	1101	2013	69
København	101	København K	1101	2014	71
København	101	København K	1101	2015	74
København	101	København K	1101	2016	75
København	101	København K	1101	2017	76
København	101	København K	1101	2018	79
København	101	København K	1101	2019	72
København	101	København K	1101	2020	76
København	101	København K	1101	2021	68
København	101	København K	1101	2022	78
København	101	København K	1101	2023	72
København	101	København K	1101	2024	73
København	101	København K	1101	2025	80
København	101	København K	1101	2026	84
København	101	København K	1102	2010	1
København	101	København K	1102	2011	1
København	101	København K	1102	2012	1
København	101	København K	1102	2013	1
København	101	København K	1102	2014	0
København	101	København K	1102	2015	1
København	101	København K	1102	2016	2
København	101	København K	1102	2017	2
København	101	København K	1102	2018	2
København	101	København K	1102	2019	2
København	101	København K	1102	2020	2
København	101	København K	1102	2021	2
København	101	København K	1102	2022	2
København	101	København K	1102	2023	2
København	101	København K	1102	2024	2
København	101	København K	1102	2025	2
København	101	København K	1102	2026	2
København	101	København K	1103	2010	2
København	101	København K	1103	2011	3
København	101	København K	1103	2012	3
København	101	København K	1103	2013	2
København	101	København K	1103	2014	2
København	101	København K	1103	2015	7
København	101	København K	1103	2016	7
København	101	København K	1103	2017	8
København	101	København K	1103	2018	7
København	101	København K	1103	2019	6
København	101	København K	1103	2020	11
København	101	København K	1103	2021	8
København	101	København K	1103	2022	7
København	101	København K	1103	2023	7
København	101	København K	1103	2024	4
København	101	København K	1103	2025	4
København	101	København K	1103	2026	4
København	101	København K	1104	2010	59
København	101	København K	1104	2011	54
København	101	København K	1104	2012	62
København	101	København K	1104	2013	67
København	101	København K	1104	2014	80
København	101	København K	1104	2015	83
København	101	København K	1104	2016	92
København	101	København K	1104	2017	90
København	101	København K	1104	2018	85
København	101	København K	1104	2019	78
København	101	København K	1104	2020	76
København	101	København K	1104	2021	81
København	101	København K	1104	2022	80
København	101	København K	1104	2023	92
København	101	København K	1104	2024	90
København	101	København K	1104	2025	86
København	101	København K	1104	2026	90
København	101	København K	1105	2010	0
København	101	København K	1105	2011	0
København	101	København K	1105	2012	0
København	101	København K	1105	2013	0
København	101	København K	1105	2014	0
København	101	København K	1105	2015	0
København	101	København K	1105	2016	0
København	101	København K	1105	2017	0
København	101	København K	1105	2018	0
København	101	København K	1105	2019	0
København	101	København K	1105	2020	0
København	101	København K	1105	2021	0
København	101	København K	1105	2022	0
København	101	København K	1105	2023	1
København	101	København K	1105	2024	0
København	101	København K	1105	2025	0
København	101	København K	1105	2026	0
København	101	København K	1106	2010	7
København	101	København K	1106	2011	9
København	101	København K	1106	2012	8
København	101	København K	1106	2013	7
København	101	København K	1106	2014	11
København	101	København K	1106	2015	10
København	101	København K	1106	2016	8
København	101	København K	1106	2017	10
København	101	København K	1106	2018	9
København	101	København K	1106	2019	8
København	101	København K	1106	2020	7
København	101	København K	1106	2021	8
København	101	København K	1106	2022	9
København	101	København K	1106	2023	9
København	101	København K	1106	2024	11
København	101	København K	1106	2025	15
København	101	København K	1106	2026	8
København	101	København K	1107	2010	87
København	101	København K	1107	2011	85
København	101	København K	1107	2012	89
København	101	København K	1107	2013	88
København	101	København K	1107	2014	92
København	101	København K	1107	2015	97
København	101	København K	1107	2016	104
København	101	København K	1107	2017	104
København	101	København K	1107	2018	89
København	101	København K	1107	2019	84
København	101	København K	1107	2020	98
København	101	København K	1107	2021	109
København	101	København K	1107	2022	112
København	101	København K	1107	2023	97
København	101	København K	1107	2024	109
København	101	København K	1107	2025	98
København	101	København K	1107	2026	97
København	101	København K	1110	2010	71
København	101	København K	1110	2011	68
København	101	København K	1110	2012	68
København	101	København K	1110	2013	75
København	101	København K	1110	2014	69
København	101	København K	1110	2015	71
København	101	København K	1110	2016	76
København	101	København K	1110	2017	84
København	101	København K	1110	2018	82
København	101	København K	1110	2019	89
København	101	København K	1110	2020	82
København	101	København K	1110	2021	86
København	101	København K	1110	2022	105
København	101	København K	1110	2023	103
København	101	København K	1110	2024	92
København	101	København K	1110	2025	105
København	101	København K	1110	2026	101
København	101	København K	1111	2010	63
København	101	København K	1111	2011	62
København	101	København K	1111	2012	70
København	101	København K	1111	2013	68
København	101	København K	1111	2014	63
København	101	København K	1111	2015	63
København	101	København K	1111	2016	60
København	101	København K	1111	2017	72
København	101	København K	1111	2018	68
København	101	København K	1111	2019	67
København	101	København K	1111	2020	71
København	101	København K	1111	2021	74
København	101	København K	1111	2022	70
København	101	København K	1111	2023	74
København	101	København K	1111	2024	70
København	101	København K	1111	2025	76
København	101	København K	1111	2026	74
København	101	København K	1112	2010	133
København	101	København K	1112	2011	128
København	101	København K	1112	2012	146
København	101	København K	1112	2013	143
København	101	København K	1112	2014	161
København	101	København K	1112	2015	151
København	101	København K	1112	2016	157
København	101	København K	1112	2017	184
København	101	København K	1112	2018	187
København	101	København K	1112	2019	172
København	101	København K	1112	2020	169
København	101	København K	1112	2021	172
København	101	København K	1112	2022	176
København	101	København K	1112	2023	188
København	101	København K	1112	2024	184
København	101	København K	1112	2025	175
København	101	København K	1112	2026	181
København	101	København K	1113	2010	51
København	101	København K	1113	2011	48
København	101	København K	1113	2012	44
København	101	København K	1113	2013	45
København	101	København K	1113	2014	51
København	101	København K	1113	2015	55
København	101	København K	1113	2016	52
København	101	København K	1113	2017	56
København	101	København K	1113	2018	65
København	101	København K	1113	2019	65
København	101	København K	1113	2020	58
København	101	København K	1113	2021	68
København	101	København K	1113	2022	72
København	101	København K	1113	2023	65
København	101	København K	1113	2024	65
København	101	København K	1113	2025	64
København	101	København K	1113	2026	64
København	101	København K	1114	2010	73
København	101	København K	1114	2011	78
København	101	København K	1114	2012	90
København	101	København K	1114	2013	104
København	101	København K	1114	2014	103
København	101	København K	1114	2015	79
København	101	København K	1114	2016	89
København	101	København K	1114	2017	101
København	101	København K	1114	2018	91
København	101	København K	1114	2019	90
København	101	København K	1114	2020	96
København	101	København K	1114	2021	98
København	101	København K	1114	2022	103
København	101	København K	1114	2023	98
København	101	København K	1114	2024	101
København	101	København K	1114	2025	108
København	101	København K	1114	2026	110
København	101	København K	1115	2010	35
København	101	København K	1115	2011	39
København	101	København K	1115	2012	34
København	101	København K	1115	2013	42
København	101	København K	1115	2014	41
København	101	København K	1115	2015	39
København	101	København K	1115	2016	38
København	101	København K	1115	2017	32
København	101	København K	1115	2018	32
København	101	København K	1115	2019	33
København	101	København K	1115	2020	34
København	101	København K	1115	2021	34
København	101	København K	1115	2022	38
København	101	København K	1115	2023	36
København	101	København K	1115	2024	36
København	101	København K	1115	2025	35
København	101	København K	1115	2026	36
København	101	København K	1116	2010	50
København	101	København K	1116	2011	51
København	101	København K	1116	2012	51
København	101	København K	1116	2013	58
København	101	København K	1116	2014	54
København	101	København K	1116	2015	51
København	101	København K	1116	2016	60
København	101	København K	1116	2017	64
København	101	København K	1116	2018	57
København	101	København K	1116	2019	53
København	101	København K	1116	2020	54
København	101	København K	1116	2021	58
København	101	København K	1116	2022	55
København	101	København K	1116	2023	53
København	101	København K	1116	2024	47
København	101	København K	1116	2025	53
København	101	København K	1116	2026	55
København	101	København K	1117	2010	67
København	101	København K	1117	2011	69
København	101	København K	1117	2012	67
København	101	København K	1117	2013	74
København	101	København K	1117	2014	78
København	101	København K	1117	2015	73
København	101	København K	1117	2016	77
København	101	København K	1117	2017	81
København	101	København K	1117	2018	84
København	101	København K	1117	2019	84
København	101	København K	1117	2020	81
København	101	København K	1117	2021	83
København	101	København K	1117	2022	77
København	101	København K	1117	2023	73
København	101	København K	1117	2024	68
København	101	København K	1117	2025	76
København	101	København K	1117	2026	77
København	101	København K	1118	2010	10
København	101	København K	1118	2011	14
København	101	København K	1118	2012	19
København	101	København K	1118	2013	14
København	101	København K	1118	2014	14
København	101	København K	1118	2015	15
København	101	København K	1118	2016	13
København	101	København K	1118	2017	13
København	101	København K	1118	2018	15
København	101	København K	1118	2019	16
København	101	København K	1118	2020	20
København	101	København K	1118	2021	10
København	101	København K	1118	2022	9
København	101	København K	1118	2023	9
København	101	København K	1118	2024	10
København	101	København K	1118	2025	8
København	101	København K	1118	2026	8
København	101	København K	1119	2010	43
København	101	København K	1119	2011	46
København	101	København K	1119	2012	43
København	101	København K	1119	2013	42
København	101	København K	1119	2014	45
København	101	København K	1119	2015	52
København	101	København K	1119	2016	42
København	101	København K	1119	2017	65
København	101	København K	1119	2018	69
København	101	København K	1119	2019	75
København	101	København K	1119	2020	76
København	101	København K	1119	2021	75
København	101	København K	1119	2022	72
København	101	København K	1119	2023	74
København	101	København K	1119	2024	76
København	101	København K	1119	2025	75
København	101	København K	1119	2026	81
København	101	København K	1123	2010	821
København	101	København K	1123	2011	858
København	101	København K	1123	2012	880
København	101	København K	1123	2013	905
København	101	København K	1123	2014	914
København	101	København K	1123	2015	886
København	101	København K	1123	2016	918
København	101	København K	1123	2017	924
København	101	København K	1123	2018	895
København	101	København K	1123	2019	886
København	101	København K	1123	2020	898
København	101	København K	1123	2021	873
København	101	København K	1123	2022	891
København	101	København K	1123	2023	878
København	101	København K	1123	2024	889
København	101	København K	1123	2025	890
København	101	København K	1123	2026	913
København	101	København K	1124	2010	103
København	101	København K	1124	2011	100
København	101	København K	1124	2012	111
København	101	København K	1124	2013	116
København	101	København K	1124	2014	120
København	101	København K	1124	2015	141
København	101	København K	1124	2016	155
København	101	København K	1124	2017	168
København	101	København K	1124	2018	160
København	101	København K	1124	2019	166
København	101	København K	1124	2020	188
København	101	København K	1124	2021	173
København	101	København K	1124	2022	179
København	101	København K	1124	2023	179
København	101	København K	1124	2024	169
København	101	København K	1124	2025	157
København	101	København K	1124	2026	172
København	101	København K	1125	2010	0
København	101	København K	1125	2011	0
København	101	København K	1125	2012	0
København	101	København K	1125	2013	0
København	101	København K	1125	2014	0
København	101	København K	1125	2015	0
København	101	København K	1125	2016	6
København	101	København K	1125	2017	19
København	101	København K	1125	2018	22
København	101	København K	1125	2019	29
København	101	København K	1125	2020	29
København	101	København K	1125	2021	22
København	101	København K	1125	2022	26
København	101	København K	1125	2023	26
København	101	København K	1125	2024	32
København	101	København K	1125	2025	29
København	101	København K	1125	2026	30
København	101	København K	1126	2010	2
København	101	København K	1126	2011	0
København	101	København K	1126	2012	4
København	101	København K	1126	2013	6
København	101	København K	1126	2014	2
København	101	København K	1126	2015	1
København	101	København K	1126	2016	0
København	101	København K	1126	2017	3
København	101	København K	1126	2018	8
København	101	København K	1126	2019	4
København	101	København K	1126	2020	4
København	101	København K	1126	2021	6
København	101	København K	1126	2022	7
København	101	København K	1126	2023	4
København	101	København K	1126	2024	6
København	101	København K	1126	2025	8
København	101	København K	1126	2026	8
København	101	København K	1127	2010	91
København	101	København K	1127	2011	93
København	101	København K	1127	2012	92
København	101	København K	1127	2013	89
København	101	København K	1127	2014	86
København	101	København K	1127	2015	97
København	101	København K	1127	2016	97
København	101	København K	1127	2017	92
København	101	København K	1127	2018	91
København	101	København K	1127	2019	88
København	101	København K	1127	2020	94
København	101	København K	1127	2021	92
København	101	København K	1127	2022	87
København	101	København K	1127	2023	86
København	101	København K	1127	2024	89
København	101	København K	1127	2025	82
København	101	København K	1127	2026	89
København	101	København K	1128	2010	13
København	101	København K	1128	2011	11
København	101	København K	1128	2012	15
København	101	København K	1128	2013	15
København	101	København K	1128	2014	15
København	101	København K	1128	2015	14
København	101	København K	1128	2016	17
København	101	København K	1128	2017	15
København	101	København K	1128	2018	20
København	101	København K	1128	2019	22
København	101	København K	1128	2020	24
København	101	København K	1128	2021	26
København	101	København K	1128	2022	27
København	101	København K	1128	2023	23
København	101	København K	1128	2024	28
København	101	København K	1128	2025	29
København	101	København K	1128	2026	25
København	101	København K	1129	2010	54
København	101	København K	1129	2011	50
København	101	København K	1129	2012	53
København	101	København K	1129	2013	59
København	101	København K	1129	2014	52
København	101	København K	1129	2015	46
København	101	København K	1129	2016	54
København	101	København K	1129	2017	45
København	101	København K	1129	2018	47
København	101	København K	1129	2019	44
København	101	København K	1129	2020	45
København	101	København K	1129	2021	50
København	101	København K	1129	2022	55
København	101	København K	1129	2023	56
København	101	København K	1129	2024	56
København	101	København K	1129	2025	61
København	101	København K	1129	2026	61
København	101	København K	1130	2010	99
København	101	København K	1130	2011	103
København	101	København K	1130	2012	106
København	101	København K	1130	2013	108
København	101	København K	1130	2014	112
København	101	København K	1130	2015	102
København	101	København K	1130	2016	111
København	101	København K	1130	2017	115
København	101	København K	1130	2018	108
København	101	København K	1130	2019	111
København	101	København K	1130	2020	111
København	101	København K	1130	2021	102
København	101	København K	1130	2022	104
København	101	København K	1130	2023	114
København	101	København K	1130	2024	107
København	101	København K	1130	2025	115
København	101	København K	1130	2026	114
København	101	København K	1131	2010	30
København	101	København K	1131	2011	31
København	101	København K	1131	2012	35
København	101	København K	1131	2013	33
København	101	København K	1131	2014	38
København	101	København K	1131	2015	29
København	101	København K	1131	2016	31
København	101	København K	1131	2017	34
København	101	København K	1131	2018	26
København	101	København K	1131	2019	28
København	101	København K	1131	2020	24
København	101	København K	1131	2021	30
København	101	København K	1131	2022	26
København	101	København K	1131	2023	32
København	101	København K	1131	2024	39
København	101	København K	1131	2025	35
København	101	København K	1131	2026	42
København	101	København K	1150	2010	118
København	101	København K	1150	2011	133
København	101	København K	1150	2012	140
København	101	København K	1150	2013	133
København	101	København K	1150	2014	138
København	101	København K	1150	2015	153
København	101	København K	1150	2016	165
København	101	København K	1150	2017	143
København	101	København K	1150	2018	151
København	101	København K	1150	2019	187
København	101	København K	1150	2020	240
København	101	København K	1150	2021	251
København	101	København K	1150	2022	247
København	101	København K	1150	2023	266
København	101	København K	1150	2024	291
København	101	København K	1150	2025	282
København	101	København K	1150	2026	277
København	101	København K	1151	2010	49
København	101	København K	1151	2011	53
København	101	København K	1151	2012	56
København	101	København K	1151	2013	65
København	101	København K	1151	2014	75
København	101	København K	1151	2015	75
København	101	København K	1151	2016	77
København	101	København K	1151	2017	78
København	101	København K	1151	2018	85
København	101	København K	1151	2019	97
København	101	København K	1151	2020	91
København	101	København K	1151	2021	95
København	101	København K	1151	2022	96
København	101	København K	1151	2023	95
København	101	København K	1151	2024	96
København	101	København K	1151	2025	100
København	101	København K	1151	2026	98
København	101	København K	1152	2010	34
København	101	København K	1152	2011	42
København	101	København K	1152	2012	49
København	101	København K	1152	2013	51
København	101	København K	1152	2014	58
København	101	København K	1152	2015	45
København	101	København K	1152	2016	58
København	101	København K	1152	2017	55
København	101	København K	1152	2018	66
København	101	København K	1152	2019	75
København	101	København K	1152	2020	73
København	101	København K	1152	2021	75
København	101	København K	1152	2022	79
København	101	København K	1152	2023	73
København	101	København K	1152	2024	72
København	101	København K	1152	2025	74
København	101	København K	1152	2026	101
København	101	København K	1153	2010	47
København	101	København K	1153	2011	61
København	101	København K	1153	2012	66
København	101	København K	1153	2013	73
København	101	København K	1153	2014	71
København	101	København K	1153	2015	72
København	101	København K	1153	2016	69
København	101	København K	1153	2017	71
København	101	København K	1153	2018	64
København	101	København K	1153	2019	61
København	101	København K	1153	2020	70
København	101	København K	1153	2021	78
København	101	København K	1153	2022	66
København	101	København K	1153	2023	68
København	101	København K	1153	2024	70
København	101	København K	1153	2025	75
København	101	København K	1153	2026	77
København	101	København K	1154	2010	102
København	101	København K	1154	2011	108
København	101	København K	1154	2012	114
København	101	København K	1154	2013	103
København	101	København K	1154	2014	119
København	101	København K	1154	2015	111
København	101	København K	1154	2016	112
København	101	København K	1154	2017	118
København	101	København K	1154	2018	102
København	101	København K	1154	2019	101
København	101	København K	1154	2020	103
København	101	København K	1154	2021	117
København	101	København K	1154	2022	115
København	101	København K	1154	2023	118
København	101	København K	1154	2024	123
København	101	København K	1154	2025	121
København	101	København K	1154	2026	125
København	101	København K	1156	2010	14
København	101	København K	1156	2011	17
København	101	København K	1156	2012	13
København	101	København K	1156	2013	14
København	101	København K	1156	2014	14
København	101	København K	1156	2015	13
København	101	København K	1156	2016	16
København	101	København K	1156	2017	20
København	101	København K	1156	2018	19
København	101	København K	1156	2019	18
København	101	København K	1156	2020	21
København	101	København K	1156	2021	21
København	101	København K	1156	2022	22
København	101	København K	1156	2023	20
København	101	København K	1156	2024	24
København	101	København K	1156	2025	23
København	101	København K	1156	2026	19
København	101	København K	1157	2010	72
København	101	København K	1157	2011	75
København	101	København K	1157	2012	78
København	101	København K	1157	2013	80
København	101	København K	1157	2014	85
København	101	København K	1157	2015	90
København	101	København K	1157	2016	81
København	101	København K	1157	2017	91
København	101	København K	1157	2018	87
København	101	København K	1157	2019	97
København	101	København K	1157	2020	89
København	101	København K	1157	2021	86
København	101	København K	1157	2022	80
København	101	København K	1157	2023	78
København	101	København K	1157	2024	91
København	101	København K	1157	2025	95
København	101	København K	1157	2026	90
København	101	København K	1158	2010	1
København	101	København K	1158	2011	1
København	101	København K	1158	2012	1
København	101	København K	1158	2013	1
København	101	København K	1158	2014	1
København	101	København K	1158	2015	1
København	101	København K	1158	2016	1
København	101	København K	1158	2017	2
København	101	København K	1158	2018	2
København	101	København K	1158	2019	3
København	101	København K	1158	2020	2
København	101	København K	1158	2021	4
København	101	København K	1158	2022	3
København	101	København K	1158	2023	3
København	101	København K	1158	2024	4
København	101	København K	1158	2025	4
København	101	København K	1158	2026	4
København	101	København K	1159	2010	245
København	101	København K	1159	2011	274
København	101	København K	1159	2012	322
København	101	København K	1159	2013	283
København	101	København K	1159	2014	296
København	101	København K	1159	2015	291
København	101	København K	1159	2016	357
København	101	København K	1159	2017	343
København	101	København K	1159	2018	400
København	101	København K	1159	2019	400
København	101	København K	1159	2020	343
København	101	København K	1159	2021	386
København	101	København K	1159	2022	360
København	101	København K	1159	2023	382
København	101	København K	1159	2024	347
København	101	København K	1159	2025	335
København	101	København K	1159	2026	357
København	101	København K	1160	2010	17
København	101	København K	1160	2011	15
København	101	København K	1160	2012	14
København	101	København K	1160	2013	15
København	101	København K	1160	2014	15
København	101	København K	1160	2015	21
København	101	København K	1160	2016	21
København	101	København K	1160	2017	19
København	101	København K	1160	2018	26
København	101	København K	1160	2019	26
København	101	København K	1160	2020	29
København	101	København K	1160	2021	33
København	101	København K	1160	2022	33
København	101	København K	1160	2023	30
København	101	København K	1160	2024	33
København	101	København K	1160	2025	34
København	101	København K	1160	2026	33
København	101	København K	1161	2010	30
København	101	København K	1161	2011	31
København	101	København K	1161	2012	35
København	101	København K	1161	2013	37
København	101	København K	1161	2014	37
København	101	København K	1161	2015	37
København	101	København K	1161	2016	35
København	101	København K	1161	2017	39
København	101	København K	1161	2018	42
København	101	København K	1161	2019	43
København	101	København K	1161	2020	42
København	101	København K	1161	2021	42
København	101	København K	1161	2022	40
København	101	København K	1161	2023	40
København	101	København K	1161	2024	37
København	101	København K	1161	2025	34
København	101	København K	1161	2026	44
København	101	København K	1164	2010	5
København	101	København K	1164	2011	3
København	101	København K	1164	2012	3
København	101	København K	1164	2013	5
København	101	København K	1164	2014	4
København	101	København K	1164	2015	4
København	101	København K	1164	2016	6
København	101	København K	1164	2017	20
København	101	København K	1164	2018	14
København	101	København K	1164	2019	23
København	101	København K	1164	2020	31
København	101	København K	1164	2021	33
København	101	København K	1164	2022	44
København	101	København K	1164	2023	49
København	101	København K	1164	2024	44
København	101	København K	1164	2025	45
København	101	København K	1164	2026	46
København	101	København K	1165	2010	141
København	101	København K	1165	2011	151
København	101	København K	1165	2012	165
København	101	København K	1165	2013	169
København	101	København K	1165	2014	196
København	101	København K	1165	2015	206
København	101	København K	1165	2016	215
København	101	København K	1165	2017	235
København	101	København K	1165	2018	250
København	101	København K	1165	2019	279
København	101	København K	1165	2020	267
København	101	København K	1165	2021	282
København	101	København K	1165	2022	273
København	101	København K	1165	2023	271
København	101	København K	1165	2024	266
København	101	København K	1165	2025	262
København	101	København K	1165	2026	242
København	101	København K	1166	2010	9
København	101	København K	1166	2011	4
København	101	København K	1166	2012	4
København	101	København K	1166	2013	10
København	101	København K	1166	2014	13
København	101	København K	1166	2015	15
København	101	København K	1166	2016	14
København	101	København K	1166	2017	14
København	101	København K	1166	2018	11
København	101	København K	1166	2019	7
København	101	København K	1166	2020	9
København	101	København K	1166	2021	10
København	101	København K	1166	2022	7
København	101	København K	1166	2023	8
København	101	København K	1166	2024	4
København	101	København K	1166	2025	11
København	101	København K	1166	2026	11
København	101	København K	1169	2010	291
København	101	København K	1169	2011	288
København	101	København K	1169	2012	318
København	101	København K	1169	2013	294
København	101	København K	1169	2014	311
København	101	København K	1169	2015	297
København	101	København K	1169	2016	341
København	101	København K	1169	2017	314
København	101	København K	1169	2018	342
København	101	København K	1169	2019	321
København	101	København K	1169	2020	318
København	101	København K	1169	2021	288
København	101	København K	1169	2022	300
København	101	København K	1169	2023	301
København	101	København K	1169	2024	298
København	101	København K	1169	2025	297
København	101	København K	1169	2026	304
København	101	København K	1170	2010	16
København	101	København K	1170	2011	17
København	101	København K	1170	2012	16
København	101	København K	1170	2013	17
København	101	København K	1170	2014	17
København	101	København K	1170	2015	17
København	101	København K	1170	2016	18
København	101	København K	1170	2017	16
København	101	København K	1170	2018	17
København	101	København K	1170	2019	16
København	101	København K	1170	2020	13
København	101	København K	1170	2021	15
København	101	København K	1170	2022	15
København	101	København K	1170	2023	18
København	101	København K	1170	2024	17
København	101	København K	1170	2025	15
København	101	København K	1170	2026	16
København	101	København K	1171	2010	245
København	101	København K	1171	2011	253
København	101	København K	1171	2012	253
København	101	København K	1171	2013	262
København	101	København K	1171	2014	264
København	101	København K	1171	2015	259
København	101	København K	1171	2016	265
København	101	København K	1171	2017	310
København	101	København K	1171	2018	316
København	101	København K	1171	2019	321
København	101	København K	1171	2020	316
København	101	København K	1171	2021	305
København	101	København K	1171	2022	326
København	101	København K	1171	2023	340
København	101	København K	1171	2024	340
København	101	København K	1171	2025	341
København	101	København K	1171	2026	346
København	101	København K	1172	2010	82
København	101	København K	1172	2011	82
København	101	København K	1172	2012	80
København	101	København K	1172	2013	86
København	101	København K	1172	2014	92
København	101	København K	1172	2015	90
København	101	København K	1172	2016	92
København	101	København K	1172	2017	105
København	101	København K	1172	2018	98
København	101	København K	1172	2019	98
København	101	København K	1172	2020	99
København	101	København K	1172	2021	105
København	101	København K	1172	2022	101
København	101	København K	1172	2023	104
København	101	København K	1172	2024	115
København	101	København K	1172	2025	111
København	101	København K	1172	2026	101
København	101	København K	1173	2010	125
København	101	København K	1173	2011	139
København	101	København K	1173	2012	146
København	101	København K	1173	2013	146
København	101	København K	1173	2014	138
København	101	København K	1173	2015	142
København	101	København K	1173	2016	146
København	101	København K	1173	2017	147
København	101	København K	1173	2018	141
København	101	København K	1173	2019	147
København	101	København K	1173	2020	141
København	101	København K	1173	2021	152
København	101	København K	1173	2022	150
København	101	København K	1173	2023	147
København	101	København K	1173	2024	159
København	101	København K	1173	2025	161
København	101	København K	1173	2026	162
København	101	København K	1174	2010	139
København	101	København K	1174	2011	145
København	101	København K	1174	2012	176
København	101	København K	1174	2013	192
København	101	København K	1174	2014	193
København	101	København K	1174	2015	184
København	101	København K	1174	2016	193
København	101	København K	1174	2017	201
København	101	København K	1174	2018	185
København	101	København K	1174	2019	188
København	101	København K	1174	2020	193
København	101	København K	1174	2021	190
København	101	København K	1174	2022	196
København	101	København K	1174	2023	182
København	101	København K	1174	2024	187
København	101	København K	1174	2025	179
København	101	København K	1174	2026	187
København	101	København K	1175	2010	7
København	101	København K	1175	2011	7
København	101	København K	1175	2012	7
København	101	København K	1175	2013	8
København	101	København K	1175	2014	12
København	101	København K	1175	2015	12
København	101	København K	1175	2016	14
København	101	København K	1175	2017	18
København	101	København K	1175	2018	21
København	101	København K	1175	2019	17
København	101	København K	1175	2020	18
København	101	København K	1175	2021	20
København	101	København K	1175	2022	19
København	101	København K	1175	2023	27
København	101	København K	1175	2024	29
København	101	København K	1175	2025	30
København	101	København K	1175	2026	30
København	101	København K	1200	2010	23
København	101	København K	1200	2011	30
København	101	København K	1200	2012	31
København	101	København K	1200	2013	25
København	101	København K	1200	2014	25
København	101	København K	1200	2015	27
København	101	København K	1200	2016	41
København	101	København K	1200	2017	39
København	101	København K	1200	2018	37
København	101	København K	1200	2019	33
København	101	København K	1200	2020	43
København	101	København K	1200	2021	45
København	101	København K	1200	2022	45
København	101	København K	1200	2023	58
København	101	København K	1200	2024	53
København	101	København K	1200	2025	55
København	101	København K	1200	2026	58
København	101	København K	1201	2010	60
København	101	København K	1201	2011	70
København	101	København K	1201	2012	68
København	101	København K	1201	2013	67
København	101	København K	1201	2014	63
København	101	København K	1201	2015	65
København	101	København K	1201	2016	80
København	101	København K	1201	2017	86
København	101	København K	1201	2018	87
København	101	København K	1201	2019	74
København	101	København K	1201	2020	75
København	101	København K	1201	2021	76
København	101	København K	1201	2022	88
København	101	København K	1201	2023	88
København	101	København K	1201	2024	89
København	101	København K	1201	2025	100
København	101	København K	1201	2026	107
København	101	København K	1202	2010	26
København	101	København K	1202	2011	32
København	101	København K	1202	2012	38
København	101	København K	1202	2013	39
København	101	København K	1202	2014	38
København	101	København K	1202	2015	43
København	101	København K	1202	2016	48
København	101	København K	1202	2017	48
København	101	København K	1202	2018	46
København	101	København K	1202	2019	45
København	101	København K	1202	2020	47
København	101	København K	1202	2021	46
København	101	København K	1202	2022	52
København	101	København K	1202	2023	48
København	101	København K	1202	2024	48
København	101	København K	1202	2025	43
København	101	København K	1202	2026	46
København	101	København K	1203	2010	71
København	101	København K	1203	2011	68
København	101	København K	1203	2012	85
København	101	København K	1203	2013	80
København	101	København K	1203	2014	74
København	101	København K	1203	2015	72
København	101	København K	1203	2016	75
København	101	København K	1203	2017	67
København	101	København K	1203	2018	72
København	101	København K	1203	2019	72
København	101	København K	1203	2020	70
København	101	København K	1203	2021	76
København	101	København K	1203	2022	77
København	101	København K	1203	2023	77
København	101	København K	1203	2024	75
København	101	København K	1203	2025	65
København	101	København K	1203	2026	72
København	101	København K	1204	2010	55
København	101	København K	1204	2011	55
København	101	København K	1204	2012	57
København	101	København K	1204	2013	53
København	101	København K	1204	2014	57
København	101	København K	1204	2015	55
København	101	København K	1204	2016	49
København	101	København K	1204	2017	54
København	101	København K	1204	2018	51
København	101	København K	1204	2019	54
København	101	København K	1204	2020	53
København	101	København K	1204	2021	57
København	101	København K	1204	2022	55
København	101	København K	1204	2023	46
København	101	København K	1204	2024	50
København	101	København K	1204	2025	46
København	101	København K	1204	2026	48
København	101	København K	1205	2010	35
København	101	København K	1205	2011	36
København	101	København K	1205	2012	37
København	101	København K	1205	2013	38
København	101	København K	1205	2014	42
København	101	København K	1205	2015	37
København	101	København K	1205	2016	43
København	101	København K	1205	2017	50
København	101	København K	1205	2018	53
København	101	København K	1205	2019	52
København	101	København K	1205	2020	62
København	101	København K	1205	2021	58
København	101	København K	1205	2022	60
København	101	København K	1205	2023	54
København	101	København K	1205	2024	52
København	101	København K	1205	2025	58
København	101	København K	1205	2026	63
København	101	København K	1206	2010	24
København	101	København K	1206	2011	23
København	101	København K	1206	2012	26
København	101	København K	1206	2013	28
København	101	København K	1206	2014	28
København	101	København K	1206	2015	27
København	101	København K	1206	2016	31
København	101	København K	1206	2017	33
København	101	København K	1206	2018	30
København	101	København K	1206	2019	32
København	101	København K	1206	2020	34
København	101	København K	1206	2021	30
København	101	København K	1206	2022	32
København	101	København K	1206	2023	36
København	101	København K	1206	2024	34
København	101	København K	1206	2025	34
København	101	København K	1206	2026	32
København	101	København K	1207	2010	43
København	101	København K	1207	2011	48
København	101	København K	1207	2012	46
København	101	København K	1207	2013	49
København	101	København K	1207	2014	52
København	101	København K	1207	2015	48
København	101	København K	1207	2016	50
København	101	København K	1207	2017	51
København	101	København K	1207	2018	46
København	101	København K	1207	2019	53
København	101	København K	1207	2020	47
København	101	København K	1207	2021	52
København	101	København K	1207	2022	53
København	101	København K	1207	2023	53
København	101	København K	1207	2024	48
København	101	København K	1207	2025	47
København	101	København K	1207	2026	49
København	101	København K	1208	2010	131
København	101	København K	1208	2011	141
København	101	København K	1208	2012	132
København	101	København K	1208	2013	138
København	101	København K	1208	2014	136
København	101	København K	1208	2015	145
København	101	København K	1208	2016	159
København	101	København K	1208	2017	159
København	101	København K	1208	2018	159
København	101	København K	1208	2019	159
København	101	København K	1208	2020	171
København	101	København K	1208	2021	181
København	101	København K	1208	2022	165
København	101	København K	1208	2023	162
København	101	København K	1208	2024	154
København	101	København K	1208	2025	156
København	101	København K	1208	2026	162
København	101	København K	1209	2010	128
København	101	København K	1209	2011	130
København	101	København K	1209	2012	149
København	101	København K	1209	2013	145
København	101	København K	1209	2014	149
København	101	København K	1209	2015	157
København	101	København K	1209	2016	167
København	101	København K	1209	2017	164
København	101	København K	1209	2018	162
København	101	København K	1209	2019	156
København	101	København K	1209	2020	150
København	101	København K	1209	2021	166
København	101	København K	1209	2022	159
København	101	København K	1209	2023	162
København	101	København K	1209	2024	152
København	101	København K	1209	2025	152
København	101	København K	1209	2026	150
København	101	København K	1210	2010	96
København	101	København K	1210	2011	94
København	101	København K	1210	2012	97
København	101	København K	1210	2013	84
København	101	København K	1210	2014	85
København	101	København K	1210	2015	91
København	101	København K	1210	2016	93
København	101	København K	1210	2017	115
København	101	København K	1210	2018	113
København	101	København K	1210	2019	115
København	101	København K	1210	2020	121
København	101	København K	1210	2021	113
København	101	København K	1210	2022	131
København	101	København K	1210	2023	128
København	101	København K	1210	2024	124
København	101	København K	1210	2025	119
København	101	København K	1210	2026	123
København	101	København K	1211	2010	67
København	101	København K	1211	2011	66
København	101	København K	1211	2012	64
København	101	København K	1211	2013	63
København	101	København K	1211	2014	66
København	101	København K	1211	2015	72
København	101	København K	1211	2016	60
København	101	København K	1211	2017	61
København	101	København K	1211	2018	61
København	101	København K	1211	2019	80
København	101	København K	1211	2020	77
København	101	København K	1211	2021	80
København	101	København K	1211	2022	74
København	101	København K	1211	2023	78
København	101	København K	1211	2024	80
København	101	København K	1211	2025	77
København	101	København K	1211	2026	79
København	101	København K	1212	2010	0
København	101	København K	1212	2011	0
København	101	København K	1212	2012	0
København	101	København K	1212	2013	0
København	101	København K	1212	2014	0
København	101	København K	1212	2015	1
København	101	København K	1212	2016	0
København	101	København K	1212	2017	0
København	101	København K	1212	2018	0
København	101	København K	1212	2019	0
København	101	København K	1212	2020	0
København	101	København K	1212	2021	0
København	101	København K	1212	2022	0
København	101	København K	1212	2023	0
København	101	København K	1212	2024	0
København	101	København K	1212	2025	0
København	101	København K	1212	2026	0
København	101	København K	1218	2010	14
København	101	København K	1218	2011	14
København	101	København K	1218	2012	14
København	101	København K	1218	2013	16
København	101	København K	1218	2014	15
København	101	København K	1218	2015	14
København	101	København K	1218	2016	17
København	101	København K	1218	2017	15
København	101	København K	1218	2018	16
København	101	København K	1218	2019	14
København	101	København K	1218	2020	14
København	101	København K	1218	2021	15
København	101	København K	1218	2022	14
København	101	København K	1218	2023	16
København	101	København K	1218	2024	16
København	101	København K	1218	2025	19
København	101	København K	1218	2026	18
København	101	København K	1219	2010	0
København	101	København K	1219	2011	0
København	101	København K	1219	2012	0
København	101	København K	1219	2013	0
København	101	København K	1219	2014	0
København	101	København K	1219	2015	0
København	101	København K	1219	2016	0
København	101	København K	1219	2017	0
København	101	København K	1219	2018	0
København	101	København K	1219	2019	4
København	101	København K	1219	2020	10
København	101	København K	1219	2021	16
København	101	København K	1219	2022	13
København	101	København K	1219	2023	8
København	101	København K	1219	2024	11
København	101	København K	1219	2025	14
København	101	København K	1219	2026	15
København	101	København K	1220	2010	49
København	101	København K	1220	2011	56
København	101	København K	1220	2012	63
København	101	København K	1220	2013	56
København	101	København K	1220	2014	59
København	101	København K	1220	2015	56
København	101	København K	1220	2016	41
København	101	København K	1220	2017	33
København	101	København K	1220	2018	38
København	101	København K	1220	2019	42
København	101	København K	1220	2020	98
København	101	København K	1220	2021	116
København	101	København K	1220	2022	112
København	101	København K	1220	2023	114
København	101	København K	1220	2024	116
København	101	København K	1220	2025	119
København	101	København K	1220	2026	125
København	101	København K	1250	2010	79
København	101	København K	1250	2011	91
København	101	København K	1250	2012	94
København	101	København K	1250	2013	94
København	101	København K	1250	2014	99
København	101	København K	1250	2015	89
København	101	København K	1250	2016	88
København	101	København K	1250	2017	96
København	101	København K	1250	2018	88
København	101	København K	1250	2019	90
København	101	København K	1250	2020	95
København	101	København K	1250	2021	99
København	101	København K	1250	2022	93
København	101	København K	1250	2023	90
København	101	København K	1250	2024	91
København	101	København K	1250	2025	101
København	101	København K	1250	2026	96
København	101	København K	1251	2010	24
København	101	København K	1251	2011	25
København	101	København K	1251	2012	27
København	101	København K	1251	2013	29
København	101	København K	1251	2014	28
København	101	København K	1251	2015	28
København	101	København K	1251	2016	38
København	101	København K	1251	2017	28
København	101	København K	1251	2018	52
København	101	København K	1251	2019	58
København	101	København K	1251	2020	56
København	101	København K	1251	2021	56
København	101	København K	1251	2022	57
København	101	København K	1251	2023	57
København	101	København K	1251	2024	56
København	101	København K	1251	2025	66
København	101	København K	1251	2026	62
København	101	København K	1253	2010	516
København	101	København K	1253	2011	518
København	101	København K	1253	2012	553
København	101	København K	1253	2013	574
København	101	København K	1253	2014	556
København	101	København K	1253	2015	570
København	101	København K	1253	2016	565
København	101	København K	1253	2017	592
København	101	København K	1253	2018	607
København	101	København K	1253	2019	626
København	101	København K	1253	2020	607
København	101	København K	1253	2021	629
København	101	København K	1253	2022	619
København	101	København K	1253	2023	628
København	101	København K	1253	2024	643
København	101	København K	1253	2025	656
København	101	København K	1253	2026	641
København	101	København K	1254	2010	180
København	101	København K	1254	2011	180
København	101	København K	1254	2012	190
København	101	København K	1254	2013	197
København	101	København K	1254	2014	207
København	101	København K	1254	2015	212
København	101	København K	1254	2016	213
København	101	København K	1254	2017	216
København	101	København K	1254	2018	228
København	101	København K	1254	2019	231
København	101	København K	1254	2020	223
København	101	København K	1254	2021	227
København	101	København K	1254	2022	218
København	101	København K	1254	2023	222
København	101	København K	1254	2024	232
København	101	København K	1254	2025	241
København	101	København K	1254	2026	243
København	101	København K	1255	2010	91
København	101	København K	1255	2011	83
København	101	København K	1255	2012	95
København	101	København K	1255	2013	88
København	101	København K	1255	2014	94
København	101	København K	1255	2015	113
København	101	København K	1255	2016	113
København	101	København K	1255	2017	115
København	101	København K	1255	2018	103
København	101	København K	1255	2019	115
København	101	København K	1255	2020	123
København	101	København K	1255	2021	101
København	101	København K	1255	2022	94
København	101	København K	1255	2023	97
København	101	København K	1255	2024	87
København	101	København K	1255	2025	99
København	101	København K	1255	2026	98
København	101	København K	1256	2010	296
København	101	København K	1256	2011	312
København	101	København K	1256	2012	304
København	101	København K	1256	2013	313
København	101	København K	1256	2014	338
København	101	København K	1256	2015	337
København	101	København K	1256	2016	324
København	101	København K	1256	2017	381
København	101	København K	1256	2018	413
København	101	København K	1256	2019	409
København	101	København K	1256	2020	418
København	101	København K	1256	2021	389
København	101	København K	1256	2022	402
København	101	København K	1256	2023	413
København	101	København K	1256	2024	398
København	101	København K	1256	2025	412
København	101	København K	1256	2026	418
København	101	København K	1257	2010	11
København	101	København K	1257	2011	17
København	101	København K	1257	2012	21
København	101	København K	1257	2013	22
København	101	København K	1257	2014	21
København	101	København K	1257	2015	25
København	101	København K	1257	2016	17
København	101	København K	1257	2017	20
København	101	København K	1257	2018	23
København	101	København K	1257	2019	22
København	101	København K	1257	2020	19
København	101	København K	1257	2021	19
København	101	København K	1257	2022	19
København	101	København K	1257	2023	20
København	101	København K	1257	2024	19
København	101	København K	1257	2025	17
København	101	København K	1257	2026	18
København	101	København K	1259	2010	1
København	101	København K	1259	2011	1
København	101	København K	1259	2012	1
København	101	København K	1259	2013	1
København	101	København K	1259	2014	1
København	101	København K	1259	2015	1
København	101	København K	1259	2016	1
København	101	København K	1259	2017	1
København	101	København K	1259	2018	1
København	101	København K	1259	2019	0
København	101	København K	1259	2020	4
København	101	København K	1259	2021	4
København	101	København K	1259	2022	4
København	101	København K	1259	2023	0
København	101	København K	1259	2024	1
København	101	København K	1259	2025	0
København	101	København K	1259	2026	0
København	101	København K	1260	2010	298
København	101	København K	1260	2011	300
København	101	København K	1260	2012	306
København	101	København K	1260	2013	325
København	101	København K	1260	2014	336
København	101	København K	1260	2015	348
København	101	København K	1260	2016	339
København	101	København K	1260	2017	363
København	101	København K	1260	2018	350
København	101	København K	1260	2019	364
København	101	København K	1260	2020	364
København	101	København K	1260	2021	366
København	101	København K	1260	2022	364
København	101	København K	1260	2023	367
København	101	København K	1260	2024	348
København	101	København K	1260	2025	370
København	101	København K	1260	2026	360
København	101	København K	1261	2010	54
København	101	København K	1261	2011	57
København	101	København K	1261	2012	56
København	101	København K	1261	2013	59
København	101	København K	1261	2014	61
København	101	København K	1261	2015	53
København	101	København K	1261	2016	65
København	101	København K	1261	2017	72
København	101	København K	1261	2018	70
København	101	København K	1261	2019	74
København	101	København K	1261	2020	66
København	101	København K	1261	2021	79
København	101	København K	1261	2022	81
København	101	København K	1261	2023	74
København	101	København K	1261	2024	75
København	101	København K	1261	2025	73
København	101	København K	1261	2026	79
København	101	København K	1263	2010	157
København	101	København K	1263	2011	180
København	101	København K	1263	2012	184
København	101	København K	1263	2013	192
København	101	København K	1263	2014	182
København	101	København K	1263	2015	201
København	101	København K	1263	2016	195
København	101	København K	1263	2017	203
København	101	København K	1263	2018	194
København	101	København K	1263	2019	195
København	101	København K	1263	2020	202
København	101	København K	1263	2021	184
København	101	København K	1263	2022	203
København	101	København K	1263	2023	195
København	101	København K	1263	2024	200
København	101	København K	1263	2025	209
København	101	København K	1263	2026	214
København	101	København K	1264	2010	959
København	101	København K	1264	2011	1011
København	101	København K	1264	2012	1103
København	101	København K	1264	2013	1147
København	101	København K	1264	2014	1182
København	101	København K	1264	2015	1164
København	101	København K	1264	2016	1235
København	101	København K	1264	2017	1247
København	101	København K	1264	2018	1339
København	101	København K	1264	2019	1270
København	101	København K	1264	2020	1200
København	101	København K	1264	2021	1267
København	101	København K	1264	2022	1309
København	101	København K	1264	2023	1330
København	101	København K	1264	2024	1315
København	101	København K	1264	2025	1313
København	101	København K	1264	2026	1317
København	101	København K	1265	2010	129
København	101	København K	1265	2011	134
København	101	København K	1265	2012	116
København	101	København K	1265	2013	126
København	101	København K	1265	2014	124
København	101	København K	1265	2015	120
København	101	København K	1265	2016	130
København	101	København K	1265	2017	122
København	101	København K	1265	2018	126
København	101	København K	1265	2019	122
København	101	København K	1265	2020	120
København	101	København K	1265	2021	130
København	101	København K	1265	2022	144
København	101	København K	1265	2023	133
København	101	København K	1265	2024	135
København	101	København K	1265	2025	131
København	101	København K	1265	2026	133
København	101	København K	1266	2010	86
København	101	København K	1266	2011	84
København	101	København K	1266	2012	83
København	101	København K	1266	2013	95
København	101	København K	1266	2014	86
København	101	København K	1266	2015	88
København	101	København K	1266	2016	90
København	101	København K	1266	2017	85
København	101	København K	1266	2018	85
København	101	København K	1266	2019	89
København	101	København K	1266	2020	89
København	101	København K	1266	2021	84
København	101	København K	1266	2022	85
København	101	København K	1266	2023	86
København	101	København K	1266	2024	81
København	101	København K	1266	2025	85
København	101	København K	1266	2026	78
København	101	København K	1267	2010	79
København	101	København K	1267	2011	87
København	101	København K	1267	2012	74
København	101	København K	1267	2013	85
København	101	København K	1267	2014	75
København	101	København K	1267	2015	58
København	101	København K	1267	2016	59
København	101	København K	1267	2017	62
København	101	København K	1267	2018	53
København	101	København K	1267	2019	58
København	101	København K	1267	2020	55
København	101	København K	1267	2021	67
København	101	København K	1267	2022	72
København	101	København K	1267	2023	70
København	101	København K	1267	2024	71
København	101	København K	1267	2025	73
København	101	København K	1267	2026	67
København	101	København K	1268	2010	40
København	101	København K	1268	2011	44
København	101	København K	1268	2012	44
København	101	København K	1268	2013	41
København	101	København K	1268	2014	47
København	101	København K	1268	2015	55
København	101	København K	1268	2016	59
København	101	København K	1268	2017	51
København	101	København K	1268	2018	50
København	101	København K	1268	2019	51
København	101	København K	1268	2020	53
København	101	København K	1268	2021	46
København	101	København K	1268	2022	46
København	101	København K	1268	2023	50
København	101	København K	1268	2024	55
København	101	København K	1268	2025	53
København	101	København K	1268	2026	55
København	101	København K	1270	2010	129
København	101	København K	1270	2011	130
København	101	København K	1270	2012	131
København	101	København K	1270	2013	133
København	101	København K	1270	2014	141
København	101	København K	1270	2015	145
København	101	København K	1270	2016	141
København	101	København K	1270	2017	145
København	101	København K	1270	2018	145
København	101	København K	1270	2019	144
København	101	København K	1270	2020	134
København	101	København K	1270	2021	138
København	101	København K	1270	2022	129
København	101	København K	1270	2023	130
København	101	København K	1270	2024	128
København	101	København K	1270	2025	133
København	101	København K	1270	2026	132
København	101	København K	1271	2010	19
København	101	København K	1271	2011	23
København	101	København K	1271	2012	23
København	101	København K	1271	2013	17
København	101	København K	1271	2014	20
København	101	København K	1271	2015	18
København	101	København K	1271	2016	17
København	101	København K	1271	2017	18
København	101	København K	1271	2018	16
København	101	København K	1271	2019	16
København	101	København K	1271	2020	15
København	101	København K	1271	2021	15
København	101	København K	1271	2022	16
København	101	København K	1271	2023	15
København	101	København K	1271	2024	13
København	101	København K	1271	2025	14
København	101	København K	1271	2026	18
København	101	København K	1300	2010	461
København	101	København K	1300	2011	457
København	101	København K	1300	2012	472
København	101	København K	1300	2013	465
København	101	København K	1300	2014	472
København	101	København K	1300	2015	454
København	101	København K	1300	2016	466
København	101	København K	1300	2017	495
København	101	København K	1300	2018	481
København	101	København K	1300	2019	485
København	101	København K	1300	2020	480
København	101	København K	1300	2021	488
København	101	København K	1300	2022	488
København	101	København K	1300	2023	475
København	101	København K	1300	2024	497
København	101	København K	1300	2025	493
København	101	København K	1300	2026	515
København	101	København K	1302	2010	820
København	101	København K	1302	2011	848
København	101	København K	1302	2012	847
København	101	København K	1302	2013	883
København	101	København K	1302	2014	902
København	101	København K	1302	2015	900
København	101	København K	1302	2016	941
København	101	København K	1302	2017	946
København	101	København K	1302	2018	951
København	101	København K	1302	2019	950
København	101	København K	1302	2020	929
København	101	København K	1302	2021	938
København	101	København K	1302	2022	907
København	101	København K	1302	2023	924
København	101	København K	1302	2024	944
København	101	København K	1302	2025	946
København	101	København K	1302	2026	947
København	101	København K	1303	2010	105
København	101	København K	1303	2011	100
København	101	København K	1303	2012	100
København	101	København K	1303	2013	101
København	101	København K	1303	2014	101
København	101	København K	1303	2015	100
København	101	København K	1303	2016	96
København	101	København K	1303	2017	97
København	101	København K	1303	2018	106
København	101	København K	1303	2019	111
København	101	København K	1303	2020	110
København	101	København K	1303	2021	102
København	101	København K	1303	2022	104
København	101	København K	1303	2023	110
København	101	København K	1303	2024	107
København	101	København K	1303	2025	113
København	101	København K	1303	2026	112
København	101	København K	1304	2010	479
København	101	København K	1304	2011	476
København	101	København K	1304	2012	472
København	101	København K	1304	2013	491
København	101	København K	1304	2014	501
København	101	København K	1304	2015	530
København	101	København K	1304	2016	539
København	101	København K	1304	2017	522
København	101	København K	1304	2018	536
København	101	København K	1304	2019	529
København	101	København K	1304	2020	515
København	101	København K	1304	2021	504
København	101	København K	1304	2022	510
København	101	København K	1304	2023	491
København	101	København K	1304	2024	479
København	101	København K	1304	2025	485
København	101	København K	1304	2026	496
København	101	København K	1306	2010	676
København	101	København K	1306	2011	669
København	101	København K	1306	2012	669
København	101	København K	1306	2013	658
København	101	København K	1306	2014	655
København	101	København K	1306	2015	585
København	101	København K	1306	2016	605
København	101	København K	1306	2017	651
København	101	København K	1306	2018	675
København	101	København K	1306	2019	663
København	101	København K	1306	2020	662
København	101	København K	1306	2021	667
København	101	København K	1306	2022	672
København	101	København K	1306	2023	661
København	101	København K	1306	2024	646
København	101	København K	1306	2025	648
København	101	København K	1306	2026	658
København	101	København K	1307	2010	954
København	101	København K	1307	2011	962
København	101	København K	1307	2012	972
København	101	København K	1307	2013	986
København	101	København K	1307	2014	1010
København	101	København K	1307	2015	996
København	101	København K	1307	2016	1035
København	101	København K	1307	2017	1484
København	101	København K	1307	2018	1582
København	101	København K	1307	2019	1665
København	101	København K	1307	2020	1608
København	101	København K	1307	2021	1611
København	101	København K	1307	2022	1653
København	101	København K	1307	2023	1656
København	101	København K	1307	2024	1682
København	101	København K	1307	2025	1681
København	101	København K	1307	2026	1467
København	101	København K	1308	2010	207
København	101	København K	1308	2011	185
København	101	København K	1308	2012	199
København	101	København K	1308	2013	200
København	101	København K	1308	2014	204
København	101	København K	1308	2015	210
København	101	København K	1308	2016	201
København	101	København K	1308	2017	222
København	101	København K	1308	2018	281
København	101	København K	1308	2019	289
København	101	København K	1308	2020	295
København	101	København K	1308	2021	291
København	101	København K	1308	2022	286
København	101	København K	1308	2023	281
København	101	København K	1308	2024	294
København	101	København K	1308	2025	295
København	101	København K	1308	2026	275
København	101	København K	1309	2010	173
København	101	København K	1309	2011	187
København	101	København K	1309	2012	187
København	101	København K	1309	2013	180
København	101	København K	1309	2014	177
København	101	København K	1309	2015	171
København	101	København K	1309	2016	175
København	101	København K	1309	2017	165
København	101	København K	1309	2018	166
København	101	København K	1309	2019	166
København	101	København K	1309	2020	167
København	101	København K	1309	2021	161
København	101	København K	1309	2022	167
København	101	København K	1309	2023	164
København	101	København K	1309	2024	164
København	101	København K	1309	2025	159
København	101	København K	1309	2026	161
København	101	København K	1310	2010	603
København	101	København K	1310	2011	637
København	101	København K	1310	2012	626
København	101	København K	1310	2013	655
København	101	København K	1310	2014	660
København	101	København K	1310	2015	650
København	101	København K	1310	2016	652
København	101	København K	1310	2017	663
København	101	København K	1310	2018	670
København	101	København K	1310	2019	669
København	101	København K	1310	2020	697
København	101	København K	1310	2021	717
København	101	København K	1310	2022	700
København	101	København K	1310	2023	677
København	101	København K	1310	2024	712
København	101	København K	1310	2025	678
København	101	København K	1310	2026	696
København	101	København K	1311	2010	366
København	101	København K	1311	2011	387
København	101	København K	1311	2012	414
København	101	København K	1311	2013	409
København	101	København K	1311	2014	384
København	101	København K	1311	2015	403
København	101	København K	1311	2016	424
København	101	København K	1311	2017	422
København	101	København K	1311	2018	417
København	101	København K	1311	2019	411
København	101	København K	1311	2020	404
København	101	København K	1311	2021	400
København	101	København K	1311	2022	379
København	101	København K	1311	2023	380
København	101	København K	1311	2024	382
København	101	København K	1311	2025	390
København	101	København K	1311	2026	368
København	101	København K	1312	2010	23
København	101	København K	1312	2011	19
København	101	København K	1312	2012	21
København	101	København K	1312	2013	22
København	101	København K	1312	2014	24
København	101	København K	1312	2015	25
København	101	København K	1312	2016	25
København	101	København K	1312	2017	26
København	101	København K	1312	2018	25
København	101	København K	1312	2019	26
København	101	København K	1312	2020	21
København	101	København K	1312	2021	21
København	101	København K	1312	2022	19
København	101	København K	1312	2023	20
København	101	København K	1312	2024	19
København	101	København K	1312	2025	21
København	101	København K	1312	2026	23
København	101	København K	1313	2010	235
København	101	København K	1313	2011	231
København	101	København K	1313	2012	232
København	101	København K	1313	2013	237
København	101	København K	1313	2014	222
København	101	København K	1313	2015	223
København	101	København K	1313	2016	247
København	101	København K	1313	2017	237
København	101	København K	1313	2018	246
København	101	København K	1313	2019	240
København	101	København K	1313	2020	240
København	101	København K	1313	2021	245
København	101	København K	1313	2022	247
København	101	København K	1313	2023	249
København	101	København K	1313	2024	255
København	101	København K	1313	2025	264
København	101	København K	1313	2026	261
København	101	København K	1314	2010	91
København	101	København K	1314	2011	89
København	101	København K	1314	2012	100
København	101	København K	1314	2013	98
København	101	København K	1314	2014	78
København	101	København K	1314	2015	63
København	101	København K	1314	2016	63
København	101	København K	1314	2017	97
København	101	København K	1314	2018	99
København	101	København K	1314	2019	101
København	101	København K	1314	2020	94
København	101	København K	1314	2021	97
København	101	København K	1314	2022	95
København	101	København K	1314	2023	80
København	101	København K	1314	2024	86
København	101	København K	1314	2025	97
København	101	København K	1314	2026	102
København	101	København K	1315	2010	19
København	101	København K	1315	2011	18
København	101	København K	1315	2012	24
København	101	København K	1315	2013	20
København	101	København K	1315	2014	16
København	101	København K	1315	2015	1
København	101	København K	1315	2016	8
København	101	København K	1315	2017	32
København	101	København K	1315	2018	48
København	101	København K	1315	2019	43
København	101	København K	1315	2020	44
København	101	København K	1315	2021	51
København	101	København K	1315	2022	36
København	101	København K	1315	2023	46
København	101	København K	1315	2024	46
København	101	København K	1315	2025	54
København	101	København K	1315	2026	50
København	101	København K	1316	2010	219
København	101	København K	1316	2011	217
København	101	København K	1316	2012	213
København	101	København K	1316	2013	215
København	101	København K	1316	2014	184
København	101	København K	1316	2015	156
København	101	København K	1316	2016	154
København	101	København K	1316	2017	157
København	101	København K	1316	2018	148
København	101	København K	1316	2019	152
København	101	København K	1316	2020	212
København	101	København K	1316	2021	250
København	101	København K	1316	2022	227
København	101	København K	1316	2023	239
København	101	København K	1316	2024	243
København	101	København K	1316	2025	256
København	101	København K	1316	2026	237
København	101	København K	1317	2010	41
København	101	København K	1317	2011	42
København	101	København K	1317	2012	42
København	101	København K	1317	2013	42
København	101	København K	1317	2014	41
København	101	København K	1317	2015	39
København	101	København K	1317	2016	47
København	101	København K	1317	2017	52
København	101	København K	1317	2018	44
København	101	København K	1317	2019	41
København	101	København K	1317	2020	50
København	101	København K	1317	2021	45
København	101	København K	1317	2022	42
København	101	København K	1317	2023	40
København	101	København K	1317	2024	41
København	101	København K	1317	2025	37
København	101	København K	1317	2026	44
København	101	København K	1318	2010	58
København	101	København K	1318	2011	54
København	101	København K	1318	2012	55
København	101	København K	1318	2013	57
København	101	København K	1318	2014	54
København	101	København K	1318	2015	56
København	101	København K	1318	2016	59
København	101	København K	1318	2017	59
København	101	København K	1318	2018	58
København	101	København K	1318	2019	49
København	101	København K	1318	2020	51
København	101	København K	1318	2021	55
København	101	København K	1318	2022	50
København	101	København K	1318	2023	50
København	101	København K	1318	2024	51
København	101	København K	1318	2025	53
København	101	København K	1318	2026	51
København	101	København K	1319	2010	206
København	101	København K	1319	2011	215
København	101	København K	1319	2012	239
København	101	København K	1319	2013	240
København	101	København K	1319	2014	236
København	101	København K	1319	2015	198
København	101	København K	1319	2016	217
København	101	København K	1319	2017	221
København	101	København K	1319	2018	245
København	101	København K	1319	2019	241
København	101	København K	1319	2020	263
København	101	København K	1319	2021	259
København	101	København K	1319	2022	256
København	101	København K	1319	2023	272
København	101	København K	1319	2024	268
København	101	København K	1319	2025	262
København	101	København K	1319	2026	268
København	101	København K	1320	2010	83
København	101	København K	1320	2011	81
København	101	København K	1320	2012	87
København	101	København K	1320	2013	83
København	101	København K	1320	2014	83
København	101	København K	1320	2015	47
København	101	København K	1320	2016	50
København	101	København K	1320	2017	29
København	101	København K	1320	2018	19
København	101	København K	1320	2019	29
København	101	København K	1320	2020	33
København	101	København K	1320	2021	34
København	101	København K	1320	2022	34
København	101	København K	1320	2023	35
København	101	København K	1320	2024	65
København	101	København K	1320	2025	83
København	101	København K	1320	2026	80
København	101	København K	1321	2010	32
København	101	København K	1321	2011	37
København	101	København K	1321	2012	37
København	101	København K	1321	2013	35
København	101	København K	1321	2014	31
København	101	København K	1321	2015	22
København	101	København K	1321	2016	20
København	101	København K	1321	2017	19
København	101	København K	1321	2018	15
København	101	København K	1321	2019	20
København	101	København K	1321	2020	19
København	101	København K	1321	2021	18
København	101	København K	1321	2022	15
København	101	København K	1321	2023	27
København	101	København K	1321	2024	21
København	101	København K	1321	2025	28
København	101	København K	1321	2026	25
København	101	København K	1322	2010	134
København	101	København K	1322	2011	143
København	101	København K	1322	2012	159
København	101	København K	1322	2013	168
København	101	København K	1322	2014	172
København	101	København K	1322	2015	143
København	101	København K	1322	2016	139
København	101	København K	1322	2017	112
København	101	København K	1322	2018	101
København	101	København K	1322	2019	98
København	101	København K	1322	2020	92
København	101	København K	1322	2021	86
København	101	København K	1322	2022	85
København	101	København K	1322	2023	81
København	101	København K	1322	2024	110
København	101	København K	1322	2025	132
København	101	København K	1322	2026	141
København	101	København K	1323	2010	34
København	101	København K	1323	2011	28
København	101	København K	1323	2012	27
København	101	København K	1323	2013	25
København	101	København K	1323	2014	40
København	101	København K	1323	2015	39
København	101	København K	1323	2016	42
København	101	København K	1323	2017	39
København	101	København K	1323	2018	36
København	101	København K	1323	2019	45
København	101	København K	1323	2020	38
København	101	København K	1323	2021	36
København	101	København K	1323	2022	45
København	101	København K	1323	2023	35
København	101	København K	1323	2024	33
København	101	København K	1323	2025	29
København	101	København K	1323	2026	40
København	101	København K	1324	2010	113
København	101	København K	1324	2011	135
København	101	København K	1324	2012	132
København	101	København K	1324	2013	138
København	101	København K	1324	2014	137
København	101	København K	1324	2015	125
København	101	København K	1324	2016	122
København	101	København K	1324	2017	129
København	101	København K	1324	2018	125
København	101	København K	1324	2019	144
København	101	København K	1324	2020	136
København	101	København K	1324	2021	126
København	101	København K	1324	2022	113
København	101	København K	1324	2023	115
København	101	København K	1324	2024	102
København	101	København K	1324	2025	126
København	101	København K	1324	2026	128
København	101	København K	1325	2010	112
København	101	København K	1325	2011	107
København	101	København K	1325	2012	129
København	101	København K	1325	2013	123
København	101	København K	1325	2014	115
København	101	København K	1325	2015	136
København	101	København K	1325	2016	149
København	101	København K	1325	2017	133
København	101	København K	1325	2018	150
København	101	København K	1325	2019	156
København	101	København K	1325	2020	131
København	101	København K	1325	2021	137
København	101	København K	1325	2022	132
København	101	København K	1325	2023	105
København	101	København K	1325	2024	114
København	101	København K	1325	2025	122
København	101	København K	1325	2026	117
København	101	København K	1326	2010	35
København	101	København K	1326	2011	38
København	101	København K	1326	2012	52
København	101	København K	1326	2013	47
København	101	København K	1326	2014	46
København	101	København K	1326	2015	45
København	101	København K	1326	2016	52
København	101	København K	1326	2017	50
København	101	København K	1326	2018	56
København	101	København K	1326	2019	58
København	101	København K	1326	2020	46
København	101	København K	1326	2021	45
København	101	København K	1326	2022	46
København	101	København K	1326	2023	45
København	101	København K	1326	2024	42
København	101	København K	1326	2025	48
København	101	København K	1326	2026	42
København	101	København K	1327	2010	39
København	101	København K	1327	2011	39
København	101	København K	1327	2012	43
København	101	København K	1327	2013	41
København	101	København K	1327	2014	38
København	101	København K	1327	2015	39
København	101	København K	1327	2016	41
København	101	København K	1327	2017	35
København	101	København K	1327	2018	36
København	101	København K	1327	2019	37
København	101	København K	1327	2020	42
København	101	København K	1327	2021	46
København	101	København K	1327	2022	37
København	101	København K	1327	2023	36
København	101	København K	1327	2024	29
København	101	København K	1327	2025	33
København	101	København K	1327	2026	28
København	101	København K	1328	2010	61
København	101	København K	1328	2011	81
København	101	København K	1328	2012	72
København	101	København K	1328	2013	72
København	101	København K	1328	2014	79
København	101	København K	1328	2015	73
København	101	København K	1328	2016	63
København	101	København K	1328	2017	68
København	101	København K	1328	2018	72
København	101	København K	1328	2019	77
København	101	København K	1328	2020	67
København	101	København K	1328	2021	79
København	101	København K	1328	2022	63
København	101	København K	1328	2023	62
København	101	København K	1328	2024	52
København	101	København K	1328	2025	55
København	101	København K	1328	2026	63
København	101	København K	1329	2010	18
København	101	København K	1329	2011	18
København	101	København K	1329	2012	17
København	101	København K	1329	2013	20
København	101	København K	1329	2014	20
København	101	København K	1329	2015	20
København	101	København K	1329	2016	20
København	101	København K	1329	2017	21
København	101	København K	1329	2018	22
København	101	København K	1329	2019	22
København	101	København K	1329	2020	21
København	101	København K	1329	2021	20
København	101	København K	1329	2022	22
København	101	København K	1329	2023	22
København	101	København K	1329	2024	21
København	101	København K	1329	2025	23
København	101	København K	1329	2026	22
København	101	København K	1350	2010	304
København	101	København K	1350	2011	306
København	101	København K	1350	2012	304
København	101	København K	1350	2013	290
København	101	København K	1350	2014	298
København	101	København K	1350	2015	314
København	101	København K	1350	2016	319
København	101	København K	1350	2017	307
København	101	København K	1350	2018	315
København	101	København K	1350	2019	316
København	101	København K	1350	2020	318
København	101	København K	1350	2021	307
København	101	København K	1350	2022	309
København	101	København K	1350	2023	320
København	101	København K	1350	2024	311
København	101	København K	1350	2025	316
København	101	København K	1350	2026	312
København	101	København K	1352	2010	446
København	101	København K	1352	2011	451
København	101	København K	1352	2012	469
København	101	København K	1352	2013	474
København	101	København K	1352	2014	478
København	101	København K	1352	2015	491
København	101	København K	1352	2016	493
København	101	København K	1352	2017	483
København	101	København K	1352	2018	493
København	101	København K	1352	2019	477
København	101	København K	1352	2020	481
København	101	København K	1352	2021	483
København	101	København K	1352	2022	485
København	101	København K	1352	2023	502
København	101	København K	1352	2024	483
København	101	København K	1352	2025	485
København	101	København K	1352	2026	501
København	101	København K	1353	2010	72
København	101	København K	1353	2011	78
København	101	København K	1353	2012	85
København	101	København K	1353	2013	84
København	101	København K	1353	2014	76
København	101	København K	1353	2015	75
København	101	København K	1353	2016	81
København	101	København K	1353	2017	84
København	101	København K	1353	2018	80
København	101	København K	1353	2019	80
København	101	København K	1353	2020	83
København	101	København K	1353	2021	82
København	101	København K	1353	2022	84
København	101	København K	1353	2023	83
København	101	København K	1353	2024	81
København	101	København K	1353	2025	86
København	101	København K	1353	2026	82
København	101	København K	1354	2010	519
København	101	København K	1354	2011	514
København	101	København K	1354	2012	530
København	101	København K	1354	2013	531
København	101	København K	1354	2014	526
København	101	København K	1354	2015	524
København	101	København K	1354	2016	524
København	101	København K	1354	2017	528
København	101	København K	1354	2018	536
København	101	København K	1354	2019	521
København	101	København K	1354	2020	519
København	101	København K	1354	2021	514
København	101	København K	1354	2022	517
København	101	København K	1354	2023	529
København	101	København K	1354	2024	531
København	101	København K	1354	2025	531
København	101	København K	1354	2026	519
København	101	København K	1355	2010	314
København	101	København K	1355	2011	298
København	101	København K	1355	2012	286
København	101	København K	1355	2013	269
København	101	København K	1355	2014	272
København	101	København K	1355	2015	287
København	101	København K	1355	2016	305
København	101	København K	1355	2017	286
København	101	København K	1355	2018	296
København	101	København K	1355	2019	278
København	101	København K	1355	2020	292
København	101	København K	1355	2021	276
København	101	København K	1355	2022	283
København	101	København K	1355	2023	430
København	101	København K	1355	2024	423
København	101	København K	1355	2025	418
København	101	København K	1355	2026	420
København	101	København K	1356	2010	151
København	101	København K	1356	2011	165
København	101	København K	1356	2012	170
København	101	København K	1356	2013	162
København	101	København K	1356	2014	166
København	101	København K	1356	2015	164
København	101	København K	1356	2016	167
København	101	København K	1356	2017	156
København	101	København K	1356	2018	165
København	101	København K	1356	2019	162
København	101	København K	1356	2020	155
København	101	København K	1356	2021	147
København	101	København K	1356	2022	144
København	101	København K	1356	2023	153
København	101	København K	1356	2024	155
København	101	København K	1356	2025	159
København	101	København K	1356	2026	149
København	101	København K	1357	2010	146
København	101	København K	1357	2011	154
København	101	København K	1357	2012	154
København	101	København K	1357	2013	165
København	101	København K	1357	2014	162
København	101	København K	1357	2015	159
København	101	København K	1357	2016	165
København	101	København K	1357	2017	157
København	101	København K	1357	2018	164
København	101	København K	1357	2019	167
København	101	København K	1357	2020	154
København	101	København K	1357	2021	166
København	101	København K	1357	2022	146
København	101	København K	1357	2023	154
København	101	København K	1357	2024	160
København	101	København K	1357	2025	154
København	101	København K	1357	2026	151
København	101	København K	1358	2010	277
København	101	København K	1358	2011	287
København	101	København K	1358	2012	311
København	101	København K	1358	2013	316
København	101	København K	1358	2014	328
København	101	København K	1358	2015	330
København	101	København K	1358	2016	349
København	101	København K	1358	2017	362
København	101	København K	1358	2018	357
København	101	København K	1358	2019	381
København	101	København K	1358	2020	382
København	101	København K	1358	2021	377
København	101	København K	1358	2022	376
København	101	København K	1358	2023	371
København	101	København K	1358	2024	388
København	101	København K	1358	2025	393
København	101	København K	1358	2026	391
København	101	København K	1359	2010	213
København	101	København K	1359	2011	217
København	101	København K	1359	2012	236
København	101	København K	1359	2013	230
København	101	København K	1359	2014	241
København	101	København K	1359	2015	243
København	101	København K	1359	2016	230
København	101	København K	1359	2017	241
København	101	København K	1359	2018	245
København	101	København K	1359	2019	242
København	101	København K	1359	2020	257
København	101	København K	1359	2021	246
København	101	København K	1359	2022	244
København	101	København K	1359	2023	234
København	101	København K	1359	2024	243
København	101	København K	1359	2025	245
København	101	København K	1359	2026	222
København	101	København K	1360	2010	631
København	101	København K	1360	2011	632
København	101	København K	1360	2012	636
København	101	København K	1360	2013	649
København	101	København K	1360	2014	690
København	101	København K	1360	2015	680
København	101	København K	1360	2016	686
København	101	København K	1360	2017	699
København	101	København K	1360	2018	685
København	101	København K	1360	2019	691
København	101	København K	1360	2020	669
København	101	København K	1360	2021	693
København	101	København K	1360	2022	698
København	101	København K	1360	2023	713
København	101	København K	1360	2024	714
København	101	København K	1360	2025	746
København	101	København K	1360	2026	750
København	101	København K	1361	2010	261
København	101	København K	1361	2011	255
København	101	København K	1361	2012	268
København	101	København K	1361	2013	272
København	101	København K	1361	2014	313
København	101	København K	1361	2015	323
København	101	København K	1361	2016	341
København	101	København K	1361	2017	338
København	101	København K	1361	2018	324
København	101	København K	1361	2019	334
København	101	København K	1361	2020	340
København	101	København K	1361	2021	311
København	101	København K	1361	2022	324
København	101	København K	1361	2023	319
København	101	København K	1361	2024	323
København	101	København K	1361	2025	327
København	101	København K	1361	2026	307
København	101	København K	1362	2010	308
København	101	København K	1362	2011	325
København	101	København K	1362	2012	333
København	101	København K	1362	2013	342
København	101	København K	1362	2014	362
København	101	København K	1362	2015	374
København	101	København K	1362	2016	346
København	101	København K	1362	2017	354
København	101	København K	1362	2018	356
København	101	København K	1362	2019	370
København	101	København K	1362	2020	358
København	101	København K	1362	2021	359
København	101	København K	1362	2022	372
København	101	København K	1362	2023	387
København	101	København K	1362	2024	371
København	101	København K	1362	2025	379
København	101	København K	1362	2026	382
København	101	København K	1363	2010	451
København	101	København K	1363	2011	476
København	101	København K	1363	2012	484
København	101	København K	1363	2013	523
København	101	København K	1363	2014	504
København	101	København K	1363	2015	527
København	101	København K	1363	2016	509
København	101	København K	1363	2017	492
København	101	København K	1363	2018	443
København	101	København K	1363	2019	485
København	101	København K	1363	2020	468
København	101	København K	1363	2021	480
København	101	København K	1363	2022	471
København	101	København K	1363	2023	490
København	101	København K	1363	2024	497
København	101	København K	1363	2025	504
København	101	København K	1363	2026	498
København	101	København K	1364	2010	806
København	101	København K	1364	2011	828
København	101	København K	1364	2012	860
København	101	København K	1364	2013	872
København	101	København K	1364	2014	880
København	101	København K	1364	2015	915
København	101	København K	1364	2016	957
København	101	København K	1364	2017	932
København	101	København K	1364	2018	939
København	101	København K	1364	2019	945
København	101	København K	1364	2020	976
København	101	København K	1364	2021	985
København	101	København K	1364	2022	978
København	101	København K	1364	2023	989
København	101	København K	1364	2024	986
København	101	København K	1364	2025	984
København	101	København K	1364	2026	984
København	101	København K	1365	2010	204
København	101	København K	1365	2011	205
København	101	København K	1365	2012	206
København	101	København K	1365	2013	202
København	101	København K	1365	2014	213
København	101	København K	1365	2015	213
København	101	København K	1365	2016	212
København	101	København K	1365	2017	203
København	101	København K	1365	2018	206
København	101	København K	1365	2019	209
København	101	København K	1365	2020	216
København	101	København K	1365	2021	223
København	101	København K	1365	2022	197
København	101	København K	1365	2023	193
København	101	København K	1365	2024	213
København	101	København K	1365	2025	211
København	101	København K	1365	2026	199
København	101	København K	1366	2010	1225
København	101	København K	1366	2011	1258
København	101	København K	1366	2012	1274
København	101	København K	1366	2013	1304
København	101	København K	1366	2014	1306
København	101	København K	1366	2015	1303
København	101	København K	1366	2016	1323
København	101	København K	1366	2017	1294
København	101	København K	1366	2018	1308
København	101	København K	1366	2019	1321
København	101	København K	1366	2020	1293
København	101	København K	1366	2021	1299
København	101	København K	1366	2022	1304
København	101	København K	1366	2023	1294
København	101	København K	1366	2024	1275
København	101	København K	1366	2025	1308
København	101	København K	1366	2026	1287
København	101	København K	1367	2010	337
København	101	København K	1367	2011	355
København	101	København K	1367	2012	352
København	101	København K	1367	2013	353
København	101	København K	1367	2014	354
København	101	København K	1367	2015	351
København	101	København K	1367	2016	377
København	101	København K	1367	2017	373
København	101	København K	1367	2018	373
København	101	København K	1367	2019	381
København	101	København K	1367	2020	383
København	101	København K	1367	2021	376
København	101	København K	1367	2022	345
København	101	København K	1367	2023	355
København	101	København K	1367	2024	355
København	101	København K	1367	2025	363
København	101	København K	1367	2026	376
København	101	København K	1368	2010	299
København	101	København K	1368	2011	303
København	101	København K	1368	2012	322
København	101	København K	1368	2013	308
København	101	København K	1368	2014	310
København	101	København K	1368	2015	310
København	101	København K	1368	2016	320
København	101	København K	1368	2017	326
København	101	København K	1368	2018	320
København	101	København K	1368	2019	330
København	101	København K	1368	2020	327
København	101	København K	1368	2021	338
København	101	København K	1368	2022	327
København	101	København K	1368	2023	328
København	101	København K	1368	2024	328
København	101	København K	1368	2025	329
København	101	København K	1368	2026	324
København	101	København K	1369	2010	183
København	101	København K	1369	2011	180
København	101	København K	1369	2012	183
København	101	København K	1369	2013	195
København	101	København K	1369	2014	183
København	101	København K	1369	2015	180
København	101	København K	1369	2016	188
København	101	København K	1369	2017	190
København	101	København K	1369	2018	191
København	101	København K	1369	2019	202
København	101	København K	1369	2020	202
København	101	København K	1369	2021	198
København	101	København K	1369	2022	196
København	101	København K	1369	2023	210
København	101	København K	1369	2024	197
København	101	København K	1369	2025	194
København	101	København K	1369	2026	187
København	101	København K	1370	2010	697
København	101	København K	1370	2011	695
København	101	København K	1370	2012	694
København	101	København K	1370	2013	702
København	101	København K	1370	2014	750
København	101	København K	1370	2015	744
København	101	København K	1370	2016	764
København	101	København K	1370	2017	768
København	101	København K	1370	2018	752
København	101	København K	1370	2019	776
København	101	København K	1370	2020	776
København	101	København K	1370	2021	769
København	101	København K	1370	2022	768
København	101	København K	1370	2023	761
København	101	København K	1370	2024	765
København	101	København K	1370	2025	762
København	101	København K	1370	2026	741
København	101	København K	1400	2010	351
København	101	København K	1400	2011	367
København	101	København K	1400	2012	391
København	101	København K	1400	2013	420
København	101	København K	1400	2014	397
København	101	København K	1400	2015	398
København	101	København K	1400	2016	402
København	101	København K	1400	2017	392
København	101	København K	1400	2018	402
København	101	København K	1400	2019	415
København	101	København K	1400	2020	418
København	101	København K	1400	2021	405
København	101	København K	1400	2022	415
København	101	København K	1400	2023	434
København	101	København K	1400	2024	411
København	101	København K	1400	2025	419
København	101	København K	1400	2026	429
København	101	København K	1401	2010	964
København	101	København K	1401	2011	944
København	101	København K	1401	2012	952
København	101	København K	1401	2013	975
København	101	København K	1401	2014	992
København	101	København K	1401	2015	1013
København	101	København K	1401	2016	1073
København	101	København K	1401	2017	1117
København	101	København K	1401	2018	1106
København	101	København K	1401	2019	1100
København	101	København K	1401	2020	1068
København	101	København K	1401	2021	1064
København	101	København K	1401	2022	1039
København	101	København K	1401	2023	1029
København	101	København K	1401	2024	1034
København	101	København K	1401	2025	1026
København	101	København K	1401	2026	1007
København	101	København K	1402	2010	238
København	101	København K	1402	2011	240
København	101	København K	1402	2012	268
København	101	København K	1402	2013	265
København	101	København K	1402	2014	285
København	101	København K	1402	2015	277
København	101	København K	1402	2016	275
København	101	København K	1402	2017	275
København	101	København K	1402	2018	282
København	101	København K	1402	2019	295
København	101	København K	1402	2020	287
København	101	København K	1402	2021	288
København	101	København K	1402	2022	291
København	101	København K	1402	2023	297
København	101	København K	1402	2024	301
København	101	København K	1402	2025	304
København	101	København K	1402	2026	307
København	101	København K	1403	2010	20
København	101	København K	1403	2011	20
København	101	København K	1403	2012	19
København	101	København K	1403	2013	19
København	101	København K	1403	2014	16
København	101	København K	1403	2015	16
København	101	København K	1403	2016	17
København	101	København K	1403	2017	14
København	101	København K	1403	2018	6
København	101	København K	1403	2019	5
København	101	København K	1403	2020	4
København	101	København K	1403	2021	4
København	101	København K	1403	2022	4
København	101	København K	1403	2023	7
København	101	København K	1403	2024	11
København	101	København K	1403	2025	8
København	101	København K	1403	2026	8
København	101	København K	1406	2010	40
København	101	København K	1406	2011	42
København	101	København K	1406	2012	38
København	101	København K	1406	2013	42
København	101	København K	1406	2014	42
København	101	København K	1406	2015	42
København	101	København K	1406	2016	44
København	101	København K	1406	2017	43
København	101	København K	1406	2018	39
København	101	København K	1406	2019	42
København	101	København K	1406	2020	37
København	101	København K	1406	2021	41
København	101	København K	1406	2022	42
København	101	København K	1406	2023	43
København	101	København K	1406	2024	41
København	101	København K	1406	2025	42
København	101	København K	1406	2026	42
København	101	København K	1407	2010	117
København	101	København K	1407	2011	115
København	101	København K	1407	2012	118
København	101	København K	1407	2013	121
København	101	København K	1407	2014	123
København	101	København K	1407	2015	122
København	101	København K	1407	2016	115
København	101	København K	1407	2017	128
København	101	København K	1407	2018	121
København	101	København K	1407	2019	121
København	101	København K	1407	2020	112
København	101	København K	1407	2021	108
København	101	København K	1407	2022	114
København	101	København K	1407	2023	121
København	101	København K	1407	2024	123
København	101	København K	1407	2025	134
København	101	København K	1407	2026	134
København	101	København K	1408	2010	530
København	101	København K	1408	2011	549
København	101	København K	1408	2012	583
København	101	København K	1408	2013	604
København	101	København K	1408	2014	599
København	101	København K	1408	2015	595
København	101	København K	1408	2016	569
København	101	København K	1408	2017	588
København	101	København K	1408	2018	599
København	101	København K	1408	2019	597
København	101	København K	1408	2020	602
København	101	København K	1408	2021	598
København	101	København K	1408	2022	577
København	101	København K	1408	2023	590
København	101	København K	1408	2024	602
København	101	København K	1408	2025	613
København	101	København K	1408	2026	625
København	101	København K	1410	2010	27
København	101	København K	1410	2011	31
København	101	København K	1410	2012	29
København	101	København K	1410	2013	32
København	101	København K	1410	2014	35
København	101	København K	1410	2015	35
København	101	København K	1410	2016	36
København	101	København K	1410	2017	31
København	101	København K	1410	2018	36
København	101	København K	1410	2019	34
København	101	København K	1410	2020	32
København	101	København K	1410	2021	25
København	101	København K	1410	2022	26
København	101	København K	1410	2023	26
København	101	København K	1410	2024	25
København	101	København K	1410	2025	29
København	101	København K	1410	2026	30
København	101	København K	1411	2010	369
København	101	København K	1411	2011	385
København	101	København K	1411	2012	392
København	101	København K	1411	2013	389
København	101	København K	1411	2014	410
København	101	København K	1411	2015	416
København	101	København K	1411	2016	372
København	101	København K	1411	2017	414
København	101	København K	1411	2018	431
København	101	København K	1411	2019	473
København	101	København K	1411	2020	485
København	101	København K	1411	2021	513
København	101	København K	1411	2022	515
København	101	København K	1411	2023	519
København	101	København K	1411	2024	518
København	101	København K	1411	2025	524
København	101	København K	1411	2026	487
København	101	København K	1412	2010	42
København	101	København K	1412	2011	42
København	101	København K	1412	2012	42
København	101	København K	1412	2013	40
København	101	København K	1412	2014	37
København	101	København K	1412	2015	41
København	101	København K	1412	2016	43
København	101	København K	1412	2017	43
København	101	København K	1412	2018	43
København	101	København K	1412	2019	38
København	101	København K	1412	2020	37
København	101	København K	1412	2021	35
København	101	København K	1412	2022	42
København	101	København K	1412	2023	34
København	101	København K	1412	2024	38
København	101	København K	1412	2025	36
København	101	København K	1412	2026	38
København	101	København K	1413	2010	90
København	101	København K	1413	2011	83
København	101	København K	1413	2012	76
København	101	København K	1413	2013	73
København	101	København K	1413	2014	93
København	101	København K	1413	2015	88
København	101	København K	1413	2016	118
København	101	København K	1413	2017	111
København	101	København K	1413	2018	103
København	101	København K	1413	2019	100
København	101	København K	1413	2020	101
København	101	København K	1413	2021	94
København	101	København K	1413	2022	94
København	101	København K	1413	2023	89
København	101	København K	1413	2024	90
København	101	København K	1413	2025	88
København	101	København K	1413	2026	90
København	101	København K	1414	2010	221
København	101	København K	1414	2011	235
København	101	København K	1414	2012	236
København	101	København K	1414	2013	245
København	101	København K	1414	2014	229
København	101	København K	1414	2015	232
København	101	København K	1414	2016	232
København	101	København K	1414	2017	248
København	101	København K	1414	2018	239
København	101	København K	1414	2019	246
København	101	København K	1414	2020	240
København	101	København K	1414	2021	245
København	101	København K	1414	2022	231
København	101	København K	1414	2023	241
København	101	København K	1414	2024	253
København	101	København K	1414	2025	242
København	101	København K	1414	2026	255
København	101	København K	1415	2010	697
København	101	København K	1415	2011	682
København	101	København K	1415	2012	685
København	101	København K	1415	2013	689
København	101	København K	1415	2014	693
København	101	København K	1415	2015	691
København	101	København K	1415	2016	692
København	101	København K	1415	2017	711
København	101	København K	1415	2018	716
København	101	København K	1415	2019	719
København	101	København K	1415	2020	747
København	101	København K	1415	2021	759
København	101	København K	1415	2022	742
København	101	København K	1415	2023	725
København	101	København K	1415	2024	715
København	101	København K	1415	2025	719
København	101	København K	1415	2026	719
København	101	København K	1416	2010	449
København	101	København K	1416	2011	459
København	101	København K	1416	2012	472
København	101	København K	1416	2013	487
København	101	København K	1416	2014	475
København	101	København K	1416	2015	479
København	101	København K	1416	2016	531
København	101	København K	1416	2017	532
København	101	København K	1416	2018	527
København	101	København K	1416	2019	492
København	101	København K	1416	2020	481
København	101	København K	1416	2021	481
København	101	København K	1416	2022	468
København	101	København K	1416	2023	462
København	101	København K	1416	2024	464
København	101	København K	1416	2025	473
København	101	København K	1416	2026	470
København	101	København K	1417	2010	82
København	101	København K	1417	2011	86
København	101	København K	1417	2012	91
København	101	København K	1417	2013	84
København	101	København K	1417	2014	91
København	101	København K	1417	2015	91
København	101	København K	1417	2016	86
København	101	København K	1417	2017	98
København	101	København K	1417	2018	96
København	101	København K	1417	2019	99
København	101	København K	1417	2020	93
København	101	København K	1417	2021	84
København	101	København K	1417	2022	83
København	101	København K	1417	2023	89
København	101	København K	1417	2024	86
København	101	København K	1417	2025	85
København	101	København K	1417	2026	85
København	101	København K	1418	2010	273
København	101	København K	1418	2011	253
København	101	København K	1418	2012	274
København	101	København K	1418	2013	274
København	101	København K	1418	2014	279
København	101	København K	1418	2015	262
København	101	København K	1418	2016	266
København	101	København K	1418	2017	269
København	101	København K	1418	2018	253
København	101	København K	1418	2019	260
København	101	København K	1418	2020	259
København	101	København K	1418	2021	248
København	101	København K	1418	2022	256
København	101	København K	1418	2023	260
København	101	København K	1418	2024	266
København	101	København K	1418	2025	263
København	101	København K	1418	2026	254
København	101	København K	1419	2010	14
København	101	København K	1419	2011	11
København	101	København K	1419	2012	9
København	101	København K	1419	2013	10
København	101	København K	1419	2014	10
København	101	København K	1419	2015	11
København	101	København K	1419	2016	11
København	101	København K	1419	2017	12
København	101	København K	1419	2018	14
København	101	København K	1419	2019	14
København	101	København K	1419	2020	15
København	101	København K	1419	2021	16
København	101	København K	1419	2022	19
København	101	København K	1419	2023	16
København	101	København K	1419	2024	17
København	101	København K	1419	2025	19
København	101	København K	1419	2026	18
København	101	København K	1420	2010	674
København	101	København K	1420	2011	663
København	101	København K	1420	2012	674
København	101	København K	1420	2013	673
København	101	København K	1420	2014	706
København	101	København K	1420	2015	682
København	101	København K	1420	2016	690
København	101	København K	1420	2017	698
København	101	København K	1420	2018	679
København	101	København K	1420	2019	701
København	101	København K	1420	2020	688
København	101	København K	1420	2021	673
København	101	København K	1420	2022	661
København	101	København K	1420	2023	655
København	101	København K	1420	2024	651
København	101	København K	1420	2025	665
København	101	København K	1420	2026	681
København	101	København K	1421	2010	30
København	101	København K	1421	2011	32
København	101	København K	1421	2012	30
København	101	København K	1421	2013	30
København	101	København K	1421	2014	30
København	101	København K	1421	2015	34
København	101	København K	1421	2016	31
København	101	København K	1421	2017	30
København	101	København K	1421	2018	34
København	101	København K	1421	2019	37
København	101	København K	1421	2020	33
København	101	København K	1421	2021	32
København	101	København K	1421	2022	30
København	101	København K	1421	2023	33
København	101	København K	1421	2024	31
København	101	København K	1421	2025	35
København	101	København K	1421	2026	37
København	101	København K	1422	2010	830
København	101	København K	1422	2011	849
København	101	København K	1422	2012	839
København	101	København K	1422	2013	832
København	101	København K	1422	2014	834
København	101	København K	1422	2015	861
København	101	København K	1422	2016	862
København	101	København K	1422	2017	847
København	101	København K	1422	2018	868
København	101	København K	1422	2019	859
København	101	København K	1422	2020	840
København	101	København K	1422	2021	840
København	101	København K	1422	2022	846
København	101	København K	1422	2023	857
København	101	København K	1422	2024	848
København	101	København K	1422	2025	852
København	101	København K	1422	2026	851
København	101	København K	1423	2010	87
København	101	København K	1423	2011	86
København	101	København K	1423	2012	89
København	101	København K	1423	2013	91
København	101	København K	1423	2014	93
København	101	København K	1423	2015	90
København	101	København K	1423	2016	90
København	101	København K	1423	2017	93
København	101	København K	1423	2018	95
København	101	København K	1423	2019	93
København	101	København K	1423	2020	88
København	101	København K	1423	2021	95
København	101	København K	1423	2022	90
København	101	København K	1423	2023	85
København	101	København K	1423	2024	87
København	101	København K	1423	2025	94
København	101	København K	1423	2026	90
København	101	København K	1424	2010	358
København	101	København K	1424	2011	358
København	101	København K	1424	2012	382
København	101	København K	1424	2013	374
København	101	København K	1424	2014	381
København	101	København K	1424	2015	386
København	101	København K	1424	2016	385
København	101	København K	1424	2017	393
København	101	København K	1424	2018	393
København	101	København K	1424	2019	412
København	101	København K	1424	2020	402
København	101	København K	1424	2021	388
København	101	København K	1424	2022	385
København	101	København K	1424	2023	399
København	101	København K	1424	2024	374
København	101	København K	1424	2025	390
København	101	København K	1424	2026	390
København	101	København K	1425	2010	279
København	101	København K	1425	2011	272
København	101	København K	1425	2012	266
København	101	København K	1425	2013	269
København	101	København K	1425	2014	258
København	101	København K	1425	2015	271
København	101	København K	1425	2016	275
København	101	København K	1425	2017	282
København	101	København K	1425	2018	294
København	101	København K	1425	2019	285
København	101	København K	1425	2020	269
København	101	København K	1425	2021	270
København	101	København K	1425	2022	272
København	101	København K	1425	2023	274
København	101	København K	1425	2024	263
København	101	København K	1425	2025	266
København	101	København K	1425	2026	263
København	101	København K	1426	2010	141
København	101	København K	1426	2011	148
København	101	København K	1426	2012	146
København	101	København K	1426	2013	150
København	101	København K	1426	2014	150
København	101	København K	1426	2015	147
København	101	København K	1426	2016	151
København	101	København K	1426	2017	149
København	101	København K	1426	2018	149
København	101	København K	1426	2019	146
København	101	København K	1426	2020	151
København	101	København K	1426	2021	147
København	101	København K	1426	2022	143
København	101	København K	1426	2023	140
København	101	København K	1426	2024	145
København	101	København K	1426	2025	145
København	101	København K	1426	2026	144
København	101	København K	1427	2010	228
København	101	København K	1427	2011	225
København	101	København K	1427	2012	215
København	101	København K	1427	2013	228
København	101	København K	1427	2014	221
København	101	København K	1427	2015	224
København	101	København K	1427	2016	235
København	101	København K	1427	2017	220
København	101	København K	1427	2018	217
København	101	København K	1427	2019	227
København	101	København K	1427	2020	219
København	101	København K	1427	2021	212
København	101	København K	1427	2022	222
København	101	København K	1427	2023	208
København	101	København K	1427	2024	226
København	101	København K	1427	2025	218
København	101	København K	1427	2026	231
København	101	København K	1428	2010	429
København	101	København K	1428	2011	430
København	101	København K	1428	2012	424
København	101	København K	1428	2013	446
København	101	København K	1428	2014	441
København	101	København K	1428	2015	449
København	101	København K	1428	2016	470
København	101	København K	1428	2017	440
København	101	København K	1428	2018	450
København	101	København K	1428	2019	462
København	101	København K	1428	2020	444
København	101	København K	1428	2021	438
København	101	København K	1428	2022	418
København	101	København K	1428	2023	434
København	101	København K	1428	2024	448
København	101	København K	1428	2025	458
København	101	København K	1428	2026	450
København	101	København K	1429	2010	484
København	101	København K	1429	2011	500
København	101	København K	1429	2012	496
København	101	København K	1429	2013	512
København	101	København K	1429	2014	516
København	101	København K	1429	2015	499
København	101	København K	1429	2016	515
København	101	København K	1429	2017	502
København	101	København K	1429	2018	513
København	101	København K	1429	2019	498
København	101	København K	1429	2020	497
København	101	København K	1429	2021	512
København	101	København K	1429	2022	509
København	101	København K	1429	2023	521
København	101	København K	1429	2024	505
København	101	København K	1429	2025	518
København	101	København K	1429	2026	522
København	101	København K	1430	2010	419
København	101	København K	1430	2011	421
København	101	København K	1430	2012	440
København	101	København K	1430	2013	432
København	101	København K	1430	2014	432
København	101	København K	1430	2015	439
København	101	København K	1430	2016	441
København	101	København K	1430	2017	434
København	101	København K	1430	2018	439
København	101	København K	1430	2019	433
København	101	København K	1430	2020	414
København	101	København K	1430	2021	432
København	101	København K	1430	2022	428
København	101	København K	1430	2023	422
København	101	København K	1430	2024	410
København	101	København K	1430	2025	405
København	101	København K	1430	2026	422
København	101	København K	1431	2010	4
København	101	København K	1431	2011	3
København	101	København K	1431	2012	2
København	101	København K	1431	2013	2
København	101	København K	1431	2014	0
København	101	København K	1431	2015	0
København	101	København K	1431	2016	0
København	101	København K	1431	2017	0
København	101	København K	1431	2018	0
København	101	København K	1431	2019	0
København	101	København K	1431	2020	0
København	101	København K	1431	2021	0
København	101	København K	1431	2022	0
København	101	København K	1431	2023	0
København	101	København K	1431	2024	0
København	101	København K	1431	2025	0
København	101	København K	1431	2026	0
København	101	København K	1432	2010	71
København	101	København K	1432	2011	75
København	101	København K	1432	2012	159
København	101	København K	1432	2013	264
København	101	København K	1432	2014	299
København	101	København K	1432	2015	1164
København	101	København K	1432	2016	1721
København	101	København K	1432	2017	1849
København	101	København K	1432	2018	1873
København	101	København K	1432	2019	2103
København	101	København K	1432	2020	2131
København	101	København K	1432	2021	2161
København	101	København K	1432	2022	2159
København	101	København K	1432	2023	2206
København	101	København K	1432	2024	2182
København	101	København K	1432	2025	2185
København	101	København K	1432	2026	2142
København	101	København K	1433	2010	0
København	101	København K	1433	2011	0
København	101	København K	1433	2012	0
København	101	København K	1433	2013	0
København	101	København K	1433	2014	0
København	101	København K	1433	2015	0
København	101	København K	1433	2016	0
København	101	København K	1433	2017	0
København	101	København K	1433	2018	0
København	101	København K	1433	2019	0
København	101	København K	1433	2020	0
København	101	København K	1433	2021	6
København	101	København K	1433	2022	3
København	101	København K	1433	2023	0
København	101	København K	1433	2024	0
København	101	København K	1433	2025	0
København	101	København K	1433	2026	0
København	101	København K	1434	2010	170
København	101	København K	1434	2011	158
København	101	København K	1434	2012	152
København	101	København K	1434	2013	152
København	101	København K	1434	2014	140
København	101	København K	1434	2015	147
København	101	København K	1434	2016	151
København	101	København K	1434	2017	142
København	101	København K	1434	2018	144
København	101	København K	1434	2019	147
København	101	København K	1434	2020	141
København	101	København K	1434	2021	139
København	101	København K	1434	2022	141
København	101	København K	1434	2023	141
København	101	København K	1434	2024	136
København	101	København K	1434	2025	140
København	101	København K	1434	2026	134
København	101	København K	1435	2010	108
København	101	København K	1435	2011	110
København	101	København K	1435	2012	107
København	101	København K	1435	2013	109
København	101	København K	1435	2014	112
København	101	København K	1435	2015	110
København	101	København K	1435	2016	106
København	101	København K	1435	2017	103
København	101	København K	1435	2018	106
København	101	København K	1435	2019	102
København	101	København K	1435	2020	110
København	101	København K	1435	2021	106
København	101	København K	1435	2022	107
København	101	København K	1435	2023	104
København	101	København K	1435	2024	103
København	101	København K	1435	2025	103
København	101	København K	1435	2026	103
København	101	København K	1436	2010	336
København	101	København K	1436	2011	325
København	101	København K	1436	2012	333
København	101	København K	1436	2013	342
København	101	København K	1436	2014	333
København	101	København K	1436	2015	328
København	101	København K	1436	2016	325
København	101	København K	1436	2017	329
København	101	København K	1436	2018	321
København	101	København K	1436	2019	314
København	101	København K	1436	2020	312
København	101	København K	1436	2021	307
København	101	København K	1436	2022	306
København	101	København K	1436	2023	301
København	101	København K	1436	2024	342
København	101	København K	1436	2025	498
København	101	København K	1436	2026	535
København	101	København K	1437	2010	465
København	101	København K	1437	2011	476
København	101	København K	1437	2012	476
København	101	København K	1437	2013	460
København	101	København K	1437	2014	446
København	101	København K	1437	2015	431
København	101	København K	1437	2016	452
København	101	København K	1437	2017	447
København	101	København K	1437	2018	470
København	101	København K	1437	2019	458
København	101	København K	1437	2020	460
København	101	København K	1437	2021	460
København	101	København K	1437	2022	452
København	101	København K	1437	2023	459
København	101	København K	1437	2024	457
København	101	København K	1437	2025	444
København	101	København K	1437	2026	443
København	101	København K	1439	2010	82
København	101	København K	1439	2011	83
København	101	København K	1439	2012	81
København	101	København K	1439	2013	89
København	101	København K	1439	2014	84
København	101	København K	1439	2015	81
København	101	København K	1439	2016	87
København	101	København K	1439	2017	85
København	101	København K	1439	2018	100
København	101	København K	1439	2019	128
København	101	København K	1439	2020	132
København	101	København K	1439	2021	150
København	101	København K	1439	2022	158
København	101	København K	1439	2023	157
København	101	København K	1439	2024	158
København	101	København K	1439	2025	159
København	101	København K	1439	2026	169
København	101	København K	1440	2010	660
København	101	København K	1440	2011	662
København	101	København K	1440	2012	659
København	101	København K	1440	2013	683
København	101	København K	1440	2014	691
København	101	København K	1440	2015	695
København	101	København K	1440	2016	700
København	101	København K	1440	2017	713
København	101	København K	1440	2018	715
København	101	København K	1440	2019	720
København	101	København K	1440	2020	708
København	101	København K	1440	2021	710
København	101	København K	1440	2022	706
København	101	København K	1440	2023	714
København	101	København K	1440	2024	729
København	101	København K	1440	2025	721
København	101	København K	1440	2026	725
København	101	København K	1441	2010	132
København	101	København K	1441	2011	137
København	101	København K	1441	2012	147
København	101	København K	1441	2013	148
København	101	København K	1441	2014	159
København	101	København K	1441	2015	160
København	101	København K	1441	2016	163
København	101	København K	1441	2017	169
København	101	København K	1441	2018	164
København	101	København K	1441	2019	162
København	101	København K	1441	2020	154
København	101	København K	1441	2021	155
København	101	København K	1441	2022	155
København	101	København K	1441	2023	157
København	101	København K	1441	2024	157
København	101	København K	1441	2025	156
København	101	København K	1441	2026	149
København	101	København K	1450	2010	5
København	101	København K	1450	2011	4
København	101	København K	1450	2012	9
København	101	København K	1450	2013	9
København	101	København K	1450	2014	9
København	101	København K	1450	2015	7
København	101	København K	1450	2016	7
København	101	København K	1450	2017	26
København	101	København K	1450	2018	35
København	101	København K	1450	2019	38
København	101	København K	1450	2020	36
København	101	København K	1450	2021	31
København	101	København K	1450	2022	47
København	101	København K	1450	2023	46
København	101	København K	1450	2024	50
København	101	København K	1450	2025	55
København	101	København K	1450	2026	61
København	101	København K	1451	2010	64
København	101	København K	1451	2011	69
København	101	København K	1451	2012	69
København	101	København K	1451	2013	72
København	101	København K	1451	2014	66
København	101	København K	1451	2015	63
København	101	København K	1451	2016	62
København	101	København K	1451	2017	70
København	101	København K	1451	2018	69
København	101	København K	1451	2019	65
København	101	København K	1451	2020	64
København	101	København K	1451	2021	73
København	101	København K	1451	2022	72
København	101	København K	1451	2023	78
København	101	København K	1451	2024	71
København	101	København K	1451	2025	72
København	101	København K	1451	2026	75
København	101	København K	1452	2010	119
København	101	København K	1452	2011	116
København	101	København K	1452	2012	124
København	101	København K	1452	2013	131
København	101	København K	1452	2014	128
København	101	København K	1452	2015	129
København	101	København K	1452	2016	129
København	101	København K	1452	2017	128
København	101	København K	1452	2018	130
København	101	København K	1452	2019	128
København	101	København K	1452	2020	124
København	101	København K	1452	2021	127
København	101	København K	1452	2022	125
København	101	København K	1452	2023	139
København	101	København K	1452	2024	134
København	101	København K	1452	2025	125
København	101	København K	1452	2026	135
København	101	København K	1453	2010	277
København	101	København K	1453	2011	281
København	101	København K	1453	2012	289
København	101	København K	1453	2013	285
København	101	København K	1453	2014	290
København	101	København K	1453	2015	291
København	101	København K	1453	2016	296
København	101	København K	1453	2017	298
København	101	København K	1453	2018	292
København	101	København K	1453	2019	300
København	101	København K	1453	2020	305
København	101	København K	1453	2021	304
København	101	København K	1453	2022	318
København	101	København K	1453	2023	324
København	101	København K	1453	2024	324
København	101	København K	1453	2025	332
København	101	København K	1453	2026	324
København	101	København K	1454	2010	142
København	101	København K	1454	2011	147
København	101	København K	1454	2012	152
København	101	København K	1454	2013	168
København	101	København K	1454	2014	156
København	101	København K	1454	2015	166
København	101	København K	1454	2016	158
København	101	København K	1454	2017	158
København	101	København K	1454	2018	164
København	101	København K	1454	2019	155
København	101	København K	1454	2020	155
København	101	København K	1454	2021	180
København	101	København K	1454	2022	174
København	101	København K	1454	2023	173
København	101	København K	1454	2024	170
København	101	København K	1454	2025	155
København	101	København K	1454	2026	146
København	101	København K	1455	2010	227
København	101	København K	1455	2011	233
København	101	København K	1455	2012	250
København	101	København K	1455	2013	257
København	101	København K	1455	2014	283
København	101	København K	1455	2015	280
København	101	København K	1455	2016	308
København	101	København K	1455	2017	310
København	101	København K	1455	2018	343
København	101	København K	1455	2019	329
København	101	København K	1455	2020	304
København	101	København K	1455	2021	298
København	101	København K	1455	2022	315
København	101	København K	1455	2023	321
København	101	København K	1455	2024	320
København	101	København K	1455	2025	364
København	101	København K	1455	2026	394
København	101	København K	1456	2010	52
København	101	København K	1456	2011	57
København	101	København K	1456	2012	67
København	101	København K	1456	2013	87
København	101	København K	1456	2014	94
København	101	København K	1456	2015	98
København	101	København K	1456	2016	118
København	101	København K	1456	2017	111
København	101	København K	1456	2018	121
København	101	København K	1456	2019	120
København	101	København K	1456	2020	98
København	101	København K	1456	2021	111
København	101	København K	1456	2022	132
København	101	København K	1456	2023	133
København	101	København K	1456	2024	134
København	101	København K	1456	2025	127
København	101	København K	1456	2026	126
København	101	København K	1457	2010	12
København	101	København K	1457	2011	11
København	101	København K	1457	2012	8
København	101	København K	1457	2013	8
København	101	København K	1457	2014	8
København	101	København K	1457	2015	8
København	101	København K	1457	2016	9
København	101	København K	1457	2017	10
København	101	København K	1457	2018	11
København	101	København K	1457	2019	8
København	101	København K	1457	2020	4
København	101	København K	1457	2021	6
København	101	København K	1457	2022	7
København	101	København K	1457	2023	5
København	101	København K	1457	2024	8
København	101	København K	1457	2025	6
København	101	København K	1457	2026	10
København	101	København K	1458	2010	59
København	101	København K	1458	2011	60
København	101	København K	1458	2012	66
København	101	København K	1458	2013	65
København	101	København K	1458	2014	67
København	101	København K	1458	2015	61
København	101	København K	1458	2016	58
København	101	København K	1458	2017	58
København	101	København K	1458	2018	67
København	101	København K	1458	2019	66
København	101	København K	1458	2020	56
København	101	København K	1458	2021	66
København	101	København K	1458	2022	72
København	101	København K	1458	2023	74
København	101	København K	1458	2024	73
København	101	København K	1458	2025	69
København	101	København K	1458	2026	73
København	101	København K	1459	2010	14
København	101	København K	1459	2011	14
København	101	København K	1459	2012	16
København	101	København K	1459	2013	12
København	101	København K	1459	2014	12
København	101	København K	1459	2015	17
København	101	København K	1459	2016	20
København	101	København K	1459	2017	22
København	101	København K	1459	2018	28
København	101	København K	1459	2019	36
København	101	København K	1459	2020	40
København	101	København K	1459	2021	43
København	101	København K	1459	2022	48
København	101	København K	1459	2023	43
København	101	København K	1459	2024	46
København	101	København K	1459	2025	46
København	101	København K	1459	2026	47
København	101	København K	1460	2010	61
København	101	København K	1460	2011	55
København	101	København K	1460	2012	63
København	101	København K	1460	2013	65
København	101	København K	1460	2014	62
København	101	København K	1460	2015	67
København	101	København K	1460	2016	68
København	101	København K	1460	2017	67
København	101	København K	1460	2018	68
København	101	København K	1460	2019	75
København	101	København K	1460	2020	66
København	101	København K	1460	2021	69
København	101	København K	1460	2022	61
København	101	København K	1460	2023	60
København	101	København K	1460	2024	68
København	101	København K	1460	2025	63
København	101	København K	1460	2026	60
København	101	København K	1462	2010	69
København	101	København K	1462	2011	63
København	101	København K	1462	2012	62
København	101	København K	1462	2013	59
København	101	København K	1462	2014	70
København	101	København K	1462	2015	76
København	101	København K	1462	2016	74
København	101	København K	1462	2017	83
København	101	København K	1462	2018	77
København	101	København K	1462	2019	80
København	101	København K	1462	2020	82
København	101	København K	1462	2021	84
København	101	København K	1462	2022	80
København	101	København K	1462	2023	87
København	101	København K	1462	2024	87
København	101	København K	1462	2025	85
København	101	København K	1462	2026	90
København	101	København K	1463	2010	23
København	101	København K	1463	2011	24
København	101	København K	1463	2012	23
København	101	København K	1463	2013	23
København	101	København K	1463	2014	26
København	101	København K	1463	2015	22
København	101	København K	1463	2016	25
København	101	København K	1463	2017	25
København	101	København K	1463	2018	26
København	101	København K	1463	2019	25
København	101	København K	1463	2020	27
København	101	København K	1463	2021	22
København	101	København K	1463	2022	26
København	101	København K	1463	2023	27
København	101	København K	1463	2024	27
København	101	København K	1463	2025	26
København	101	København K	1463	2026	25
København	101	København K	1464	2010	9
København	101	København K	1464	2011	1
København	101	København K	1464	2012	7
København	101	København K	1464	2013	6
København	101	København K	1464	2014	7
København	101	København K	1464	2015	9
København	101	København K	1464	2016	9
København	101	København K	1464	2017	8
København	101	København K	1464	2018	8
København	101	København K	1464	2019	11
København	101	København K	1464	2020	12
København	101	København K	1464	2021	11
København	101	København K	1464	2022	10
København	101	København K	1464	2023	7
København	101	København K	1464	2024	9
København	101	København K	1464	2025	8
København	101	København K	1464	2026	10
København	101	København K	1466	2010	37
København	101	København K	1466	2011	62
København	101	København K	1466	2012	63
København	101	København K	1466	2013	58
København	101	København K	1466	2014	71
København	101	København K	1466	2015	85
København	101	København K	1466	2016	85
København	101	København K	1466	2017	83
København	101	København K	1466	2018	84
København	101	København K	1466	2019	93
København	101	København K	1466	2020	99
København	101	København K	1466	2021	106
København	101	København K	1466	2022	107
København	101	København K	1466	2023	105
København	101	København K	1466	2024	105
København	101	København K	1466	2025	110
København	101	København K	1466	2026	109
København	101	København K	1467	2010	21
København	101	København K	1467	2011	24
København	101	København K	1467	2012	23
København	101	København K	1467	2013	27
København	101	København K	1467	2014	26
København	101	København K	1467	2015	38
København	101	København K	1467	2016	40
København	101	København K	1467	2017	40
København	101	København K	1467	2018	40
København	101	København K	1467	2019	52
København	101	København K	1467	2020	37
København	101	København K	1467	2021	49
København	101	København K	1467	2022	59
København	101	København K	1467	2023	54
København	101	København K	1467	2024	53
København	101	København K	1467	2025	69
København	101	København K	1467	2026	55
København	101	København K	1468	2010	49
København	101	København K	1468	2011	50
København	101	København K	1468	2012	46
København	101	København K	1468	2013	46
København	101	København K	1468	2014	47
København	101	København K	1468	2015	44
København	101	København K	1468	2016	60
København	101	København K	1468	2017	90
København	101	København K	1468	2018	88
København	101	København K	1468	2019	105
København	101	København K	1468	2020	99
København	101	København K	1468	2021	114
København	101	København K	1468	2022	120
København	101	København K	1468	2023	118
København	101	København K	1468	2024	120
København	101	København K	1468	2025	119
København	101	København K	1468	2026	123
København	101	København K	1470	2010	54
København	101	København K	1470	2011	56
København	101	København K	1470	2012	52
København	101	København K	1470	2013	56
København	101	København K	1470	2014	55
København	101	København K	1470	2015	56
København	101	København K	1470	2016	59
København	101	København K	1470	2017	64
København	101	København K	1470	2018	75
København	101	København K	1470	2019	77
København	101	København K	1470	2020	77
København	101	København K	1470	2021	79
København	101	København K	1470	2022	76
København	101	København K	1470	2023	71
København	101	København K	1470	2024	76
København	101	København K	1470	2025	76
København	101	København K	1470	2026	80
København	101	København K	1471	2010	33
København	101	København K	1471	2011	35
København	101	København K	1471	2012	33
København	101	København K	1471	2013	37
København	101	København K	1471	2014	35
København	101	København K	1471	2015	34
København	101	København K	1471	2016	33
København	101	København K	1471	2017	35
København	101	København K	1471	2018	34
København	101	København K	1471	2019	34
København	101	København K	1471	2020	35
København	101	København K	1471	2021	41
København	101	København K	1471	2022	39
København	101	København K	1471	2023	36
København	101	København K	1471	2024	38
København	101	København K	1471	2025	40
København	101	København K	1471	2026	36
København	101	København K	1472	2010	40
København	101	København K	1472	2011	42
København	101	København K	1472	2012	48
København	101	København K	1472	2013	59
København	101	København K	1472	2014	56
København	101	København K	1472	2015	59
København	101	København K	1472	2016	58
København	101	København K	1472	2017	69
København	101	København K	1472	2018	62
København	101	København K	1472	2019	69
København	101	København K	1472	2020	68
København	101	København K	1472	2021	70
København	101	København K	1472	2022	68
København	101	København K	1472	2023	61
København	101	København K	1472	2024	68
København	101	København K	1472	2025	65
København	101	København K	1472	2026	64
København	101	København K	1473	2010	0
København	101	København K	1473	2011	0
København	101	København K	1473	2012	0
København	101	København K	1473	2013	0
København	101	København K	1473	2014	0
København	101	København K	1473	2015	0
København	101	København K	1473	2016	0
København	101	København K	1473	2017	0
København	101	København K	1473	2018	0
København	101	København K	1473	2019	0
København	101	København K	1473	2020	13
København	101	København K	1473	2021	16
København	101	København K	1473	2022	16
København	101	København K	1473	2023	16
København	101	København K	1473	2024	26
København	101	København K	1473	2025	24
København	101	København K	1473	2026	20
København	101	København V	1500	2010	0
København	101	København V	1500	2011	0
København	101	København V	1500	2012	0
København	101	København V	1500	2013	0
København	101	København V	1500	2014	0
København	101	København V	1500	2015	0
København	101	København V	1500	2016	0
København	101	København V	1500	2017	0
København	101	København V	1500	2018	0
København	101	København V	1500	2019	0
København	101	København V	1500	2020	0
København	101	København V	1500	2021	0
København	101	København V	1500	2022	0
København	101	København V	1500	2023	0
København	101	København V	1500	2024	0
København	101	København V	1500	2025	0
København	101	København V	1500	2026	0
København	101	København V	1550	2010	1
København	101	København V	1550	2011	1
København	101	København V	1550	2012	2
København	101	København V	1550	2013	1
København	101	København V	1550	2014	3
København	101	København V	1550	2015	3
København	101	København V	1550	2016	4
København	101	København V	1550	2017	6
København	101	København V	1550	2018	5
København	101	København V	1550	2019	6
København	101	København V	1550	2020	9
København	101	København V	1550	2021	8
København	101	København V	1550	2022	14
København	101	København V	1550	2023	13
København	101	København V	1550	2024	7
København	101	København V	1550	2025	12
København	101	København V	1550	2026	14
København	101	København V	1551	2010	0
København	101	København V	1551	2011	0
København	101	København V	1551	2012	0
København	101	København V	1551	2013	0
København	101	København V	1551	2014	0
København	101	København V	1551	2015	0
København	101	København V	1551	2016	0
København	101	København V	1551	2017	0
København	101	København V	1551	2018	0
København	101	København V	1551	2019	0
København	101	København V	1551	2020	0
København	101	København V	1551	2021	0
København	101	København V	1551	2022	0
København	101	København V	1551	2023	0
København	101	København V	1551	2024	0
København	101	København V	1551	2025	0
København	101	København V	1551	2026	0
København	101	København V	1552	2010	261
København	101	København V	1552	2011	259
København	101	København V	1552	2012	278
København	101	København V	1552	2013	301
København	101	København V	1552	2014	307
København	101	København V	1552	2015	306
København	101	København V	1552	2016	308
København	101	København V	1552	2017	309
København	101	København V	1552	2018	332
København	101	København V	1552	2019	349
København	101	København V	1552	2020	336
København	101	København V	1552	2021	339
København	101	København V	1552	2022	375
København	101	København V	1552	2023	372
København	101	København V	1552	2024	384
København	101	København V	1552	2025	387
København	101	København V	1552	2026	382
København	101	København V	1553	2010	263
København	101	København V	1553	2011	263
København	101	København V	1553	2012	307
København	101	København V	1553	2013	326
København	101	København V	1553	2014	332
København	101	København V	1553	2015	325
København	101	København V	1553	2016	352
København	101	København V	1553	2017	350
København	101	København V	1553	2018	319
København	101	København V	1553	2019	353
København	101	København V	1553	2020	359
København	101	København V	1553	2021	382
København	101	København V	1553	2022	377
København	101	København V	1553	2023	363
København	101	København V	1553	2024	412
København	101	København V	1553	2025	418
København	101	København V	1553	2026	425
København	101	København V	1554	2010	11
København	101	København V	1554	2011	11
København	101	København V	1554	2012	8
København	101	København V	1554	2013	8
København	101	København V	1554	2014	8
København	101	København V	1554	2015	7
København	101	København V	1554	2016	8
København	101	København V	1554	2017	6
København	101	København V	1554	2018	6
København	101	København V	1554	2019	4
København	101	København V	1554	2020	4
København	101	København V	1554	2021	4
København	101	København V	1554	2022	3
København	101	København V	1554	2023	0
København	101	København V	1554	2024	0
København	101	København V	1554	2025	0
København	101	København V	1554	2026	0
København	101	København V	1555	2010	22
København	101	København V	1555	2011	20
København	101	København V	1555	2012	23
København	101	København V	1555	2013	26
København	101	København V	1555	2014	24
København	101	København V	1555	2015	21
København	101	København V	1555	2016	28
København	101	København V	1555	2017	23
København	101	København V	1555	2018	21
København	101	København V	1555	2019	24
København	101	København V	1555	2020	23
København	101	København V	1555	2021	22
København	101	København V	1555	2022	22
København	101	København V	1555	2023	24
København	101	København V	1555	2024	18
København	101	København V	1555	2025	18
København	101	København V	1555	2026	17
København	101	København V	1556	2010	41
København	101	København V	1556	2011	42
København	101	København V	1556	2012	46
København	101	København V	1556	2013	45
København	101	København V	1556	2014	48
København	101	København V	1556	2015	40
København	101	København V	1556	2016	42
København	101	København V	1556	2017	45
København	101	København V	1556	2018	47
København	101	København V	1556	2019	43
København	101	København V	1556	2020	42
København	101	København V	1556	2021	42
København	101	København V	1556	2022	47
København	101	København V	1556	2023	48
København	101	København V	1556	2024	49
København	101	København V	1556	2025	39
København	101	København V	1556	2026	46
København	101	København V	1557	2010	76
København	101	København V	1557	2011	81
København	101	København V	1557	2012	77
København	101	København V	1557	2013	78
København	101	København V	1557	2014	77
København	101	København V	1557	2015	86
København	101	København V	1557	2016	84
København	101	København V	1557	2017	88
København	101	København V	1557	2018	82
København	101	København V	1557	2019	85
København	101	København V	1557	2020	87
København	101	København V	1557	2021	84
København	101	København V	1557	2022	82
København	101	København V	1557	2023	83
København	101	København V	1557	2024	85
København	101	København V	1557	2025	86
København	101	København V	1557	2026	88
København	101	København V	1558	2010	46
København	101	København V	1558	2011	47
København	101	København V	1558	2012	53
København	101	København V	1558	2013	48
København	101	København V	1558	2014	49
København	101	København V	1558	2015	54
København	101	København V	1558	2016	50
København	101	København V	1558	2017	55
København	101	København V	1558	2018	58
København	101	København V	1558	2019	54
København	101	København V	1558	2020	55
København	101	København V	1558	2021	56
København	101	København V	1558	2022	54
København	101	København V	1558	2023	52
København	101	København V	1558	2024	58
København	101	København V	1558	2025	60
København	101	København V	1558	2026	60
København	101	København V	1559	2010	33
København	101	København V	1559	2011	41
København	101	København V	1559	2012	48
København	101	København V	1559	2013	36
København	101	København V	1559	2014	36
København	101	København V	1559	2015	36
København	101	København V	1559	2016	38
København	101	København V	1559	2017	40
København	101	København V	1559	2018	42
København	101	København V	1559	2019	45
København	101	København V	1559	2020	43
København	101	København V	1559	2021	36
København	101	København V	1559	2022	35
København	101	København V	1559	2023	31
København	101	København V	1559	2024	30
København	101	København V	1559	2025	30
København	101	København V	1559	2026	40
København	101	København V	1560	2010	2
København	101	København V	1560	2011	2
København	101	København V	1560	2012	0
København	101	København V	1560	2013	0
København	101	København V	1560	2014	0
København	101	København V	1560	2015	4
København	101	København V	1560	2016	5
København	101	København V	1560	2017	8
København	101	København V	1560	2018	4
København	101	København V	1560	2019	4
København	101	København V	1560	2020	4
København	101	København V	1560	2021	4
København	101	København V	1560	2022	8
København	101	København V	1560	2023	6
København	101	København V	1560	2024	5
København	101	København V	1560	2025	5
København	101	København V	1560	2026	6
København	101	København V	1561	2010	397
København	101	København V	1561	2011	595
København	101	København V	1561	2012	577
København	101	København V	1561	2013	624
København	101	København V	1561	2014	670
København	101	København V	1561	2015	660
København	101	København V	1561	2016	680
København	101	København V	1561	2017	643
København	101	København V	1561	2018	666
København	101	København V	1561	2019	672
København	101	København V	1561	2020	697
København	101	København V	1561	2021	673
København	101	København V	1561	2022	686
København	101	København V	1561	2023	696
København	101	København V	1561	2024	683
København	101	København V	1561	2025	714
København	101	København V	1561	2026	718
København	101	København V	1562	2010	0
København	101	København V	1562	2011	0
København	101	København V	1562	2012	0
København	101	København V	1562	2013	0
København	101	København V	1562	2014	0
København	101	København V	1562	2015	0
København	101	København V	1562	2016	25
København	101	København V	1562	2017	33
København	101	København V	1562	2018	39
København	101	København V	1562	2019	40
København	101	København V	1562	2020	41
København	101	København V	1562	2021	44
København	101	København V	1562	2022	42
København	101	København V	1562	2023	38
København	101	København V	1562	2024	36
København	101	København V	1562	2025	31
København	101	København V	1562	2026	36
København	101	København V	1563	2010	0
København	101	København V	1563	2011	0
København	101	København V	1563	2012	0
København	101	København V	1563	2013	0
København	101	København V	1563	2014	0
København	101	København V	1563	2015	0
København	101	København V	1563	2016	7
København	101	København V	1563	2017	18
København	101	København V	1563	2018	16
København	101	København V	1563	2019	17
København	101	København V	1563	2020	18
København	101	København V	1563	2021	24
København	101	København V	1563	2022	23
København	101	København V	1563	2023	24
København	101	København V	1563	2024	18
København	101	København V	1563	2025	17
København	101	København V	1563	2026	17
København	101	København V	1564	2010	108
København	101	København V	1564	2011	115
København	101	København V	1564	2012	114
København	101	København V	1564	2013	113
København	101	København V	1564	2014	117
København	101	København V	1564	2015	118
København	101	København V	1564	2016	118
København	101	København V	1564	2017	126
København	101	København V	1564	2018	122
København	101	København V	1564	2019	134
København	101	København V	1564	2020	126
København	101	København V	1564	2021	120
København	101	København V	1564	2022	118
København	101	København V	1564	2023	118
København	101	København V	1564	2024	115
København	101	København V	1564	2025	122
København	101	København V	1564	2026	126
København	101	København V	1568	2010	53
København	101	København V	1568	2011	51
København	101	København V	1568	2012	59
København	101	København V	1568	2013	50
København	101	København V	1568	2014	46
København	101	København V	1568	2015	56
København	101	København V	1568	2016	54
København	101	København V	1568	2017	63
København	101	København V	1568	2018	54
København	101	København V	1568	2019	57
København	101	København V	1568	2020	60
København	101	København V	1568	2021	62
København	101	København V	1568	2022	62
København	101	København V	1568	2023	63
København	101	København V	1568	2024	65
København	101	København V	1568	2025	65
København	101	København V	1568	2026	66
København	101	København V	1569	2010	83
København	101	København V	1569	2011	88
København	101	København V	1569	2012	88
København	101	København V	1569	2013	97
København	101	København V	1569	2014	96
København	101	København V	1569	2015	95
København	101	København V	1569	2016	95
København	101	København V	1569	2017	92
København	101	København V	1569	2018	96
København	101	København V	1569	2019	92
København	101	København V	1569	2020	93
København	101	København V	1569	2021	79
København	101	København V	1569	2022	78
København	101	København V	1569	2023	86
København	101	København V	1569	2024	88
København	101	København V	1569	2025	92
København	101	København V	1569	2026	89
København	101	København V	1570	2010	2
København	101	København V	1570	2011	2
København	101	København V	1570	2012	2
København	101	København V	1570	2013	3
København	101	København V	1570	2014	3
København	101	København V	1570	2015	2
København	101	København V	1570	2016	0
København	101	København V	1570	2017	0
København	101	København V	1570	2018	0
København	101	København V	1570	2019	0
København	101	København V	1570	2020	0
København	101	København V	1570	2021	0
København	101	København V	1570	2022	0
København	101	København V	1570	2023	0
København	101	København V	1570	2024	0
København	101	København V	1570	2025	0
København	101	København V	1570	2026	0
København	101	København V	1571	2010	33
København	101	København V	1571	2011	28
København	101	København V	1571	2012	33
København	101	København V	1571	2013	32
København	101	København V	1571	2014	28
København	101	København V	1571	2015	34
København	101	København V	1571	2016	30
København	101	København V	1571	2017	30
København	101	København V	1571	2018	24
København	101	København V	1571	2019	26
København	101	København V	1571	2020	29
København	101	København V	1571	2021	32
København	101	København V	1571	2022	27
København	101	København V	1571	2023	42
København	101	København V	1571	2024	35
København	101	København V	1571	2025	43
København	101	København V	1571	2026	45
København	101	København V	1572	2010	16
København	101	København V	1572	2011	14
København	101	København V	1572	2012	17
København	101	København V	1572	2013	17
København	101	København V	1572	2014	18
København	101	København V	1572	2015	15
København	101	København V	1572	2016	23
København	101	København V	1572	2017	18
København	101	København V	1572	2018	55
København	101	København V	1572	2019	89
København	101	København V	1572	2020	112
København	101	København V	1572	2021	101
København	101	København V	1572	2022	120
København	101	København V	1572	2023	123
København	101	København V	1572	2024	113
København	101	København V	1572	2025	113
København	101	København V	1572	2026	112
København	101	København V	1573	2010	227
København	101	København V	1573	2011	225
København	101	København V	1573	2012	230
København	101	København V	1573	2013	234
København	101	København V	1573	2014	238
København	101	København V	1573	2015	265
København	101	København V	1573	2016	306
København	101	København V	1573	2017	314
København	101	København V	1573	2018	328
København	101	København V	1573	2019	340
København	101	København V	1573	2020	329
København	101	København V	1573	2021	332
København	101	København V	1573	2022	350
København	101	København V	1573	2023	349
København	101	København V	1573	2024	349
København	101	København V	1573	2025	357
København	101	København V	1573	2026	376
København	101	København V	1574	2010	52
København	101	København V	1574	2011	53
København	101	København V	1574	2012	56
København	101	København V	1574	2013	52
København	101	København V	1574	2014	56
København	101	København V	1574	2015	60
København	101	København V	1574	2016	49
København	101	København V	1574	2017	51
København	101	København V	1574	2018	57
København	101	København V	1574	2019	67
København	101	København V	1574	2020	78
København	101	København V	1574	2021	80
København	101	København V	1574	2022	81
København	101	København V	1574	2023	83
København	101	København V	1574	2024	81
København	101	København V	1574	2025	82
København	101	København V	1574	2026	75
København	101	København V	1575	2010	24
København	101	København V	1575	2011	26
København	101	København V	1575	2012	25
København	101	København V	1575	2013	24
København	101	København V	1575	2014	21
København	101	København V	1575	2015	24
København	101	København V	1575	2016	24
København	101	København V	1575	2017	23
København	101	København V	1575	2018	25
København	101	København V	1575	2019	28
København	101	København V	1575	2020	25
København	101	København V	1575	2021	28
København	101	København V	1575	2022	22
København	101	København V	1575	2023	25
København	101	København V	1575	2024	24
København	101	København V	1575	2025	24
København	101	København V	1575	2026	24
København	101	København V	1576	2010	57
København	101	København V	1576	2011	61
København	101	København V	1576	2012	57
København	101	København V	1576	2013	54
København	101	København V	1576	2014	60
København	101	København V	1576	2015	61
København	101	København V	1576	2016	65
København	101	København V	1576	2017	69
København	101	København V	1576	2018	55
København	101	København V	1576	2019	57
København	101	København V	1576	2020	54
København	101	København V	1576	2021	56
København	101	København V	1576	2022	57
København	101	København V	1576	2023	56
København	101	København V	1576	2024	56
København	101	København V	1576	2025	60
København	101	København V	1576	2026	62
København	101	København V	1577	2010	17
København	101	København V	1577	2011	20
København	101	København V	1577	2012	21
København	101	København V	1577	2013	31
København	101	København V	1577	2014	37
København	101	København V	1577	2015	40
København	101	København V	1577	2016	43
København	101	København V	1577	2017	47
København	101	København V	1577	2018	37
København	101	København V	1577	2019	44
København	101	København V	1577	2020	41
København	101	København V	1577	2021	68
København	101	København V	1577	2022	110
København	101	København V	1577	2023	614
København	101	København V	1577	2024	593
København	101	København V	1577	2025	665
København	101	København V	1577	2026	692
København	101	København V	1600	2010	30
København	101	København V	1600	2011	36
København	101	København V	1600	2012	35
København	101	København V	1600	2013	34
København	101	København V	1600	2014	41
København	101	København V	1600	2015	80
København	101	København V	1600	2016	73
København	101	København V	1600	2017	80
København	101	København V	1600	2018	95
København	101	København V	1600	2019	106
København	101	København V	1600	2020	27
København	101	København V	1600	2021	28
København	101	København V	1600	2022	29
København	101	København V	1600	2023	30
København	101	København V	1600	2024	27
København	101	København V	1600	2025	29
København	101	København V	1600	2026	32
København	101	København V	1601	2010	485
København	101	København V	1601	2011	480
København	101	København V	1601	2012	500
København	101	København V	1601	2013	491
København	101	København V	1601	2014	506
København	101	København V	1601	2015	509
København	101	København V	1601	2016	502
København	101	København V	1601	2017	518
København	101	København V	1601	2018	517
København	101	København V	1601	2019	492
København	101	København V	1601	2020	501
København	101	København V	1601	2021	531
København	101	København V	1601	2022	514
København	101	København V	1601	2023	525
København	101	København V	1601	2024	517
København	101	København V	1601	2025	515
København	101	København V	1601	2026	530
København	101	København V	1602	2010	26
København	101	København V	1602	2011	27
København	101	København V	1602	2012	29
København	101	København V	1602	2013	24
København	101	København V	1602	2014	23
København	101	København V	1602	2015	28
København	101	København V	1602	2016	34
København	101	København V	1602	2017	29
København	101	København V	1602	2018	29
København	101	København V	1602	2019	27
København	101	København V	1602	2020	29
København	101	København V	1602	2021	30
København	101	København V	1602	2022	30
København	101	København V	1602	2023	28
København	101	København V	1602	2024	31
København	101	København V	1602	2025	29
København	101	København V	1602	2026	30
København	101	København V	1603	2010	75
København	101	København V	1603	2011	71
København	101	København V	1603	2012	78
København	101	København V	1603	2013	73
København	101	København V	1603	2014	79
København	101	København V	1603	2015	72
København	101	København V	1603	2016	73
København	101	København V	1603	2017	74
København	101	København V	1603	2018	71
København	101	København V	1603	2019	76
København	101	København V	1603	2020	71
København	101	København V	1603	2021	72
København	101	København V	1603	2022	74
København	101	København V	1603	2023	70
København	101	København V	1603	2024	73
København	101	København V	1603	2025	73
København	101	København V	1603	2026	72
København	101	København V	1605	2010	0
København	101	København V	1605	2011	0
København	101	København V	1605	2012	0
København	101	København V	1605	2013	0
København	101	København V	1605	2014	0
København	101	København V	1605	2015	0
København	101	København V	1605	2016	0
København	101	København V	1605	2017	0
København	101	København V	1605	2018	13
København	101	København V	1605	2019	48
København	101	København V	1605	2020	58
København	101	København V	1605	2021	73
København	101	København V	1605	2022	63
København	101	København V	1605	2023	42
København	101	København V	1605	2024	37
København	101	København V	1605	2025	35
København	101	København V	1605	2026	24
København	101	København V	1606	2010	120
København	101	København V	1606	2011	111
København	101	København V	1606	2012	119
København	101	København V	1606	2013	118
København	101	København V	1606	2014	125
København	101	København V	1606	2015	122
København	101	København V	1606	2016	120
København	101	København V	1606	2017	123
København	101	København V	1606	2018	125
København	101	København V	1606	2019	137
København	101	København V	1606	2020	136
København	101	København V	1606	2021	148
København	101	København V	1606	2022	149
København	101	København V	1606	2023	159
København	101	København V	1606	2024	154
København	101	København V	1606	2025	219
København	101	København V	1606	2026	138
København	101	København V	1608	2010	38
København	101	København V	1608	2011	27
København	101	København V	1608	2012	31
København	101	København V	1608	2013	36
København	101	København V	1608	2014	44
København	101	København V	1608	2015	40
København	101	København V	1608	2016	39
København	101	København V	1608	2017	32
København	101	København V	1608	2018	31
København	101	København V	1608	2019	34
København	101	København V	1608	2020	36
København	101	København V	1608	2021	44
København	101	København V	1608	2022	36
København	101	København V	1608	2023	41
København	101	København V	1608	2024	30
København	101	København V	1608	2025	31
København	101	København V	1608	2026	27
København	101	København V	1609	2010	0
København	101	København V	1609	2011	0
København	101	København V	1609	2012	0
København	101	København V	1609	2013	0
København	101	København V	1609	2014	0
København	101	København V	1609	2015	0
København	101	København V	1609	2016	0
København	101	København V	1609	2017	0
København	101	København V	1609	2018	0
København	101	København V	1609	2019	2
København	101	København V	1609	2020	2
København	101	København V	1609	2021	2
København	101	København V	1609	2022	2
København	101	København V	1609	2023	2
København	101	København V	1609	2024	2
København	101	København V	1609	2025	2
København	101	København V	1609	2026	2
København	101	København V	1610	2010	540
København	101	København V	1610	2011	576
København	101	København V	1610	2012	608
København	101	København V	1610	2013	649
København	101	København V	1610	2014	621
København	101	København V	1610	2015	641
København	101	København V	1610	2016	645
København	101	København V	1610	2017	654
København	101	København V	1610	2018	653
København	101	København V	1610	2019	633
København	101	København V	1610	2020	653
København	101	København V	1610	2021	622
København	101	København V	1610	2022	634
København	101	København V	1610	2023	621
København	101	København V	1610	2024	658
København	101	København V	1610	2025	647
København	101	København V	1610	2026	641
København	101	København V	1611	2010	0
København	101	København V	1611	2011	0
København	101	København V	1611	2012	0
København	101	København V	1611	2013	0
København	101	København V	1611	2014	0
København	101	København V	1611	2015	0
København	101	København V	1611	2016	1
København	101	København V	1611	2017	1
København	101	København V	1611	2018	1
København	101	København V	1611	2019	1
København	101	København V	1611	2020	0
København	101	København V	1611	2021	0
København	101	København V	1611	2022	0
København	101	København V	1611	2023	0
København	101	København V	1611	2024	0
København	101	København V	1611	2025	0
København	101	København V	1611	2026	0
København	101	København V	1614	2010	3
København	101	København V	1614	2011	8
København	101	København V	1614	2012	8
København	101	København V	1614	2013	6
København	101	København V	1614	2014	8
København	101	København V	1614	2015	7
København	101	København V	1614	2016	8
København	101	København V	1614	2017	28
København	101	København V	1614	2018	26
København	101	København V	1614	2019	33
København	101	København V	1614	2020	27
København	101	København V	1614	2021	26
København	101	København V	1614	2022	29
København	101	København V	1614	2023	32
København	101	København V	1614	2024	36
København	101	København V	1614	2025	31
København	101	København V	1614	2026	34
København	101	København V	1615	2010	183
København	101	København V	1615	2011	199
København	101	København V	1615	2012	196
København	101	København V	1615	2013	226
København	101	København V	1615	2014	231
København	101	København V	1615	2015	225
København	101	København V	1615	2016	231
København	101	København V	1615	2017	219
København	101	København V	1615	2018	231
København	101	København V	1615	2019	236
København	101	København V	1615	2020	245
København	101	København V	1615	2021	240
København	101	København V	1615	2022	242
København	101	København V	1615	2023	229
København	101	København V	1615	2024	235
København	101	København V	1615	2025	222
København	101	København V	1615	2026	214
København	101	København V	1616	2010	103
København	101	København V	1616	2011	115
København	101	København V	1616	2012	127
København	101	København V	1616	2013	125
København	101	København V	1616	2014	116
København	101	København V	1616	2015	117
København	101	København V	1616	2016	127
København	101	København V	1616	2017	131
København	101	København V	1616	2018	128
København	101	København V	1616	2019	132
København	101	København V	1616	2020	118
København	101	København V	1616	2021	118
København	101	København V	1616	2022	123
København	101	København V	1616	2023	117
København	101	København V	1616	2024	116
København	101	København V	1616	2025	127
København	101	København V	1616	2026	119
København	101	København V	1617	2010	145
København	101	København V	1617	2011	144
København	101	København V	1617	2012	142
København	101	København V	1617	2013	141
København	101	København V	1617	2014	143
København	101	København V	1617	2015	146
København	101	København V	1617	2016	148
København	101	København V	1617	2017	139
København	101	København V	1617	2018	146
København	101	København V	1617	2019	140
København	101	København V	1617	2020	148
København	101	København V	1617	2021	151
København	101	København V	1617	2022	143
København	101	København V	1617	2023	155
København	101	København V	1617	2024	150
København	101	København V	1617	2025	143
København	101	København V	1617	2026	154
København	101	København V	1618	2010	241
København	101	København V	1618	2011	234
København	101	København V	1618	2012	244
København	101	København V	1618	2013	243
København	101	København V	1618	2014	246
København	101	København V	1618	2015	264
København	101	København V	1618	2016	280
København	101	København V	1618	2017	266
København	101	København V	1618	2018	285
København	101	København V	1618	2019	280
København	101	København V	1618	2020	282
København	101	København V	1618	2021	277
København	101	København V	1618	2022	283
København	101	København V	1618	2023	288
København	101	København V	1618	2024	284
København	101	København V	1618	2025	281
København	101	København V	1618	2026	268
København	101	København V	1619	2010	162
København	101	København V	1619	2011	168
København	101	København V	1619	2012	159
København	101	København V	1619	2013	150
København	101	København V	1619	2014	131
København	101	København V	1619	2015	143
København	101	København V	1619	2016	146
København	101	København V	1619	2017	152
København	101	København V	1619	2018	144
København	101	København V	1619	2019	144
København	101	København V	1619	2020	140
København	101	København V	1619	2021	142
København	101	København V	1619	2022	140
København	101	København V	1619	2023	139
København	101	København V	1619	2024	139
København	101	København V	1619	2025	142
København	101	København V	1619	2026	137
København	101	København V	1620	2010	2901
København	101	København V	1620	2011	2956
København	101	København V	1620	2012	3025
København	101	København V	1620	2013	3088
København	101	København V	1620	2014	3164
København	101	København V	1620	2015	3085
København	101	København V	1620	2016	3125
København	101	København V	1620	2017	3102
København	101	København V	1620	2018	3107
København	101	København V	1620	2019	3095
København	101	København V	1620	2020	3114
København	101	København V	1620	2021	3119
København	101	København V	1620	2022	3140
København	101	København V	1620	2023	3157
København	101	København V	1620	2024	3213
København	101	København V	1620	2025	3160
København	101	København V	1620	2026	3174
København	101	København V	1621	2010	81
København	101	København V	1621	2011	98
København	101	København V	1621	2012	93
København	101	København V	1621	2013	91
København	101	København V	1621	2014	115
København	101	København V	1621	2015	119
København	101	København V	1621	2016	123
København	101	København V	1621	2017	131
København	101	København V	1621	2018	134
København	101	København V	1621	2019	138
København	101	København V	1621	2020	130
København	101	København V	1621	2021	129
København	101	København V	1621	2022	123
København	101	København V	1621	2023	121
København	101	København V	1621	2024	121
København	101	København V	1621	2025	113
København	101	København V	1621	2026	111
København	101	København V	1622	2010	184
København	101	København V	1622	2011	179
København	101	København V	1622	2012	181
København	101	København V	1622	2013	180
København	101	København V	1622	2014	179
København	101	København V	1622	2015	189
København	101	København V	1622	2016	198
København	101	København V	1622	2017	197
København	101	København V	1622	2018	195
København	101	København V	1622	2019	196
København	101	København V	1622	2020	198
København	101	København V	1622	2021	194
København	101	København V	1622	2022	187
København	101	København V	1622	2023	186
København	101	København V	1622	2024	196
København	101	København V	1622	2025	192
København	101	København V	1622	2026	193
København	101	København V	1623	2010	134
København	101	København V	1623	2011	127
København	101	København V	1623	2012	124
København	101	København V	1623	2013	135
København	101	København V	1623	2014	135
København	101	København V	1623	2015	147
København	101	København V	1623	2016	136
København	101	København V	1623	2017	151
København	101	København V	1623	2018	150
København	101	København V	1623	2019	134
København	101	København V	1623	2020	136
København	101	København V	1623	2021	131
København	101	København V	1623	2022	128
København	101	København V	1623	2023	132
København	101	København V	1623	2024	128
København	101	København V	1623	2025	134
København	101	København V	1623	2026	125
København	101	København V	1624	2010	156
København	101	København V	1624	2011	161
København	101	København V	1624	2012	164
København	101	København V	1624	2013	166
København	101	København V	1624	2014	183
København	101	København V	1624	2015	179
København	101	København V	1624	2016	172
København	101	København V	1624	2017	182
København	101	København V	1624	2018	175
København	101	København V	1624	2019	185
København	101	København V	1624	2020	162
København	101	København V	1624	2021	166
København	101	København V	1624	2022	175
København	101	København V	1624	2023	179
København	101	København V	1624	2024	177
København	101	København V	1624	2025	168
København	101	København V	1624	2026	161
København	101	København V	1631	2010	170
København	101	København V	1631	2011	177
København	101	København V	1631	2012	161
København	101	København V	1631	2013	173
København	101	København V	1631	2014	174
København	101	København V	1631	2015	156
København	101	København V	1631	2016	161
København	101	København V	1631	2017	169
København	101	København V	1631	2018	177
København	101	København V	1631	2019	173
København	101	København V	1631	2020	169
København	101	København V	1631	2021	181
København	101	København V	1631	2022	173
København	101	København V	1631	2023	194
København	101	København V	1631	2024	197
København	101	København V	1631	2025	209
København	101	København V	1631	2026	197
København	101	København V	1632	2010	120
København	101	København V	1632	2011	122
København	101	København V	1632	2012	126
København	101	København V	1632	2013	122
København	101	København V	1632	2014	123
København	101	København V	1632	2015	132
København	101	København V	1632	2016	134
København	101	København V	1632	2017	132
København	101	København V	1632	2018	133
København	101	København V	1632	2019	133
København	101	København V	1632	2020	137
København	101	København V	1632	2021	144
København	101	København V	1632	2022	146
København	101	København V	1632	2023	148
København	101	København V	1632	2024	140
København	101	København V	1632	2025	142
København	101	København V	1632	2026	144
København	101	København V	1633	2010	91
København	101	København V	1633	2011	90
København	101	København V	1633	2012	106
København	101	København V	1633	2013	92
København	101	København V	1633	2014	90
København	101	København V	1633	2015	88
København	101	København V	1633	2016	102
København	101	København V	1633	2017	102
København	101	København V	1633	2018	108
København	101	København V	1633	2019	110
København	101	København V	1633	2020	111
København	101	København V	1633	2021	109
København	101	København V	1633	2022	107
København	101	København V	1633	2023	102
København	101	København V	1633	2024	103
København	101	København V	1633	2025	107
København	101	København V	1633	2026	105
København	101	København V	1634	2010	181
København	101	København V	1634	2011	174
København	101	København V	1634	2012	168
København	101	København V	1634	2013	179
København	101	København V	1634	2014	191
København	101	København V	1634	2015	182
København	101	København V	1634	2016	186
København	101	København V	1634	2017	187
København	101	København V	1634	2018	181
København	101	København V	1634	2019	167
København	101	København V	1634	2020	165
København	101	København V	1634	2021	166
København	101	København V	1634	2022	163
København	101	København V	1634	2023	171
København	101	København V	1634	2024	175
København	101	København V	1634	2025	175
København	101	København V	1634	2026	171
København	101	København V	1635	2010	124
København	101	København V	1635	2011	123
København	101	København V	1635	2012	127
København	101	København V	1635	2013	116
København	101	København V	1635	2014	125
København	101	København V	1635	2015	132
København	101	København V	1635	2016	134
København	101	København V	1635	2017	137
København	101	København V	1635	2018	143
København	101	København V	1635	2019	161
København	101	København V	1635	2020	153
København	101	København V	1635	2021	148
København	101	København V	1635	2022	151
København	101	København V	1635	2023	148
København	101	København V	1635	2024	151
København	101	København V	1635	2025	151
København	101	København V	1635	2026	149
København	101	København V	1650	2010	1434
København	101	København V	1650	2011	1492
København	101	København V	1650	2012	1516
København	101	København V	1650	2013	1539
København	101	København V	1650	2014	1559
København	101	København V	1650	2015	1540
København	101	København V	1650	2016	1605
København	101	København V	1650	2017	1604
København	101	København V	1650	2018	1554
København	101	København V	1650	2019	1560
København	101	København V	1650	2020	1508
København	101	København V	1650	2021	1515
København	101	København V	1650	2022	1506
København	101	København V	1650	2023	1510
København	101	København V	1650	2024	1528
København	101	København V	1650	2025	1506
København	101	København V	1650	2026	1531
København	101	København V	1651	2010	275
København	101	København V	1651	2011	298
København	101	København V	1651	2012	324
København	101	København V	1651	2013	323
København	101	København V	1651	2014	326
København	101	København V	1651	2015	353
København	101	København V	1651	2016	335
København	101	København V	1651	2017	352
København	101	København V	1651	2018	346
København	101	København V	1651	2019	356
København	101	København V	1651	2020	348
København	101	København V	1651	2021	348
København	101	København V	1651	2022	333
København	101	København V	1651	2023	345
København	101	København V	1651	2024	349
København	101	København V	1651	2025	340
København	101	København V	1651	2026	347
København	101	København V	1652	2010	271
København	101	København V	1652	2011	280
København	101	København V	1652	2012	286
København	101	København V	1652	2013	278
København	101	København V	1652	2014	289
København	101	København V	1652	2015	272
København	101	København V	1652	2016	289
København	101	København V	1652	2017	283
København	101	København V	1652	2018	285
København	101	København V	1652	2019	284
København	101	København V	1652	2020	288
København	101	København V	1652	2021	316
København	101	København V	1652	2022	302
København	101	København V	1652	2023	297
København	101	København V	1652	2024	286
København	101	København V	1652	2025	273
København	101	København V	1652	2026	267
København	101	København V	1653	2010	201
København	101	København V	1653	2011	222
København	101	København V	1653	2012	222
København	101	København V	1653	2013	195
København	101	København V	1653	2014	221
København	101	København V	1653	2015	226
København	101	København V	1653	2016	232
København	101	København V	1653	2017	226
København	101	København V	1653	2018	235
København	101	København V	1653	2019	233
København	101	København V	1653	2020	221
København	101	København V	1653	2021	237
København	101	København V	1653	2022	251
København	101	København V	1653	2023	249
København	101	København V	1653	2024	243
København	101	København V	1653	2025	247
København	101	København V	1653	2026	249
København	101	København V	1654	2010	417
København	101	København V	1654	2011	416
København	101	København V	1654	2012	407
København	101	København V	1654	2013	415
København	101	København V	1654	2014	425
København	101	København V	1654	2015	437
København	101	København V	1654	2016	438
København	101	København V	1654	2017	440
København	101	København V	1654	2018	411
København	101	København V	1654	2019	424
København	101	København V	1654	2020	421
København	101	København V	1654	2021	410
København	101	København V	1654	2022	412
København	101	København V	1654	2023	412
København	101	København V	1654	2024	436
København	101	København V	1654	2025	422
København	101	København V	1654	2026	422
København	101	København V	1655	2010	469
København	101	København V	1655	2011	472
København	101	København V	1655	2012	506
København	101	København V	1655	2013	511
København	101	København V	1655	2014	503
København	101	København V	1655	2015	510
København	101	København V	1655	2016	521
København	101	København V	1655	2017	546
København	101	København V	1655	2018	523
København	101	København V	1655	2019	498
København	101	København V	1655	2020	508
København	101	København V	1655	2021	545
København	101	København V	1655	2022	530
København	101	København V	1655	2023	541
København	101	København V	1655	2024	523
København	101	København V	1655	2025	524
København	101	København V	1655	2026	523
København	101	København V	1656	2010	620
København	101	København V	1656	2011	654
København	101	København V	1656	2012	690
København	101	København V	1656	2013	665
København	101	København V	1656	2014	681
København	101	København V	1656	2015	689
København	101	København V	1656	2016	705
København	101	København V	1656	2017	686
København	101	København V	1656	2018	753
København	101	København V	1656	2019	724
København	101	København V	1656	2020	680
København	101	København V	1656	2021	698
København	101	København V	1656	2022	700
København	101	København V	1656	2023	674
København	101	København V	1656	2024	687
København	101	København V	1656	2025	708
København	101	København V	1656	2026	680
København	101	København V	1657	2010	497
København	101	København V	1657	2011	488
København	101	København V	1657	2012	491
København	101	København V	1657	2013	512
København	101	København V	1657	2014	517
København	101	København V	1657	2015	519
København	101	København V	1657	2016	529
København	101	København V	1657	2017	528
København	101	København V	1657	2018	523
København	101	København V	1657	2019	524
København	101	København V	1657	2020	545
København	101	København V	1657	2021	531
København	101	København V	1657	2022	495
København	101	København V	1657	2023	517
København	101	København V	1657	2024	514
København	101	København V	1657	2025	522
København	101	København V	1657	2026	515
København	101	København V	1658	2010	796
København	101	København V	1658	2011	821
København	101	København V	1658	2012	834
København	101	København V	1658	2013	846
København	101	København V	1658	2014	851
København	101	København V	1658	2015	848
København	101	København V	1658	2016	871
København	101	København V	1658	2017	897
København	101	København V	1658	2018	900
København	101	København V	1658	2019	901
København	101	København V	1658	2020	921
København	101	København V	1658	2021	880
København	101	København V	1658	2022	863
København	101	København V	1658	2023	861
København	101	København V	1658	2024	865
København	101	København V	1658	2025	868
København	101	København V	1658	2026	877
København	101	København V	1659	2010	44
København	101	København V	1659	2011	50
København	101	København V	1659	2012	53
København	101	København V	1659	2013	50
København	101	København V	1659	2014	51
København	101	København V	1659	2015	52
København	101	København V	1659	2016	44
København	101	København V	1659	2017	42
København	101	København V	1659	2018	50
København	101	København V	1659	2019	49
København	101	København V	1659	2020	49
København	101	København V	1659	2021	49
København	101	København V	1659	2022	55
København	101	København V	1659	2023	51
København	101	København V	1659	2024	47
København	101	København V	1659	2025	50
København	101	København V	1659	2026	47
København	101	København V	1660	2010	721
København	101	København V	1660	2011	744
København	101	København V	1660	2012	769
København	101	København V	1660	2013	775
København	101	København V	1660	2014	788
København	101	København V	1660	2015	781
København	101	København V	1660	2016	768
København	101	København V	1660	2017	787
København	101	København V	1660	2018	777
København	101	København V	1660	2019	760
København	101	København V	1660	2020	745
København	101	København V	1660	2021	740
København	101	København V	1660	2022	727
København	101	København V	1660	2023	739
København	101	København V	1660	2024	722
København	101	København V	1660	2025	714
København	101	København V	1660	2026	713
København	101	København V	1661	2010	421
København	101	København V	1661	2011	427
København	101	København V	1661	2012	442
København	101	København V	1661	2013	437
København	101	København V	1661	2014	427
København	101	København V	1661	2015	447
København	101	København V	1661	2016	458
København	101	København V	1661	2017	452
København	101	København V	1661	2018	445
København	101	København V	1661	2019	444
København	101	København V	1661	2020	435
København	101	København V	1661	2021	429
København	101	København V	1661	2022	434
København	101	København V	1661	2023	426
København	101	København V	1661	2024	430
København	101	København V	1661	2025	437
København	101	København V	1661	2026	439
København	101	København V	1662	2010	1066
København	101	København V	1662	2011	1084
København	101	København V	1662	2012	1046
København	101	København V	1662	2013	1030
København	101	København V	1662	2014	1044
København	101	København V	1662	2015	992
København	101	København V	1662	2016	1003
København	101	København V	1662	2017	995
København	101	København V	1662	2018	995
København	101	København V	1662	2019	968
København	101	København V	1662	2020	957
København	101	København V	1662	2021	926
København	101	København V	1662	2022	922
København	101	København V	1662	2023	920
København	101	København V	1662	2024	942
København	101	København V	1662	2025	958
København	101	København V	1662	2026	970
København	101	København V	1663	2010	1480
København	101	København V	1663	2011	1518
København	101	København V	1663	2012	1545
København	101	København V	1663	2013	1582
København	101	København V	1663	2014	1589
København	101	København V	1663	2015	1591
København	101	København V	1663	2016	1616
København	101	København V	1663	2017	1624
København	101	København V	1663	2018	1643
København	101	København V	1663	2019	1636
København	101	København V	1663	2020	1614
København	101	København V	1663	2021	1575
København	101	København V	1663	2022	1559
København	101	København V	1663	2023	1562
København	101	København V	1663	2024	1543
København	101	København V	1663	2025	1556
København	101	København V	1663	2026	1553
København	101	København V	1664	2010	87
København	101	København V	1664	2011	98
København	101	København V	1664	2012	91
København	101	København V	1664	2013	102
København	101	København V	1664	2014	102
København	101	København V	1664	2015	97
København	101	København V	1664	2016	97
København	101	København V	1664	2017	103
København	101	København V	1664	2018	106
København	101	København V	1664	2019	101
København	101	København V	1664	2020	101
København	101	København V	1664	2021	111
København	101	København V	1664	2022	103
København	101	København V	1664	2023	108
København	101	København V	1664	2024	110
København	101	København V	1664	2025	103
København	101	København V	1664	2026	104
København	101	København V	1665	2010	1160
København	101	København V	1665	2011	1183
København	101	København V	1665	2012	1208
København	101	København V	1665	2013	1224
København	101	København V	1665	2014	1240
København	101	København V	1665	2015	1248
København	101	København V	1665	2016	1269
København	101	København V	1665	2017	1285
København	101	København V	1665	2018	1305
København	101	København V	1665	2019	1313
København	101	København V	1665	2020	1301
København	101	København V	1665	2021	1295
København	101	København V	1665	2022	1243
København	101	København V	1665	2023	1271
København	101	København V	1665	2024	1258
København	101	København V	1665	2025	1260
København	101	København V	1665	2026	1259
København	101	København V	1666	2010	701
København	101	København V	1666	2011	724
København	101	København V	1666	2012	734
København	101	København V	1666	2013	723
København	101	København V	1666	2014	740
København	101	København V	1666	2015	772
København	101	København V	1666	2016	765
København	101	København V	1666	2017	774
København	101	København V	1666	2018	757
København	101	København V	1666	2019	746
København	101	København V	1666	2020	714
København	101	København V	1666	2021	697
København	101	København V	1666	2022	686
København	101	København V	1666	2023	698
København	101	København V	1666	2024	692
København	101	København V	1666	2025	672
København	101	København V	1666	2026	709
København	101	København V	1667	2010	146
København	101	København V	1667	2011	149
København	101	København V	1667	2012	162
København	101	København V	1667	2013	177
København	101	København V	1667	2014	169
København	101	København V	1667	2015	174
København	101	København V	1667	2016	168
København	101	København V	1667	2017	178
København	101	København V	1667	2018	178
København	101	København V	1667	2019	170
København	101	København V	1667	2020	170
København	101	København V	1667	2021	165
København	101	København V	1667	2022	171
København	101	København V	1667	2023	157
København	101	København V	1667	2024	161
København	101	København V	1667	2025	165
København	101	København V	1667	2026	162
København	101	København V	1668	2010	440
København	101	København V	1668	2011	444
København	101	København V	1668	2012	459
København	101	København V	1668	2013	480
København	101	København V	1668	2014	466
København	101	København V	1668	2015	479
København	101	København V	1668	2016	472
København	101	København V	1668	2017	467
København	101	København V	1668	2018	471
København	101	København V	1668	2019	477
København	101	København V	1668	2020	446
København	101	København V	1668	2021	453
København	101	København V	1668	2022	453
København	101	København V	1668	2023	430
København	101	København V	1668	2024	429
København	101	København V	1668	2025	435
København	101	København V	1668	2026	444
København	101	København V	1669	2010	703
København	101	København V	1669	2011	694
København	101	København V	1669	2012	711
København	101	København V	1669	2013	746
København	101	København V	1669	2014	742
København	101	København V	1669	2015	754
København	101	København V	1669	2016	783
København	101	København V	1669	2017	760
København	101	København V	1669	2018	768
København	101	København V	1669	2019	772
København	101	København V	1669	2020	757
København	101	København V	1669	2021	749
København	101	København V	1669	2022	760
København	101	København V	1669	2023	744
København	101	København V	1669	2024	750
København	101	København V	1669	2025	737
København	101	København V	1669	2026	756
København	101	København V	1670	2010	397
København	101	København V	1670	2011	391
København	101	København V	1670	2012	401
København	101	København V	1670	2013	432
København	101	København V	1670	2014	429
København	101	København V	1670	2015	399
København	101	København V	1670	2016	416
København	101	København V	1670	2017	416
København	101	København V	1670	2018	413
København	101	København V	1670	2019	421
København	101	København V	1670	2020	420
København	101	København V	1670	2021	405
København	101	København V	1670	2022	410
København	101	København V	1670	2023	395
København	101	København V	1670	2024	373
København	101	København V	1670	2025	397
København	101	København V	1670	2026	410
København	101	København V	1671	2010	494
København	101	København V	1671	2011	505
København	101	København V	1671	2012	520
København	101	København V	1671	2013	512
København	101	København V	1671	2014	535
København	101	København V	1671	2015	523
København	101	København V	1671	2016	545
København	101	København V	1671	2017	539
København	101	København V	1671	2018	547
København	101	København V	1671	2019	541
København	101	København V	1671	2020	544
København	101	København V	1671	2021	547
København	101	København V	1671	2022	538
København	101	København V	1671	2023	547
København	101	København V	1671	2024	543
København	101	København V	1671	2025	540
København	101	København V	1671	2026	539
København	101	København V	1672	2010	127
København	101	København V	1672	2011	139
København	101	København V	1672	2012	138
København	101	København V	1672	2013	146
København	101	København V	1672	2014	141
København	101	København V	1672	2015	134
København	101	København V	1672	2016	148
København	101	København V	1672	2017	137
København	101	København V	1672	2018	154
København	101	København V	1672	2019	161
København	101	København V	1672	2020	156
København	101	København V	1672	2021	147
København	101	København V	1672	2022	150
København	101	København V	1672	2023	147
København	101	København V	1672	2024	150
København	101	København V	1672	2025	153
København	101	København V	1672	2026	154
København	101	København V	1673	2010	144
København	101	København V	1673	2011	131
København	101	København V	1673	2012	139
København	101	København V	1673	2013	146
København	101	København V	1673	2014	143
København	101	København V	1673	2015	140
København	101	København V	1673	2016	138
København	101	København V	1673	2017	144
København	101	København V	1673	2018	147
København	101	København V	1673	2019	147
København	101	København V	1673	2020	151
København	101	København V	1673	2021	149
København	101	København V	1673	2022	154
København	101	København V	1673	2023	149
København	101	København V	1673	2024	148
København	101	København V	1673	2025	144
København	101	København V	1673	2026	143
København	101	København V	1674	2010	989
København	101	København V	1674	2011	1007
København	101	København V	1674	2012	1036
København	101	København V	1674	2013	1085
København	101	København V	1674	2014	1081
København	101	København V	1674	2015	1092
København	101	København V	1674	2016	1100
København	101	København V	1674	2017	1101
København	101	København V	1674	2018	1093
København	101	København V	1674	2019	1065
København	101	København V	1674	2020	1034
København	101	København V	1674	2021	1049
København	101	København V	1674	2022	1184
København	101	København V	1674	2023	1203
København	101	København V	1674	2024	1226
København	101	København V	1674	2025	1251
København	101	København V	1674	2026	1262
København	101	København V	1675	2010	127
København	101	København V	1675	2011	131
København	101	København V	1675	2012	129
København	101	København V	1675	2013	136
København	101	København V	1675	2014	140
København	101	København V	1675	2015	144
København	101	København V	1675	2016	139
København	101	København V	1675	2017	142
København	101	København V	1675	2018	138
København	101	København V	1675	2019	143
København	101	København V	1675	2020	143
København	101	København V	1675	2021	134
København	101	København V	1675	2022	130
København	101	København V	1675	2023	126
København	101	København V	1675	2024	122
København	101	København V	1675	2025	122
København	101	København V	1675	2026	120
København	101	København V	1676	2010	339
København	101	København V	1676	2011	350
København	101	København V	1676	2012	360
København	101	København V	1676	2013	344
København	101	København V	1676	2014	358
København	101	København V	1676	2015	355
København	101	København V	1676	2016	362
København	101	København V	1676	2017	385
København	101	København V	1676	2018	379
København	101	København V	1676	2019	387
København	101	København V	1676	2020	376
København	101	København V	1676	2021	386
København	101	København V	1676	2022	379
København	101	København V	1676	2023	394
København	101	København V	1676	2024	358
København	101	København V	1676	2025	353
København	101	København V	1676	2026	355
København	101	København V	1677	2010	127
København	101	København V	1677	2011	126
København	101	København V	1677	2012	127
København	101	København V	1677	2013	128
København	101	København V	1677	2014	131
København	101	København V	1677	2015	143
København	101	København V	1677	2016	152
København	101	København V	1677	2017	150
København	101	København V	1677	2018	141
København	101	København V	1677	2019	138
København	101	København V	1677	2020	153
København	101	København V	1677	2021	140
København	101	København V	1677	2022	138
København	101	København V	1677	2023	144
København	101	København V	1677	2024	142
København	101	København V	1677	2025	144
København	101	København V	1677	2026	142
København	101	København V	1700	2010	554
København	101	København V	1700	2011	562
København	101	København V	1700	2012	579
København	101	København V	1700	2013	577
København	101	København V	1700	2014	602
København	101	København V	1700	2015	628
København	101	København V	1700	2016	615
København	101	København V	1700	2017	602
København	101	København V	1700	2018	600
København	101	København V	1700	2019	610
København	101	København V	1700	2020	603
København	101	København V	1700	2021	549
København	101	København V	1700	2022	566
København	101	København V	1700	2023	593
København	101	København V	1700	2024	581
København	101	København V	1700	2025	582
København	101	København V	1700	2026	580
København	101	København V	1701	2010	90
København	101	København V	1701	2011	94
København	101	København V	1701	2012	107
København	101	København V	1701	2013	104
København	101	København V	1701	2014	115
København	101	København V	1701	2015	118
København	101	København V	1701	2016	116
København	101	København V	1701	2017	118
København	101	København V	1701	2018	119
København	101	København V	1701	2019	115
København	101	København V	1701	2020	117
København	101	København V	1701	2021	119
København	101	København V	1701	2022	121
København	101	København V	1701	2023	126
København	101	København V	1701	2024	117
København	101	København V	1701	2025	125
København	101	København V	1701	2026	117
København	101	København V	1702	2010	134
København	101	København V	1702	2011	136
København	101	København V	1702	2012	140
København	101	København V	1702	2013	139
København	101	København V	1702	2014	133
København	101	København V	1702	2015	131
København	101	København V	1702	2016	131
København	101	København V	1702	2017	123
København	101	København V	1702	2018	133
København	101	København V	1702	2019	142
København	101	København V	1702	2020	141
København	101	København V	1702	2021	142
København	101	København V	1702	2022	139
København	101	København V	1702	2023	140
København	101	København V	1702	2024	143
København	101	København V	1702	2025	147
København	101	København V	1702	2026	142
København	101	København V	1703	2010	169
København	101	København V	1703	2011	181
København	101	København V	1703	2012	184
København	101	København V	1703	2013	182
København	101	København V	1703	2014	184
København	101	København V	1703	2015	191
København	101	København V	1703	2016	181
København	101	København V	1703	2017	188
København	101	København V	1703	2018	198
København	101	København V	1703	2019	195
København	101	København V	1703	2020	186
København	101	København V	1703	2021	191
København	101	København V	1703	2022	177
København	101	København V	1703	2023	179
København	101	København V	1703	2024	191
København	101	København V	1703	2025	193
København	101	København V	1703	2026	189
København	101	København V	1704	2010	119
København	101	København V	1704	2011	119
København	101	København V	1704	2012	123
København	101	København V	1704	2013	124
København	101	København V	1704	2014	111
København	101	København V	1704	2015	117
København	101	København V	1704	2016	120
København	101	København V	1704	2017	125
København	101	København V	1704	2018	136
København	101	København V	1704	2019	129
København	101	København V	1704	2020	127
København	101	København V	1704	2021	131
København	101	København V	1704	2022	131
København	101	København V	1704	2023	130
København	101	København V	1704	2024	127
København	101	København V	1704	2025	117
København	101	København V	1704	2026	119
København	101	København V	1705	2010	870
København	101	København V	1705	2011	894
København	101	København V	1705	2012	913
København	101	København V	1705	2013	936
København	101	København V	1705	2014	944
København	101	København V	1705	2015	937
København	101	København V	1705	2016	941
København	101	København V	1705	2017	944
København	101	København V	1705	2018	953
København	101	København V	1705	2019	953
København	101	København V	1705	2020	947
København	101	København V	1705	2021	947
København	101	København V	1705	2022	939
København	101	København V	1705	2023	949
København	101	København V	1705	2024	950
København	101	København V	1705	2025	933
København	101	København V	1705	2026	950
København	101	København V	1706	2010	120
København	101	København V	1706	2011	122
København	101	København V	1706	2012	126
København	101	København V	1706	2013	141
København	101	København V	1706	2014	131
København	101	København V	1706	2015	122
København	101	København V	1706	2016	125
København	101	København V	1706	2017	125
København	101	København V	1706	2018	131
København	101	København V	1706	2019	141
København	101	København V	1706	2020	142
København	101	København V	1706	2021	137
København	101	København V	1706	2022	104
København	101	København V	1706	2023	139
København	101	København V	1706	2024	150
København	101	København V	1706	2025	139
København	101	København V	1706	2026	138
København	101	København V	1707	2010	57
København	101	København V	1707	2011	47
København	101	København V	1707	2012	59
København	101	København V	1707	2013	61
København	101	København V	1707	2014	58
København	101	København V	1707	2015	64
København	101	København V	1707	2016	67
København	101	København V	1707	2017	63
København	101	København V	1707	2018	67
København	101	København V	1707	2019	67
København	101	København V	1707	2020	60
København	101	København V	1707	2021	61
København	101	København V	1707	2022	51
København	101	København V	1707	2023	57
København	101	København V	1707	2024	61
København	101	København V	1707	2025	60
København	101	København V	1707	2026	65
København	101	København V	1708	2010	194
København	101	København V	1708	2011	185
København	101	København V	1708	2012	194
København	101	København V	1708	2013	189
København	101	København V	1708	2014	196
København	101	København V	1708	2015	198
København	101	København V	1708	2016	193
København	101	København V	1708	2017	196
København	101	København V	1708	2018	197
København	101	København V	1708	2019	194
København	101	København V	1708	2020	196
København	101	København V	1708	2021	190
København	101	København V	1708	2022	199
København	101	København V	1708	2023	207
København	101	København V	1708	2024	200
København	101	København V	1708	2025	200
København	101	København V	1708	2026	198
København	101	København V	1709	2010	697
København	101	København V	1709	2011	712
København	101	København V	1709	2012	688
København	101	København V	1709	2013	700
København	101	København V	1709	2014	715
København	101	København V	1709	2015	717
København	101	København V	1709	2016	718
København	101	København V	1709	2017	718
København	101	København V	1709	2018	732
København	101	København V	1709	2019	714
København	101	København V	1709	2020	717
København	101	København V	1709	2021	685
København	101	København V	1709	2022	707
København	101	København V	1709	2023	707
København	101	København V	1709	2024	683
København	101	København V	1709	2025	695
København	101	København V	1709	2026	691
København	101	København V	1710	2010	25
København	101	København V	1710	2011	26
København	101	København V	1710	2012	25
København	101	København V	1710	2013	28
København	101	København V	1710	2014	28
København	101	København V	1710	2015	27
København	101	København V	1710	2016	29
København	101	København V	1710	2017	24
København	101	København V	1710	2018	25
København	101	København V	1710	2019	24
København	101	København V	1710	2020	25
København	101	København V	1710	2021	25
København	101	København V	1710	2022	23
København	101	København V	1710	2023	25
København	101	København V	1710	2024	24
København	101	København V	1710	2025	22
København	101	København V	1710	2026	21
København	101	København V	1715	2010	1
København	101	København V	1715	2011	1
København	101	København V	1715	2012	1
København	101	København V	1715	2013	1
København	101	København V	1715	2014	0
København	101	København V	1715	2015	0
København	101	København V	1715	2016	0
København	101	København V	1715	2017	0
København	101	København V	1715	2018	0
København	101	København V	1715	2019	0
København	101	København V	1715	2020	0
København	101	København V	1715	2021	0
København	101	København V	1715	2022	0
København	101	København V	1715	2023	0
København	101	København V	1715	2024	0
København	101	København V	1715	2025	0
København	101	København V	1715	2026	0
København	101	København V	1717	2010	139
København	101	København V	1717	2011	135
København	101	København V	1717	2012	145
København	101	København V	1717	2013	157
København	101	København V	1717	2014	151
København	101	København V	1717	2015	155
København	101	København V	1717	2016	154
København	101	København V	1717	2017	152
København	101	København V	1717	2018	147
København	101	København V	1717	2019	190
København	101	København V	1717	2020	251
København	101	København V	1717	2021	245
København	101	København V	1717	2022	250
København	101	København V	1717	2023	249
København	101	København V	1717	2024	238
København	101	København V	1717	2025	241
København	101	København V	1717	2026	240
København	101	København V	1718	2010	491
København	101	København V	1718	2011	518
København	101	København V	1718	2012	555
København	101	København V	1718	2013	530
København	101	København V	1718	2014	621
København	101	København V	1718	2015	634
København	101	København V	1718	2016	639
København	101	København V	1718	2017	640
København	101	København V	1718	2018	643
København	101	København V	1718	2019	617
København	101	København V	1718	2020	630
København	101	København V	1718	2021	634
København	101	København V	1718	2022	632
København	101	København V	1718	2023	612
København	101	København V	1718	2024	635
København	101	København V	1718	2025	627
København	101	København V	1718	2026	635
København	101	København V	1719	2010	488
København	101	København V	1719	2011	507
København	101	København V	1719	2012	522
København	101	København V	1719	2013	550
København	101	København V	1719	2014	561
København	101	København V	1719	2015	560
København	101	København V	1719	2016	569
København	101	København V	1719	2017	597
København	101	København V	1719	2018	604
København	101	København V	1719	2019	585
København	101	København V	1719	2020	582
København	101	København V	1719	2021	570
København	101	København V	1719	2022	564
København	101	København V	1719	2023	567
København	101	København V	1719	2024	586
København	101	København V	1719	2025	598
København	101	København V	1719	2026	599
København	101	København V	1720	2010	1835
København	101	København V	1720	2011	1844
København	101	København V	1720	2012	1911
København	101	København V	1720	2013	1951
København	101	København V	1720	2014	1988
København	101	København V	1720	2015	1957
København	101	København V	1720	2016	1983
København	101	København V	1720	2017	1950
København	101	København V	1720	2018	1972
København	101	København V	1720	2019	1941
København	101	København V	1720	2020	1958
København	101	København V	1720	2021	1964
København	101	København V	1720	2022	1949
København	101	København V	1720	2023	1977
København	101	København V	1720	2024	1983
København	101	København V	1720	2025	1975
København	101	København V	1720	2026	1970
København	101	København V	1721	2010	808
København	101	København V	1721	2011	812
København	101	København V	1721	2012	830
København	101	København V	1721	2013	830
København	101	København V	1721	2014	871
København	101	København V	1721	2015	885
København	101	København V	1721	2016	890
København	101	København V	1721	2017	894
København	101	København V	1721	2018	921
København	101	København V	1721	2019	920
København	101	København V	1721	2020	909
København	101	København V	1721	2021	904
København	101	København V	1721	2022	895
København	101	København V	1721	2023	906
København	101	København V	1721	2024	899
København	101	København V	1721	2025	895
København	101	København V	1721	2026	896
København	101	København V	1722	2010	419
København	101	København V	1722	2011	442
København	101	København V	1722	2012	469
København	101	København V	1722	2013	459
København	101	København V	1722	2014	458
København	101	København V	1722	2015	467
København	101	København V	1722	2016	458
København	101	København V	1722	2017	467
København	101	København V	1722	2018	473
København	101	København V	1722	2019	467
København	101	København V	1722	2020	479
København	101	København V	1722	2021	455
København	101	København V	1722	2022	454
København	101	København V	1722	2023	471
København	101	København V	1722	2024	476
København	101	København V	1722	2025	489
København	101	København V	1722	2026	496
København	101	København V	1723	2010	124
København	101	København V	1723	2011	113
København	101	København V	1723	2012	120
København	101	København V	1723	2013	115
København	101	København V	1723	2014	120
København	101	København V	1723	2015	124
København	101	København V	1723	2016	120
København	101	København V	1723	2017	112
København	101	København V	1723	2018	111
København	101	København V	1723	2019	101
København	101	København V	1723	2020	94
København	101	København V	1723	2021	95
København	101	København V	1723	2022	98
København	101	København V	1723	2023	108
København	101	København V	1723	2024	107
København	101	København V	1723	2025	105
København	101	København V	1723	2026	101
København	101	København V	1724	2010	129
København	101	København V	1724	2011	128
København	101	København V	1724	2012	117
København	101	København V	1724	2013	111
København	101	København V	1724	2014	116
København	101	København V	1724	2015	122
København	101	København V	1724	2016	128
København	101	København V	1724	2017	126
København	101	København V	1724	2018	118
København	101	København V	1724	2019	118
København	101	København V	1724	2020	116
København	101	København V	1724	2021	117
København	101	København V	1724	2022	117
København	101	København V	1724	2023	107
København	101	København V	1724	2024	114
København	101	København V	1724	2025	114
København	101	København V	1724	2026	113
København	101	København V	1725	2010	332
København	101	København V	1725	2011	355
København	101	København V	1725	2012	343
København	101	København V	1725	2013	348
København	101	København V	1725	2014	357
København	101	København V	1725	2015	354
København	101	København V	1725	2016	366
København	101	København V	1725	2017	368
København	101	København V	1725	2018	346
København	101	København V	1725	2019	340
København	101	København V	1725	2020	345
København	101	København V	1725	2021	341
København	101	København V	1725	2022	351
København	101	København V	1725	2023	354
København	101	København V	1725	2024	350
København	101	København V	1725	2025	344
København	101	København V	1725	2026	350
København	101	København V	1726	2010	361
København	101	København V	1726	2011	399
København	101	København V	1726	2012	404
København	101	København V	1726	2013	438
København	101	København V	1726	2014	435
København	101	København V	1726	2015	439
København	101	København V	1726	2016	436
København	101	København V	1726	2017	441
København	101	København V	1726	2018	442
København	101	København V	1726	2019	458
København	101	København V	1726	2020	458
København	101	København V	1726	2021	442
København	101	København V	1726	2022	443
København	101	København V	1726	2023	447
København	101	København V	1726	2024	430
København	101	København V	1726	2025	446
København	101	København V	1726	2026	457
København	101	København V	1727	2010	344
København	101	København V	1727	2011	349
København	101	København V	1727	2012	328
København	101	København V	1727	2013	335
København	101	København V	1727	2014	339
København	101	København V	1727	2015	359
København	101	København V	1727	2016	356
København	101	København V	1727	2017	371
København	101	København V	1727	2018	373
København	101	København V	1727	2019	356
København	101	København V	1727	2020	352
København	101	København V	1727	2021	361
København	101	København V	1727	2022	353
København	101	København V	1727	2023	340
København	101	København V	1727	2024	337
København	101	København V	1727	2025	352
København	101	København V	1727	2026	366
København	101	København V	1728	2010	253
København	101	København V	1728	2011	250
København	101	København V	1728	2012	236
København	101	København V	1728	2013	249
København	101	København V	1728	2014	262
København	101	København V	1728	2015	264
København	101	København V	1728	2016	268
København	101	København V	1728	2017	276
København	101	København V	1728	2018	267
København	101	København V	1728	2019	280
København	101	København V	1728	2020	292
København	101	København V	1728	2021	282
København	101	København V	1728	2022	288
København	101	København V	1728	2023	275
København	101	København V	1728	2024	278
København	101	København V	1728	2025	273
København	101	København V	1728	2026	274
København	101	København V	1729	2010	203
København	101	København V	1729	2011	212
København	101	København V	1729	2012	221
København	101	København V	1729	2013	221
København	101	København V	1729	2014	228
København	101	København V	1729	2015	238
København	101	København V	1729	2016	224
København	101	København V	1729	2017	220
København	101	København V	1729	2018	222
København	101	København V	1729	2019	222
København	101	København V	1729	2020	217
København	101	København V	1729	2021	223
København	101	København V	1729	2022	218
København	101	København V	1729	2023	211
København	101	København V	1729	2024	221
København	101	København V	1729	2025	213
København	101	København V	1729	2026	212
København	101	København V	1730	2010	153
København	101	København V	1730	2011	152
København	101	København V	1730	2012	145
København	101	København V	1730	2013	151
København	101	København V	1730	2014	153
København	101	København V	1730	2015	152
København	101	København V	1730	2016	153
København	101	København V	1730	2017	161
København	101	København V	1730	2018	169
København	101	København V	1730	2019	154
København	101	København V	1730	2020	164
København	101	København V	1730	2021	165
København	101	København V	1730	2022	157
København	101	København V	1730	2023	162
København	101	København V	1730	2024	169
København	101	København V	1730	2025	164
København	101	København V	1730	2026	171
København	101	København V	1731	2010	86
København	101	København V	1731	2011	95
København	101	København V	1731	2012	97
København	101	København V	1731	2013	99
København	101	København V	1731	2014	98
København	101	København V	1731	2015	95
København	101	København V	1731	2016	100
København	101	København V	1731	2017	99
København	101	København V	1731	2018	93
København	101	København V	1731	2019	102
København	101	København V	1731	2020	92
København	101	København V	1731	2021	91
København	101	København V	1731	2022	92
København	101	København V	1731	2023	95
København	101	København V	1731	2024	97
København	101	København V	1731	2025	92
København	101	København V	1731	2026	90
København	101	København V	1732	2010	90
København	101	København V	1732	2011	103
København	101	København V	1732	2012	109
København	101	København V	1732	2013	110
København	101	København V	1732	2014	109
København	101	København V	1732	2015	110
København	101	København V	1732	2016	122
København	101	København V	1732	2017	117
København	101	København V	1732	2018	124
København	101	København V	1732	2019	121
København	101	København V	1732	2020	116
København	101	København V	1732	2021	117
København	101	København V	1732	2022	109
København	101	København V	1732	2023	117
København	101	København V	1732	2024	119
København	101	København V	1732	2025	119
København	101	København V	1732	2026	116
København	101	København V	1733	2010	101
København	101	København V	1733	2011	103
København	101	København V	1733	2012	105
København	101	København V	1733	2013	104
København	101	København V	1733	2014	111
København	101	København V	1733	2015	112
København	101	København V	1733	2016	114
København	101	København V	1733	2017	106
København	101	København V	1733	2018	105
København	101	København V	1733	2019	113
København	101	København V	1733	2020	110
København	101	København V	1733	2021	106
København	101	København V	1733	2022	104
København	101	København V	1733	2023	108
København	101	København V	1733	2024	111
København	101	København V	1733	2025	108
København	101	København V	1733	2026	115
København	101	København V	1734	2010	99
København	101	København V	1734	2011	104
København	101	København V	1734	2012	110
København	101	København V	1734	2013	112
København	101	København V	1734	2014	124
København	101	København V	1734	2015	119
København	101	København V	1734	2016	113
København	101	København V	1734	2017	121
København	101	København V	1734	2018	117
København	101	København V	1734	2019	122
København	101	København V	1734	2020	120
København	101	København V	1734	2021	122
København	101	København V	1734	2022	120
København	101	København V	1734	2023	120
København	101	København V	1734	2024	116
København	101	København V	1734	2025	119
København	101	København V	1734	2026	119
København	101	København V	1735	2010	194
København	101	København V	1735	2011	198
København	101	København V	1735	2012	208
København	101	København V	1735	2013	210
København	101	København V	1735	2014	220
København	101	København V	1735	2015	224
København	101	København V	1735	2016	216
København	101	København V	1735	2017	210
København	101	København V	1735	2018	209
København	101	København V	1735	2019	218
København	101	København V	1735	2020	214
København	101	København V	1735	2021	217
København	101	København V	1735	2022	214
København	101	København V	1735	2023	214
København	101	København V	1735	2024	212
København	101	København V	1735	2025	213
København	101	København V	1735	2026	207
København	101	København V	1736	2010	168
København	101	København V	1736	2011	177
København	101	København V	1736	2012	173
København	101	København V	1736	2013	179
København	101	København V	1736	2014	166
København	101	København V	1736	2015	172
København	101	København V	1736	2016	180
København	101	København V	1736	2017	185
København	101	København V	1736	2018	187
København	101	København V	1736	2019	175
København	101	København V	1736	2020	182
København	101	København V	1736	2021	186
København	101	København V	1736	2022	190
København	101	København V	1736	2023	193
København	101	København V	1736	2024	194
København	101	København V	1736	2025	191
København	101	København V	1736	2026	183
København	101	København V	1737	2010	220
København	101	København V	1737	2011	224
København	101	København V	1737	2012	225
København	101	København V	1737	2013	226
København	101	København V	1737	2014	228
København	101	København V	1737	2015	236
København	101	København V	1737	2016	237
København	101	København V	1737	2017	236
København	101	København V	1737	2018	236
København	101	København V	1737	2019	243
København	101	København V	1737	2020	241
København	101	København V	1737	2021	256
København	101	København V	1737	2022	246
København	101	København V	1737	2023	251
København	101	København V	1737	2024	241
København	101	København V	1737	2025	242
København	101	København V	1737	2026	248
København	101	København V	1738	2010	204
København	101	København V	1738	2011	214
København	101	København V	1738	2012	211
København	101	København V	1738	2013	216
København	101	København V	1738	2014	221
København	101	København V	1738	2015	230
København	101	København V	1738	2016	234
København	101	København V	1738	2017	239
København	101	København V	1738	2018	254
København	101	København V	1738	2019	247
København	101	København V	1738	2020	244
København	101	København V	1738	2021	229
København	101	København V	1738	2022	226
København	101	København V	1738	2023	223
København	101	København V	1738	2024	227
København	101	København V	1738	2025	222
København	101	København V	1738	2026	230
København	101	København V	1739	2010	77
København	101	København V	1739	2011	74
København	101	København V	1739	2012	81
København	101	København V	1739	2013	71
København	101	København V	1739	2014	80
København	101	København V	1739	2015	98
København	101	København V	1739	2016	95
København	101	København V	1739	2017	100
København	101	København V	1739	2018	98
København	101	København V	1739	2019	104
København	101	København V	1739	2020	95
København	101	København V	1739	2021	94
København	101	København V	1739	2022	89
København	101	København V	1739	2023	88
København	101	København V	1739	2024	91
København	101	København V	1739	2025	88
København	101	København V	1739	2026	92
København	101	København V	1748	2010	0
København	101	København V	1748	2011	0
København	101	København V	1748	2012	0
København	101	København V	1748	2013	0
København	101	København V	1748	2014	0
København	101	København V	1748	2015	0
København	101	København V	1748	2016	0
København	101	København V	1748	2017	0
København	101	København V	1748	2018	0
København	101	København V	1748	2019	0
København	101	København V	1748	2020	0
København	101	København V	1748	2021	0
København	101	København V	1748	2022	0
København	101	København V	1748	2023	0
København	101	København V	1748	2024	0
København	101	København V	1748	2025	0
København	101	København V	1748	2026	0
København	101	København V	1749	2010	199
København	101	København V	1749	2011	211
København	101	København V	1749	2012	221
København	101	København V	1749	2013	233
København	101	København V	1749	2014	232
København	101	København V	1749	2015	238
København	101	København V	1749	2016	241
København	101	København V	1749	2017	234
København	101	København V	1749	2018	231
København	101	København V	1749	2019	221
København	101	København V	1749	2020	222
København	101	København V	1749	2021	213
København	101	København V	1749	2022	218
København	101	København V	1749	2023	230
København	101	København V	1749	2024	221
København	101	København V	1749	2025	224
København	101	København V	1749	2026	219
København	101	København V	1750	2010	794
København	101	København V	1750	2011	813
København	101	København V	1750	2012	818
København	101	København V	1750	2013	807
København	101	København V	1750	2014	803
København	101	København V	1750	2015	821
København	101	København V	1750	2016	857
København	101	København V	1750	2017	871
København	101	København V	1750	2018	883
København	101	København V	1750	2019	894
København	101	København V	1750	2020	893
København	101	København V	1750	2021	861
København	101	København V	1750	2022	854
København	101	København V	1750	2023	851
København	101	København V	1750	2024	842
København	101	København V	1750	2025	820
København	101	København V	1750	2026	840
København	101	København V	1751	2010	331
København	101	København V	1751	2011	339
København	101	København V	1751	2012	359
København	101	København V	1751	2013	361
København	101	København V	1751	2014	361
København	101	København V	1751	2015	354
København	101	København V	1751	2016	357
København	101	København V	1751	2017	382
København	101	København V	1751	2018	374
København	101	København V	1751	2019	384
København	101	København V	1751	2020	366
København	101	København V	1751	2021	355
København	101	København V	1751	2022	413
København	101	København V	1751	2023	416
København	101	København V	1751	2024	403
København	101	København V	1751	2025	413
København	101	København V	1751	2026	433
København	101	København V	1752	2010	276
København	101	København V	1752	2011	287
København	101	København V	1752	2012	290
København	101	København V	1752	2013	308
København	101	København V	1752	2014	315
København	101	København V	1752	2015	309
København	101	København V	1752	2016	312
København	101	København V	1752	2017	327
København	101	København V	1752	2018	327
København	101	København V	1752	2019	332
København	101	København V	1752	2020	325
København	101	København V	1752	2021	320
København	101	København V	1752	2022	318
København	101	København V	1752	2023	328
København	101	København V	1752	2024	326
København	101	København V	1752	2025	331
København	101	København V	1752	2026	320
København	101	København V	1753	2010	78
København	101	København V	1753	2011	76
København	101	København V	1753	2012	68
København	101	København V	1753	2013	70
København	101	København V	1753	2014	71
København	101	København V	1753	2015	80
København	101	København V	1753	2016	80
København	101	København V	1753	2017	83
København	101	København V	1753	2018	87
København	101	København V	1753	2019	86
København	101	København V	1753	2020	92
København	101	København V	1753	2021	80
København	101	København V	1753	2022	84
København	101	København V	1753	2023	78
København	101	København V	1753	2024	76
København	101	København V	1753	2025	81
København	101	København V	1753	2026	80
København	101	København V	1754	2010	532
København	101	København V	1754	2011	547
København	101	København V	1754	2012	564
København	101	København V	1754	2013	578
København	101	København V	1754	2014	598
København	101	København V	1754	2015	591
København	101	København V	1754	2016	601
København	101	København V	1754	2017	584
København	101	København V	1754	2018	585
København	101	København V	1754	2019	615
København	101	København V	1754	2020	592
København	101	København V	1754	2021	590
København	101	København V	1754	2022	580
København	101	København V	1754	2023	572
København	101	København V	1754	2024	575
København	101	København V	1754	2025	581
København	101	København V	1754	2026	566
København	101	København V	1755	2010	94
København	101	København V	1755	2011	95
København	101	København V	1755	2012	105
København	101	København V	1755	2013	102
København	101	København V	1755	2014	98
København	101	København V	1755	2015	103
København	101	København V	1755	2016	103
København	101	København V	1755	2017	112
København	101	København V	1755	2018	101
København	101	København V	1755	2019	105
København	101	København V	1755	2020	104
København	101	København V	1755	2021	107
København	101	København V	1755	2022	106
København	101	København V	1755	2023	109
København	101	København V	1755	2024	102
København	101	København V	1755	2025	104
København	101	København V	1755	2026	100
København	101	København V	1756	2010	321
København	101	København V	1756	2011	350
København	101	København V	1756	2012	346
København	101	København V	1756	2013	346
København	101	København V	1756	2014	340
København	101	København V	1756	2015	350
København	101	København V	1756	2016	347
København	101	København V	1756	2017	345
København	101	København V	1756	2018	358
København	101	København V	1756	2019	345
København	101	København V	1756	2020	345
København	101	København V	1756	2021	354
København	101	København V	1756	2022	394
København	101	København V	1756	2023	425
København	101	København V	1756	2024	411
København	101	København V	1756	2025	424
København	101	København V	1756	2026	403
København	101	København V	1757	2010	209
København	101	København V	1757	2011	201
København	101	København V	1757	2012	192
København	101	København V	1757	2013	192
København	101	København V	1757	2014	195
København	101	København V	1757	2015	207
København	101	København V	1757	2016	218
København	101	København V	1757	2017	204
København	101	København V	1757	2018	206
København	101	København V	1757	2019	190
København	101	København V	1757	2020	180
København	101	København V	1757	2021	179
København	101	København V	1757	2022	170
København	101	København V	1757	2023	180
København	101	København V	1757	2024	191
København	101	København V	1757	2025	174
København	101	København V	1757	2026	180
København	101	København V	1758	2010	307
København	101	København V	1758	2011	325
København	101	København V	1758	2012	312
København	101	København V	1758	2013	319
København	101	København V	1758	2014	331
København	101	København V	1758	2015	326
København	101	København V	1758	2016	322
København	101	København V	1758	2017	320
København	101	København V	1758	2018	312
København	101	København V	1758	2019	322
København	101	København V	1758	2020	319
København	101	København V	1758	2021	332
København	101	København V	1758	2022	338
København	101	København V	1758	2023	340
København	101	København V	1758	2024	338
København	101	København V	1758	2025	321
København	101	København V	1758	2026	330
København	101	København V	1759	2010	32
København	101	København V	1759	2011	34
København	101	København V	1759	2012	34
København	101	København V	1759	2013	35
København	101	København V	1759	2014	40
København	101	København V	1759	2015	32
København	101	København V	1759	2016	33
København	101	København V	1759	2017	33
København	101	København V	1759	2018	30
København	101	København V	1759	2019	33
København	101	København V	1759	2020	27
København	101	København V	1759	2021	29
København	101	København V	1759	2022	29
København	101	København V	1759	2023	29
København	101	København V	1759	2024	27
København	101	København V	1759	2025	27
København	101	København V	1759	2026	27
København	101	København V	1760	2010	596
København	101	København V	1760	2011	610
København	101	København V	1760	2012	613
København	101	København V	1760	2013	617
København	101	København V	1760	2014	649
København	101	København V	1760	2015	654
København	101	København V	1760	2016	682
København	101	København V	1760	2017	671
København	101	København V	1760	2018	671
København	101	København V	1760	2019	683
København	101	København V	1760	2020	673
København	101	København V	1760	2021	686
København	101	København V	1760	2022	671
København	101	København V	1760	2023	650
København	101	København V	1760	2024	658
København	101	København V	1760	2025	678
København	101	København V	1760	2026	652
København	101	København V	1761	2010	386
København	101	København V	1761	2011	409
København	101	København V	1761	2012	405
København	101	København V	1761	2013	404
København	101	København V	1761	2014	411
København	101	København V	1761	2015	421
København	101	København V	1761	2016	426
København	101	København V	1761	2017	418
København	101	København V	1761	2018	411
København	101	København V	1761	2019	395
København	101	København V	1761	2020	387
København	101	København V	1761	2021	388
København	101	København V	1761	2022	389
København	101	København V	1761	2023	391
København	101	København V	1761	2024	374
København	101	København V	1761	2025	382
København	101	København V	1761	2026	373
København	101	København V	1762	2010	378
København	101	København V	1762	2011	373
København	101	København V	1762	2012	380
København	101	København V	1762	2013	374
København	101	København V	1762	2014	383
København	101	København V	1762	2015	383
København	101	København V	1762	2016	394
København	101	København V	1762	2017	393
København	101	København V	1762	2018	389
København	101	København V	1762	2019	388
København	101	København V	1762	2020	389
København	101	København V	1762	2021	395
København	101	København V	1762	2022	382
København	101	København V	1762	2023	387
København	101	København V	1762	2024	395
København	101	København V	1762	2025	401
København	101	København V	1762	2026	403
København	101	København V	1763	2010	502
København	101	København V	1763	2011	488
København	101	København V	1763	2012	506
København	101	København V	1763	2013	512
København	101	København V	1763	2014	521
København	101	København V	1763	2015	539
København	101	København V	1763	2016	535
København	101	København V	1763	2017	565
København	101	København V	1763	2018	555
København	101	København V	1763	2019	549
København	101	København V	1763	2020	558
København	101	København V	1763	2021	547
København	101	København V	1763	2022	531
København	101	København V	1763	2023	530
København	101	København V	1763	2024	540
København	101	København V	1763	2025	552
København	101	København V	1763	2026	547
København	101	København V	1764	2010	266
København	101	København V	1764	2011	266
København	101	København V	1764	2012	263
København	101	København V	1764	2013	265
København	101	København V	1764	2014	270
København	101	København V	1764	2015	270
København	101	København V	1764	2016	269
København	101	København V	1764	2017	260
København	101	København V	1764	2018	262
København	101	København V	1764	2019	267
København	101	København V	1764	2020	259
København	101	København V	1764	2021	258
København	101	København V	1764	2022	249
København	101	København V	1764	2023	259
København	101	København V	1764	2024	251
København	101	København V	1764	2025	269
København	101	København V	1764	2026	269
København	101	København V	1765	2010	141
København	101	København V	1765	2011	147
København	101	København V	1765	2012	156
København	101	København V	1765	2013	146
København	101	København V	1765	2014	148
København	101	København V	1765	2015	157
København	101	København V	1765	2016	153
København	101	København V	1765	2017	166
København	101	København V	1765	2018	157
København	101	København V	1765	2019	164
København	101	København V	1765	2020	157
København	101	København V	1765	2021	154
København	101	København V	1765	2022	159
København	101	København V	1765	2023	163
København	101	København V	1765	2024	158
København	101	København V	1765	2025	156
København	101	København V	1765	2026	164
København	101	København V	1766	2010	48
København	101	København V	1766	2011	47
København	101	København V	1766	2012	45
København	101	København V	1766	2013	51
København	101	København V	1766	2014	48
København	101	København V	1766	2015	49
København	101	København V	1766	2016	49
København	101	København V	1766	2017	47
København	101	København V	1766	2018	48
København	101	København V	1766	2019	49
København	101	København V	1766	2020	50
København	101	København V	1766	2021	48
København	101	København V	1766	2022	46
København	101	København V	1766	2023	46
København	101	København V	1766	2024	46
København	101	København V	1766	2025	46
København	101	København V	1766	2026	47
København	101	København V	1770	2010	183
København	101	København V	1770	2011	187
København	101	København V	1770	2012	185
København	101	København V	1770	2013	179
København	101	København V	1770	2014	176
København	101	København V	1770	2015	178
København	101	København V	1770	2016	179
København	101	København V	1770	2017	171
København	101	København V	1770	2018	168
København	101	København V	1770	2019	166
København	101	København V	1770	2020	172
København	101	København V	1770	2021	183
København	101	København V	1770	2022	187
København	101	København V	1770	2023	185
København	101	København V	1770	2024	188
København	101	København V	1770	2025	191
København	101	København V	1770	2026	184
København	101	København V	1771	2010	52
København	101	København V	1771	2011	52
København	101	København V	1771	2012	52
København	101	København V	1771	2013	50
København	101	København V	1771	2014	51
København	101	København V	1771	2015	51
København	101	København V	1771	2016	55
København	101	København V	1771	2017	55
København	101	København V	1771	2018	50
København	101	København V	1771	2019	50
København	101	København V	1771	2020	49
København	101	København V	1771	2021	48
København	101	København V	1771	2022	48
København	101	København V	1771	2023	51
København	101	København V	1771	2024	51
København	101	København V	1771	2025	50
København	101	København V	1771	2026	49
København	101	København V	1772	2010	54
København	101	København V	1772	2011	53
København	101	København V	1772	2012	55
København	101	København V	1772	2013	57
København	101	København V	1772	2014	53
København	101	København V	1772	2015	53
København	101	København V	1772	2016	54
København	101	København V	1772	2017	53
København	101	København V	1772	2018	57
København	101	København V	1772	2019	52
København	101	København V	1772	2020	52
København	101	København V	1772	2021	53
København	101	København V	1772	2022	57
København	101	København V	1772	2023	54
København	101	København V	1772	2024	51
København	101	København V	1772	2025	46
København	101	København V	1772	2026	53
København	101	København V	1773	2010	60
København	101	København V	1773	2011	59
København	101	København V	1773	2012	65
København	101	København V	1773	2013	62
København	101	København V	1773	2014	64
København	101	København V	1773	2015	65
København	101	København V	1773	2016	65
København	101	København V	1773	2017	62
København	101	København V	1773	2018	59
København	101	København V	1773	2019	55
København	101	København V	1773	2020	54
København	101	København V	1773	2021	56
København	101	København V	1773	2022	59
København	101	København V	1773	2023	56
København	101	København V	1773	2024	56
København	101	København V	1773	2025	58
København	101	København V	1773	2026	55
København	101	København V	1774	2010	131
København	101	København V	1774	2011	124
København	101	København V	1774	2012	127
København	101	København V	1774	2013	134
København	101	København V	1774	2014	127
København	101	København V	1774	2015	135
København	101	København V	1774	2016	137
København	101	København V	1774	2017	133
København	101	København V	1774	2018	121
København	101	København V	1774	2019	122
København	101	København V	1774	2020	135
København	101	København V	1774	2021	124
København	101	København V	1774	2022	120
København	101	København V	1774	2023	129
København	101	København V	1774	2024	127
København	101	København V	1774	2025	130
København	101	København V	1774	2026	129
København	101	København V	1775	2010	58
København	101	København V	1775	2011	49
København	101	København V	1775	2012	55
København	101	København V	1775	2013	58
København	101	København V	1775	2014	55
København	101	København V	1775	2015	60
København	101	København V	1775	2016	56
København	101	København V	1775	2017	51
København	101	København V	1775	2018	48
København	101	København V	1775	2019	50
København	101	København V	1775	2020	51
København	101	København V	1775	2021	47
København	101	København V	1775	2022	41
København	101	København V	1775	2023	42
København	101	København V	1775	2024	45
København	101	København V	1775	2025	47
København	101	København V	1775	2026	51
København	101	København V	1777	2010	146
København	101	København V	1777	2011	146
København	101	København V	1777	2012	146
København	101	København V	1777	2013	143
København	101	København V	1777	2014	142
København	101	København V	1777	2015	141
København	101	København V	1777	2016	131
København	101	København V	1777	2017	124
København	101	København V	1777	2018	121
København	101	København V	1777	2019	127
København	101	København V	1777	2020	132
København	101	København V	1777	2021	122
København	101	København V	1777	2022	132
København	101	København V	1777	2023	126
København	101	København V	1777	2024	130
København	101	København V	1777	2025	132
København	101	København V	1777	2026	124
København	101	København V	1799	2010	0
København	101	København V	1799	2011	51
København	101	København V	1799	2012	53
København	101	København V	1799	2013	55
København	101	København V	1799	2014	53
København	101	København V	1799	2015	47
København	101	København V	1799	2016	30
København	101	København V	1799	2017	91
København	101	København V	1799	2018	481
København	101	København V	1799	2019	1010
København	101	København V	1799	2020	1351
København	101	København V	1799	2021	1556
København	101	København V	1799	2022	2187
København	101	København V	1799	2023	3699
København	101	København V	1799	2024	4137
København	101	København V	1799	2025	4229
København	101	København V	1799	2026	5894
København	101	Frederiksberg	2000	2010	22
København	101	Frederiksberg	2000	2011	24
København	101	Frederiksberg	2000	2012	20
København	101	Frederiksberg	2000	2013	20
København	101	Frederiksberg	2000	2014	21
København	101	Frederiksberg	2000	2015	24
København	101	Frederiksberg	2000	2016	25
København	101	Frederiksberg	2000	2017	24
København	101	Frederiksberg	2000	2018	26
København	101	Frederiksberg	2000	2019	26
København	101	Frederiksberg	2000	2020	28
København	101	Frederiksberg	2000	2021	25
København	101	Frederiksberg	2000	2022	25
København	101	Frederiksberg	2000	2023	26
København	101	Frederiksberg	2000	2024	27
København	101	Frederiksberg	2000	2025	29
København	101	Frederiksberg	2000	2026	26
København	101	København Ø	2100	2010	82564
København	101	København Ø	2100	2011	83798
København	101	København Ø	2100	2012	85331
København	101	København Ø	2100	2013	86389
København	101	København Ø	2100	2014	87847
København	101	København Ø	2100	2015	88566
København	101	København Ø	2100	2016	89817
København	101	København Ø	2100	2017	90382
København	101	København Ø	2100	2018	91379
København	101	København Ø	2100	2019	91106
København	101	København Ø	2100	2020	91132
København	101	København Ø	2100	2021	90740
København	101	København Ø	2100	2022	90732
København	101	København Ø	2100	2023	91049
København	101	København Ø	2100	2024	91440
København	101	København Ø	2100	2025	91554
København	101	København Ø	2100	2026	92234
København	101	Nordhavn	2150	2010	0
København	101	Nordhavn	2150	2011	0
København	101	Nordhavn	2150	2012	0
København	101	Nordhavn	2150	2013	0
København	101	Nordhavn	2150	2014	36
København	101	Nordhavn	2150	2015	42
København	101	Nordhavn	2150	2016	274
København	101	Nordhavn	2150	2017	1478
København	101	Nordhavn	2150	2018	1810
København	101	Nordhavn	2150	2019	1988
København	101	Nordhavn	2150	2020	2384
København	101	Nordhavn	2150	2021	2888
København	101	Nordhavn	2150	2022	3025
København	101	Nordhavn	2150	2023	3363
København	101	Nordhavn	2150	2024	3820
København	101	Nordhavn	2150	2025	4006
København	101	Nordhavn	2150	2026	4096
København	101	København N	2200	2010	70571
København	101	København N	2200	2011	71852
København	101	København N	2200	2012	73135
København	101	København N	2200	2013	74380
København	101	København N	2200	2014	75188
København	101	København N	2200	2015	76201
København	101	København N	2200	2016	77030
København	101	København N	2200	2017	77256
København	101	København N	2200	2018	77818
København	101	København N	2200	2019	77884
København	101	København N	2200	2020	77624
København	101	København N	2200	2021	76551
København	101	København N	2200	2022	76007
København	101	København N	2200	2023	75986
København	101	København N	2200	2024	76491
København	101	København N	2200	2025	77132
København	101	København N	2200	2026	77327
København	101	København S	2300	2010	106623
København	101	København S	2300	2011	108998
København	101	København S	2300	2012	111190
København	101	København S	2300	2013	114034
København	101	København S	2300	2014	116569
København	101	København S	2300	2015	120070
København	101	København S	2300	2016	122882
København	101	København S	2300	2017	125701
København	101	København S	2300	2018	129335
København	101	København S	2300	2019	134149
København	101	København S	2300	2020	138671
København	101	København S	2300	2021	142076
København	101	København S	2300	2022	145640
København	101	København S	2300	2023	148744
København	101	København S	2300	2024	151069
København	101	København S	2300	2025	153669
København	101	København S	2300	2026	155497
København	101	København NV	2400	2010	46993
København	101	København NV	2400	2011	48301
København	101	København NV	2400	2012	49434
København	101	København NV	2400	2013	50663
København	101	København NV	2400	2014	51693
København	101	København NV	2400	2015	52772
København	101	København NV	2400	2016	53642
København	101	København NV	2400	2017	54281
København	101	København NV	2400	2018	54290
København	101	København NV	2400	2019	54595
København	101	København NV	2400	2020	54372
København	101	København NV	2400	2021	53950
København	101	København NV	2400	2022	52930
København	101	København NV	2400	2023	53351
København	101	København NV	2400	2024	53913
København	101	København NV	2400	2025	54410
København	101	København NV	2400	2026	54596
København	101	København SV	2450	2010	19078
København	101	København SV	2450	2011	19784
København	101	København SV	2450	2012	20363
København	101	København SV	2450	2013	20608
København	101	København SV	2450	2014	21090
København	101	København SV	2450	2015	22189
København	101	København SV	2450	2016	23099
København	101	København SV	2450	2017	25179
København	101	København SV	2450	2018	27364
København	101	København SV	2450	2019	28939
København	101	København SV	2450	2020	31708
København	101	København SV	2450	2021	33701
København	101	København SV	2450	2022	36304
København	101	København SV	2450	2023	36448
København	101	København SV	2450	2024	37318
København	101	København SV	2450	2025	39490
København	101	København SV	2450	2026	39452
København	101	Valby	2500	2010	46889
København	101	Valby	2500	2011	47619
København	101	Valby	2500	2012	48446
København	101	Valby	2500	2013	49421
København	101	Valby	2500	2014	50691
København	101	Valby	2500	2015	51467
København	101	Valby	2500	2016	52543
København	101	Valby	2500	2017	54291
København	101	Valby	2500	2018	56027
København	101	Valby	2500	2019	57975
København	101	Valby	2500	2020	59987
København	101	Valby	2500	2021	61675
København	101	Valby	2500	2022	63276
København	101	Valby	2500	2023	65542
København	101	Valby	2500	2024	64863
København	101	Valby	2500	2025	65522
København	101	Valby	2500	2026	65427
København	101	Rødovre	2610	2010	41
København	101	Rødovre	2610	2011	36
København	101	Rødovre	2610	2012	40
København	101	Rødovre	2610	2013	40
København	101	Rødovre	2610	2014	38
København	101	Rødovre	2610	2015	37
København	101	Rødovre	2610	2016	42
København	101	Rødovre	2610	2017	49
København	101	Rødovre	2610	2018	43
København	101	Rødovre	2610	2019	45
København	101	Rødovre	2610	2020	53
København	101	Rødovre	2610	2021	59
København	101	Rødovre	2610	2022	56
København	101	Rødovre	2610	2023	58
København	101	Rødovre	2610	2024	59
København	101	Rødovre	2610	2025	66
København	101	Rødovre	2610	2026	64
København	101	Brønshøj	2700	2010	41155
København	101	Brønshøj	2700	2011	41818
København	101	Brønshøj	2700	2012	42799
København	101	Brønshøj	2700	2013	43667
København	101	Brønshøj	2700	2014	44410
København	101	Brønshøj	2700	2015	45235
København	101	Brønshøj	2700	2016	45753
København	101	Brønshøj	2700	2017	46004
København	101	Brønshøj	2700	2018	46148
København	101	Brønshøj	2700	2019	46547
København	101	Brønshøj	2700	2020	46262
København	101	Brønshøj	2700	2021	45856
København	101	Brønshøj	2700	2022	45456
København	101	Brønshøj	2700	2023	45370
København	101	Brønshøj	2700	2024	45872
København	101	Brønshøj	2700	2025	45950
København	101	Brønshøj	2700	2026	46484
København	101	Vanløse	2720	2010	29956
København	101	Vanløse	2720	2011	30437
København	101	Vanløse	2720	2012	31023
København	101	Vanløse	2720	2013	31408
København	101	Vanløse	2720	2014	31917
København	101	Vanløse	2720	2015	32213
København	101	Vanløse	2720	2016	32932
København	101	Vanløse	2720	2017	33146
København	101	Vanløse	2720	2018	33379
København	101	Vanløse	2720	2019	33720
København	101	Vanløse	2720	2020	33584
København	101	Vanløse	2720	2021	33378
København	101	Vanløse	2720	2022	33164
København	101	Vanløse	2720	2023	33009
København	101	Vanløse	2720	2024	33105
København	101	Vanløse	2720	2025	33160
København	101	Vanløse	2720	2026	33179
København	101	Kastrup	2770	2010	77
København	101	Kastrup	2770	2011	76
København	101	Kastrup	2770	2012	80
København	101	Kastrup	2770	2013	80
København	101	Kastrup	2770	2014	82
København	101	Kastrup	2770	2015	86
København	101	Kastrup	2770	2016	95
København	101	Kastrup	2770	2017	99
København	101	Kastrup	2770	2018	84
København	101	Kastrup	2770	2019	89
København	101	Kastrup	2770	2020	99
København	101	Kastrup	2770	2021	113
København	101	Kastrup	2770	2022	115
København	101	Kastrup	2770	2023	121
København	101	Kastrup	2770	2024	122
København	101	Kastrup	2770	2025	119
København	101	Kastrup	2770	2026	126
København	101	Søborg	2860	2010	223
København	101	Søborg	2860	2011	209
København	101	Søborg	2860	2012	226
København	101	Søborg	2860	2013	231
København	101	Søborg	2860	2014	226
København	101	Søborg	2860	2015	234
København	101	Søborg	2860	2016	244
København	101	Søborg	2860	2017	240
København	101	Søborg	2860	2018	247
København	101	Søborg	2860	2019	238
København	101	Søborg	2860	2020	250
København	101	Søborg	2860	2021	240
København	101	Søborg	2860	2022	237
København	101	Søborg	2860	2023	247
København	101	Søborg	2860	2024	234
København	101	Søborg	2860	2025	236
København	101	Søborg	2860	2026	248
København	101	Hellerup	2900	2010	3506
København	101	Hellerup	2900	2011	3606
København	101	Hellerup	2900	2012	3670
København	101	Hellerup	2900	2013	3749
København	101	Hellerup	2900	2014	3801
København	101	Hellerup	2900	2015	3824
København	101	Hellerup	2900	2016	3914
København	101	Hellerup	2900	2017	3897
København	101	Hellerup	2900	2018	3888
København	101	Hellerup	2900	2019	3864
København	101	Hellerup	2900	2020	3822
København	101	Hellerup	2900	2021	3882
København	101	Hellerup	2900	2022	3882
København	101	Hellerup	2900	2023	3838
København	101	Hellerup	2900	2024	3798
København	101	Hellerup	2900	2025	3786
København	101	Hellerup	2900	2026	3813
København	101	Ukendt	9999	2010	4300
København	101	Ukendt	9999	2011	4954
København	101	Ukendt	9999	2012	3416
København	101	Ukendt	9999	2013	3605
København	101	Ukendt	9999	2014	3574
København	101	Ukendt	9999	2015	3875
København	101	Ukendt	9999	2016	3758
København	101	Ukendt	9999	2017	3713
København	101	Ukendt	9999	2018	3578
København	101	Ukendt	9999	2019	3232
København	101	Ukendt	9999	2020	3531
København	101	Ukendt	9999	2021	3795
København	101	Ukendt	9999	2022	3848
København	101	Ukendt	9999	2023	4162
København	101	Ukendt	9999	2024	4286
København	101	Ukendt	9999	2025	4108
København	101	Ukendt	9999	2026	3714
Frederiksberg	147	Frederiksberg C	1800	2010	653
Frederiksberg	147	Frederiksberg C	1800	2011	662
Frederiksberg	147	Frederiksberg C	1800	2012	658
Frederiksberg	147	Frederiksberg C	1800	2013	680
Frederiksberg	147	Frederiksberg C	1800	2014	681
Frederiksberg	147	Frederiksberg C	1800	2015	719
Frederiksberg	147	Frederiksberg C	1800	2016	743
Frederiksberg	147	Frederiksberg C	1800	2017	732
Frederiksberg	147	Frederiksberg C	1800	2018	731
Frederiksberg	147	Frederiksberg C	1800	2019	721
Frederiksberg	147	Frederiksberg C	1800	2020	716
Frederiksberg	147	Frederiksberg C	1800	2021	717
Frederiksberg	147	Frederiksberg C	1800	2022	713
Frederiksberg	147	Frederiksberg C	1800	2023	727
Frederiksberg	147	Frederiksberg C	1800	2024	715
Frederiksberg	147	Frederiksberg C	1800	2025	717
Frederiksberg	147	Frederiksberg C	1800	2026	722
Frederiksberg	147	Frederiksberg C	1801	2010	285
Frederiksberg	147	Frederiksberg C	1801	2011	297
Frederiksberg	147	Frederiksberg C	1801	2012	277
Frederiksberg	147	Frederiksberg C	1801	2013	293
Frederiksberg	147	Frederiksberg C	1801	2014	290
Frederiksberg	147	Frederiksberg C	1801	2015	307
Frederiksberg	147	Frederiksberg C	1801	2016	307
Frederiksberg	147	Frederiksberg C	1801	2017	304
Frederiksberg	147	Frederiksberg C	1801	2018	309
Frederiksberg	147	Frederiksberg C	1801	2019	339
Frederiksberg	147	Frederiksberg C	1801	2020	366
Frederiksberg	147	Frederiksberg C	1801	2021	373
Frederiksberg	147	Frederiksberg C	1801	2022	373
Frederiksberg	147	Frederiksberg C	1801	2023	390
Frederiksberg	147	Frederiksberg C	1801	2024	364
Frederiksberg	147	Frederiksberg C	1801	2025	380
Frederiksberg	147	Frederiksberg C	1801	2026	385
Frederiksberg	147	Frederiksberg C	1802	2010	224
Frederiksberg	147	Frederiksberg C	1802	2011	243
Frederiksberg	147	Frederiksberg C	1802	2012	250
Frederiksberg	147	Frederiksberg C	1802	2013	251
Frederiksberg	147	Frederiksberg C	1802	2014	253
Frederiksberg	147	Frederiksberg C	1802	2015	259
Frederiksberg	147	Frederiksberg C	1802	2016	269
Frederiksberg	147	Frederiksberg C	1802	2017	260
Frederiksberg	147	Frederiksberg C	1802	2018	261
Frederiksberg	147	Frederiksberg C	1802	2019	261
Frederiksberg	147	Frederiksberg C	1802	2020	266
Frederiksberg	147	Frederiksberg C	1802	2021	251
Frederiksberg	147	Frederiksberg C	1802	2022	253
Frederiksberg	147	Frederiksberg C	1802	2023	242
Frederiksberg	147	Frederiksberg C	1802	2024	234
Frederiksberg	147	Frederiksberg C	1802	2025	231
Frederiksberg	147	Frederiksberg C	1802	2026	242
Frederiksberg	147	Frederiksberg C	1803	2010	94
Frederiksberg	147	Frederiksberg C	1803	2011	103
Frederiksberg	147	Frederiksberg C	1803	2012	104
Frederiksberg	147	Frederiksberg C	1803	2013	105
Frederiksberg	147	Frederiksberg C	1803	2014	105
Frederiksberg	147	Frederiksberg C	1803	2015	106
Frederiksberg	147	Frederiksberg C	1803	2016	101
Frederiksberg	147	Frederiksberg C	1803	2017	102
Frederiksberg	147	Frederiksberg C	1803	2018	100
Frederiksberg	147	Frederiksberg C	1803	2019	99
Frederiksberg	147	Frederiksberg C	1803	2020	92
Frederiksberg	147	Frederiksberg C	1803	2021	87
Frederiksberg	147	Frederiksberg C	1803	2022	94
Frederiksberg	147	Frederiksberg C	1803	2023	98
Frederiksberg	147	Frederiksberg C	1803	2024	94
Frederiksberg	147	Frederiksberg C	1803	2025	90
Frederiksberg	147	Frederiksberg C	1803	2026	93
Frederiksberg	147	Frederiksberg C	1804	2010	288
Frederiksberg	147	Frederiksberg C	1804	2011	288
Frederiksberg	147	Frederiksberg C	1804	2012	286
Frederiksberg	147	Frederiksberg C	1804	2013	283
Frederiksberg	147	Frederiksberg C	1804	2014	302
Frederiksberg	147	Frederiksberg C	1804	2015	308
Frederiksberg	147	Frederiksberg C	1804	2016	315
Frederiksberg	147	Frederiksberg C	1804	2017	301
Frederiksberg	147	Frederiksberg C	1804	2018	308
Frederiksberg	147	Frederiksberg C	1804	2019	293
Frederiksberg	147	Frederiksberg C	1804	2020	299
Frederiksberg	147	Frederiksberg C	1804	2021	284
Frederiksberg	147	Frederiksberg C	1804	2022	270
Frederiksberg	147	Frederiksberg C	1804	2023	265
Frederiksberg	147	Frederiksberg C	1804	2024	268
Frederiksberg	147	Frederiksberg C	1804	2025	264
Frederiksberg	147	Frederiksberg C	1804	2026	272
Frederiksberg	147	Frederiksberg C	1805	2010	27
Frederiksberg	147	Frederiksberg C	1805	2011	27
Frederiksberg	147	Frederiksberg C	1805	2012	27
Frederiksberg	147	Frederiksberg C	1805	2013	30
Frederiksberg	147	Frederiksberg C	1805	2014	30
Frederiksberg	147	Frederiksberg C	1805	2015	29
Frederiksberg	147	Frederiksberg C	1805	2016	29
Frederiksberg	147	Frederiksberg C	1805	2017	31
Frederiksberg	147	Frederiksberg C	1805	2018	28
Frederiksberg	147	Frederiksberg C	1805	2019	28
Frederiksberg	147	Frederiksberg C	1805	2020	30
Frederiksberg	147	Frederiksberg C	1805	2021	30
Frederiksberg	147	Frederiksberg C	1805	2022	31
Frederiksberg	147	Frederiksberg C	1805	2023	30
Frederiksberg	147	Frederiksberg C	1805	2024	28
Frederiksberg	147	Frederiksberg C	1805	2025	27
Frederiksberg	147	Frederiksberg C	1805	2026	25
Frederiksberg	147	Frederiksberg C	1806	2010	206
Frederiksberg	147	Frederiksberg C	1806	2011	216
Frederiksberg	147	Frederiksberg C	1806	2012	216
Frederiksberg	147	Frederiksberg C	1806	2013	210
Frederiksberg	147	Frederiksberg C	1806	2014	205
Frederiksberg	147	Frederiksberg C	1806	2015	207
Frederiksberg	147	Frederiksberg C	1806	2016	211
Frederiksberg	147	Frederiksberg C	1806	2017	201
Frederiksberg	147	Frederiksberg C	1806	2018	216
Frederiksberg	147	Frederiksberg C	1806	2019	206
Frederiksberg	147	Frederiksberg C	1806	2020	200
Frederiksberg	147	Frederiksberg C	1806	2021	187
Frederiksberg	147	Frederiksberg C	1806	2022	191
Frederiksberg	147	Frederiksberg C	1806	2023	188
Frederiksberg	147	Frederiksberg C	1806	2024	191
Frederiksberg	147	Frederiksberg C	1806	2025	189
Frederiksberg	147	Frederiksberg C	1806	2026	185
Frederiksberg	147	Frederiksberg C	1807	2010	181
Frederiksberg	147	Frederiksberg C	1807	2011	195
Frederiksberg	147	Frederiksberg C	1807	2012	193
Frederiksberg	147	Frederiksberg C	1807	2013	190
Frederiksberg	147	Frederiksberg C	1807	2014	199
Frederiksberg	147	Frederiksberg C	1807	2015	200
Frederiksberg	147	Frederiksberg C	1807	2016	207
Frederiksberg	147	Frederiksberg C	1807	2017	207
Frederiksberg	147	Frederiksberg C	1807	2018	201
Frederiksberg	147	Frederiksberg C	1807	2019	200
Frederiksberg	147	Frederiksberg C	1807	2020	211
Frederiksberg	147	Frederiksberg C	1807	2021	208
Frederiksberg	147	Frederiksberg C	1807	2022	194
Frederiksberg	147	Frederiksberg C	1807	2023	198
Frederiksberg	147	Frederiksberg C	1807	2024	197
Frederiksberg	147	Frederiksberg C	1807	2025	203
Frederiksberg	147	Frederiksberg C	1807	2026	204
Frederiksberg	147	Frederiksberg C	1808	2010	123
Frederiksberg	147	Frederiksberg C	1808	2011	122
Frederiksberg	147	Frederiksberg C	1808	2012	125
Frederiksberg	147	Frederiksberg C	1808	2013	137
Frederiksberg	147	Frederiksberg C	1808	2014	140
Frederiksberg	147	Frederiksberg C	1808	2015	124
Frederiksberg	147	Frederiksberg C	1808	2016	129
Frederiksberg	147	Frederiksberg C	1808	2017	130
Frederiksberg	147	Frederiksberg C	1808	2018	123
Frederiksberg	147	Frederiksberg C	1808	2019	123
Frederiksberg	147	Frederiksberg C	1808	2020	122
Frederiksberg	147	Frederiksberg C	1808	2021	121
Frederiksberg	147	Frederiksberg C	1808	2022	115
Frederiksberg	147	Frederiksberg C	1808	2023	117
Frederiksberg	147	Frederiksberg C	1808	2024	120
Frederiksberg	147	Frederiksberg C	1808	2025	117
Frederiksberg	147	Frederiksberg C	1808	2026	119
Frederiksberg	147	Frederiksberg C	1809	2010	253
Frederiksberg	147	Frederiksberg C	1809	2011	252
Frederiksberg	147	Frederiksberg C	1809	2012	252
Frederiksberg	147	Frederiksberg C	1809	2013	251
Frederiksberg	147	Frederiksberg C	1809	2014	244
Frederiksberg	147	Frederiksberg C	1809	2015	238
Frederiksberg	147	Frederiksberg C	1809	2016	240
Frederiksberg	147	Frederiksberg C	1809	2017	238
Frederiksberg	147	Frederiksberg C	1809	2018	231
Frederiksberg	147	Frederiksberg C	1809	2019	219
Frederiksberg	147	Frederiksberg C	1809	2020	230
Frederiksberg	147	Frederiksberg C	1809	2021	221
Frederiksberg	147	Frederiksberg C	1809	2022	212
Frederiksberg	147	Frederiksberg C	1809	2023	222
Frederiksberg	147	Frederiksberg C	1809	2024	222
Frederiksberg	147	Frederiksberg C	1809	2025	232
Frederiksberg	147	Frederiksberg C	1809	2026	228
Frederiksberg	147	Frederiksberg C	1810	2010	777
Frederiksberg	147	Frederiksberg C	1810	2011	769
Frederiksberg	147	Frederiksberg C	1810	2012	765
Frederiksberg	147	Frederiksberg C	1810	2013	781
Frederiksberg	147	Frederiksberg C	1810	2014	787
Frederiksberg	147	Frederiksberg C	1810	2015	807
Frederiksberg	147	Frederiksberg C	1810	2016	788
Frederiksberg	147	Frederiksberg C	1810	2017	813
Frederiksberg	147	Frederiksberg C	1810	2018	814
Frederiksberg	147	Frederiksberg C	1810	2019	791
Frederiksberg	147	Frederiksberg C	1810	2020	789
Frederiksberg	147	Frederiksberg C	1810	2021	762
Frederiksberg	147	Frederiksberg C	1810	2022	768
Frederiksberg	147	Frederiksberg C	1810	2023	751
Frederiksberg	147	Frederiksberg C	1810	2024	747
Frederiksberg	147	Frederiksberg C	1810	2025	771
Frederiksberg	147	Frederiksberg C	1810	2026	752
Frederiksberg	147	Frederiksberg C	1811	2010	59
Frederiksberg	147	Frederiksberg C	1811	2011	54
Frederiksberg	147	Frederiksberg C	1811	2012	56
Frederiksberg	147	Frederiksberg C	1811	2013	56
Frederiksberg	147	Frederiksberg C	1811	2014	56
Frederiksberg	147	Frederiksberg C	1811	2015	51
Frederiksberg	147	Frederiksberg C	1811	2016	55
Frederiksberg	147	Frederiksberg C	1811	2017	58
Frederiksberg	147	Frederiksberg C	1811	2018	57
Frederiksberg	147	Frederiksberg C	1811	2019	53
Frederiksberg	147	Frederiksberg C	1811	2020	49
Frederiksberg	147	Frederiksberg C	1811	2021	52
Frederiksberg	147	Frederiksberg C	1811	2022	53
Frederiksberg	147	Frederiksberg C	1811	2023	56
Frederiksberg	147	Frederiksberg C	1811	2024	57
Frederiksberg	147	Frederiksberg C	1811	2025	52
Frederiksberg	147	Frederiksberg C	1811	2026	53
Frederiksberg	147	Frederiksberg C	1812	2010	475
Frederiksberg	147	Frederiksberg C	1812	2011	496
Frederiksberg	147	Frederiksberg C	1812	2012	483
Frederiksberg	147	Frederiksberg C	1812	2013	487
Frederiksberg	147	Frederiksberg C	1812	2014	477
Frederiksberg	147	Frederiksberg C	1812	2015	456
Frederiksberg	147	Frederiksberg C	1812	2016	465
Frederiksberg	147	Frederiksberg C	1812	2017	473
Frederiksberg	147	Frederiksberg C	1812	2018	464
Frederiksberg	147	Frederiksberg C	1812	2019	476
Frederiksberg	147	Frederiksberg C	1812	2020	478
Frederiksberg	147	Frederiksberg C	1812	2021	480
Frederiksberg	147	Frederiksberg C	1812	2022	479
Frederiksberg	147	Frederiksberg C	1812	2023	488
Frederiksberg	147	Frederiksberg C	1812	2024	468
Frederiksberg	147	Frederiksberg C	1812	2025	465
Frederiksberg	147	Frederiksberg C	1812	2026	456
Frederiksberg	147	Frederiksberg C	1813	2010	595
Frederiksberg	147	Frederiksberg C	1813	2011	599
Frederiksberg	147	Frederiksberg C	1813	2012	618
Frederiksberg	147	Frederiksberg C	1813	2013	639
Frederiksberg	147	Frederiksberg C	1813	2014	639
Frederiksberg	147	Frederiksberg C	1813	2015	637
Frederiksberg	147	Frederiksberg C	1813	2016	636
Frederiksberg	147	Frederiksberg C	1813	2017	670
Frederiksberg	147	Frederiksberg C	1813	2018	648
Frederiksberg	147	Frederiksberg C	1813	2019	603
Frederiksberg	147	Frederiksberg C	1813	2020	625
Frederiksberg	147	Frederiksberg C	1813	2021	589
Frederiksberg	147	Frederiksberg C	1813	2022	595
Frederiksberg	147	Frederiksberg C	1813	2023	603
Frederiksberg	147	Frederiksberg C	1813	2024	602
Frederiksberg	147	Frederiksberg C	1813	2025	598
Frederiksberg	147	Frederiksberg C	1813	2026	588
Frederiksberg	147	Frederiksberg C	1814	2010	393
Frederiksberg	147	Frederiksberg C	1814	2011	399
Frederiksberg	147	Frederiksberg C	1814	2012	401
Frederiksberg	147	Frederiksberg C	1814	2013	399
Frederiksberg	147	Frederiksberg C	1814	2014	397
Frederiksberg	147	Frederiksberg C	1814	2015	421
Frederiksberg	147	Frederiksberg C	1814	2016	415
Frederiksberg	147	Frederiksberg C	1814	2017	433
Frederiksberg	147	Frederiksberg C	1814	2018	423
Frederiksberg	147	Frederiksberg C	1814	2019	420
Frederiksberg	147	Frederiksberg C	1814	2020	428
Frederiksberg	147	Frederiksberg C	1814	2021	419
Frederiksberg	147	Frederiksberg C	1814	2022	409
Frederiksberg	147	Frederiksberg C	1814	2023	414
Frederiksberg	147	Frederiksberg C	1814	2024	437
Frederiksberg	147	Frederiksberg C	1814	2025	448
Frederiksberg	147	Frederiksberg C	1814	2026	439
Frederiksberg	147	Frederiksberg C	1815	2010	227
Frederiksberg	147	Frederiksberg C	1815	2011	235
Frederiksberg	147	Frederiksberg C	1815	2012	224
Frederiksberg	147	Frederiksberg C	1815	2013	233
Frederiksberg	147	Frederiksberg C	1815	2014	237
Frederiksberg	147	Frederiksberg C	1815	2015	241
Frederiksberg	147	Frederiksberg C	1815	2016	235
Frederiksberg	147	Frederiksberg C	1815	2017	245
Frederiksberg	147	Frederiksberg C	1815	2018	240
Frederiksberg	147	Frederiksberg C	1815	2019	238
Frederiksberg	147	Frederiksberg C	1815	2020	237
Frederiksberg	147	Frederiksberg C	1815	2021	247
Frederiksberg	147	Frederiksberg C	1815	2022	241
Frederiksberg	147	Frederiksberg C	1815	2023	236
Frederiksberg	147	Frederiksberg C	1815	2024	240
Frederiksberg	147	Frederiksberg C	1815	2025	243
Frederiksberg	147	Frederiksberg C	1815	2026	234
Frederiksberg	147	Frederiksberg C	1816	2010	120
Frederiksberg	147	Frederiksberg C	1816	2011	117
Frederiksberg	147	Frederiksberg C	1816	2012	136
Frederiksberg	147	Frederiksberg C	1816	2013	156
Frederiksberg	147	Frederiksberg C	1816	2014	153
Frederiksberg	147	Frederiksberg C	1816	2015	141
Frederiksberg	147	Frederiksberg C	1816	2016	148
Frederiksberg	147	Frederiksberg C	1816	2017	150
Frederiksberg	147	Frederiksberg C	1816	2018	158
Frederiksberg	147	Frederiksberg C	1816	2019	152
Frederiksberg	147	Frederiksberg C	1816	2020	141
Frederiksberg	147	Frederiksberg C	1816	2021	147
Frederiksberg	147	Frederiksberg C	1816	2022	153
Frederiksberg	147	Frederiksberg C	1816	2023	157
Frederiksberg	147	Frederiksberg C	1816	2024	151
Frederiksberg	147	Frederiksberg C	1816	2025	153
Frederiksberg	147	Frederiksberg C	1816	2026	160
Frederiksberg	147	Frederiksberg C	1817	2010	432
Frederiksberg	147	Frederiksberg C	1817	2011	436
Frederiksberg	147	Frederiksberg C	1817	2012	457
Frederiksberg	147	Frederiksberg C	1817	2013	448
Frederiksberg	147	Frederiksberg C	1817	2014	454
Frederiksberg	147	Frederiksberg C	1817	2015	456
Frederiksberg	147	Frederiksberg C	1817	2016	470
Frederiksberg	147	Frederiksberg C	1817	2017	484
Frederiksberg	147	Frederiksberg C	1817	2018	478
Frederiksberg	147	Frederiksberg C	1817	2019	467
Frederiksberg	147	Frederiksberg C	1817	2020	452
Frederiksberg	147	Frederiksberg C	1817	2021	460
Frederiksberg	147	Frederiksberg C	1817	2022	452
Frederiksberg	147	Frederiksberg C	1817	2023	461
Frederiksberg	147	Frederiksberg C	1817	2024	449
Frederiksberg	147	Frederiksberg C	1817	2025	453
Frederiksberg	147	Frederiksberg C	1817	2026	450
Frederiksberg	147	Frederiksberg C	1818	2010	108
Frederiksberg	147	Frederiksberg C	1818	2011	109
Frederiksberg	147	Frederiksberg C	1818	2012	108
Frederiksberg	147	Frederiksberg C	1818	2013	113
Frederiksberg	147	Frederiksberg C	1818	2014	127
Frederiksberg	147	Frederiksberg C	1818	2015	129
Frederiksberg	147	Frederiksberg C	1818	2016	125
Frederiksberg	147	Frederiksberg C	1818	2017	117
Frederiksberg	147	Frederiksberg C	1818	2018	121
Frederiksberg	147	Frederiksberg C	1818	2019	122
Frederiksberg	147	Frederiksberg C	1818	2020	122
Frederiksberg	147	Frederiksberg C	1818	2021	130
Frederiksberg	147	Frederiksberg C	1818	2022	129
Frederiksberg	147	Frederiksberg C	1818	2023	129
Frederiksberg	147	Frederiksberg C	1818	2024	133
Frederiksberg	147	Frederiksberg C	1818	2025	140
Frederiksberg	147	Frederiksberg C	1818	2026	134
Frederiksberg	147	Frederiksberg C	1819	2010	160
Frederiksberg	147	Frederiksberg C	1819	2011	165
Frederiksberg	147	Frederiksberg C	1819	2012	168
Frederiksberg	147	Frederiksberg C	1819	2013	169
Frederiksberg	147	Frederiksberg C	1819	2014	170
Frederiksberg	147	Frederiksberg C	1819	2015	171
Frederiksberg	147	Frederiksberg C	1819	2016	169
Frederiksberg	147	Frederiksberg C	1819	2017	165
Frederiksberg	147	Frederiksberg C	1819	2018	175
Frederiksberg	147	Frederiksberg C	1819	2019	164
Frederiksberg	147	Frederiksberg C	1819	2020	176
Frederiksberg	147	Frederiksberg C	1819	2021	164
Frederiksberg	147	Frederiksberg C	1819	2022	170
Frederiksberg	147	Frederiksberg C	1819	2023	161
Frederiksberg	147	Frederiksberg C	1819	2024	167
Frederiksberg	147	Frederiksberg C	1819	2025	162
Frederiksberg	147	Frederiksberg C	1819	2026	159
Frederiksberg	147	Frederiksberg C	1820	2010	1255
Frederiksberg	147	Frederiksberg C	1820	2011	1265
Frederiksberg	147	Frederiksberg C	1820	2012	1273
Frederiksberg	147	Frederiksberg C	1820	2013	1294
Frederiksberg	147	Frederiksberg C	1820	2014	1300
Frederiksberg	147	Frederiksberg C	1820	2015	1321
Frederiksberg	147	Frederiksberg C	1820	2016	1319
Frederiksberg	147	Frederiksberg C	1820	2017	1334
Frederiksberg	147	Frederiksberg C	1820	2018	1317
Frederiksberg	147	Frederiksberg C	1820	2019	1335
Frederiksberg	147	Frederiksberg C	1820	2020	1320
Frederiksberg	147	Frederiksberg C	1820	2021	1334
Frederiksberg	147	Frederiksberg C	1820	2022	1349
Frederiksberg	147	Frederiksberg C	1820	2023	1349
Frederiksberg	147	Frederiksberg C	1820	2024	1351
Frederiksberg	147	Frederiksberg C	1820	2025	1379
Frederiksberg	147	Frederiksberg C	1820	2026	1349
Frederiksberg	147	Frederiksberg C	1822	2010	56
Frederiksberg	147	Frederiksberg C	1822	2011	62
Frederiksberg	147	Frederiksberg C	1822	2012	73
Frederiksberg	147	Frederiksberg C	1822	2013	81
Frederiksberg	147	Frederiksberg C	1822	2014	79
Frederiksberg	147	Frederiksberg C	1822	2015	83
Frederiksberg	147	Frederiksberg C	1822	2016	73
Frederiksberg	147	Frederiksberg C	1822	2017	75
Frederiksberg	147	Frederiksberg C	1822	2018	76
Frederiksberg	147	Frederiksberg C	1822	2019	72
Frederiksberg	147	Frederiksberg C	1822	2020	70
Frederiksberg	147	Frederiksberg C	1822	2021	75
Frederiksberg	147	Frederiksberg C	1822	2022	77
Frederiksberg	147	Frederiksberg C	1822	2023	82
Frederiksberg	147	Frederiksberg C	1822	2024	90
Frederiksberg	147	Frederiksberg C	1822	2025	89
Frederiksberg	147	Frederiksberg C	1822	2026	84
Frederiksberg	147	Frederiksberg C	1823	2010	77
Frederiksberg	147	Frederiksberg C	1823	2011	73
Frederiksberg	147	Frederiksberg C	1823	2012	76
Frederiksberg	147	Frederiksberg C	1823	2013	77
Frederiksberg	147	Frederiksberg C	1823	2014	76
Frederiksberg	147	Frederiksberg C	1823	2015	76
Frederiksberg	147	Frederiksberg C	1823	2016	88
Frederiksberg	147	Frederiksberg C	1823	2017	84
Frederiksberg	147	Frederiksberg C	1823	2018	78
Frederiksberg	147	Frederiksberg C	1823	2019	76
Frederiksberg	147	Frederiksberg C	1823	2020	77
Frederiksberg	147	Frederiksberg C	1823	2021	84
Frederiksberg	147	Frederiksberg C	1823	2022	80
Frederiksberg	147	Frederiksberg C	1823	2023	78
Frederiksberg	147	Frederiksberg C	1823	2024	79
Frederiksberg	147	Frederiksberg C	1823	2025	77
Frederiksberg	147	Frederiksberg C	1823	2026	72
Frederiksberg	147	Frederiksberg C	1824	2010	306
Frederiksberg	147	Frederiksberg C	1824	2011	314
Frederiksberg	147	Frederiksberg C	1824	2012	336
Frederiksberg	147	Frederiksberg C	1824	2013	340
Frederiksberg	147	Frederiksberg C	1824	2014	349
Frederiksberg	147	Frederiksberg C	1824	2015	360
Frederiksberg	147	Frederiksberg C	1824	2016	360
Frederiksberg	147	Frederiksberg C	1824	2017	367
Frederiksberg	147	Frederiksberg C	1824	2018	360
Frederiksberg	147	Frederiksberg C	1824	2019	356
Frederiksberg	147	Frederiksberg C	1824	2020	366
Frederiksberg	147	Frederiksberg C	1824	2021	353
Frederiksberg	147	Frederiksberg C	1824	2022	348
Frederiksberg	147	Frederiksberg C	1824	2023	339
Frederiksberg	147	Frederiksberg C	1824	2024	341
Frederiksberg	147	Frederiksberg C	1824	2025	351
Frederiksberg	147	Frederiksberg C	1824	2026	351
Frederiksberg	147	Frederiksberg C	1825	2010	103
Frederiksberg	147	Frederiksberg C	1825	2011	107
Frederiksberg	147	Frederiksberg C	1825	2012	105
Frederiksberg	147	Frederiksberg C	1825	2013	105
Frederiksberg	147	Frederiksberg C	1825	2014	104
Frederiksberg	147	Frederiksberg C	1825	2015	95
Frederiksberg	147	Frederiksberg C	1825	2016	95
Frederiksberg	147	Frederiksberg C	1825	2017	95
Frederiksberg	147	Frederiksberg C	1825	2018	88
Frederiksberg	147	Frederiksberg C	1825	2019	90
Frederiksberg	147	Frederiksberg C	1825	2020	93
Frederiksberg	147	Frederiksberg C	1825	2021	106
Frederiksberg	147	Frederiksberg C	1825	2022	120
Frederiksberg	147	Frederiksberg C	1825	2023	118
Frederiksberg	147	Frederiksberg C	1825	2024	120
Frederiksberg	147	Frederiksberg C	1825	2025	124
Frederiksberg	147	Frederiksberg C	1825	2026	119
Frederiksberg	147	Frederiksberg C	1826	2010	122
Frederiksberg	147	Frederiksberg C	1826	2011	136
Frederiksberg	147	Frederiksberg C	1826	2012	132
Frederiksberg	147	Frederiksberg C	1826	2013	135
Frederiksberg	147	Frederiksberg C	1826	2014	145
Frederiksberg	147	Frederiksberg C	1826	2015	146
Frederiksberg	147	Frederiksberg C	1826	2016	150
Frederiksberg	147	Frederiksberg C	1826	2017	148
Frederiksberg	147	Frederiksberg C	1826	2018	146
Frederiksberg	147	Frederiksberg C	1826	2019	144
Frederiksberg	147	Frederiksberg C	1826	2020	162
Frederiksberg	147	Frederiksberg C	1826	2021	143
Frederiksberg	147	Frederiksberg C	1826	2022	143
Frederiksberg	147	Frederiksberg C	1826	2023	171
Frederiksberg	147	Frederiksberg C	1826	2024	165
Frederiksberg	147	Frederiksberg C	1826	2025	174
Frederiksberg	147	Frederiksberg C	1826	2026	183
Frederiksberg	147	Frederiksberg C	1827	2010	319
Frederiksberg	147	Frederiksberg C	1827	2011	317
Frederiksberg	147	Frederiksberg C	1827	2012	325
Frederiksberg	147	Frederiksberg C	1827	2013	339
Frederiksberg	147	Frederiksberg C	1827	2014	330
Frederiksberg	147	Frederiksberg C	1827	2015	334
Frederiksberg	147	Frederiksberg C	1827	2016	347
Frederiksberg	147	Frederiksberg C	1827	2017	350
Frederiksberg	147	Frederiksberg C	1827	2018	326
Frederiksberg	147	Frederiksberg C	1827	2019	345
Frederiksberg	147	Frederiksberg C	1827	2020	331
Frederiksberg	147	Frederiksberg C	1827	2021	341
Frederiksberg	147	Frederiksberg C	1827	2022	340
Frederiksberg	147	Frederiksberg C	1827	2023	348
Frederiksberg	147	Frederiksberg C	1827	2024	349
Frederiksberg	147	Frederiksberg C	1827	2025	346
Frederiksberg	147	Frederiksberg C	1827	2026	346
Frederiksberg	147	Frederiksberg C	1828	2010	267
Frederiksberg	147	Frederiksberg C	1828	2011	265
Frederiksberg	147	Frederiksberg C	1828	2012	265
Frederiksberg	147	Frederiksberg C	1828	2013	275
Frederiksberg	147	Frederiksberg C	1828	2014	286
Frederiksberg	147	Frederiksberg C	1828	2015	288
Frederiksberg	147	Frederiksberg C	1828	2016	288
Frederiksberg	147	Frederiksberg C	1828	2017	288
Frederiksberg	147	Frederiksberg C	1828	2018	274
Frederiksberg	147	Frederiksberg C	1828	2019	275
Frederiksberg	147	Frederiksberg C	1828	2020	292
Frederiksberg	147	Frederiksberg C	1828	2021	288
Frederiksberg	147	Frederiksberg C	1828	2022	285
Frederiksberg	147	Frederiksberg C	1828	2023	287
Frederiksberg	147	Frederiksberg C	1828	2024	279
Frederiksberg	147	Frederiksberg C	1828	2025	283
Frederiksberg	147	Frederiksberg C	1828	2026	274
Frederiksberg	147	Frederiksberg C	1829	2010	301
Frederiksberg	147	Frederiksberg C	1829	2011	304
Frederiksberg	147	Frederiksberg C	1829	2012	319
Frederiksberg	147	Frederiksberg C	1829	2013	342
Frederiksberg	147	Frederiksberg C	1829	2014	327
Frederiksberg	147	Frederiksberg C	1829	2015	337
Frederiksberg	147	Frederiksberg C	1829	2016	321
Frederiksberg	147	Frederiksberg C	1829	2017	324
Frederiksberg	147	Frederiksberg C	1829	2018	323
Frederiksberg	147	Frederiksberg C	1829	2019	323
Frederiksberg	147	Frederiksberg C	1829	2020	339
Frederiksberg	147	Frederiksberg C	1829	2021	326
Frederiksberg	147	Frederiksberg C	1829	2022	325
Frederiksberg	147	Frederiksberg C	1829	2023	314
Frederiksberg	147	Frederiksberg C	1829	2024	319
Frederiksberg	147	Frederiksberg C	1829	2025	318
Frederiksberg	147	Frederiksberg C	1829	2026	328
Frederiksberg	147	Frederiksberg C	1850	2010	1725
Frederiksberg	147	Frederiksberg C	1850	2011	1758
Frederiksberg	147	Frederiksberg C	1850	2012	1791
Frederiksberg	147	Frederiksberg C	1850	2013	1836
Frederiksberg	147	Frederiksberg C	1850	2014	1858
Frederiksberg	147	Frederiksberg C	1850	2015	1856
Frederiksberg	147	Frederiksberg C	1850	2016	1877
Frederiksberg	147	Frederiksberg C	1850	2017	1878
Frederiksberg	147	Frederiksberg C	1850	2018	1840
Frederiksberg	147	Frederiksberg C	1850	2019	1832
Frederiksberg	147	Frederiksberg C	1850	2020	1815
Frederiksberg	147	Frederiksberg C	1850	2021	1827
Frederiksberg	147	Frederiksberg C	1850	2022	1826
Frederiksberg	147	Frederiksberg C	1850	2023	1832
Frederiksberg	147	Frederiksberg C	1850	2024	1849
Frederiksberg	147	Frederiksberg C	1850	2025	1869
Frederiksberg	147	Frederiksberg C	1850	2026	1812
Frederiksberg	147	Frederiksberg C	1851	2010	391
Frederiksberg	147	Frederiksberg C	1851	2011	399
Frederiksberg	147	Frederiksberg C	1851	2012	414
Frederiksberg	147	Frederiksberg C	1851	2013	426
Frederiksberg	147	Frederiksberg C	1851	2014	435
Frederiksberg	147	Frederiksberg C	1851	2015	420
Frederiksberg	147	Frederiksberg C	1851	2016	427
Frederiksberg	147	Frederiksberg C	1851	2017	420
Frederiksberg	147	Frederiksberg C	1851	2018	408
Frederiksberg	147	Frederiksberg C	1851	2019	403
Frederiksberg	147	Frederiksberg C	1851	2020	402
Frederiksberg	147	Frederiksberg C	1851	2021	417
Frederiksberg	147	Frederiksberg C	1851	2022	420
Frederiksberg	147	Frederiksberg C	1851	2023	413
Frederiksberg	147	Frederiksberg C	1851	2024	421
Frederiksberg	147	Frederiksberg C	1851	2025	423
Frederiksberg	147	Frederiksberg C	1851	2026	408
Frederiksberg	147	Frederiksberg C	1852	2010	171
Frederiksberg	147	Frederiksberg C	1852	2011	183
Frederiksberg	147	Frederiksberg C	1852	2012	181
Frederiksberg	147	Frederiksberg C	1852	2013	175
Frederiksberg	147	Frederiksberg C	1852	2014	197
Frederiksberg	147	Frederiksberg C	1852	2015	224
Frederiksberg	147	Frederiksberg C	1852	2016	215
Frederiksberg	147	Frederiksberg C	1852	2017	223
Frederiksberg	147	Frederiksberg C	1852	2018	217
Frederiksberg	147	Frederiksberg C	1852	2019	230
Frederiksberg	147	Frederiksberg C	1852	2020	225
Frederiksberg	147	Frederiksberg C	1852	2021	225
Frederiksberg	147	Frederiksberg C	1852	2022	224
Frederiksberg	147	Frederiksberg C	1852	2023	207
Frederiksberg	147	Frederiksberg C	1852	2024	211
Frederiksberg	147	Frederiksberg C	1852	2025	203
Frederiksberg	147	Frederiksberg C	1852	2026	193
Frederiksberg	147	Frederiksberg C	1853	2010	312
Frederiksberg	147	Frederiksberg C	1853	2011	323
Frederiksberg	147	Frederiksberg C	1853	2012	327
Frederiksberg	147	Frederiksberg C	1853	2013	324
Frederiksberg	147	Frederiksberg C	1853	2014	343
Frederiksberg	147	Frederiksberg C	1853	2015	356
Frederiksberg	147	Frederiksberg C	1853	2016	356
Frederiksberg	147	Frederiksberg C	1853	2017	374
Frederiksberg	147	Frederiksberg C	1853	2018	355
Frederiksberg	147	Frederiksberg C	1853	2019	344
Frederiksberg	147	Frederiksberg C	1853	2020	349
Frederiksberg	147	Frederiksberg C	1853	2021	356
Frederiksberg	147	Frederiksberg C	1853	2022	362
Frederiksberg	147	Frederiksberg C	1853	2023	364
Frederiksberg	147	Frederiksberg C	1853	2024	363
Frederiksberg	147	Frederiksberg C	1853	2025	354
Frederiksberg	147	Frederiksberg C	1853	2026	345
Frederiksberg	147	Frederiksberg C	1854	2010	287
Frederiksberg	147	Frederiksberg C	1854	2011	285
Frederiksberg	147	Frederiksberg C	1854	2012	286
Frederiksberg	147	Frederiksberg C	1854	2013	292
Frederiksberg	147	Frederiksberg C	1854	2014	290
Frederiksberg	147	Frederiksberg C	1854	2015	276
Frederiksberg	147	Frederiksberg C	1854	2016	274
Frederiksberg	147	Frederiksberg C	1854	2017	292
Frederiksberg	147	Frederiksberg C	1854	2018	278
Frederiksberg	147	Frederiksberg C	1854	2019	275
Frederiksberg	147	Frederiksberg C	1854	2020	277
Frederiksberg	147	Frederiksberg C	1854	2021	289
Frederiksberg	147	Frederiksberg C	1854	2022	276
Frederiksberg	147	Frederiksberg C	1854	2023	274
Frederiksberg	147	Frederiksberg C	1854	2024	279
Frederiksberg	147	Frederiksberg C	1854	2025	278
Frederiksberg	147	Frederiksberg C	1854	2026	279
Frederiksberg	147	Frederiksberg C	1855	2010	391
Frederiksberg	147	Frederiksberg C	1855	2011	395
Frederiksberg	147	Frederiksberg C	1855	2012	417
Frederiksberg	147	Frederiksberg C	1855	2013	420
Frederiksberg	147	Frederiksberg C	1855	2014	422
Frederiksberg	147	Frederiksberg C	1855	2015	416
Frederiksberg	147	Frederiksberg C	1855	2016	408
Frederiksberg	147	Frederiksberg C	1855	2017	414
Frederiksberg	147	Frederiksberg C	1855	2018	384
Frederiksberg	147	Frederiksberg C	1855	2019	402
Frederiksberg	147	Frederiksberg C	1855	2020	406
Frederiksberg	147	Frederiksberg C	1855	2021	401
Frederiksberg	147	Frederiksberg C	1855	2022	417
Frederiksberg	147	Frederiksberg C	1855	2023	408
Frederiksberg	147	Frederiksberg C	1855	2024	405
Frederiksberg	147	Frederiksberg C	1855	2025	418
Frederiksberg	147	Frederiksberg C	1855	2026	415
Frederiksberg	147	Frederiksberg C	1856	2010	112
Frederiksberg	147	Frederiksberg C	1856	2011	109
Frederiksberg	147	Frederiksberg C	1856	2012	116
Frederiksberg	147	Frederiksberg C	1856	2013	117
Frederiksberg	147	Frederiksberg C	1856	2014	127
Frederiksberg	147	Frederiksberg C	1856	2015	123
Frederiksberg	147	Frederiksberg C	1856	2016	120
Frederiksberg	147	Frederiksberg C	1856	2017	118
Frederiksberg	147	Frederiksberg C	1856	2018	118
Frederiksberg	147	Frederiksberg C	1856	2019	117
Frederiksberg	147	Frederiksberg C	1856	2020	117
Frederiksberg	147	Frederiksberg C	1856	2021	129
Frederiksberg	147	Frederiksberg C	1856	2022	134
Frederiksberg	147	Frederiksberg C	1856	2023	126
Frederiksberg	147	Frederiksberg C	1856	2024	120
Frederiksberg	147	Frederiksberg C	1856	2025	111
Frederiksberg	147	Frederiksberg C	1856	2026	112
Frederiksberg	147	Frederiksberg C	1857	2010	61
Frederiksberg	147	Frederiksberg C	1857	2011	58
Frederiksberg	147	Frederiksberg C	1857	2012	69
Frederiksberg	147	Frederiksberg C	1857	2013	66
Frederiksberg	147	Frederiksberg C	1857	2014	72
Frederiksberg	147	Frederiksberg C	1857	2015	68
Frederiksberg	147	Frederiksberg C	1857	2016	68
Frederiksberg	147	Frederiksberg C	1857	2017	68
Frederiksberg	147	Frederiksberg C	1857	2018	60
Frederiksberg	147	Frederiksberg C	1857	2019	59
Frederiksberg	147	Frederiksberg C	1857	2020	55
Frederiksberg	147	Frederiksberg C	1857	2021	67
Frederiksberg	147	Frederiksberg C	1857	2022	63
Frederiksberg	147	Frederiksberg C	1857	2023	55
Frederiksberg	147	Frederiksberg C	1857	2024	63
Frederiksberg	147	Frederiksberg C	1857	2025	62
Frederiksberg	147	Frederiksberg C	1857	2026	57
Frederiksberg	147	Frederiksberg C	1860	2010	192
Frederiksberg	147	Frederiksberg C	1860	2011	208
Frederiksberg	147	Frederiksberg C	1860	2012	208
Frederiksberg	147	Frederiksberg C	1860	2013	235
Frederiksberg	147	Frederiksberg C	1860	2014	240
Frederiksberg	147	Frederiksberg C	1860	2015	243
Frederiksberg	147	Frederiksberg C	1860	2016	245
Frederiksberg	147	Frederiksberg C	1860	2017	246
Frederiksberg	147	Frederiksberg C	1860	2018	241
Frederiksberg	147	Frederiksberg C	1860	2019	215
Frederiksberg	147	Frederiksberg C	1860	2020	226
Frederiksberg	147	Frederiksberg C	1860	2021	217
Frederiksberg	147	Frederiksberg C	1860	2022	221
Frederiksberg	147	Frederiksberg C	1860	2023	226
Frederiksberg	147	Frederiksberg C	1860	2024	227
Frederiksberg	147	Frederiksberg C	1860	2025	222
Frederiksberg	147	Frederiksberg C	1860	2026	230
Frederiksberg	147	Frederiksberg C	1861	2010	182
Frederiksberg	147	Frederiksberg C	1861	2011	187
Frederiksberg	147	Frederiksberg C	1861	2012	193
Frederiksberg	147	Frederiksberg C	1861	2013	193
Frederiksberg	147	Frederiksberg C	1861	2014	193
Frederiksberg	147	Frederiksberg C	1861	2015	198
Frederiksberg	147	Frederiksberg C	1861	2016	203
Frederiksberg	147	Frederiksberg C	1861	2017	213
Frederiksberg	147	Frederiksberg C	1861	2018	200
Frederiksberg	147	Frederiksberg C	1861	2019	199
Frederiksberg	147	Frederiksberg C	1861	2020	201
Frederiksberg	147	Frederiksberg C	1861	2021	200
Frederiksberg	147	Frederiksberg C	1861	2022	180
Frederiksberg	147	Frederiksberg C	1861	2023	186
Frederiksberg	147	Frederiksberg C	1861	2024	184
Frederiksberg	147	Frederiksberg C	1861	2025	195
Frederiksberg	147	Frederiksberg C	1861	2026	188
Frederiksberg	147	Frederiksberg C	1862	2010	131
Frederiksberg	147	Frederiksberg C	1862	2011	127
Frederiksberg	147	Frederiksberg C	1862	2012	129
Frederiksberg	147	Frederiksberg C	1862	2013	127
Frederiksberg	147	Frederiksberg C	1862	2014	145
Frederiksberg	147	Frederiksberg C	1862	2015	147
Frederiksberg	147	Frederiksberg C	1862	2016	156
Frederiksberg	147	Frederiksberg C	1862	2017	155
Frederiksberg	147	Frederiksberg C	1862	2018	144
Frederiksberg	147	Frederiksberg C	1862	2019	141
Frederiksberg	147	Frederiksberg C	1862	2020	151
Frederiksberg	147	Frederiksberg C	1862	2021	144
Frederiksberg	147	Frederiksberg C	1862	2022	143
Frederiksberg	147	Frederiksberg C	1862	2023	140
Frederiksberg	147	Frederiksberg C	1862	2024	138
Frederiksberg	147	Frederiksberg C	1862	2025	131
Frederiksberg	147	Frederiksberg C	1862	2026	135
Frederiksberg	147	Frederiksberg C	1863	2010	99
Frederiksberg	147	Frederiksberg C	1863	2011	106
Frederiksberg	147	Frederiksberg C	1863	2012	102
Frederiksberg	147	Frederiksberg C	1863	2013	103
Frederiksberg	147	Frederiksberg C	1863	2014	106
Frederiksberg	147	Frederiksberg C	1863	2015	105
Frederiksberg	147	Frederiksberg C	1863	2016	101
Frederiksberg	147	Frederiksberg C	1863	2017	98
Frederiksberg	147	Frederiksberg C	1863	2018	109
Frederiksberg	147	Frederiksberg C	1863	2019	105
Frederiksberg	147	Frederiksberg C	1863	2020	108
Frederiksberg	147	Frederiksberg C	1863	2021	104
Frederiksberg	147	Frederiksberg C	1863	2022	99
Frederiksberg	147	Frederiksberg C	1863	2023	96
Frederiksberg	147	Frederiksberg C	1863	2024	96
Frederiksberg	147	Frederiksberg C	1863	2025	93
Frederiksberg	147	Frederiksberg C	1863	2026	95
Frederiksberg	147	Frederiksberg C	1864	2010	552
Frederiksberg	147	Frederiksberg C	1864	2011	577
Frederiksberg	147	Frederiksberg C	1864	2012	587
Frederiksberg	147	Frederiksberg C	1864	2013	604
Frederiksberg	147	Frederiksberg C	1864	2014	610
Frederiksberg	147	Frederiksberg C	1864	2015	603
Frederiksberg	147	Frederiksberg C	1864	2016	634
Frederiksberg	147	Frederiksberg C	1864	2017	652
Frederiksberg	147	Frederiksberg C	1864	2018	633
Frederiksberg	147	Frederiksberg C	1864	2019	630
Frederiksberg	147	Frederiksberg C	1864	2020	661
Frederiksberg	147	Frederiksberg C	1864	2021	618
Frederiksberg	147	Frederiksberg C	1864	2022	588
Frederiksberg	147	Frederiksberg C	1864	2023	584
Frederiksberg	147	Frederiksberg C	1864	2024	620
Frederiksberg	147	Frederiksberg C	1864	2025	616
Frederiksberg	147	Frederiksberg C	1864	2026	618
Frederiksberg	147	Frederiksberg C	1865	2010	72
Frederiksberg	147	Frederiksberg C	1865	2011	75
Frederiksberg	147	Frederiksberg C	1865	2012	75
Frederiksberg	147	Frederiksberg C	1865	2013	82
Frederiksberg	147	Frederiksberg C	1865	2014	81
Frederiksberg	147	Frederiksberg C	1865	2015	80
Frederiksberg	147	Frederiksberg C	1865	2016	73
Frederiksberg	147	Frederiksberg C	1865	2017	79
Frederiksberg	147	Frederiksberg C	1865	2018	81
Frederiksberg	147	Frederiksberg C	1865	2019	87
Frederiksberg	147	Frederiksberg C	1865	2020	81
Frederiksberg	147	Frederiksberg C	1865	2021	75
Frederiksberg	147	Frederiksberg C	1865	2022	78
Frederiksberg	147	Frederiksberg C	1865	2023	79
Frederiksberg	147	Frederiksberg C	1865	2024	71
Frederiksberg	147	Frederiksberg C	1865	2025	71
Frederiksberg	147	Frederiksberg C	1865	2026	67
Frederiksberg	147	Frederiksberg C	1866	2010	185
Frederiksberg	147	Frederiksberg C	1866	2011	185
Frederiksberg	147	Frederiksberg C	1866	2012	182
Frederiksberg	147	Frederiksberg C	1866	2013	202
Frederiksberg	147	Frederiksberg C	1866	2014	203
Frederiksberg	147	Frederiksberg C	1866	2015	211
Frederiksberg	147	Frederiksberg C	1866	2016	208
Frederiksberg	147	Frederiksberg C	1866	2017	199
Frederiksberg	147	Frederiksberg C	1866	2018	200
Frederiksberg	147	Frederiksberg C	1866	2019	200
Frederiksberg	147	Frederiksberg C	1866	2020	190
Frederiksberg	147	Frederiksberg C	1866	2021	190
Frederiksberg	147	Frederiksberg C	1866	2022	197
Frederiksberg	147	Frederiksberg C	1866	2023	189
Frederiksberg	147	Frederiksberg C	1866	2024	181
Frederiksberg	147	Frederiksberg C	1866	2025	183
Frederiksberg	147	Frederiksberg C	1866	2026	184
Frederiksberg	147	Frederiksberg C	1867	2010	19
Frederiksberg	147	Frederiksberg C	1867	2011	15
Frederiksberg	147	Frederiksberg C	1867	2012	23
Frederiksberg	147	Frederiksberg C	1867	2013	16
Frederiksberg	147	Frederiksberg C	1867	2014	19
Frederiksberg	147	Frederiksberg C	1867	2015	19
Frederiksberg	147	Frederiksberg C	1867	2016	18
Frederiksberg	147	Frederiksberg C	1867	2017	16
Frederiksberg	147	Frederiksberg C	1867	2018	25
Frederiksberg	147	Frederiksberg C	1867	2019	27
Frederiksberg	147	Frederiksberg C	1867	2020	17
Frederiksberg	147	Frederiksberg C	1867	2021	16
Frederiksberg	147	Frederiksberg C	1867	2022	22
Frederiksberg	147	Frederiksberg C	1867	2023	25
Frederiksberg	147	Frederiksberg C	1867	2024	23
Frederiksberg	147	Frederiksberg C	1867	2025	17
Frederiksberg	147	Frederiksberg C	1867	2026	19
Frederiksberg	147	Frederiksberg C	1868	2010	248
Frederiksberg	147	Frederiksberg C	1868	2011	257
Frederiksberg	147	Frederiksberg C	1868	2012	257
Frederiksberg	147	Frederiksberg C	1868	2013	268
Frederiksberg	147	Frederiksberg C	1868	2014	273
Frederiksberg	147	Frederiksberg C	1868	2015	268
Frederiksberg	147	Frederiksberg C	1868	2016	269
Frederiksberg	147	Frederiksberg C	1868	2017	282
Frederiksberg	147	Frederiksberg C	1868	2018	269
Frederiksberg	147	Frederiksberg C	1868	2019	271
Frederiksberg	147	Frederiksberg C	1868	2020	266
Frederiksberg	147	Frederiksberg C	1868	2021	277
Frederiksberg	147	Frederiksberg C	1868	2022	270
Frederiksberg	147	Frederiksberg C	1868	2023	260
Frederiksberg	147	Frederiksberg C	1868	2024	277
Frederiksberg	147	Frederiksberg C	1868	2025	268
Frederiksberg	147	Frederiksberg C	1868	2026	264
Frederiksberg	147	Frederiksberg C	1870	2010	518
Frederiksberg	147	Frederiksberg C	1870	2011	515
Frederiksberg	147	Frederiksberg C	1870	2012	565
Frederiksberg	147	Frederiksberg C	1870	2013	585
Frederiksberg	147	Frederiksberg C	1870	2014	583
Frederiksberg	147	Frederiksberg C	1870	2015	588
Frederiksberg	147	Frederiksberg C	1870	2016	610
Frederiksberg	147	Frederiksberg C	1870	2017	578
Frederiksberg	147	Frederiksberg C	1870	2018	623
Frederiksberg	147	Frederiksberg C	1870	2019	630
Frederiksberg	147	Frederiksberg C	1870	2020	620
Frederiksberg	147	Frederiksberg C	1870	2021	602
Frederiksberg	147	Frederiksberg C	1870	2022	621
Frederiksberg	147	Frederiksberg C	1870	2023	655
Frederiksberg	147	Frederiksberg C	1870	2024	681
Frederiksberg	147	Frederiksberg C	1870	2025	948
Frederiksberg	147	Frederiksberg C	1870	2026	1058
Frederiksberg	147	Frederiksberg C	1871	2010	544
Frederiksberg	147	Frederiksberg C	1871	2011	573
Frederiksberg	147	Frederiksberg C	1871	2012	582
Frederiksberg	147	Frederiksberg C	1871	2013	589
Frederiksberg	147	Frederiksberg C	1871	2014	615
Frederiksberg	147	Frederiksberg C	1871	2015	613
Frederiksberg	147	Frederiksberg C	1871	2016	621
Frederiksberg	147	Frederiksberg C	1871	2017	608
Frederiksberg	147	Frederiksberg C	1871	2018	606
Frederiksberg	147	Frederiksberg C	1871	2019	602
Frederiksberg	147	Frederiksberg C	1871	2020	590
Frederiksberg	147	Frederiksberg C	1871	2021	622
Frederiksberg	147	Frederiksberg C	1871	2022	617
Frederiksberg	147	Frederiksberg C	1871	2023	607
Frederiksberg	147	Frederiksberg C	1871	2024	617
Frederiksberg	147	Frederiksberg C	1871	2025	631
Frederiksberg	147	Frederiksberg C	1871	2026	634
Frederiksberg	147	Frederiksberg C	1872	2010	66
Frederiksberg	147	Frederiksberg C	1872	2011	72
Frederiksberg	147	Frederiksberg C	1872	2012	68
Frederiksberg	147	Frederiksberg C	1872	2013	71
Frederiksberg	147	Frederiksberg C	1872	2014	84
Frederiksberg	147	Frederiksberg C	1872	2015	84
Frederiksberg	147	Frederiksberg C	1872	2016	81
Frederiksberg	147	Frederiksberg C	1872	2017	72
Frederiksberg	147	Frederiksberg C	1872	2018	73
Frederiksberg	147	Frederiksberg C	1872	2019	78
Frederiksberg	147	Frederiksberg C	1872	2020	76
Frederiksberg	147	Frederiksberg C	1872	2021	79
Frederiksberg	147	Frederiksberg C	1872	2022	79
Frederiksberg	147	Frederiksberg C	1872	2023	80
Frederiksberg	147	Frederiksberg C	1872	2024	80
Frederiksberg	147	Frederiksberg C	1872	2025	84
Frederiksberg	147	Frederiksberg C	1872	2026	82
Frederiksberg	147	Frederiksberg C	1873	2010	44
Frederiksberg	147	Frederiksberg C	1873	2011	41
Frederiksberg	147	Frederiksberg C	1873	2012	25
Frederiksberg	147	Frederiksberg C	1873	2013	26
Frederiksberg	147	Frederiksberg C	1873	2014	29
Frederiksberg	147	Frederiksberg C	1873	2015	36
Frederiksberg	147	Frederiksberg C	1873	2016	35
Frederiksberg	147	Frederiksberg C	1873	2017	35
Frederiksberg	147	Frederiksberg C	1873	2018	35
Frederiksberg	147	Frederiksberg C	1873	2019	33
Frederiksberg	147	Frederiksberg C	1873	2020	33
Frederiksberg	147	Frederiksberg C	1873	2021	36
Frederiksberg	147	Frederiksberg C	1873	2022	37
Frederiksberg	147	Frederiksberg C	1873	2023	38
Frederiksberg	147	Frederiksberg C	1873	2024	39
Frederiksberg	147	Frederiksberg C	1873	2025	38
Frederiksberg	147	Frederiksberg C	1873	2026	32
Frederiksberg	147	Frederiksberg C	1874	2010	424
Frederiksberg	147	Frederiksberg C	1874	2011	423
Frederiksberg	147	Frederiksberg C	1874	2012	433
Frederiksberg	147	Frederiksberg C	1874	2013	443
Frederiksberg	147	Frederiksberg C	1874	2014	448
Frederiksberg	147	Frederiksberg C	1874	2015	449
Frederiksberg	147	Frederiksberg C	1874	2016	454
Frederiksberg	147	Frederiksberg C	1874	2017	450
Frederiksberg	147	Frederiksberg C	1874	2018	453
Frederiksberg	147	Frederiksberg C	1874	2019	465
Frederiksberg	147	Frederiksberg C	1874	2020	474
Frederiksberg	147	Frederiksberg C	1874	2021	464
Frederiksberg	147	Frederiksberg C	1874	2022	457
Frederiksberg	147	Frederiksberg C	1874	2023	455
Frederiksberg	147	Frederiksberg C	1874	2024	458
Frederiksberg	147	Frederiksberg C	1874	2025	450
Frederiksberg	147	Frederiksberg C	1874	2026	454
Frederiksberg	147	Frederiksberg C	1875	2010	228
Frederiksberg	147	Frederiksberg C	1875	2011	246
Frederiksberg	147	Frederiksberg C	1875	2012	251
Frederiksberg	147	Frederiksberg C	1875	2013	231
Frederiksberg	147	Frederiksberg C	1875	2014	233
Frederiksberg	147	Frederiksberg C	1875	2015	226
Frederiksberg	147	Frederiksberg C	1875	2016	239
Frederiksberg	147	Frederiksberg C	1875	2017	246
Frederiksberg	147	Frederiksberg C	1875	2018	243
Frederiksberg	147	Frederiksberg C	1875	2019	234
Frederiksberg	147	Frederiksberg C	1875	2020	227
Frederiksberg	147	Frederiksberg C	1875	2021	228
Frederiksberg	147	Frederiksberg C	1875	2022	229
Frederiksberg	147	Frederiksberg C	1875	2023	223
Frederiksberg	147	Frederiksberg C	1875	2024	225
Frederiksberg	147	Frederiksberg C	1875	2025	234
Frederiksberg	147	Frederiksberg C	1875	2026	239
Frederiksberg	147	Frederiksberg C	1876	2010	102
Frederiksberg	147	Frederiksberg C	1876	2011	107
Frederiksberg	147	Frederiksberg C	1876	2012	111
Frederiksberg	147	Frederiksberg C	1876	2013	109
Frederiksberg	147	Frederiksberg C	1876	2014	111
Frederiksberg	147	Frederiksberg C	1876	2015	119
Frederiksberg	147	Frederiksberg C	1876	2016	107
Frederiksberg	147	Frederiksberg C	1876	2017	113
Frederiksberg	147	Frederiksberg C	1876	2018	118
Frederiksberg	147	Frederiksberg C	1876	2019	117
Frederiksberg	147	Frederiksberg C	1876	2020	105
Frederiksberg	147	Frederiksberg C	1876	2021	107
Frederiksberg	147	Frederiksberg C	1876	2022	114
Frederiksberg	147	Frederiksberg C	1876	2023	112
Frederiksberg	147	Frederiksberg C	1876	2024	108
Frederiksberg	147	Frederiksberg C	1876	2025	102
Frederiksberg	147	Frederiksberg C	1876	2026	98
Frederiksberg	147	Frederiksberg C	1877	2010	61
Frederiksberg	147	Frederiksberg C	1877	2011	64
Frederiksberg	147	Frederiksberg C	1877	2012	66
Frederiksberg	147	Frederiksberg C	1877	2013	64
Frederiksberg	147	Frederiksberg C	1877	2014	67
Frederiksberg	147	Frederiksberg C	1877	2015	65
Frederiksberg	147	Frederiksberg C	1877	2016	63
Frederiksberg	147	Frederiksberg C	1877	2017	57
Frederiksberg	147	Frederiksberg C	1877	2018	61
Frederiksberg	147	Frederiksberg C	1877	2019	63
Frederiksberg	147	Frederiksberg C	1877	2020	60
Frederiksberg	147	Frederiksberg C	1877	2021	57
Frederiksberg	147	Frederiksberg C	1877	2022	58
Frederiksberg	147	Frederiksberg C	1877	2023	62
Frederiksberg	147	Frederiksberg C	1877	2024	51
Frederiksberg	147	Frederiksberg C	1877	2025	50
Frederiksberg	147	Frederiksberg C	1877	2026	47
Frederiksberg	147	Frederiksberg C	1878	2010	94
Frederiksberg	147	Frederiksberg C	1878	2011	91
Frederiksberg	147	Frederiksberg C	1878	2012	95
Frederiksberg	147	Frederiksberg C	1878	2013	101
Frederiksberg	147	Frederiksberg C	1878	2014	102
Frederiksberg	147	Frederiksberg C	1878	2015	102
Frederiksberg	147	Frederiksberg C	1878	2016	98
Frederiksberg	147	Frederiksberg C	1878	2017	102
Frederiksberg	147	Frederiksberg C	1878	2018	101
Frederiksberg	147	Frederiksberg C	1878	2019	100
Frederiksberg	147	Frederiksberg C	1878	2020	93
Frederiksberg	147	Frederiksberg C	1878	2021	87
Frederiksberg	147	Frederiksberg C	1878	2022	89
Frederiksberg	147	Frederiksberg C	1878	2023	89
Frederiksberg	147	Frederiksberg C	1878	2024	88
Frederiksberg	147	Frederiksberg C	1878	2025	85
Frederiksberg	147	Frederiksberg C	1878	2026	94
Frederiksberg	147	Frederiksberg C	1879	2010	1325
Frederiksberg	147	Frederiksberg C	1879	2011	1353
Frederiksberg	147	Frederiksberg C	1879	2012	1389
Frederiksberg	147	Frederiksberg C	1879	2013	1437
Frederiksberg	147	Frederiksberg C	1879	2014	1486
Frederiksberg	147	Frederiksberg C	1879	2015	1485
Frederiksberg	147	Frederiksberg C	1879	2016	1485
Frederiksberg	147	Frederiksberg C	1879	2017	1522
Frederiksberg	147	Frederiksberg C	1879	2018	1485
Frederiksberg	147	Frederiksberg C	1879	2019	1498
Frederiksberg	147	Frederiksberg C	1879	2020	1536
Frederiksberg	147	Frederiksberg C	1879	2021	1505
Frederiksberg	147	Frederiksberg C	1879	2022	1497
Frederiksberg	147	Frederiksberg C	1879	2023	1512
Frederiksberg	147	Frederiksberg C	1879	2024	1557
Frederiksberg	147	Frederiksberg C	1879	2025	1537
Frederiksberg	147	Frederiksberg C	1879	2026	1521
Frederiksberg	147	Frederiksberg C	1900	2010	981
Frederiksberg	147	Frederiksberg C	1900	2011	978
Frederiksberg	147	Frederiksberg C	1900	2012	985
Frederiksberg	147	Frederiksberg C	1900	2013	990
Frederiksberg	147	Frederiksberg C	1900	2014	987
Frederiksberg	147	Frederiksberg C	1900	2015	994
Frederiksberg	147	Frederiksberg C	1900	2016	986
Frederiksberg	147	Frederiksberg C	1900	2017	1017
Frederiksberg	147	Frederiksberg C	1900	2018	1037
Frederiksberg	147	Frederiksberg C	1900	2019	1023
Frederiksberg	147	Frederiksberg C	1900	2020	1007
Frederiksberg	147	Frederiksberg C	1900	2021	971
Frederiksberg	147	Frederiksberg C	1900	2022	986
Frederiksberg	147	Frederiksberg C	1900	2023	984
Frederiksberg	147	Frederiksberg C	1900	2024	991
Frederiksberg	147	Frederiksberg C	1900	2025	965
Frederiksberg	147	Frederiksberg C	1900	2026	966
Frederiksberg	147	Frederiksberg C	1901	2010	32
Frederiksberg	147	Frederiksberg C	1901	2011	32
Frederiksberg	147	Frederiksberg C	1901	2012	33
Frederiksberg	147	Frederiksberg C	1901	2013	37
Frederiksberg	147	Frederiksberg C	1901	2014	34
Frederiksberg	147	Frederiksberg C	1901	2015	36
Frederiksberg	147	Frederiksberg C	1901	2016	33
Frederiksberg	147	Frederiksberg C	1901	2017	32
Frederiksberg	147	Frederiksberg C	1901	2018	35
Frederiksberg	147	Frederiksberg C	1901	2019	32
Frederiksberg	147	Frederiksberg C	1901	2020	26
Frederiksberg	147	Frederiksberg C	1901	2021	34
Frederiksberg	147	Frederiksberg C	1901	2022	32
Frederiksberg	147	Frederiksberg C	1901	2023	33
Frederiksberg	147	Frederiksberg C	1901	2024	33
Frederiksberg	147	Frederiksberg C	1901	2025	33
Frederiksberg	147	Frederiksberg C	1901	2026	33
Frederiksberg	147	Frederiksberg C	1902	2010	802
Frederiksberg	147	Frederiksberg C	1902	2011	804
Frederiksberg	147	Frederiksberg C	1902	2012	828
Frederiksberg	147	Frederiksberg C	1902	2013	847
Frederiksberg	147	Frederiksberg C	1902	2014	840
Frederiksberg	147	Frederiksberg C	1902	2015	852
Frederiksberg	147	Frederiksberg C	1902	2016	839
Frederiksberg	147	Frederiksberg C	1902	2017	849
Frederiksberg	147	Frederiksberg C	1902	2018	840
Frederiksberg	147	Frederiksberg C	1902	2019	835
Frederiksberg	147	Frederiksberg C	1902	2020	813
Frederiksberg	147	Frederiksberg C	1902	2021	797
Frederiksberg	147	Frederiksberg C	1902	2022	782
Frederiksberg	147	Frederiksberg C	1902	2023	802
Frederiksberg	147	Frederiksberg C	1902	2024	819
Frederiksberg	147	Frederiksberg C	1902	2025	818
Frederiksberg	147	Frederiksberg C	1902	2026	830
Frederiksberg	147	Frederiksberg C	1903	2010	315
Frederiksberg	147	Frederiksberg C	1903	2011	325
Frederiksberg	147	Frederiksberg C	1903	2012	329
Frederiksberg	147	Frederiksberg C	1903	2013	327
Frederiksberg	147	Frederiksberg C	1903	2014	343
Frederiksberg	147	Frederiksberg C	1903	2015	352
Frederiksberg	147	Frederiksberg C	1903	2016	368
Frederiksberg	147	Frederiksberg C	1903	2017	354
Frederiksberg	147	Frederiksberg C	1903	2018	363
Frederiksberg	147	Frederiksberg C	1903	2019	361
Frederiksberg	147	Frederiksberg C	1903	2020	336
Frederiksberg	147	Frederiksberg C	1903	2021	332
Frederiksberg	147	Frederiksberg C	1903	2022	315
Frederiksberg	147	Frederiksberg C	1903	2023	326
Frederiksberg	147	Frederiksberg C	1903	2024	337
Frederiksberg	147	Frederiksberg C	1903	2025	338
Frederiksberg	147	Frederiksberg C	1903	2026	335
Frederiksberg	147	Frederiksberg C	1904	2010	740
Frederiksberg	147	Frederiksberg C	1904	2011	791
Frederiksberg	147	Frederiksberg C	1904	2012	786
Frederiksberg	147	Frederiksberg C	1904	2013	796
Frederiksberg	147	Frederiksberg C	1904	2014	805
Frederiksberg	147	Frederiksberg C	1904	2015	826
Frederiksberg	147	Frederiksberg C	1904	2016	831
Frederiksberg	147	Frederiksberg C	1904	2017	863
Frederiksberg	147	Frederiksberg C	1904	2018	866
Frederiksberg	147	Frederiksberg C	1904	2019	827
Frederiksberg	147	Frederiksberg C	1904	2020	815
Frederiksberg	147	Frederiksberg C	1904	2021	822
Frederiksberg	147	Frederiksberg C	1904	2022	809
Frederiksberg	147	Frederiksberg C	1904	2023	784
Frederiksberg	147	Frederiksberg C	1904	2024	799
Frederiksberg	147	Frederiksberg C	1904	2025	774
Frederiksberg	147	Frederiksberg C	1904	2026	767
Frederiksberg	147	Frederiksberg C	1905	2010	265
Frederiksberg	147	Frederiksberg C	1905	2011	271
Frederiksberg	147	Frederiksberg C	1905	2012	270
Frederiksberg	147	Frederiksberg C	1905	2013	273
Frederiksberg	147	Frederiksberg C	1905	2014	273
Frederiksberg	147	Frederiksberg C	1905	2015	276
Frederiksberg	147	Frederiksberg C	1905	2016	280
Frederiksberg	147	Frederiksberg C	1905	2017	287
Frederiksberg	147	Frederiksberg C	1905	2018	275
Frederiksberg	147	Frederiksberg C	1905	2019	283
Frederiksberg	147	Frederiksberg C	1905	2020	274
Frederiksberg	147	Frederiksberg C	1905	2021	267
Frederiksberg	147	Frederiksberg C	1905	2022	271
Frederiksberg	147	Frederiksberg C	1905	2023	269
Frederiksberg	147	Frederiksberg C	1905	2024	259
Frederiksberg	147	Frederiksberg C	1905	2025	256
Frederiksberg	147	Frederiksberg C	1905	2026	246
Frederiksberg	147	Frederiksberg C	1906	2010	142
Frederiksberg	147	Frederiksberg C	1906	2011	142
Frederiksberg	147	Frederiksberg C	1906	2012	144
Frederiksberg	147	Frederiksberg C	1906	2013	142
Frederiksberg	147	Frederiksberg C	1906	2014	151
Frederiksberg	147	Frederiksberg C	1906	2015	149
Frederiksberg	147	Frederiksberg C	1906	2016	144
Frederiksberg	147	Frederiksberg C	1906	2017	143
Frederiksberg	147	Frederiksberg C	1906	2018	142
Frederiksberg	147	Frederiksberg C	1906	2019	137
Frederiksberg	147	Frederiksberg C	1906	2020	141
Frederiksberg	147	Frederiksberg C	1906	2021	141
Frederiksberg	147	Frederiksberg C	1906	2022	143
Frederiksberg	147	Frederiksberg C	1906	2023	139
Frederiksberg	147	Frederiksberg C	1906	2024	139
Frederiksberg	147	Frederiksberg C	1906	2025	143
Frederiksberg	147	Frederiksberg C	1906	2026	138
Frederiksberg	147	Frederiksberg C	1908	2010	261
Frederiksberg	147	Frederiksberg C	1908	2011	259
Frederiksberg	147	Frederiksberg C	1908	2012	267
Frederiksberg	147	Frederiksberg C	1908	2013	276
Frederiksberg	147	Frederiksberg C	1908	2014	276
Frederiksberg	147	Frederiksberg C	1908	2015	277
Frederiksberg	147	Frederiksberg C	1908	2016	282
Frederiksberg	147	Frederiksberg C	1908	2017	278
Frederiksberg	147	Frederiksberg C	1908	2018	268
Frederiksberg	147	Frederiksberg C	1908	2019	280
Frederiksberg	147	Frederiksberg C	1908	2020	285
Frederiksberg	147	Frederiksberg C	1908	2021	293
Frederiksberg	147	Frederiksberg C	1908	2022	285
Frederiksberg	147	Frederiksberg C	1908	2023	285
Frederiksberg	147	Frederiksberg C	1908	2024	286
Frederiksberg	147	Frederiksberg C	1908	2025	293
Frederiksberg	147	Frederiksberg C	1908	2026	292
Frederiksberg	147	Frederiksberg C	1909	2010	842
Frederiksberg	147	Frederiksberg C	1909	2011	826
Frederiksberg	147	Frederiksberg C	1909	2012	816
Frederiksberg	147	Frederiksberg C	1909	2013	829
Frederiksberg	147	Frederiksberg C	1909	2014	840
Frederiksberg	147	Frederiksberg C	1909	2015	829
Frederiksberg	147	Frederiksberg C	1909	2016	845
Frederiksberg	147	Frederiksberg C	1909	2017	847
Frederiksberg	147	Frederiksberg C	1909	2018	835
Frederiksberg	147	Frederiksberg C	1909	2019	829
Frederiksberg	147	Frederiksberg C	1909	2020	815
Frederiksberg	147	Frederiksberg C	1909	2021	812
Frederiksberg	147	Frederiksberg C	1909	2022	791
Frederiksberg	147	Frederiksberg C	1909	2023	806
Frederiksberg	147	Frederiksberg C	1909	2024	782
Frederiksberg	147	Frederiksberg C	1909	2025	784
Frederiksberg	147	Frederiksberg C	1909	2026	774
Frederiksberg	147	Frederiksberg C	1910	2010	156
Frederiksberg	147	Frederiksberg C	1910	2011	153
Frederiksberg	147	Frederiksberg C	1910	2012	150
Frederiksberg	147	Frederiksberg C	1910	2013	156
Frederiksberg	147	Frederiksberg C	1910	2014	152
Frederiksberg	147	Frederiksberg C	1910	2015	161
Frederiksberg	147	Frederiksberg C	1910	2016	158
Frederiksberg	147	Frederiksberg C	1910	2017	168
Frederiksberg	147	Frederiksberg C	1910	2018	194
Frederiksberg	147	Frederiksberg C	1910	2019	190
Frederiksberg	147	Frederiksberg C	1910	2020	202
Frederiksberg	147	Frederiksberg C	1910	2021	181
Frederiksberg	147	Frederiksberg C	1910	2022	193
Frederiksberg	147	Frederiksberg C	1910	2023	209
Frederiksberg	147	Frederiksberg C	1910	2024	215
Frederiksberg	147	Frederiksberg C	1910	2025	250
Frederiksberg	147	Frederiksberg C	1910	2026	257
Frederiksberg	147	Frederiksberg C	1911	2010	405
Frederiksberg	147	Frederiksberg C	1911	2011	414
Frederiksberg	147	Frederiksberg C	1911	2012	410
Frederiksberg	147	Frederiksberg C	1911	2013	433
Frederiksberg	147	Frederiksberg C	1911	2014	455
Frederiksberg	147	Frederiksberg C	1911	2015	461
Frederiksberg	147	Frederiksberg C	1911	2016	442
Frederiksberg	147	Frederiksberg C	1911	2017	448
Frederiksberg	147	Frederiksberg C	1911	2018	449
Frederiksberg	147	Frederiksberg C	1911	2019	430
Frederiksberg	147	Frederiksberg C	1911	2020	429
Frederiksberg	147	Frederiksberg C	1911	2021	407
Frederiksberg	147	Frederiksberg C	1911	2022	390
Frederiksberg	147	Frederiksberg C	1911	2023	384
Frederiksberg	147	Frederiksberg C	1911	2024	390
Frederiksberg	147	Frederiksberg C	1911	2025	397
Frederiksberg	147	Frederiksberg C	1911	2026	402
Frederiksberg	147	Frederiksberg C	1912	2010	135
Frederiksberg	147	Frederiksberg C	1912	2011	134
Frederiksberg	147	Frederiksberg C	1912	2012	138
Frederiksberg	147	Frederiksberg C	1912	2013	138
Frederiksberg	147	Frederiksberg C	1912	2014	152
Frederiksberg	147	Frederiksberg C	1912	2015	159
Frederiksberg	147	Frederiksberg C	1912	2016	147
Frederiksberg	147	Frederiksberg C	1912	2017	157
Frederiksberg	147	Frederiksberg C	1912	2018	258
Frederiksberg	147	Frederiksberg C	1912	2019	272
Frederiksberg	147	Frederiksberg C	1912	2020	276
Frederiksberg	147	Frederiksberg C	1912	2021	279
Frederiksberg	147	Frederiksberg C	1912	2022	267
Frederiksberg	147	Frederiksberg C	1912	2023	267
Frederiksberg	147	Frederiksberg C	1912	2024	262
Frederiksberg	147	Frederiksberg C	1912	2025	279
Frederiksberg	147	Frederiksberg C	1912	2026	270
Frederiksberg	147	Frederiksberg C	1913	2010	187
Frederiksberg	147	Frederiksberg C	1913	2011	199
Frederiksberg	147	Frederiksberg C	1913	2012	187
Frederiksberg	147	Frederiksberg C	1913	2013	184
Frederiksberg	147	Frederiksberg C	1913	2014	192
Frederiksberg	147	Frederiksberg C	1913	2015	194
Frederiksberg	147	Frederiksberg C	1913	2016	199
Frederiksberg	147	Frederiksberg C	1913	2017	200
Frederiksberg	147	Frederiksberg C	1913	2018	214
Frederiksberg	147	Frederiksberg C	1913	2019	209
Frederiksberg	147	Frederiksberg C	1913	2020	210
Frederiksberg	147	Frederiksberg C	1913	2021	211
Frederiksberg	147	Frederiksberg C	1913	2022	215
Frederiksberg	147	Frederiksberg C	1913	2023	215
Frederiksberg	147	Frederiksberg C	1913	2024	221
Frederiksberg	147	Frederiksberg C	1913	2025	221
Frederiksberg	147	Frederiksberg C	1913	2026	220
Frederiksberg	147	Frederiksberg C	1914	2010	129
Frederiksberg	147	Frederiksberg C	1914	2011	144
Frederiksberg	147	Frederiksberg C	1914	2012	148
Frederiksberg	147	Frederiksberg C	1914	2013	147
Frederiksberg	147	Frederiksberg C	1914	2014	149
Frederiksberg	147	Frederiksberg C	1914	2015	148
Frederiksberg	147	Frederiksberg C	1914	2016	157
Frederiksberg	147	Frederiksberg C	1914	2017	155
Frederiksberg	147	Frederiksberg C	1914	2018	155
Frederiksberg	147	Frederiksberg C	1914	2019	148
Frederiksberg	147	Frederiksberg C	1914	2020	138
Frederiksberg	147	Frederiksberg C	1914	2021	141
Frederiksberg	147	Frederiksberg C	1914	2022	134
Frederiksberg	147	Frederiksberg C	1914	2023	135
Frederiksberg	147	Frederiksberg C	1914	2024	134
Frederiksberg	147	Frederiksberg C	1914	2025	138
Frederiksberg	147	Frederiksberg C	1914	2026	148
Frederiksberg	147	Frederiksberg C	1915	2010	332
Frederiksberg	147	Frederiksberg C	1915	2011	344
Frederiksberg	147	Frederiksberg C	1915	2012	358
Frederiksberg	147	Frederiksberg C	1915	2013	360
Frederiksberg	147	Frederiksberg C	1915	2014	348
Frederiksberg	147	Frederiksberg C	1915	2015	352
Frederiksberg	147	Frederiksberg C	1915	2016	363
Frederiksberg	147	Frederiksberg C	1915	2017	358
Frederiksberg	147	Frederiksberg C	1915	2018	357
Frederiksberg	147	Frederiksberg C	1915	2019	367
Frederiksberg	147	Frederiksberg C	1915	2020	351
Frederiksberg	147	Frederiksberg C	1915	2021	339
Frederiksberg	147	Frederiksberg C	1915	2022	350
Frederiksberg	147	Frederiksberg C	1915	2023	347
Frederiksberg	147	Frederiksberg C	1915	2024	337
Frederiksberg	147	Frederiksberg C	1915	2025	330
Frederiksberg	147	Frederiksberg C	1915	2026	337
Frederiksberg	147	Frederiksberg C	1916	2010	137
Frederiksberg	147	Frederiksberg C	1916	2011	129
Frederiksberg	147	Frederiksberg C	1916	2012	149
Frederiksberg	147	Frederiksberg C	1916	2013	149
Frederiksberg	147	Frederiksberg C	1916	2014	156
Frederiksberg	147	Frederiksberg C	1916	2015	159
Frederiksberg	147	Frederiksberg C	1916	2016	153
Frederiksberg	147	Frederiksberg C	1916	2017	153
Frederiksberg	147	Frederiksberg C	1916	2018	175
Frederiksberg	147	Frederiksberg C	1916	2019	181
Frederiksberg	147	Frederiksberg C	1916	2020	186
Frederiksberg	147	Frederiksberg C	1916	2021	187
Frederiksberg	147	Frederiksberg C	1916	2022	189
Frederiksberg	147	Frederiksberg C	1916	2023	179
Frederiksberg	147	Frederiksberg C	1916	2024	178
Frederiksberg	147	Frederiksberg C	1916	2025	173
Frederiksberg	147	Frederiksberg C	1916	2026	165
Frederiksberg	147	Frederiksberg C	1917	2010	124
Frederiksberg	147	Frederiksberg C	1917	2011	127
Frederiksberg	147	Frederiksberg C	1917	2012	129
Frederiksberg	147	Frederiksberg C	1917	2013	128
Frederiksberg	147	Frederiksberg C	1917	2014	120
Frederiksberg	147	Frederiksberg C	1917	2015	125
Frederiksberg	147	Frederiksberg C	1917	2016	133
Frederiksberg	147	Frederiksberg C	1917	2017	134
Frederiksberg	147	Frederiksberg C	1917	2018	136
Frederiksberg	147	Frederiksberg C	1917	2019	137
Frederiksberg	147	Frederiksberg C	1917	2020	129
Frederiksberg	147	Frederiksberg C	1917	2021	129
Frederiksberg	147	Frederiksberg C	1917	2022	130
Frederiksberg	147	Frederiksberg C	1917	2023	126
Frederiksberg	147	Frederiksberg C	1917	2024	124
Frederiksberg	147	Frederiksberg C	1917	2025	128
Frederiksberg	147	Frederiksberg C	1917	2026	119
Frederiksberg	147	Frederiksberg C	1920	2010	452
Frederiksberg	147	Frederiksberg C	1920	2011	471
Frederiksberg	147	Frederiksberg C	1920	2012	481
Frederiksberg	147	Frederiksberg C	1920	2013	506
Frederiksberg	147	Frederiksberg C	1920	2014	504
Frederiksberg	147	Frederiksberg C	1920	2015	495
Frederiksberg	147	Frederiksberg C	1920	2016	515
Frederiksberg	147	Frederiksberg C	1920	2017	527
Frederiksberg	147	Frederiksberg C	1920	2018	509
Frederiksberg	147	Frederiksberg C	1920	2019	507
Frederiksberg	147	Frederiksberg C	1920	2020	507
Frederiksberg	147	Frederiksberg C	1920	2021	514
Frederiksberg	147	Frederiksberg C	1920	2022	519
Frederiksberg	147	Frederiksberg C	1920	2023	520
Frederiksberg	147	Frederiksberg C	1920	2024	525
Frederiksberg	147	Frederiksberg C	1920	2025	508
Frederiksberg	147	Frederiksberg C	1920	2026	512
Frederiksberg	147	Frederiksberg C	1921	2010	68
Frederiksberg	147	Frederiksberg C	1921	2011	64
Frederiksberg	147	Frederiksberg C	1921	2012	68
Frederiksberg	147	Frederiksberg C	1921	2013	70
Frederiksberg	147	Frederiksberg C	1921	2014	87
Frederiksberg	147	Frederiksberg C	1921	2015	88
Frederiksberg	147	Frederiksberg C	1921	2016	84
Frederiksberg	147	Frederiksberg C	1921	2017	83
Frederiksberg	147	Frederiksberg C	1921	2018	76
Frederiksberg	147	Frederiksberg C	1921	2019	73
Frederiksberg	147	Frederiksberg C	1921	2020	78
Frederiksberg	147	Frederiksberg C	1921	2021	71
Frederiksberg	147	Frederiksberg C	1921	2022	77
Frederiksberg	147	Frederiksberg C	1921	2023	71
Frederiksberg	147	Frederiksberg C	1921	2024	77
Frederiksberg	147	Frederiksberg C	1921	2025	74
Frederiksberg	147	Frederiksberg C	1921	2026	75
Frederiksberg	147	Frederiksberg C	1922	2010	101
Frederiksberg	147	Frederiksberg C	1922	2011	99
Frederiksberg	147	Frederiksberg C	1922	2012	90
Frederiksberg	147	Frederiksberg C	1922	2013	92
Frederiksberg	147	Frederiksberg C	1922	2014	90
Frederiksberg	147	Frederiksberg C	1922	2015	93
Frederiksberg	147	Frederiksberg C	1922	2016	97
Frederiksberg	147	Frederiksberg C	1922	2017	98
Frederiksberg	147	Frederiksberg C	1922	2018	103
Frederiksberg	147	Frederiksberg C	1922	2019	97
Frederiksberg	147	Frederiksberg C	1922	2020	99
Frederiksberg	147	Frederiksberg C	1922	2021	101
Frederiksberg	147	Frederiksberg C	1922	2022	97
Frederiksberg	147	Frederiksberg C	1922	2023	95
Frederiksberg	147	Frederiksberg C	1922	2024	91
Frederiksberg	147	Frederiksberg C	1922	2025	96
Frederiksberg	147	Frederiksberg C	1922	2026	96
Frederiksberg	147	Frederiksberg C	1923	2010	213
Frederiksberg	147	Frederiksberg C	1923	2011	212
Frederiksberg	147	Frederiksberg C	1923	2012	216
Frederiksberg	147	Frederiksberg C	1923	2013	217
Frederiksberg	147	Frederiksberg C	1923	2014	221
Frederiksberg	147	Frederiksberg C	1923	2015	216
Frederiksberg	147	Frederiksberg C	1923	2016	225
Frederiksberg	147	Frederiksberg C	1923	2017	221
Frederiksberg	147	Frederiksberg C	1923	2018	225
Frederiksberg	147	Frederiksberg C	1923	2019	217
Frederiksberg	147	Frederiksberg C	1923	2020	226
Frederiksberg	147	Frederiksberg C	1923	2021	231
Frederiksberg	147	Frederiksberg C	1923	2022	221
Frederiksberg	147	Frederiksberg C	1923	2023	210
Frederiksberg	147	Frederiksberg C	1923	2024	206
Frederiksberg	147	Frederiksberg C	1923	2025	224
Frederiksberg	147	Frederiksberg C	1923	2026	227
Frederiksberg	147	Frederiksberg C	1924	2010	181
Frederiksberg	147	Frederiksberg C	1924	2011	187
Frederiksberg	147	Frederiksberg C	1924	2012	193
Frederiksberg	147	Frederiksberg C	1924	2013	193
Frederiksberg	147	Frederiksberg C	1924	2014	194
Frederiksberg	147	Frederiksberg C	1924	2015	188
Frederiksberg	147	Frederiksberg C	1924	2016	192
Frederiksberg	147	Frederiksberg C	1924	2017	195
Frederiksberg	147	Frederiksberg C	1924	2018	176
Frederiksberg	147	Frederiksberg C	1924	2019	178
Frederiksberg	147	Frederiksberg C	1924	2020	180
Frederiksberg	147	Frederiksberg C	1924	2021	168
Frederiksberg	147	Frederiksberg C	1924	2022	167
Frederiksberg	147	Frederiksberg C	1924	2023	171
Frederiksberg	147	Frederiksberg C	1924	2024	173
Frederiksberg	147	Frederiksberg C	1924	2025	172
Frederiksberg	147	Frederiksberg C	1924	2026	177
Frederiksberg	147	Frederiksberg C	1925	2010	38
Frederiksberg	147	Frederiksberg C	1925	2011	46
Frederiksberg	147	Frederiksberg C	1925	2012	45
Frederiksberg	147	Frederiksberg C	1925	2013	49
Frederiksberg	147	Frederiksberg C	1925	2014	49
Frederiksberg	147	Frederiksberg C	1925	2015	45
Frederiksberg	147	Frederiksberg C	1925	2016	46
Frederiksberg	147	Frederiksberg C	1925	2017	42
Frederiksberg	147	Frederiksberg C	1925	2018	45
Frederiksberg	147	Frederiksberg C	1925	2019	45
Frederiksberg	147	Frederiksberg C	1925	2020	44
Frederiksberg	147	Frederiksberg C	1925	2021	41
Frederiksberg	147	Frederiksberg C	1925	2022	41
Frederiksberg	147	Frederiksberg C	1925	2023	39
Frederiksberg	147	Frederiksberg C	1925	2024	37
Frederiksberg	147	Frederiksberg C	1925	2025	40
Frederiksberg	147	Frederiksberg C	1925	2026	37
Frederiksberg	147	Frederiksberg C	1926	2010	23
Frederiksberg	147	Frederiksberg C	1926	2011	26
Frederiksberg	147	Frederiksberg C	1926	2012	31
Frederiksberg	147	Frederiksberg C	1926	2013	31
Frederiksberg	147	Frederiksberg C	1926	2014	32
Frederiksberg	147	Frederiksberg C	1926	2015	30
Frederiksberg	147	Frederiksberg C	1926	2016	26
Frederiksberg	147	Frederiksberg C	1926	2017	32
Frederiksberg	147	Frederiksberg C	1926	2018	24
Frederiksberg	147	Frederiksberg C	1926	2019	21
Frederiksberg	147	Frederiksberg C	1926	2020	26
Frederiksberg	147	Frederiksberg C	1926	2021	21
Frederiksberg	147	Frederiksberg C	1926	2022	14
Frederiksberg	147	Frederiksberg C	1926	2023	37
Frederiksberg	147	Frederiksberg C	1926	2024	37
Frederiksberg	147	Frederiksberg C	1926	2025	34
Frederiksberg	147	Frederiksberg C	1926	2026	37
Frederiksberg	147	Frederiksberg C	1927	2010	60
Frederiksberg	147	Frederiksberg C	1927	2011	60
Frederiksberg	147	Frederiksberg C	1927	2012	60
Frederiksberg	147	Frederiksberg C	1927	2013	61
Frederiksberg	147	Frederiksberg C	1927	2014	58
Frederiksberg	147	Frederiksberg C	1927	2015	62
Frederiksberg	147	Frederiksberg C	1927	2016	66
Frederiksberg	147	Frederiksberg C	1927	2017	64
Frederiksberg	147	Frederiksberg C	1927	2018	73
Frederiksberg	147	Frederiksberg C	1927	2019	72
Frederiksberg	147	Frederiksberg C	1927	2020	72
Frederiksberg	147	Frederiksberg C	1927	2021	64
Frederiksberg	147	Frederiksberg C	1927	2022	67
Frederiksberg	147	Frederiksberg C	1927	2023	63
Frederiksberg	147	Frederiksberg C	1927	2024	61
Frederiksberg	147	Frederiksberg C	1927	2025	58
Frederiksberg	147	Frederiksberg C	1927	2026	63
Frederiksberg	147	Frederiksberg C	1928	2010	15
Frederiksberg	147	Frederiksberg C	1928	2011	19
Frederiksberg	147	Frederiksberg C	1928	2012	19
Frederiksberg	147	Frederiksberg C	1928	2013	15
Frederiksberg	147	Frederiksberg C	1928	2014	16
Frederiksberg	147	Frederiksberg C	1928	2015	17
Frederiksberg	147	Frederiksberg C	1928	2016	17
Frederiksberg	147	Frederiksberg C	1928	2017	16
Frederiksberg	147	Frederiksberg C	1928	2018	16
Frederiksberg	147	Frederiksberg C	1928	2019	15
Frederiksberg	147	Frederiksberg C	1928	2020	15
Frederiksberg	147	Frederiksberg C	1928	2021	15
Frederiksberg	147	Frederiksberg C	1928	2022	16
Frederiksberg	147	Frederiksberg C	1928	2023	15
Frederiksberg	147	Frederiksberg C	1928	2024	15
Frederiksberg	147	Frederiksberg C	1928	2025	15
Frederiksberg	147	Frederiksberg C	1928	2026	14
Frederiksberg	147	Frederiksberg C	1950	2010	451
Frederiksberg	147	Frederiksberg C	1950	2011	462
Frederiksberg	147	Frederiksberg C	1950	2012	453
Frederiksberg	147	Frederiksberg C	1950	2013	423
Frederiksberg	147	Frederiksberg C	1950	2014	451
Frederiksberg	147	Frederiksberg C	1950	2015	445
Frederiksberg	147	Frederiksberg C	1950	2016	482
Frederiksberg	147	Frederiksberg C	1950	2017	476
Frederiksberg	147	Frederiksberg C	1950	2018	444
Frederiksberg	147	Frederiksberg C	1950	2019	433
Frederiksberg	147	Frederiksberg C	1950	2020	429
Frederiksberg	147	Frederiksberg C	1950	2021	440
Frederiksberg	147	Frederiksberg C	1950	2022	428
Frederiksberg	147	Frederiksberg C	1950	2023	458
Frederiksberg	147	Frederiksberg C	1950	2024	471
Frederiksberg	147	Frederiksberg C	1950	2025	496
Frederiksberg	147	Frederiksberg C	1950	2026	472
Frederiksberg	147	Frederiksberg C	1951	2010	149
Frederiksberg	147	Frederiksberg C	1951	2011	147
Frederiksberg	147	Frederiksberg C	1951	2012	151
Frederiksberg	147	Frederiksberg C	1951	2013	156
Frederiksberg	147	Frederiksberg C	1951	2014	161
Frederiksberg	147	Frederiksberg C	1951	2015	167
Frederiksberg	147	Frederiksberg C	1951	2016	164
Frederiksberg	147	Frederiksberg C	1951	2017	171
Frederiksberg	147	Frederiksberg C	1951	2018	170
Frederiksberg	147	Frederiksberg C	1951	2019	171
Frederiksberg	147	Frederiksberg C	1951	2020	160
Frederiksberg	147	Frederiksberg C	1951	2021	167
Frederiksberg	147	Frederiksberg C	1951	2022	160
Frederiksberg	147	Frederiksberg C	1951	2023	161
Frederiksberg	147	Frederiksberg C	1951	2024	170
Frederiksberg	147	Frederiksberg C	1951	2025	162
Frederiksberg	147	Frederiksberg C	1951	2026	166
Frederiksberg	147	Frederiksberg C	1952	2010	267
Frederiksberg	147	Frederiksberg C	1952	2011	281
Frederiksberg	147	Frederiksberg C	1952	2012	299
Frederiksberg	147	Frederiksberg C	1952	2013	298
Frederiksberg	147	Frederiksberg C	1952	2014	306
Frederiksberg	147	Frederiksberg C	1952	2015	301
Frederiksberg	147	Frederiksberg C	1952	2016	307
Frederiksberg	147	Frederiksberg C	1952	2017	312
Frederiksberg	147	Frederiksberg C	1952	2018	334
Frederiksberg	147	Frederiksberg C	1952	2019	314
Frederiksberg	147	Frederiksberg C	1952	2020	323
Frederiksberg	147	Frederiksberg C	1952	2021	322
Frederiksberg	147	Frederiksberg C	1952	2022	315
Frederiksberg	147	Frederiksberg C	1952	2023	310
Frederiksberg	147	Frederiksberg C	1952	2024	316
Frederiksberg	147	Frederiksberg C	1952	2025	334
Frederiksberg	147	Frederiksberg C	1952	2026	324
Frederiksberg	147	Frederiksberg C	1953	2010	382
Frederiksberg	147	Frederiksberg C	1953	2011	393
Frederiksberg	147	Frederiksberg C	1953	2012	381
Frederiksberg	147	Frederiksberg C	1953	2013	399
Frederiksberg	147	Frederiksberg C	1953	2014	394
Frederiksberg	147	Frederiksberg C	1953	2015	411
Frederiksberg	147	Frederiksberg C	1953	2016	417
Frederiksberg	147	Frederiksberg C	1953	2017	421
Frederiksberg	147	Frederiksberg C	1953	2018	402
Frederiksberg	147	Frederiksberg C	1953	2019	394
Frederiksberg	147	Frederiksberg C	1953	2020	413
Frederiksberg	147	Frederiksberg C	1953	2021	412
Frederiksberg	147	Frederiksberg C	1953	2022	410
Frederiksberg	147	Frederiksberg C	1953	2023	412
Frederiksberg	147	Frederiksberg C	1953	2024	412
Frederiksberg	147	Frederiksberg C	1953	2025	419
Frederiksberg	147	Frederiksberg C	1953	2026	415
Frederiksberg	147	Frederiksberg C	1954	2010	981
Frederiksberg	147	Frederiksberg C	1954	2011	978
Frederiksberg	147	Frederiksberg C	1954	2012	989
Frederiksberg	147	Frederiksberg C	1954	2013	1024
Frederiksberg	147	Frederiksberg C	1954	2014	1061
Frederiksberg	147	Frederiksberg C	1954	2015	1069
Frederiksberg	147	Frederiksberg C	1954	2016	1090
Frederiksberg	147	Frederiksberg C	1954	2017	1116
Frederiksberg	147	Frederiksberg C	1954	2018	1052
Frederiksberg	147	Frederiksberg C	1954	2019	958
Frederiksberg	147	Frederiksberg C	1954	2020	1098
Frederiksberg	147	Frederiksberg C	1954	2021	1077
Frederiksberg	147	Frederiksberg C	1954	2022	1120
Frederiksberg	147	Frederiksberg C	1954	2023	1134
Frederiksberg	147	Frederiksberg C	1954	2024	1165
Frederiksberg	147	Frederiksberg C	1954	2025	1166
Frederiksberg	147	Frederiksberg C	1954	2026	1166
Frederiksberg	147	Frederiksberg C	1955	2010	323
Frederiksberg	147	Frederiksberg C	1955	2011	333
Frederiksberg	147	Frederiksberg C	1955	2012	351
Frederiksberg	147	Frederiksberg C	1955	2013	343
Frederiksberg	147	Frederiksberg C	1955	2014	357
Frederiksberg	147	Frederiksberg C	1955	2015	364
Frederiksberg	147	Frederiksberg C	1955	2016	363
Frederiksberg	147	Frederiksberg C	1955	2017	358
Frederiksberg	147	Frederiksberg C	1955	2018	339
Frederiksberg	147	Frederiksberg C	1955	2019	349
Frederiksberg	147	Frederiksberg C	1955	2020	351
Frederiksberg	147	Frederiksberg C	1955	2021	364
Frederiksberg	147	Frederiksberg C	1955	2022	361
Frederiksberg	147	Frederiksberg C	1955	2023	351
Frederiksberg	147	Frederiksberg C	1955	2024	351
Frederiksberg	147	Frederiksberg C	1955	2025	356
Frederiksberg	147	Frederiksberg C	1955	2026	371
Frederiksberg	147	Frederiksberg C	1956	2010	325
Frederiksberg	147	Frederiksberg C	1956	2011	337
Frederiksberg	147	Frederiksberg C	1956	2012	340
Frederiksberg	147	Frederiksberg C	1956	2013	362
Frederiksberg	147	Frederiksberg C	1956	2014	362
Frederiksberg	147	Frederiksberg C	1956	2015	366
Frederiksberg	147	Frederiksberg C	1956	2016	375
Frederiksberg	147	Frederiksberg C	1956	2017	387
Frederiksberg	147	Frederiksberg C	1956	2018	379
Frederiksberg	147	Frederiksberg C	1956	2019	379
Frederiksberg	147	Frederiksberg C	1956	2020	376
Frederiksberg	147	Frederiksberg C	1956	2021	365
Frederiksberg	147	Frederiksberg C	1956	2022	358
Frederiksberg	147	Frederiksberg C	1956	2023	361
Frederiksberg	147	Frederiksberg C	1956	2024	364
Frederiksberg	147	Frederiksberg C	1956	2025	363
Frederiksberg	147	Frederiksberg C	1956	2026	376
Frederiksberg	147	Frederiksberg C	1957	2010	336
Frederiksberg	147	Frederiksberg C	1957	2011	344
Frederiksberg	147	Frederiksberg C	1957	2012	337
Frederiksberg	147	Frederiksberg C	1957	2013	354
Frederiksberg	147	Frederiksberg C	1957	2014	375
Frederiksberg	147	Frederiksberg C	1957	2015	374
Frederiksberg	147	Frederiksberg C	1957	2016	379
Frederiksberg	147	Frederiksberg C	1957	2017	377
Frederiksberg	147	Frederiksberg C	1957	2018	374
Frederiksberg	147	Frederiksberg C	1957	2019	374
Frederiksberg	147	Frederiksberg C	1957	2020	371
Frederiksberg	147	Frederiksberg C	1957	2021	366
Frederiksberg	147	Frederiksberg C	1957	2022	387
Frederiksberg	147	Frederiksberg C	1957	2023	396
Frederiksberg	147	Frederiksberg C	1957	2024	398
Frederiksberg	147	Frederiksberg C	1957	2025	392
Frederiksberg	147	Frederiksberg C	1957	2026	380
Frederiksberg	147	Frederiksberg C	1958	2010	278
Frederiksberg	147	Frederiksberg C	1958	2011	273
Frederiksberg	147	Frederiksberg C	1958	2012	269
Frederiksberg	147	Frederiksberg C	1958	2013	273
Frederiksberg	147	Frederiksberg C	1958	2014	295
Frederiksberg	147	Frederiksberg C	1958	2015	308
Frederiksberg	147	Frederiksberg C	1958	2016	320
Frederiksberg	147	Frederiksberg C	1958	2017	307
Frederiksberg	147	Frederiksberg C	1958	2018	289
Frederiksberg	147	Frederiksberg C	1958	2019	278
Frederiksberg	147	Frederiksberg C	1958	2020	280
Frederiksberg	147	Frederiksberg C	1958	2021	277
Frederiksberg	147	Frederiksberg C	1958	2022	297
Frederiksberg	147	Frederiksberg C	1958	2023	289
Frederiksberg	147	Frederiksberg C	1958	2024	306
Frederiksberg	147	Frederiksberg C	1958	2025	292
Frederiksberg	147	Frederiksberg C	1958	2026	310
Frederiksberg	147	Frederiksberg C	1959	2010	57
Frederiksberg	147	Frederiksberg C	1959	2011	65
Frederiksberg	147	Frederiksberg C	1959	2012	76
Frederiksberg	147	Frederiksberg C	1959	2013	78
Frederiksberg	147	Frederiksberg C	1959	2014	74
Frederiksberg	147	Frederiksberg C	1959	2015	65
Frederiksberg	147	Frederiksberg C	1959	2016	69
Frederiksberg	147	Frederiksberg C	1959	2017	69
Frederiksberg	147	Frederiksberg C	1959	2018	70
Frederiksberg	147	Frederiksberg C	1959	2019	73
Frederiksberg	147	Frederiksberg C	1959	2020	72
Frederiksberg	147	Frederiksberg C	1959	2021	76
Frederiksberg	147	Frederiksberg C	1959	2022	72
Frederiksberg	147	Frederiksberg C	1959	2023	83
Frederiksberg	147	Frederiksberg C	1959	2024	75
Frederiksberg	147	Frederiksberg C	1959	2025	81
Frederiksberg	147	Frederiksberg C	1959	2026	80
Frederiksberg	147	Frederiksberg C	1960	2010	301
Frederiksberg	147	Frederiksberg C	1960	2011	305
Frederiksberg	147	Frederiksberg C	1960	2012	308
Frederiksberg	147	Frederiksberg C	1960	2013	309
Frederiksberg	147	Frederiksberg C	1960	2014	306
Frederiksberg	147	Frederiksberg C	1960	2015	322
Frederiksberg	147	Frederiksberg C	1960	2016	318
Frederiksberg	147	Frederiksberg C	1960	2017	322
Frederiksberg	147	Frederiksberg C	1960	2018	314
Frederiksberg	147	Frederiksberg C	1960	2019	303
Frederiksberg	147	Frederiksberg C	1960	2020	319
Frederiksberg	147	Frederiksberg C	1960	2021	332
Frederiksberg	147	Frederiksberg C	1960	2022	323
Frederiksberg	147	Frederiksberg C	1960	2023	334
Frederiksberg	147	Frederiksberg C	1960	2024	330
Frederiksberg	147	Frederiksberg C	1960	2025	515
Frederiksberg	147	Frederiksberg C	1960	2026	591
Frederiksberg	147	Frederiksberg C	1961	2010	405
Frederiksberg	147	Frederiksberg C	1961	2011	406
Frederiksberg	147	Frederiksberg C	1961	2012	423
Frederiksberg	147	Frederiksberg C	1961	2013	428
Frederiksberg	147	Frederiksberg C	1961	2014	406
Frederiksberg	147	Frederiksberg C	1961	2015	409
Frederiksberg	147	Frederiksberg C	1961	2016	404
Frederiksberg	147	Frederiksberg C	1961	2017	422
Frederiksberg	147	Frederiksberg C	1961	2018	398
Frederiksberg	147	Frederiksberg C	1961	2019	420
Frederiksberg	147	Frederiksberg C	1961	2020	400
Frederiksberg	147	Frederiksberg C	1961	2021	399
Frederiksberg	147	Frederiksberg C	1961	2022	395
Frederiksberg	147	Frederiksberg C	1961	2023	387
Frederiksberg	147	Frederiksberg C	1961	2024	386
Frederiksberg	147	Frederiksberg C	1961	2025	396
Frederiksberg	147	Frederiksberg C	1961	2026	404
Frederiksberg	147	Frederiksberg C	1962	2010	172
Frederiksberg	147	Frederiksberg C	1962	2011	189
Frederiksberg	147	Frederiksberg C	1962	2012	186
Frederiksberg	147	Frederiksberg C	1962	2013	180
Frederiksberg	147	Frederiksberg C	1962	2014	197
Frederiksberg	147	Frederiksberg C	1962	2015	195
Frederiksberg	147	Frederiksberg C	1962	2016	199
Frederiksberg	147	Frederiksberg C	1962	2017	209
Frederiksberg	147	Frederiksberg C	1962	2018	210
Frederiksberg	147	Frederiksberg C	1962	2019	210
Frederiksberg	147	Frederiksberg C	1962	2020	204
Frederiksberg	147	Frederiksberg C	1962	2021	212
Frederiksberg	147	Frederiksberg C	1962	2022	203
Frederiksberg	147	Frederiksberg C	1962	2023	191
Frederiksberg	147	Frederiksberg C	1962	2024	184
Frederiksberg	147	Frederiksberg C	1962	2025	217
Frederiksberg	147	Frederiksberg C	1962	2026	229
Frederiksberg	147	Frederiksberg C	1963	2010	169
Frederiksberg	147	Frederiksberg C	1963	2011	177
Frederiksberg	147	Frederiksberg C	1963	2012	171
Frederiksberg	147	Frederiksberg C	1963	2013	174
Frederiksberg	147	Frederiksberg C	1963	2014	180
Frederiksberg	147	Frederiksberg C	1963	2015	195
Frederiksberg	147	Frederiksberg C	1963	2016	186
Frederiksberg	147	Frederiksberg C	1963	2017	176
Frederiksberg	147	Frederiksberg C	1963	2018	166
Frederiksberg	147	Frederiksberg C	1963	2019	179
Frederiksberg	147	Frederiksberg C	1963	2020	182
Frederiksberg	147	Frederiksberg C	1963	2021	164
Frederiksberg	147	Frederiksberg C	1963	2022	155
Frederiksberg	147	Frederiksberg C	1963	2023	151
Frederiksberg	147	Frederiksberg C	1963	2024	162
Frederiksberg	147	Frederiksberg C	1963	2025	163
Frederiksberg	147	Frederiksberg C	1963	2026	157
Frederiksberg	147	Frederiksberg C	1964	2010	392
Frederiksberg	147	Frederiksberg C	1964	2011	395
Frederiksberg	147	Frederiksberg C	1964	2012	419
Frederiksberg	147	Frederiksberg C	1964	2013	433
Frederiksberg	147	Frederiksberg C	1964	2014	436
Frederiksberg	147	Frederiksberg C	1964	2015	459
Frederiksberg	147	Frederiksberg C	1964	2016	459
Frederiksberg	147	Frederiksberg C	1964	2017	444
Frederiksberg	147	Frederiksberg C	1964	2018	445
Frederiksberg	147	Frederiksberg C	1964	2019	431
Frederiksberg	147	Frederiksberg C	1964	2020	435
Frederiksberg	147	Frederiksberg C	1964	2021	427
Frederiksberg	147	Frederiksberg C	1964	2022	431
Frederiksberg	147	Frederiksberg C	1964	2023	423
Frederiksberg	147	Frederiksberg C	1964	2024	429
Frederiksberg	147	Frederiksberg C	1964	2025	460
Frederiksberg	147	Frederiksberg C	1964	2026	455
Frederiksberg	147	Frederiksberg C	1965	2010	54
Frederiksberg	147	Frederiksberg C	1965	2011	64
Frederiksberg	147	Frederiksberg C	1965	2012	66
Frederiksberg	147	Frederiksberg C	1965	2013	75
Frederiksberg	147	Frederiksberg C	1965	2014	70
Frederiksberg	147	Frederiksberg C	1965	2015	64
Frederiksberg	147	Frederiksberg C	1965	2016	70
Frederiksberg	147	Frederiksberg C	1965	2017	65
Frederiksberg	147	Frederiksberg C	1965	2018	67
Frederiksberg	147	Frederiksberg C	1965	2019	68
Frederiksberg	147	Frederiksberg C	1965	2020	68
Frederiksberg	147	Frederiksberg C	1965	2021	71
Frederiksberg	147	Frederiksberg C	1965	2022	71
Frederiksberg	147	Frederiksberg C	1965	2023	75
Frederiksberg	147	Frederiksberg C	1965	2024	78
Frederiksberg	147	Frederiksberg C	1965	2025	81
Frederiksberg	147	Frederiksberg C	1965	2026	78
Frederiksberg	147	Frederiksberg C	1966	2010	263
Frederiksberg	147	Frederiksberg C	1966	2011	241
Frederiksberg	147	Frederiksberg C	1966	2012	251
Frederiksberg	147	Frederiksberg C	1966	2013	246
Frederiksberg	147	Frederiksberg C	1966	2014	235
Frederiksberg	147	Frederiksberg C	1966	2015	239
Frederiksberg	147	Frederiksberg C	1966	2016	250
Frederiksberg	147	Frederiksberg C	1966	2017	248
Frederiksberg	147	Frederiksberg C	1966	2018	223
Frederiksberg	147	Frederiksberg C	1966	2019	258
Frederiksberg	147	Frederiksberg C	1966	2020	253
Frederiksberg	147	Frederiksberg C	1966	2021	247
Frederiksberg	147	Frederiksberg C	1966	2022	242
Frederiksberg	147	Frederiksberg C	1966	2023	253
Frederiksberg	147	Frederiksberg C	1966	2024	244
Frederiksberg	147	Frederiksberg C	1966	2025	242
Frederiksberg	147	Frederiksberg C	1966	2026	251
Frederiksberg	147	Frederiksberg C	1967	2010	212
Frederiksberg	147	Frederiksberg C	1967	2011	211
Frederiksberg	147	Frederiksberg C	1967	2012	226
Frederiksberg	147	Frederiksberg C	1967	2013	226
Frederiksberg	147	Frederiksberg C	1967	2014	226
Frederiksberg	147	Frederiksberg C	1967	2015	232
Frederiksberg	147	Frederiksberg C	1967	2016	231
Frederiksberg	147	Frederiksberg C	1967	2017	241
Frederiksberg	147	Frederiksberg C	1967	2018	238
Frederiksberg	147	Frederiksberg C	1967	2019	233
Frederiksberg	147	Frederiksberg C	1967	2020	231
Frederiksberg	147	Frederiksberg C	1967	2021	221
Frederiksberg	147	Frederiksberg C	1967	2022	216
Frederiksberg	147	Frederiksberg C	1967	2023	218
Frederiksberg	147	Frederiksberg C	1967	2024	209
Frederiksberg	147	Frederiksberg C	1967	2025	209
Frederiksberg	147	Frederiksberg C	1967	2026	210
Frederiksberg	147	Frederiksberg C	1970	2010	486
Frederiksberg	147	Frederiksberg C	1970	2011	496
Frederiksberg	147	Frederiksberg C	1970	2012	503
Frederiksberg	147	Frederiksberg C	1970	2013	516
Frederiksberg	147	Frederiksberg C	1970	2014	518
Frederiksberg	147	Frederiksberg C	1970	2015	535
Frederiksberg	147	Frederiksberg C	1970	2016	541
Frederiksberg	147	Frederiksberg C	1970	2017	523
Frederiksberg	147	Frederiksberg C	1970	2018	528
Frederiksberg	147	Frederiksberg C	1970	2019	521
Frederiksberg	147	Frederiksberg C	1970	2020	531
Frederiksberg	147	Frederiksberg C	1970	2021	541
Frederiksberg	147	Frederiksberg C	1970	2022	526
Frederiksberg	147	Frederiksberg C	1970	2023	527
Frederiksberg	147	Frederiksberg C	1970	2024	530
Frederiksberg	147	Frederiksberg C	1970	2025	522
Frederiksberg	147	Frederiksberg C	1970	2026	523
Frederiksberg	147	Frederiksberg C	1971	2010	131
Frederiksberg	147	Frederiksberg C	1971	2011	129
Frederiksberg	147	Frederiksberg C	1971	2012	138
Frederiksberg	147	Frederiksberg C	1971	2013	144
Frederiksberg	147	Frederiksberg C	1971	2014	145
Frederiksberg	147	Frederiksberg C	1971	2015	148
Frederiksberg	147	Frederiksberg C	1971	2016	154
Frederiksberg	147	Frederiksberg C	1971	2017	149
Frederiksberg	147	Frederiksberg C	1971	2018	149
Frederiksberg	147	Frederiksberg C	1971	2019	150
Frederiksberg	147	Frederiksberg C	1971	2020	155
Frederiksberg	147	Frederiksberg C	1971	2021	149
Frederiksberg	147	Frederiksberg C	1971	2022	143
Frederiksberg	147	Frederiksberg C	1971	2023	142
Frederiksberg	147	Frederiksberg C	1971	2024	144
Frederiksberg	147	Frederiksberg C	1971	2025	147
Frederiksberg	147	Frederiksberg C	1971	2026	145
Frederiksberg	147	Frederiksberg C	1972	2010	359
Frederiksberg	147	Frederiksberg C	1972	2011	373
Frederiksberg	147	Frederiksberg C	1972	2012	368
Frederiksberg	147	Frederiksberg C	1972	2013	376
Frederiksberg	147	Frederiksberg C	1972	2014	375
Frederiksberg	147	Frederiksberg C	1972	2015	383
Frederiksberg	147	Frederiksberg C	1972	2016	378
Frederiksberg	147	Frederiksberg C	1972	2017	393
Frederiksberg	147	Frederiksberg C	1972	2018	385
Frederiksberg	147	Frederiksberg C	1972	2019	374
Frederiksberg	147	Frederiksberg C	1972	2020	382
Frederiksberg	147	Frederiksberg C	1972	2021	362
Frederiksberg	147	Frederiksberg C	1972	2022	355
Frederiksberg	147	Frederiksberg C	1972	2023	378
Frederiksberg	147	Frederiksberg C	1972	2024	372
Frederiksberg	147	Frederiksberg C	1972	2025	377
Frederiksberg	147	Frederiksberg C	1972	2026	380
Frederiksberg	147	Frederiksberg C	1973	2010	272
Frederiksberg	147	Frederiksberg C	1973	2011	284
Frederiksberg	147	Frederiksberg C	1973	2012	296
Frederiksberg	147	Frederiksberg C	1973	2013	297
Frederiksberg	147	Frederiksberg C	1973	2014	282
Frederiksberg	147	Frederiksberg C	1973	2015	292
Frederiksberg	147	Frederiksberg C	1973	2016	297
Frederiksberg	147	Frederiksberg C	1973	2017	320
Frederiksberg	147	Frederiksberg C	1973	2018	312
Frederiksberg	147	Frederiksberg C	1973	2019	331
Frederiksberg	147	Frederiksberg C	1973	2020	328
Frederiksberg	147	Frederiksberg C	1973	2021	305
Frederiksberg	147	Frederiksberg C	1973	2022	298
Frederiksberg	147	Frederiksberg C	1973	2023	308
Frederiksberg	147	Frederiksberg C	1973	2024	297
Frederiksberg	147	Frederiksberg C	1973	2025	307
Frederiksberg	147	Frederiksberg C	1973	2026	311
Frederiksberg	147	Frederiksberg C	1974	2010	20
Frederiksberg	147	Frederiksberg C	1974	2011	21
Frederiksberg	147	Frederiksberg C	1974	2012	19
Frederiksberg	147	Frederiksberg C	1974	2013	20
Frederiksberg	147	Frederiksberg C	1974	2014	22
Frederiksberg	147	Frederiksberg C	1974	2015	23
Frederiksberg	147	Frederiksberg C	1974	2016	23
Frederiksberg	147	Frederiksberg C	1974	2017	23
Frederiksberg	147	Frederiksberg C	1974	2018	22
Frederiksberg	147	Frederiksberg C	1974	2019	22
Frederiksberg	147	Frederiksberg C	1974	2020	23
Frederiksberg	147	Frederiksberg C	1974	2021	24
Frederiksberg	147	Frederiksberg C	1974	2022	24
Frederiksberg	147	Frederiksberg C	1974	2023	23
Frederiksberg	147	Frederiksberg C	1974	2024	26
Frederiksberg	147	Frederiksberg C	1974	2025	24
Frederiksberg	147	Frederiksberg C	1974	2026	24
Frederiksberg	147	Frederiksberg	2000	2010	65111
Frederiksberg	147	Frederiksberg	2000	2011	66493
Frederiksberg	147	Frederiksberg	2000	2012	67350
Frederiksberg	147	Frederiksberg	2000	2013	68467
Frederiksberg	147	Frederiksberg	2000	2014	68697
Frederiksberg	147	Frederiksberg	2000	2015	69202
Frederiksberg	147	Frederiksberg	2000	2016	70180
Frederiksberg	147	Frederiksberg	2000	2017	70349
Frederiksberg	147	Frederiksberg	2000	2018	70071
Frederiksberg	147	Frederiksberg	2000	2019	69971
Frederiksberg	147	Frederiksberg	2000	2020	70197
Frederiksberg	147	Frederiksberg	2000	2021	69947
Frederiksberg	147	Frederiksberg	2000	2022	70044
Frederiksberg	147	Frederiksberg	2000	2023	70829
Frederiksberg	147	Frederiksberg	2000	2024	70920
Frederiksberg	147	Frederiksberg	2000	2025	71251
Frederiksberg	147	Frederiksberg	2000	2026	71538
Frederiksberg	147	København N	2200	2010	79
Frederiksberg	147	København N	2200	2011	84
Frederiksberg	147	København N	2200	2012	91
Frederiksberg	147	København N	2200	2013	94
Frederiksberg	147	København N	2200	2014	98
Frederiksberg	147	København N	2200	2015	91
Frederiksberg	147	København N	2200	2016	104
Frederiksberg	147	København N	2200	2017	101
Frederiksberg	147	København N	2200	2018	91
Frederiksberg	147	København N	2200	2019	94
Frederiksberg	147	København N	2200	2020	128
Frederiksberg	147	København N	2200	2021	129
Frederiksberg	147	København N	2200	2022	116
Frederiksberg	147	København N	2200	2023	127
Frederiksberg	147	København N	2200	2024	125
Frederiksberg	147	København N	2200	2025	126
Frederiksberg	147	København N	2200	2026	129
Frederiksberg	147	Vanløse	2720	2010	4
Frederiksberg	147	Vanløse	2720	2011	5
Frederiksberg	147	Vanløse	2720	2012	8
Frederiksberg	147	Vanløse	2720	2013	8
Frederiksberg	147	Vanløse	2720	2014	7
Frederiksberg	147	Vanløse	2720	2015	8
Frederiksberg	147	Vanløse	2720	2016	6
Frederiksberg	147	Vanløse	2720	2017	10
Frederiksberg	147	Vanløse	2720	2018	9
Frederiksberg	147	Vanløse	2720	2019	8
Frederiksberg	147	Vanløse	2720	2020	7
Frederiksberg	147	Vanløse	2720	2021	6
Frederiksberg	147	Vanløse	2720	2022	9
Frederiksberg	147	Vanløse	2720	2023	8
Frederiksberg	147	Vanløse	2720	2024	9
Frederiksberg	147	Vanløse	2720	2025	10
Frederiksberg	147	Vanløse	2720	2026	12
Frederiksberg	147	Ukendt	9999	2010	581
Frederiksberg	147	Ukendt	9999	2011	681
Frederiksberg	147	Ukendt	9999	2012	766
Frederiksberg	147	Ukendt	9999	2013	839
Frederiksberg	147	Ukendt	9999	2014	843
Frederiksberg	147	Ukendt	9999	2015	514
Frederiksberg	147	Ukendt	9999	2016	544
Frederiksberg	147	Ukendt	9999	2017	638
Frederiksberg	147	Ukendt	9999	2018	649
Frederiksberg	147	Ukendt	9999	2019	550
Frederiksberg	147	Ukendt	9999	2020	469
Frederiksberg	147	Ukendt	9999	2021	388
Frederiksberg	147	Ukendt	9999	2022	368
Frederiksberg	147	Ukendt	9999	2023	508
Frederiksberg	147	Ukendt	9999	2024	489
Frederiksberg	147	Ukendt	9999	2025	442
Frederiksberg	147	Ukendt	9999	2026	430
Ballerup	151	Herlev	2730	2010	97
Ballerup	151	Herlev	2730	2011	95
Ballerup	151	Herlev	2730	2012	97
Ballerup	151	Herlev	2730	2013	101
Ballerup	151	Herlev	2730	2014	102
Ballerup	151	Herlev	2730	2015	103
Ballerup	151	Herlev	2730	2016	103
Ballerup	151	Herlev	2730	2017	105
Ballerup	151	Herlev	2730	2018	103
Ballerup	151	Herlev	2730	2019	99
Ballerup	151	Herlev	2730	2020	94
Ballerup	151	Herlev	2730	2021	100
Ballerup	151	Herlev	2730	2022	104
Ballerup	151	Herlev	2730	2023	102
Ballerup	151	Herlev	2730	2024	100
Ballerup	151	Herlev	2730	2025	100
Ballerup	151	Herlev	2730	2026	98
Ballerup	151	Skovlunde	2740	2010	12045
Ballerup	151	Skovlunde	2740	2011	12129
Ballerup	151	Skovlunde	2740	2012	12196
Ballerup	151	Skovlunde	2740	2013	12184
Ballerup	151	Skovlunde	2740	2014	12237
Ballerup	151	Skovlunde	2740	2015	12202
Ballerup	151	Skovlunde	2740	2016	12221
Ballerup	151	Skovlunde	2740	2017	12298
Ballerup	151	Skovlunde	2740	2018	12321
Ballerup	151	Skovlunde	2740	2019	12421
Ballerup	151	Skovlunde	2740	2020	12505
Ballerup	151	Skovlunde	2740	2021	12698
Ballerup	151	Skovlunde	2740	2022	12735
Ballerup	151	Skovlunde	2740	2023	12993
Ballerup	151	Skovlunde	2740	2024	13222
Ballerup	151	Skovlunde	2740	2025	13768
Ballerup	151	Skovlunde	2740	2026	14011
Ballerup	151	Ballerup	2750	2010	29702
Ballerup	151	Ballerup	2750	2011	29780
Ballerup	151	Ballerup	2750	2012	29727
Ballerup	151	Ballerup	2750	2013	29904
Ballerup	151	Ballerup	2750	2014	30021
Ballerup	151	Ballerup	2750	2015	29974
Ballerup	151	Ballerup	2750	2016	29800
Ballerup	151	Ballerup	2750	2017	29757
Ballerup	151	Ballerup	2750	2018	29857
Ballerup	151	Ballerup	2750	2019	29946
Ballerup	151	Ballerup	2750	2020	29966
Ballerup	151	Ballerup	2750	2021	30476
Ballerup	151	Ballerup	2750	2022	30464
Ballerup	151	Ballerup	2750	2023	31042
Ballerup	151	Ballerup	2750	2024	32048
Ballerup	151	Ballerup	2750	2025	33183
Ballerup	151	Ballerup	2750	2026	33954
Ballerup	151	Måløv	2760	2010	5360
Ballerup	151	Måløv	2760	2011	5376
Ballerup	151	Måløv	2760	2012	5435
Ballerup	151	Måløv	2760	2013	5579
Ballerup	151	Måløv	2760	2014	5746
Ballerup	151	Måløv	2760	2015	5731
Ballerup	151	Måløv	2760	2016	5788
Ballerup	151	Måløv	2760	2017	5781
Ballerup	151	Måløv	2760	2018	5732
Ballerup	151	Måløv	2760	2019	5725
Ballerup	151	Måløv	2760	2020	5763
Ballerup	151	Måløv	2760	2021	5759
Ballerup	151	Måløv	2760	2022	5688
Ballerup	151	Måløv	2760	2023	5613
Ballerup	151	Måløv	2760	2024	5573
Ballerup	151	Måløv	2760	2025	5584
Ballerup	151	Måløv	2760	2026	5582
Ballerup	151	Værløse	3500	2010	226
Ballerup	151	Værløse	3500	2011	235
Ballerup	151	Værløse	3500	2012	225
Ballerup	151	Værløse	3500	2013	225
Ballerup	151	Værløse	3500	2014	229
Ballerup	151	Værløse	3500	2015	233
Ballerup	151	Værløse	3500	2016	231
Ballerup	151	Værløse	3500	2017	233
Ballerup	151	Værløse	3500	2018	236
Ballerup	151	Værløse	3500	2019	232
Ballerup	151	Værløse	3500	2020	243
Ballerup	151	Værløse	3500	2021	248
Ballerup	151	Værløse	3500	2022	255
Ballerup	151	Værløse	3500	2023	255
Ballerup	151	Værløse	3500	2024	243
Ballerup	151	Værløse	3500	2025	236
Ballerup	151	Værløse	3500	2026	241
Ballerup	151	Ukendt	9999	2010	222
Ballerup	151	Ukendt	9999	2011	315
Ballerup	151	Ukendt	9999	2012	314
Ballerup	151	Ukendt	9999	2013	218
Ballerup	151	Ukendt	9999	2014	179
Ballerup	151	Ukendt	9999	2015	112
Ballerup	151	Ukendt	9999	2016	81
Ballerup	151	Ukendt	9999	2017	57
Ballerup	151	Ukendt	9999	2018	46
Ballerup	151	Ukendt	9999	2019	35
Ballerup	151	Ukendt	9999	2020	31
Ballerup	151	Ukendt	9999	2021	29
Ballerup	151	Ukendt	9999	2022	28
Ballerup	151	Ukendt	9999	2023	34
Ballerup	151	Ukendt	9999	2024	51
Ballerup	151	Ukendt	9999	2025	68
Ballerup	151	Ukendt	9999	2026	64
Brøndby	153	Brøndby	2605	2010	19908
Brøndby	153	Brøndby	2605	2011	19983
Brøndby	153	Brøndby	2605	2012	19949
Brøndby	153	Brøndby	2605	2013	20029
Brøndby	153	Brøndby	2605	2014	20275
Brøndby	153	Brøndby	2605	2015	20449
Brøndby	153	Brøndby	2605	2016	20570
Brøndby	153	Brøndby	2605	2017	20681
Brøndby	153	Brøndby	2605	2018	20716
Brøndby	153	Brøndby	2605	2019	20951
Brøndby	153	Brøndby	2605	2020	20880
Brøndby	153	Brøndby	2605	2021	20955
Brøndby	153	Brøndby	2605	2022	21400
Brøndby	153	Brøndby	2605	2023	23029
Brøndby	153	Brøndby	2605	2024	24860
Brøndby	153	Brøndby	2605	2025	26131
Brøndby	153	Brøndby	2605	2026	26655
Brøndby	153	Hvidovre	2650	2010	47
Brøndby	153	Hvidovre	2650	2011	41
Brøndby	153	Hvidovre	2650	2012	31
Brøndby	153	Hvidovre	2650	2013	28
Brøndby	153	Hvidovre	2650	2014	23
Brøndby	153	Hvidovre	2650	2015	20
Brøndby	153	Hvidovre	2650	2016	19
Brøndby	153	Hvidovre	2650	2017	17
Brøndby	153	Hvidovre	2650	2018	13
Brøndby	153	Hvidovre	2650	2019	10
Brøndby	153	Hvidovre	2650	2020	8
Brøndby	153	Hvidovre	2650	2021	7
Brøndby	153	Hvidovre	2650	2022	7
Brøndby	153	Hvidovre	2650	2023	6
Brøndby	153	Hvidovre	2650	2024	5
Brøndby	153	Hvidovre	2650	2025	5
Brøndby	153	Hvidovre	2650	2026	5
Brøndby	153	Brøndby Strand	2660	2010	13755
Brøndby	153	Brøndby Strand	2660	2011	13913
Brøndby	153	Brøndby Strand	2660	2012	14012
Brøndby	153	Brøndby Strand	2660	2013	14045
Brøndby	153	Brøndby Strand	2660	2014	14164
Brøndby	153	Brøndby Strand	2660	2015	14425
Brøndby	153	Brøndby Strand	2660	2016	14562
Brøndby	153	Brøndby Strand	2660	2017	14761
Brøndby	153	Brøndby Strand	2660	2018	14703
Brøndby	153	Brøndby Strand	2660	2019	14382
Brøndby	153	Brøndby Strand	2660	2020	14127
Brøndby	153	Brøndby Strand	2660	2021	14180
Brøndby	153	Brøndby Strand	2660	2022	14184
Brøndby	153	Brøndby Strand	2660	2023	14014
Brøndby	153	Brøndby Strand	2660	2024	14130
Brøndby	153	Brøndby Strand	2660	2025	14201
Brøndby	153	Brøndby Strand	2660	2026	14246
Brøndby	153	Ukendt	9999	2010	85
Brøndby	153	Ukendt	9999	2011	84
Brøndby	153	Ukendt	9999	2012	92
Brøndby	153	Ukendt	9999	2013	108
Brøndby	153	Ukendt	9999	2014	118
Brøndby	153	Ukendt	9999	2015	156
Brøndby	153	Ukendt	9999	2016	171
Brøndby	153	Ukendt	9999	2017	135
Brøndby	153	Ukendt	9999	2018	106
Brøndby	153	Ukendt	9999	2019	54
Brøndby	153	Ukendt	9999	2020	75
Brøndby	153	Ukendt	9999	2021	90
Brøndby	153	Ukendt	9999	2022	60
Brøndby	153	Ukendt	9999	2023	79
Brøndby	153	Ukendt	9999	2024	72
Brøndby	153	Ukendt	9999	2025	64
Brøndby	153	Ukendt	9999	2026	84
Dragør	155	Dragør	2791	2010	13523
Dragør	155	Dragør	2791	2011	13676
Dragør	155	Dragør	2791	2012	13659
Dragør	155	Dragør	2791	2013	13881
Dragør	155	Dragør	2791	2014	13952
Dragør	155	Dragør	2791	2015	13982
Dragør	155	Dragør	2791	2016	14102
Dragør	155	Dragør	2791	2017	14252
Dragør	155	Dragør	2791	2018	14248
Dragør	155	Dragør	2791	2019	14252
Dragør	155	Dragør	2791	2020	14473
Dragør	155	Dragør	2791	2021	14554
Dragør	155	Dragør	2791	2022	14632
Dragør	155	Dragør	2791	2023	14604
Dragør	155	Dragør	2791	2024	14566
Dragør	155	Dragør	2791	2025	14440
Dragør	155	Dragør	2791	2026	14470
Dragør	155	Ukendt	9999	2010	41
Dragør	155	Ukendt	9999	2011	41
Dragør	155	Ukendt	9999	2012	33
Dragør	155	Ukendt	9999	2013	36
Dragør	155	Ukendt	9999	2014	25
Dragør	155	Ukendt	9999	2015	46
Dragør	155	Ukendt	9999	2016	40
Dragør	155	Ukendt	9999	2017	36
Dragør	155	Ukendt	9999	2018	24
Dragør	155	Ukendt	9999	2019	18
Dragør	155	Ukendt	9999	2020	21
Dragør	155	Ukendt	9999	2021	15
Dragør	155	Ukendt	9999	2022	8
Dragør	155	Ukendt	9999	2023	5
Dragør	155	Ukendt	9999	2024	3
Dragør	155	Ukendt	9999	2025	10
Dragør	155	Ukendt	9999	2026	4
Gentofte	157	Kgs. Lyngby	2800	2010	44
Gentofte	157	Kgs. Lyngby	2800	2011	49
Gentofte	157	Kgs. Lyngby	2800	2012	47
Gentofte	157	Kgs. Lyngby	2800	2013	51
Gentofte	157	Kgs. Lyngby	2800	2014	46
Gentofte	157	Kgs. Lyngby	2800	2015	45
Gentofte	157	Kgs. Lyngby	2800	2016	47
Gentofte	157	Kgs. Lyngby	2800	2017	47
Gentofte	157	Kgs. Lyngby	2800	2018	46
Gentofte	157	Kgs. Lyngby	2800	2019	50
Gentofte	157	Kgs. Lyngby	2800	2020	49
Gentofte	157	Kgs. Lyngby	2800	2021	53
Gentofte	157	Kgs. Lyngby	2800	2022	49
Gentofte	157	Kgs. Lyngby	2800	2023	48
Gentofte	157	Kgs. Lyngby	2800	2024	48
Gentofte	157	Kgs. Lyngby	2800	2025	52
Gentofte	157	Kgs. Lyngby	2800	2026	50
Gentofte	157	Gentofte	2820	2010	21158
Gentofte	157	Gentofte	2820	2011	21123
Gentofte	157	Gentofte	2820	2012	21430
Gentofte	157	Gentofte	2820	2013	21672
Gentofte	157	Gentofte	2820	2014	22090
Gentofte	157	Gentofte	2820	2015	22227
Gentofte	157	Gentofte	2820	2016	22485
Gentofte	157	Gentofte	2820	2017	22662
Gentofte	157	Gentofte	2820	2018	22672
Gentofte	157	Gentofte	2820	2019	22657
Gentofte	157	Gentofte	2820	2020	22468
Gentofte	157	Gentofte	2820	2021	22456
Gentofte	157	Gentofte	2820	2022	22375
Gentofte	157	Gentofte	2820	2023	22829
Gentofte	157	Gentofte	2820	2024	22911
Gentofte	157	Gentofte	2820	2025	23069
Gentofte	157	Gentofte	2820	2026	23133
Gentofte	157	Dyssegård	2870	2010	5758
Gentofte	157	Dyssegård	2870	2011	5782
Gentofte	157	Dyssegård	2870	2012	5969
Gentofte	157	Dyssegård	2870	2013	6022
Gentofte	157	Dyssegård	2870	2014	6086
Gentofte	157	Dyssegård	2870	2015	6147
Gentofte	157	Dyssegård	2870	2016	6193
Gentofte	157	Dyssegård	2870	2017	6260
Gentofte	157	Dyssegård	2870	2018	6278
Gentofte	157	Dyssegård	2870	2019	6272
Gentofte	157	Dyssegård	2870	2020	6316
Gentofte	157	Dyssegård	2870	2021	6223
Gentofte	157	Dyssegård	2870	2022	6173
Gentofte	157	Dyssegård	2870	2023	6198
Gentofte	157	Dyssegård	2870	2024	6219
Gentofte	157	Dyssegård	2870	2025	6232
Gentofte	157	Dyssegård	2870	2026	6232
Gentofte	157	Hellerup	2900	2010	20172
Gentofte	157	Hellerup	2900	2011	20505
Gentofte	157	Hellerup	2900	2012	20678
Gentofte	157	Hellerup	2900	2013	20862
Gentofte	157	Hellerup	2900	2014	20980
Gentofte	157	Hellerup	2900	2015	21238
Gentofte	157	Hellerup	2900	2016	21243
Gentofte	157	Hellerup	2900	2017	21217
Gentofte	157	Hellerup	2900	2018	21242
Gentofte	157	Hellerup	2900	2019	21212
Gentofte	157	Hellerup	2900	2020	21127
Gentofte	157	Hellerup	2900	2021	20981
Gentofte	157	Hellerup	2900	2022	20892
Gentofte	157	Hellerup	2900	2023	21057
Gentofte	157	Hellerup	2900	2024	21047
Gentofte	157	Hellerup	2900	2025	21013
Gentofte	157	Hellerup	2900	2026	20949
Gentofte	157	Charlottenlund	2920	2010	20827
Gentofte	157	Charlottenlund	2920	2011	21017
Gentofte	157	Charlottenlund	2920	2012	21275
Gentofte	157	Charlottenlund	2920	2013	21356
Gentofte	157	Charlottenlund	2920	2014	21619
Gentofte	157	Charlottenlund	2920	2015	21689
Gentofte	157	Charlottenlund	2920	2016	21843
Gentofte	157	Charlottenlund	2920	2017	22026
Gentofte	157	Charlottenlund	2920	2018	21970
Gentofte	157	Charlottenlund	2920	2019	21753
Gentofte	157	Charlottenlund	2920	2020	21750
Gentofte	157	Charlottenlund	2920	2021	21713
Gentofte	157	Charlottenlund	2920	2022	21498
Gentofte	157	Charlottenlund	2920	2023	21463
Gentofte	157	Charlottenlund	2920	2024	21544
Gentofte	157	Charlottenlund	2920	2025	21514
Gentofte	157	Charlottenlund	2920	2026	21494
Gentofte	157	Klampenborg	2930	2010	2704
Gentofte	157	Klampenborg	2930	2011	2746
Gentofte	157	Klampenborg	2930	2012	2801
Gentofte	157	Klampenborg	2930	2013	2761
Gentofte	157	Klampenborg	2930	2014	2772
Gentofte	157	Klampenborg	2930	2015	2839
Gentofte	157	Klampenborg	2930	2016	2818
Gentofte	157	Klampenborg	2930	2017	2851
Gentofte	157	Klampenborg	2930	2018	2864
Gentofte	157	Klampenborg	2930	2019	2871
Gentofte	157	Klampenborg	2930	2020	2858
Gentofte	157	Klampenborg	2930	2021	2848
Gentofte	157	Klampenborg	2930	2022	2890
Gentofte	157	Klampenborg	2930	2023	2959
Gentofte	157	Klampenborg	2930	2024	2974
Gentofte	157	Klampenborg	2930	2025	2886
Gentofte	157	Klampenborg	2930	2026	2954
Gentofte	157	Ukendt	9999	2010	389
Gentofte	157	Ukendt	9999	2011	492
Gentofte	157	Ukendt	9999	2012	614
Gentofte	157	Ukendt	9999	2013	636
Gentofte	157	Ukendt	9999	2014	689
Gentofte	157	Ukendt	9999	2015	747
Gentofte	157	Ukendt	9999	2016	721
Gentofte	157	Ukendt	9999	2017	742
Gentofte	157	Ukendt	9999	2018	731
Gentofte	157	Ukendt	9999	2019	361
Gentofte	157	Ukendt	9999	2020	262
Gentofte	157	Ukendt	9999	2021	276
Gentofte	157	Ukendt	9999	2022	340
Gentofte	157	Ukendt	9999	2023	284
Gentofte	157	Ukendt	9999	2024	290
Gentofte	157	Ukendt	9999	2025	310
Gentofte	157	Ukendt	9999	2026	294
Gladsaxe	159	Herlev	2730	2010	8645
Gladsaxe	159	Herlev	2730	2011	8734
Gladsaxe	159	Herlev	2730	2012	8801
Gladsaxe	159	Herlev	2730	2013	8898
Gladsaxe	159	Herlev	2730	2014	8948
Gladsaxe	159	Herlev	2730	2015	0
Gladsaxe	159	Herlev	2730	2016	0
Gladsaxe	159	Herlev	2730	2017	0
Gladsaxe	159	Herlev	2730	2018	0
Gladsaxe	159	Herlev	2730	2019	0
Gladsaxe	159	Herlev	2730	2020	0
Gladsaxe	159	Herlev	2730	2021	0
Gladsaxe	159	Herlev	2730	2022	0
Gladsaxe	159	Herlev	2730	2023	0
Gladsaxe	159	Herlev	2730	2024	0
Gladsaxe	159	Herlev	2730	2025	0
Gladsaxe	159	Herlev	2730	2026	0
Gladsaxe	159	Kgs. Lyngby	2800	2010	7754
Gladsaxe	159	Kgs. Lyngby	2800	2011	7808
Gladsaxe	159	Kgs. Lyngby	2800	2012	7876
Gladsaxe	159	Kgs. Lyngby	2800	2013	7896
Gladsaxe	159	Kgs. Lyngby	2800	2014	7970
Gladsaxe	159	Kgs. Lyngby	2800	2015	8020
Gladsaxe	159	Kgs. Lyngby	2800	2016	8025
Gladsaxe	159	Kgs. Lyngby	2800	2017	8037
Gladsaxe	159	Kgs. Lyngby	2800	2018	7944
Gladsaxe	159	Kgs. Lyngby	2800	2019	7924
Gladsaxe	159	Kgs. Lyngby	2800	2020	7920
Gladsaxe	159	Kgs. Lyngby	2800	2021	7896
Gladsaxe	159	Kgs. Lyngby	2800	2022	7870
Gladsaxe	159	Kgs. Lyngby	2800	2023	7994
Gladsaxe	159	Kgs. Lyngby	2800	2024	7979
Gladsaxe	159	Kgs. Lyngby	2800	2025	8002
Gladsaxe	159	Kgs. Lyngby	2800	2026	8072
Gladsaxe	159	Gentofte	2820	2010	520
Gladsaxe	159	Gentofte	2820	2011	535
Gladsaxe	159	Gentofte	2820	2012	542
Gladsaxe	159	Gentofte	2820	2013	555
Gladsaxe	159	Gentofte	2820	2014	555
Gladsaxe	159	Gentofte	2820	2015	550
Gladsaxe	159	Gentofte	2820	2016	582
Gladsaxe	159	Gentofte	2820	2017	593
Gladsaxe	159	Gentofte	2820	2018	581
Gladsaxe	159	Gentofte	2820	2019	562
Gladsaxe	159	Gentofte	2820	2020	547
Gladsaxe	159	Gentofte	2820	2021	557
Gladsaxe	159	Gentofte	2820	2022	546
Gladsaxe	159	Gentofte	2820	2023	557
Gladsaxe	159	Gentofte	2820	2024	547
Gladsaxe	159	Gentofte	2820	2025	564
Gladsaxe	159	Gentofte	2820	2026	559
Gladsaxe	159	Søborg	2860	2010	30500
Gladsaxe	159	Søborg	2860	2011	30992
Gladsaxe	159	Søborg	2860	2012	31150
Gladsaxe	159	Søborg	2860	2013	31512
Gladsaxe	159	Søborg	2860	2014	31977
Gladsaxe	159	Søborg	2860	2015	41405
Gladsaxe	159	Søborg	2860	2016	41746
Gladsaxe	159	Søborg	2860	2017	42413
Gladsaxe	159	Søborg	2860	2018	42973
Gladsaxe	159	Søborg	2860	2019	42984
Gladsaxe	159	Søborg	2860	2020	42535
Gladsaxe	159	Søborg	2860	2021	42540
Gladsaxe	159	Søborg	2860	2022	42650
Gladsaxe	159	Søborg	2860	2023	43198
Gladsaxe	159	Søborg	2860	2024	43709
Gladsaxe	159	Søborg	2860	2025	44120
Gladsaxe	159	Søborg	2860	2026	43949
Gladsaxe	159	Bagsværd	2880	2010	16634
Gladsaxe	159	Bagsværd	2880	2011	16845
Gladsaxe	159	Bagsværd	2880	2012	16901
Gladsaxe	159	Bagsværd	2880	2013	17140
Gladsaxe	159	Bagsværd	2880	2014	17181
Gladsaxe	159	Bagsværd	2880	2015	17347
Gladsaxe	159	Bagsværd	2880	2016	17527
Gladsaxe	159	Bagsværd	2880	2017	17697
Gladsaxe	159	Bagsværd	2880	2018	17954
Gladsaxe	159	Bagsværd	2880	2019	18183
Gladsaxe	159	Bagsværd	2880	2020	18236
Gladsaxe	159	Bagsværd	2880	2021	18184
Gladsaxe	159	Bagsværd	2880	2022	18160
Gladsaxe	159	Bagsværd	2880	2023	18223
Gladsaxe	159	Bagsværd	2880	2024	18339
Gladsaxe	159	Bagsværd	2880	2025	18252
Gladsaxe	159	Bagsværd	2880	2026	18587
Gladsaxe	159	Værløse	3500	2010	4
Gladsaxe	159	Værløse	3500	2011	4
Gladsaxe	159	Værløse	3500	2012	4
Gladsaxe	159	Værløse	3500	2013	4
Gladsaxe	159	Værløse	3500	2014	4
Gladsaxe	159	Værløse	3500	2015	4
Gladsaxe	159	Værløse	3500	2016	4
Gladsaxe	159	Værløse	3500	2017	4
Gladsaxe	159	Værløse	3500	2018	3
Gladsaxe	159	Værløse	3500	2019	2
Gladsaxe	159	Værløse	3500	2020	2
Gladsaxe	159	Værløse	3500	2021	2
Gladsaxe	159	Værløse	3500	2022	0
Gladsaxe	159	Værløse	3500	2023	2
Gladsaxe	159	Værløse	3500	2024	2
Gladsaxe	159	Værløse	3500	2025	3
Gladsaxe	159	Værløse	3500	2026	4
Gladsaxe	159	Ukendt	9999	2010	45
Gladsaxe	159	Ukendt	9999	2011	33
Gladsaxe	159	Ukendt	9999	2012	29
Gladsaxe	159	Ukendt	9999	2013	25
Gladsaxe	159	Ukendt	9999	2014	21
Gladsaxe	159	Ukendt	9999	2015	21
Gladsaxe	159	Ukendt	9999	2016	30
Gladsaxe	159	Ukendt	9999	2017	31
Gladsaxe	159	Ukendt	9999	2018	29
Gladsaxe	159	Ukendt	9999	2019	26
Gladsaxe	159	Ukendt	9999	2020	22
Gladsaxe	159	Ukendt	9999	2021	21
Gladsaxe	159	Ukendt	9999	2022	33
Gladsaxe	159	Ukendt	9999	2023	27
Gladsaxe	159	Ukendt	9999	2024	24
Gladsaxe	159	Ukendt	9999	2025	17
Gladsaxe	159	Ukendt	9999	2026	14
Glostrup	161	Glostrup	2600	2010	21289
Glostrup	161	Glostrup	2600	2011	21377
Glostrup	161	Glostrup	2600	2012	21645
Glostrup	161	Glostrup	2600	2013	21868
Glostrup	161	Glostrup	2600	2014	22065
Glostrup	161	Glostrup	2600	2015	22357
Glostrup	161	Glostrup	2600	2016	22461
Glostrup	161	Glostrup	2600	2017	22526
Glostrup	161	Glostrup	2600	2018	22661
Glostrup	161	Glostrup	2600	2019	22613
Glostrup	161	Glostrup	2600	2020	23126
Glostrup	161	Glostrup	2600	2021	23378
Glostrup	161	Glostrup	2600	2022	23512
Glostrup	161	Glostrup	2600	2023	23631
Glostrup	161	Glostrup	2600	2024	23653
Glostrup	161	Glostrup	2600	2025	24864
Glostrup	161	Glostrup	2600	2026	25830
Glostrup	161	Brøndby	2605	2010	1
Glostrup	161	Brøndby	2605	2011	1
Glostrup	161	Brøndby	2605	2012	1
Glostrup	161	Brøndby	2605	2013	1
Glostrup	161	Brøndby	2605	2014	0
Glostrup	161	Brøndby	2605	2015	0
Glostrup	161	Brøndby	2605	2016	0
Glostrup	161	Brøndby	2605	2017	2
Glostrup	161	Brøndby	2605	2018	2
Glostrup	161	Brøndby	2605	2019	2
Glostrup	161	Brøndby	2605	2020	2
Glostrup	161	Brøndby	2605	2021	2
Glostrup	161	Brøndby	2605	2022	2
Glostrup	161	Brøndby	2605	2023	2
Glostrup	161	Brøndby	2605	2024	2
Glostrup	161	Brøndby	2605	2025	2
Glostrup	161	Brøndby	2605	2026	0
Glostrup	161	Ukendt	9999	2010	6
Glostrup	161	Ukendt	9999	2011	6
Glostrup	161	Ukendt	9999	2012	4
Glostrup	161	Ukendt	9999	2013	0
Glostrup	161	Ukendt	9999	2014	1
Glostrup	161	Ukendt	9999	2015	0
Glostrup	161	Ukendt	9999	2016	0
Glostrup	161	Ukendt	9999	2017	0
Glostrup	161	Ukendt	9999	2018	0
Glostrup	161	Ukendt	9999	2019	0
Glostrup	161	Ukendt	9999	2020	0
Glostrup	161	Ukendt	9999	2021	0
Glostrup	161	Ukendt	9999	2022	0
Glostrup	161	Ukendt	9999	2023	2
Glostrup	161	Ukendt	9999	2024	0
Glostrup	161	Ukendt	9999	2025	3
Glostrup	161	Ukendt	9999	2026	4
Herlev	163	Herlev	2730	2010	26542
Herlev	163	Herlev	2730	2011	26583
Herlev	163	Herlev	2730	2012	26596
Herlev	163	Herlev	2730	2013	26947
Herlev	163	Herlev	2730	2014	27695
Herlev	163	Herlev	2730	2015	28139
Herlev	163	Herlev	2730	2016	28412
Herlev	163	Herlev	2730	2017	28391
Herlev	163	Herlev	2730	2018	28560
Herlev	163	Herlev	2730	2019	28780
Herlev	163	Herlev	2730	2020	28947
Herlev	163	Herlev	2730	2021	28897
Herlev	163	Herlev	2730	2022	28846
Herlev	163	Herlev	2730	2023	29186
Herlev	163	Herlev	2730	2024	29853
Herlev	163	Herlev	2730	2025	30759
Herlev	163	Herlev	2730	2026	32007
Herlev	163	Skovlunde	2740	2010	5
Herlev	163	Skovlunde	2740	2011	4
Herlev	163	Skovlunde	2740	2012	3
Herlev	163	Skovlunde	2740	2013	3
Herlev	163	Skovlunde	2740	2014	2
Herlev	163	Skovlunde	2740	2015	2
Herlev	163	Skovlunde	2740	2016	4
Herlev	163	Skovlunde	2740	2017	4
Herlev	163	Skovlunde	2740	2018	5
Herlev	163	Skovlunde	2740	2019	2
Herlev	163	Skovlunde	2740	2020	2
Herlev	163	Skovlunde	2740	2021	3
Herlev	163	Skovlunde	2740	2022	4
Herlev	163	Skovlunde	2740	2023	4
Herlev	163	Skovlunde	2740	2024	5
Herlev	163	Skovlunde	2740	2025	5
Herlev	163	Skovlunde	2740	2026	6
Herlev	163	Bagsværd	2880	2010	9
Herlev	163	Bagsværd	2880	2011	8
Herlev	163	Bagsværd	2880	2012	7
Herlev	163	Bagsværd	2880	2013	5
Herlev	163	Bagsværd	2880	2014	5
Herlev	163	Bagsværd	2880	2015	5
Herlev	163	Bagsværd	2880	2016	5
Herlev	163	Bagsværd	2880	2017	4
Herlev	163	Bagsværd	2880	2018	4
Herlev	163	Bagsværd	2880	2019	4
Herlev	163	Bagsværd	2880	2020	4
Herlev	163	Bagsværd	2880	2021	13
Herlev	163	Bagsværd	2880	2022	13
Herlev	163	Bagsværd	2880	2023	10
Herlev	163	Bagsværd	2880	2024	11
Herlev	163	Bagsværd	2880	2025	11
Herlev	163	Bagsværd	2880	2026	12
Herlev	163	Ukendt	9999	2010	0
Herlev	163	Ukendt	9999	2011	2
Herlev	163	Ukendt	9999	2012	2
Herlev	163	Ukendt	9999	2013	3
Herlev	163	Ukendt	9999	2014	4
Herlev	163	Ukendt	9999	2015	2
Herlev	163	Ukendt	9999	2016	2
Herlev	163	Ukendt	9999	2017	7
Herlev	163	Ukendt	9999	2018	3
Herlev	163	Ukendt	9999	2019	0
Herlev	163	Ukendt	9999	2020	0
Herlev	163	Ukendt	9999	2021	0
Herlev	163	Ukendt	9999	2022	4
Herlev	163	Ukendt	9999	2023	15
Herlev	163	Ukendt	9999	2024	7
Herlev	163	Ukendt	9999	2025	9
Herlev	163	Ukendt	9999	2026	5
Albertslund	165	Glostrup	2600	2010	2188
Albertslund	165	Glostrup	2600	2011	2190
Albertslund	165	Glostrup	2600	2012	2207
Albertslund	165	Glostrup	2600	2013	2207
Albertslund	165	Glostrup	2600	2014	2207
Albertslund	165	Glostrup	2600	2015	2221
Albertslund	165	Glostrup	2600	2016	2222
Albertslund	165	Glostrup	2600	2017	2267
Albertslund	165	Glostrup	2600	2018	2238
Albertslund	165	Glostrup	2600	2019	2272
Albertslund	165	Glostrup	2600	2020	2273
Albertslund	165	Glostrup	2600	2021	2235
Albertslund	165	Glostrup	2600	2022	2260
Albertslund	165	Glostrup	2600	2023	2261
Albertslund	165	Glostrup	2600	2024	2289
Albertslund	165	Glostrup	2600	2025	2755
Albertslund	165	Glostrup	2600	2026	3235
Albertslund	165	Albertslund	2620	2010	25458
Albertslund	165	Albertslund	2620	2011	25466
Albertslund	165	Albertslund	2620	2012	25560
Albertslund	165	Albertslund	2620	2013	25550
Albertslund	165	Albertslund	2620	2014	25452
Albertslund	165	Albertslund	2620	2015	25527
Albertslund	165	Albertslund	2620	2016	25603
Albertslund	165	Albertslund	2620	2017	25572
Albertslund	165	Albertslund	2620	2018	25441
Albertslund	165	Albertslund	2620	2019	25543
Albertslund	165	Albertslund	2620	2020	25399
Albertslund	165	Albertslund	2620	2021	25057
Albertslund	165	Albertslund	2620	2022	25254
Albertslund	165	Albertslund	2620	2023	25188
Albertslund	165	Albertslund	2620	2024	25320
Albertslund	165	Albertslund	2620	2025	25282
Albertslund	165	Albertslund	2620	2026	25946
Albertslund	165	Ballerup	2750	2010	0
Albertslund	165	Ballerup	2750	2011	0
Albertslund	165	Ballerup	2750	2012	0
Albertslund	165	Ballerup	2750	2013	0
Albertslund	165	Ballerup	2750	2014	0
Albertslund	165	Ballerup	2750	2015	0
Albertslund	165	Ballerup	2750	2016	0
Albertslund	165	Ballerup	2750	2017	0
Albertslund	165	Ballerup	2750	2018	0
Albertslund	165	Ballerup	2750	2019	0
Albertslund	165	Ballerup	2750	2020	0
Albertslund	165	Ballerup	2750	2021	0
Albertslund	165	Ballerup	2750	2022	0
Albertslund	165	Ballerup	2750	2023	0
Albertslund	165	Ballerup	2750	2024	0
Albertslund	165	Ballerup	2750	2025	0
Albertslund	165	Ballerup	2750	2026	0
Albertslund	165	Ukendt	9999	2010	84
Albertslund	165	Ukendt	9999	2011	144
Albertslund	165	Ukendt	9999	2012	97
Albertslund	165	Ukendt	9999	2013	67
Albertslund	165	Ukendt	9999	2014	69
Albertslund	165	Ukendt	9999	2015	58
Albertslund	165	Ukendt	9999	2016	55
Albertslund	165	Ukendt	9999	2017	57
Albertslund	165	Ukendt	9999	2018	64
Albertslund	165	Ukendt	9999	2019	62
Albertslund	165	Ukendt	9999	2020	59
Albertslund	165	Ukendt	9999	2021	74
Albertslund	165	Ukendt	9999	2022	85
Albertslund	165	Ukendt	9999	2023	81
Albertslund	165	Ukendt	9999	2024	68
Albertslund	165	Ukendt	9999	2025	80
Albertslund	165	Ukendt	9999	2026	81
Hvidovre	167	Rødovre	2610	2010	512
Hvidovre	167	Rødovre	2610	2011	517
Hvidovre	167	Rødovre	2610	2012	508
Hvidovre	167	Rødovre	2610	2013	539
Hvidovre	167	Rødovre	2610	2014	547
Hvidovre	167	Rødovre	2610	2015	521
Hvidovre	167	Rødovre	2610	2016	545
Hvidovre	167	Rødovre	2610	2017	556
Hvidovre	167	Rødovre	2610	2018	564
Hvidovre	167	Rødovre	2610	2019	563
Hvidovre	167	Rødovre	2610	2020	559
Hvidovre	167	Rødovre	2610	2021	537
Hvidovre	167	Rødovre	2610	2022	537
Hvidovre	167	Rødovre	2610	2023	541
Hvidovre	167	Rødovre	2610	2024	568
Hvidovre	167	Rødovre	2610	2025	559
Hvidovre	167	Rødovre	2610	2026	547
Hvidovre	167	Hvidovre	2650	2010	49198
Hvidovre	167	Hvidovre	2650	2011	49548
Hvidovre	167	Hvidovre	2650	2012	50079
Hvidovre	167	Hvidovre	2650	2013	50790
Hvidovre	167	Hvidovre	2650	2014	51278
Hvidovre	167	Hvidovre	2650	2015	51836
Hvidovre	167	Hvidovre	2650	2016	52269
Hvidovre	167	Hvidovre	2650	2017	52387
Hvidovre	167	Hvidovre	2650	2018	52699
Hvidovre	167	Hvidovre	2650	2019	52827
Hvidovre	167	Hvidovre	2650	2020	52944
Hvidovre	167	Hvidovre	2650	2021	52893
Hvidovre	167	Hvidovre	2650	2022	52702
Hvidovre	167	Hvidovre	2650	2023	52873
Hvidovre	167	Hvidovre	2650	2024	53164
Hvidovre	167	Hvidovre	2650	2025	53173
Hvidovre	167	Hvidovre	2650	2026	53653
Hvidovre	167	Brøndby Strand	2660	2010	10
Hvidovre	167	Brøndby Strand	2660	2011	11
Hvidovre	167	Brøndby Strand	2660	2012	11
Hvidovre	167	Brøndby Strand	2660	2013	8
Hvidovre	167	Brøndby Strand	2660	2014	14
Hvidovre	167	Brøndby Strand	2660	2015	13
Hvidovre	167	Brøndby Strand	2660	2016	11
Hvidovre	167	Brøndby Strand	2660	2017	15
Hvidovre	167	Brøndby Strand	2660	2018	13
Hvidovre	167	Brøndby Strand	2660	2019	20
Hvidovre	167	Brøndby Strand	2660	2020	19
Hvidovre	167	Brøndby Strand	2660	2021	17
Hvidovre	167	Brøndby Strand	2660	2022	23
Hvidovre	167	Brøndby Strand	2660	2023	19
Hvidovre	167	Brøndby Strand	2660	2024	7
Hvidovre	167	Brøndby Strand	2660	2025	7
Hvidovre	167	Brøndby Strand	2660	2026	11
Hvidovre	167	Ukendt	9999	2010	4
Hvidovre	167	Ukendt	9999	2011	5
Hvidovre	167	Ukendt	9999	2012	2
Hvidovre	167	Ukendt	9999	2013	4
Hvidovre	167	Ukendt	9999	2014	3
Hvidovre	167	Ukendt	9999	2015	10
Hvidovre	167	Ukendt	9999	2016	6
Hvidovre	167	Ukendt	9999	2017	6
Hvidovre	167	Ukendt	9999	2018	6
Hvidovre	167	Ukendt	9999	2019	6
Hvidovre	167	Ukendt	9999	2020	5
Hvidovre	167	Ukendt	9999	2021	4
Hvidovre	167	Ukendt	9999	2022	5
Hvidovre	167	Ukendt	9999	2023	10
Hvidovre	167	Ukendt	9999	2024	21
Hvidovre	167	Ukendt	9999	2025	21
Hvidovre	167	Ukendt	9999	2026	17
Høje-Taastrup	169	Taastrup	2630	2010	34558
Høje-Taastrup	169	Taastrup	2630	2011	34668
Høje-Taastrup	169	Taastrup	2630	2012	35037
Høje-Taastrup	169	Taastrup	2630	2013	35351
Høje-Taastrup	169	Taastrup	2630	2014	35549
Høje-Taastrup	169	Taastrup	2630	2015	35865
Høje-Taastrup	169	Taastrup	2630	2016	36469
Høje-Taastrup	169	Taastrup	2630	2017	36643
Høje-Taastrup	169	Taastrup	2630	2018	36970
Høje-Taastrup	169	Taastrup	2630	2019	36761
Høje-Taastrup	169	Taastrup	2630	2020	36789
Høje-Taastrup	169	Taastrup	2630	2021	37124
Høje-Taastrup	169	Taastrup	2630	2022	37687
Høje-Taastrup	169	Taastrup	2630	2023	38653
Høje-Taastrup	169	Taastrup	2630	2024	39701
Høje-Taastrup	169	Taastrup	2630	2025	40645
Høje-Taastrup	169	Taastrup	2630	2026	40801
Høje-Taastrup	169	Hedehusene	2640	2010	12961
Høje-Taastrup	169	Hedehusene	2640	2011	12922
Høje-Taastrup	169	Hedehusene	2640	2012	12860
Høje-Taastrup	169	Hedehusene	2640	2013	12952
Høje-Taastrup	169	Hedehusene	2640	2014	13047
Høje-Taastrup	169	Hedehusene	2640	2015	13175
Høje-Taastrup	169	Hedehusene	2640	2016	13304
Høje-Taastrup	169	Hedehusene	2640	2017	13419
Høje-Taastrup	169	Hedehusene	2640	2018	13495
Høje-Taastrup	169	Hedehusene	2640	2019	13788
Høje-Taastrup	169	Hedehusene	2640	2020	13821
Høje-Taastrup	169	Hedehusene	2640	2021	14479
Høje-Taastrup	169	Hedehusene	2640	2022	15235
Høje-Taastrup	169	Hedehusene	2640	2023	16445
Høje-Taastrup	169	Hedehusene	2640	2024	17655
Høje-Taastrup	169	Hedehusene	2640	2025	18277
Høje-Taastrup	169	Hedehusene	2640	2026	19542
Høje-Taastrup	169	Roskilde	4000	2010	21
Høje-Taastrup	169	Roskilde	4000	2011	22
Høje-Taastrup	169	Roskilde	4000	2012	24
Høje-Taastrup	169	Roskilde	4000	2013	23
Høje-Taastrup	169	Roskilde	4000	2014	26
Høje-Taastrup	169	Roskilde	4000	2015	26
Høje-Taastrup	169	Roskilde	4000	2016	25
Høje-Taastrup	169	Roskilde	4000	2017	23
Høje-Taastrup	169	Roskilde	4000	2018	22
Høje-Taastrup	169	Roskilde	4000	2019	22
Høje-Taastrup	169	Roskilde	4000	2020	23
Høje-Taastrup	169	Roskilde	4000	2021	18
Høje-Taastrup	169	Roskilde	4000	2022	15
Høje-Taastrup	169	Roskilde	4000	2023	17
Høje-Taastrup	169	Roskilde	4000	2024	20
Høje-Taastrup	169	Roskilde	4000	2025	17
Høje-Taastrup	169	Roskilde	4000	2026	11
Høje-Taastrup	169	Ukendt	9999	2010	124
Høje-Taastrup	169	Ukendt	9999	2011	141
Høje-Taastrup	169	Ukendt	9999	2012	160
Høje-Taastrup	169	Ukendt	9999	2013	145
Høje-Taastrup	169	Ukendt	9999	2014	185
Høje-Taastrup	169	Ukendt	9999	2015	164
Høje-Taastrup	169	Ukendt	9999	2016	162
Høje-Taastrup	169	Ukendt	9999	2017	161
Høje-Taastrup	169	Ukendt	9999	2018	109
Høje-Taastrup	169	Ukendt	9999	2019	115
Høje-Taastrup	169	Ukendt	9999	2020	126
Høje-Taastrup	169	Ukendt	9999	2021	108
Høje-Taastrup	169	Ukendt	9999	2022	116
Høje-Taastrup	169	Ukendt	9999	2023	143
Høje-Taastrup	169	Ukendt	9999	2024	164
Høje-Taastrup	169	Ukendt	9999	2025	120
Høje-Taastrup	169	Ukendt	9999	2026	104
Lyngby-Taarbæk	173	Kgs. Lyngby	2800	2010	31088
Lyngby-Taarbæk	173	Kgs. Lyngby	2800	2011	31389
Lyngby-Taarbæk	173	Kgs. Lyngby	2800	2012	31687
Lyngby-Taarbæk	173	Kgs. Lyngby	2800	2013	32236
Lyngby-Taarbæk	173	Kgs. Lyngby	2800	2014	32421
Lyngby-Taarbæk	173	Kgs. Lyngby	2800	2015	32729
Lyngby-Taarbæk	173	Kgs. Lyngby	2800	2016	32967
Lyngby-Taarbæk	173	Kgs. Lyngby	2800	2017	33234
Lyngby-Taarbæk	173	Kgs. Lyngby	2800	2018	33467
Lyngby-Taarbæk	173	Kgs. Lyngby	2800	2019	33583
Lyngby-Taarbæk	173	Kgs. Lyngby	2800	2020	33614
Lyngby-Taarbæk	173	Kgs. Lyngby	2800	2021	33757
Lyngby-Taarbæk	173	Kgs. Lyngby	2800	2022	35003
Lyngby-Taarbæk	173	Kgs. Lyngby	2800	2023	35462
Lyngby-Taarbæk	173	Kgs. Lyngby	2800	2024	35595
Lyngby-Taarbæk	173	Kgs. Lyngby	2800	2025	35681
Lyngby-Taarbæk	173	Kgs. Lyngby	2800	2026	35646
Lyngby-Taarbæk	173	Virum	2830	2010	19504
Lyngby-Taarbæk	173	Virum	2830	2011	19757
Lyngby-Taarbæk	173	Virum	2830	2012	19891
Lyngby-Taarbæk	173	Virum	2830	2013	19988
Lyngby-Taarbæk	173	Virum	2830	2014	20128
Lyngby-Taarbæk	173	Virum	2830	2015	20332
Lyngby-Taarbæk	173	Virum	2830	2016	20383
Lyngby-Taarbæk	173	Virum	2830	2017	20251
Lyngby-Taarbæk	173	Virum	2830	2018	20317
Lyngby-Taarbæk	173	Virum	2830	2019	20550
Lyngby-Taarbæk	173	Virum	2830	2020	20961
Lyngby-Taarbæk	173	Virum	2830	2021	21189
Lyngby-Taarbæk	173	Virum	2830	2022	21165
Lyngby-Taarbæk	173	Virum	2830	2023	21325
Lyngby-Taarbæk	173	Virum	2830	2024	21302
Lyngby-Taarbæk	173	Virum	2830	2025	21398
Lyngby-Taarbæk	173	Virum	2830	2026	21397
Lyngby-Taarbæk	173	Holte	2840	2010	11
Lyngby-Taarbæk	173	Holte	2840	2011	13
Lyngby-Taarbæk	173	Holte	2840	2012	12
Lyngby-Taarbæk	173	Holte	2840	2013	11
Lyngby-Taarbæk	173	Holte	2840	2014	10
Lyngby-Taarbæk	173	Holte	2840	2015	12
Lyngby-Taarbæk	173	Holte	2840	2016	11
Lyngby-Taarbæk	173	Holte	2840	2017	11
Lyngby-Taarbæk	173	Holte	2840	2018	12
Lyngby-Taarbæk	173	Holte	2840	2019	11
Lyngby-Taarbæk	173	Holte	2840	2020	11
Lyngby-Taarbæk	173	Holte	2840	2021	11
Lyngby-Taarbæk	173	Holte	2840	2022	11
Lyngby-Taarbæk	173	Holte	2840	2023	11
Lyngby-Taarbæk	173	Holte	2840	2024	11
Lyngby-Taarbæk	173	Holte	2840	2025	10
Lyngby-Taarbæk	173	Holte	2840	2026	10
Lyngby-Taarbæk	173	Klampenborg	2930	2010	1472
Lyngby-Taarbæk	173	Klampenborg	2930	2011	1463
Lyngby-Taarbæk	173	Klampenborg	2930	2012	1518
Lyngby-Taarbæk	173	Klampenborg	2930	2013	1475
Lyngby-Taarbæk	173	Klampenborg	2930	2014	1493
Lyngby-Taarbæk	173	Klampenborg	2930	2015	1478
Lyngby-Taarbæk	173	Klampenborg	2930	2016	1471
Lyngby-Taarbæk	173	Klampenborg	2930	2017	1479
Lyngby-Taarbæk	173	Klampenborg	2930	2018	1494
Lyngby-Taarbæk	173	Klampenborg	2930	2019	1504
Lyngby-Taarbæk	173	Klampenborg	2930	2020	1497
Lyngby-Taarbæk	173	Klampenborg	2930	2021	1507
Lyngby-Taarbæk	173	Klampenborg	2930	2022	1492
Lyngby-Taarbæk	173	Klampenborg	2930	2023	1458
Lyngby-Taarbæk	173	Klampenborg	2930	2024	1473
Lyngby-Taarbæk	173	Klampenborg	2930	2025	1470
Lyngby-Taarbæk	173	Klampenborg	2930	2026	1431
Lyngby-Taarbæk	173	Værløse	3500	2010	1
Lyngby-Taarbæk	173	Værløse	3500	2011	1
Lyngby-Taarbæk	173	Værløse	3500	2012	1
Lyngby-Taarbæk	173	Værløse	3500	2013	1
Lyngby-Taarbæk	173	Værløse	3500	2014	1
Lyngby-Taarbæk	173	Værløse	3500	2015	1
Lyngby-Taarbæk	173	Værløse	3500	2016	1
Lyngby-Taarbæk	173	Værløse	3500	2017	1
Lyngby-Taarbæk	173	Værløse	3500	2018	1
Lyngby-Taarbæk	173	Værløse	3500	2019	1
Lyngby-Taarbæk	173	Værløse	3500	2020	1
Lyngby-Taarbæk	173	Værløse	3500	2021	1
Lyngby-Taarbæk	173	Værløse	3500	2022	1
Lyngby-Taarbæk	173	Værløse	3500	2023	1
Lyngby-Taarbæk	173	Værløse	3500	2024	1
Lyngby-Taarbæk	173	Værløse	3500	2025	1
Lyngby-Taarbæk	173	Værløse	3500	2026	1
Lyngby-Taarbæk	173	Ukendt	9999	2010	161
Lyngby-Taarbæk	173	Ukendt	9999	2011	131
Lyngby-Taarbæk	173	Ukendt	9999	2012	142
Lyngby-Taarbæk	173	Ukendt	9999	2013	129
Lyngby-Taarbæk	173	Ukendt	9999	2014	184
Lyngby-Taarbæk	173	Ukendt	9999	2015	226
Lyngby-Taarbæk	173	Ukendt	9999	2016	264
Lyngby-Taarbæk	173	Ukendt	9999	2017	264
Lyngby-Taarbæk	173	Ukendt	9999	2018	181
Lyngby-Taarbæk	173	Ukendt	9999	2019	141
Lyngby-Taarbæk	173	Ukendt	9999	2020	130
Lyngby-Taarbæk	173	Ukendt	9999	2021	149
Lyngby-Taarbæk	173	Ukendt	9999	2022	154
Lyngby-Taarbæk	173	Ukendt	9999	2023	177
Lyngby-Taarbæk	173	Ukendt	9999	2024	156
Lyngby-Taarbæk	173	Ukendt	9999	2025	153
Lyngby-Taarbæk	173	Ukendt	9999	2026	129
Rødovre	175	Rødovre	2610	2010	36133
Rødovre	175	Rødovre	2610	2011	36388
Rødovre	175	Rødovre	2610	2012	36692
Rødovre	175	Rødovre	2610	2013	37169
Rødovre	175	Rødovre	2610	2014	37399
Rødovre	175	Rødovre	2610	2015	37588
Rødovre	175	Rødovre	2610	2016	37864
Rødovre	175	Rødovre	2610	2017	38358
Rødovre	175	Rødovre	2610	2018	39188
Rødovre	175	Rødovre	2610	2019	39907
Rødovre	175	Rødovre	2610	2020	40536
Rødovre	175	Rødovre	2610	2021	40997
Rødovre	175	Rødovre	2610	2022	41260
Rødovre	175	Rødovre	2610	2023	42457
Rødovre	175	Rødovre	2610	2024	44207
Rødovre	175	Rødovre	2610	2025	44609
Rødovre	175	Rødovre	2610	2026	45008
Rødovre	175	Ukendt	9999	2010	100
Rødovre	175	Ukendt	9999	2011	136
Rødovre	175	Ukendt	9999	2012	191
Rødovre	175	Ukendt	9999	2013	182
Rødovre	175	Ukendt	9999	2014	153
Rødovre	175	Ukendt	9999	2015	155
Rødovre	175	Ukendt	9999	2016	138
Rødovre	175	Ukendt	9999	2017	134
Rødovre	175	Ukendt	9999	2018	155
Rødovre	175	Ukendt	9999	2019	145
Rødovre	175	Ukendt	9999	2020	116
Rødovre	175	Ukendt	9999	2021	116
Rødovre	175	Ukendt	9999	2022	122
Rødovre	175	Ukendt	9999	2023	106
Rødovre	175	Ukendt	9999	2024	121
Rødovre	175	Ukendt	9999	2025	125
Rødovre	175	Ukendt	9999	2026	130
Ishøj	183	Ishøj	2635	2010	20533
Ishøj	183	Ishøj	2635	2011	20726
Ishøj	183	Ishøj	2635	2012	21012
Ishøj	183	Ishøj	2635	2013	21062
Ishøj	183	Ishøj	2635	2014	21479
Ishøj	183	Ishøj	2635	2015	21952
Ishøj	183	Ishøj	2635	2016	22289
Ishøj	183	Ishøj	2635	2017	22647
Ishøj	183	Ishøj	2635	2018	22915
Ishøj	183	Ishøj	2635	2019	22870
Ishøj	183	Ishøj	2635	2020	22916
Ishøj	183	Ishøj	2635	2021	23055
Ishøj	183	Ishøj	2635	2022	23150
Ishøj	183	Ishøj	2635	2023	23383
Ishøj	183	Ishøj	2635	2024	23588
Ishøj	183	Ishøj	2635	2025	24291
Ishøj	183	Ishøj	2635	2026	24608
Ishøj	183	Hedehusene	2640	2010	73
Ishøj	183	Hedehusene	2640	2011	71
Ishøj	183	Hedehusene	2640	2012	75
Ishøj	183	Hedehusene	2640	2013	69
Ishøj	183	Hedehusene	2640	2014	68
Ishøj	183	Hedehusene	2640	2015	73
Ishøj	183	Hedehusene	2640	2016	69
Ishøj	183	Hedehusene	2640	2017	72
Ishøj	183	Hedehusene	2640	2018	72
Ishøj	183	Hedehusene	2640	2019	76
Ishøj	183	Hedehusene	2640	2020	73
Ishøj	183	Hedehusene	2640	2021	76
Ishøj	183	Hedehusene	2640	2022	75
Ishøj	183	Hedehusene	2640	2023	74
Ishøj	183	Hedehusene	2640	2024	75
Ishøj	183	Hedehusene	2640	2025	74
Ishøj	183	Hedehusene	2640	2026	77
Ishøj	183	Ukendt	9999	2010	0
Ishøj	183	Ukendt	9999	2011	0
Ishøj	183	Ukendt	9999	2012	0
Ishøj	183	Ukendt	9999	2013	0
Ishøj	183	Ukendt	9999	2014	0
Ishøj	183	Ukendt	9999	2015	0
Ishøj	183	Ukendt	9999	2016	0
Ishøj	183	Ukendt	9999	2017	0
Ishøj	183	Ukendt	9999	2018	1
Ishøj	183	Ukendt	9999	2019	0
Ishøj	183	Ukendt	9999	2020	0
Ishøj	183	Ukendt	9999	2021	0
Ishøj	183	Ukendt	9999	2022	0
Ishøj	183	Ukendt	9999	2023	0
Ishøj	183	Ukendt	9999	2024	0
Ishøj	183	Ukendt	9999	2025	0
Ishøj	183	Ukendt	9999	2026	0
Tårnby	185	København S	2300	2010	11
Tårnby	185	København S	2300	2011	11
Tårnby	185	København S	2300	2012	9
Tårnby	185	København S	2300	2013	13
Tårnby	185	København S	2300	2014	12
Tårnby	185	København S	2300	2015	10
Tårnby	185	København S	2300	2016	11
Tårnby	185	København S	2300	2017	5
Tårnby	185	København S	2300	2018	13
Tårnby	185	København S	2300	2019	13
Tårnby	185	København S	2300	2020	14
Tårnby	185	København S	2300	2021	13
Tårnby	185	København S	2300	2022	11
Tårnby	185	København S	2300	2023	12
Tårnby	185	København S	2300	2024	12
Tårnby	185	København S	2300	2025	11
Tårnby	185	København S	2300	2026	12
Tårnby	185	Kastrup	2770	2010	37546
Tårnby	185	Kastrup	2770	2011	37968
Tårnby	185	Kastrup	2770	2012	38230
Tårnby	185	Kastrup	2770	2013	38609
Tårnby	185	Kastrup	2770	2014	38968
Tårnby	185	Kastrup	2770	2015	39519
Tårnby	185	Kastrup	2770	2016	39747
Tårnby	185	Kastrup	2770	2017	39934
Tårnby	185	Kastrup	2770	2018	40039
Tårnby	185	Kastrup	2770	2019	39929
Tårnby	185	Kastrup	2770	2020	39944
Tårnby	185	Kastrup	2770	2021	39633
Tårnby	185	Kastrup	2770	2022	39713
Tårnby	185	Kastrup	2770	2023	40028
Tårnby	185	Kastrup	2770	2024	40877
Tårnby	185	Kastrup	2770	2025	41023
Tårnby	185	Kastrup	2770	2026	41149
Tårnby	185	Dragør	2791	2010	2729
Tårnby	185	Dragør	2791	2011	2744
Tårnby	185	Dragør	2791	2012	2774
Tårnby	185	Dragør	2791	2013	2815
Tårnby	185	Dragør	2791	2014	2829
Tårnby	185	Dragør	2791	2015	2849
Tårnby	185	Dragør	2791	2016	2933
Tårnby	185	Dragør	2791	2017	2916
Tårnby	185	Dragør	2791	2018	2874
Tårnby	185	Dragør	2791	2019	2889
Tårnby	185	Dragør	2791	2020	2889
Tårnby	185	Dragør	2791	2021	2896
Tårnby	185	Dragør	2791	2022	2894
Tårnby	185	Dragør	2791	2023	2893
Tårnby	185	Dragør	2791	2024	2939
Tårnby	185	Dragør	2791	2025	2892
Tårnby	185	Dragør	2791	2026	2919
Tårnby	185	Ukendt	9999	2010	97
Tårnby	185	Ukendt	9999	2011	112
Tårnby	185	Ukendt	9999	2012	138
Tårnby	185	Ukendt	9999	2013	135
Tårnby	185	Ukendt	9999	2014	183
Tårnby	185	Ukendt	9999	2015	195
Tårnby	185	Ukendt	9999	2016	169
Tårnby	185	Ukendt	9999	2017	155
Tårnby	185	Ukendt	9999	2018	137
Tårnby	185	Ukendt	9999	2019	153
Tårnby	185	Ukendt	9999	2020	142
Tårnby	185	Ukendt	9999	2021	128
Tårnby	185	Ukendt	9999	2022	105
Tårnby	185	Ukendt	9999	2023	109
Tårnby	185	Ukendt	9999	2024	87
Tårnby	185	Ukendt	9999	2025	108
Tårnby	185	Ukendt	9999	2026	134
Vallensbæk	187	Vallensbæk	2625	2010	5818
Vallensbæk	187	Vallensbæk	2625	2011	5863
Vallensbæk	187	Vallensbæk	2625	2012	5905
Vallensbæk	187	Vallensbæk	2625	2013	5880
Vallensbæk	187	Vallensbæk	2625	2014	5891
Vallensbæk	187	Vallensbæk	2625	2015	5902
Vallensbæk	187	Vallensbæk	2625	2016	6001
Vallensbæk	187	Vallensbæk	2625	2017	6145
Vallensbæk	187	Vallensbæk	2625	2018	6394
Vallensbæk	187	Vallensbæk	2625	2019	6415
Vallensbæk	187	Vallensbæk	2625	2020	6471
Vallensbæk	187	Vallensbæk	2625	2021	6454
Vallensbæk	187	Vallensbæk	2625	2022	6388
Vallensbæk	187	Vallensbæk	2625	2023	6451
Vallensbæk	187	Vallensbæk	2625	2024	6450
Vallensbæk	187	Vallensbæk	2625	2025	6429
Vallensbæk	187	Vallensbæk	2625	2026	6523
Vallensbæk	187	Vallensbæk Strand	2665	2010	8226
Vallensbæk	187	Vallensbæk Strand	2665	2011	8581
Vallensbæk	187	Vallensbæk Strand	2665	2012	8659
Vallensbæk	187	Vallensbæk Strand	2665	2013	8916
Vallensbæk	187	Vallensbæk Strand	2665	2014	9204
Vallensbæk	187	Vallensbæk Strand	2665	2015	9302
Vallensbæk	187	Vallensbæk Strand	2665	2016	9418
Vallensbæk	187	Vallensbæk Strand	2665	2017	9560
Vallensbæk	187	Vallensbæk Strand	2665	2018	9886
Vallensbæk	187	Vallensbæk Strand	2665	2019	10239
Vallensbæk	187	Vallensbæk Strand	2665	2020	10162
Vallensbæk	187	Vallensbæk Strand	2665	2021	10061
Vallensbæk	187	Vallensbæk Strand	2665	2022	10100
Vallensbæk	187	Vallensbæk Strand	2665	2023	10580
Vallensbæk	187	Vallensbæk Strand	2665	2024	11348
Vallensbæk	187	Vallensbæk Strand	2665	2025	11891
Vallensbæk	187	Vallensbæk Strand	2665	2026	12166
Vallensbæk	187	Ukendt	9999	2010	1
Vallensbæk	187	Ukendt	9999	2011	1
Vallensbæk	187	Ukendt	9999	2012	1
Vallensbæk	187	Ukendt	9999	2013	1
Vallensbæk	187	Ukendt	9999	2014	0
Vallensbæk	187	Ukendt	9999	2015	0
Vallensbæk	187	Ukendt	9999	2016	0
Vallensbæk	187	Ukendt	9999	2017	0
Vallensbæk	187	Ukendt	9999	2018	0
Vallensbæk	187	Ukendt	9999	2019	0
Vallensbæk	187	Ukendt	9999	2020	0
Vallensbæk	187	Ukendt	9999	2021	0
Vallensbæk	187	Ukendt	9999	2022	0
Vallensbæk	187	Ukendt	9999	2023	0
Vallensbæk	187	Ukendt	9999	2024	2
Vallensbæk	187	Ukendt	9999	2025	2
Vallensbæk	187	Ukendt	9999	2026	0
Furesø	190	Bagsværd	2880	2010	3
Furesø	190	Bagsværd	2880	2011	10
Furesø	190	Bagsværd	2880	2012	11
Furesø	190	Bagsværd	2880	2013	12
Furesø	190	Bagsværd	2880	2014	15
Furesø	190	Bagsværd	2880	2015	16
Furesø	190	Bagsværd	2880	2016	11
Furesø	190	Bagsværd	2880	2017	11
Furesø	190	Bagsværd	2880	2018	11
Furesø	190	Bagsværd	2880	2019	11
Furesø	190	Bagsværd	2880	2020	11
Furesø	190	Bagsværd	2880	2021	11
Furesø	190	Bagsværd	2880	2022	11
Furesø	190	Bagsværd	2880	2023	11
Furesø	190	Bagsværd	2880	2024	11
Furesø	190	Bagsværd	2880	2025	11
Furesø	190	Bagsværd	2880	2026	10
Furesø	190	Birkerød	3460	2010	251
Furesø	190	Birkerød	3460	2011	241
Furesø	190	Birkerød	3460	2012	251
Furesø	190	Birkerød	3460	2013	263
Furesø	190	Birkerød	3460	2014	261
Furesø	190	Birkerød	3460	2015	264
Furesø	190	Birkerød	3460	2016	287
Furesø	190	Birkerød	3460	2017	268
Furesø	190	Birkerød	3460	2018	261
Furesø	190	Birkerød	3460	2019	262
Furesø	190	Birkerød	3460	2020	274
Furesø	190	Birkerød	3460	2021	265
Furesø	190	Birkerød	3460	2022	259
Furesø	190	Birkerød	3460	2023	246
Furesø	190	Birkerød	3460	2024	258
Furesø	190	Birkerød	3460	2025	260
Furesø	190	Birkerød	3460	2026	267
Furesø	190	Værløse	3500	2010	19103
Furesø	190	Værløse	3500	2011	19264
Furesø	190	Værløse	3500	2012	19290
Furesø	190	Værløse	3500	2013	19599
Furesø	190	Værløse	3500	2014	19612
Furesø	190	Værløse	3500	2015	19726
Furesø	190	Værløse	3500	2016	19906
Furesø	190	Værløse	3500	2017	20076
Furesø	190	Værløse	3500	2018	20064
Furesø	190	Værløse	3500	2019	20051
Furesø	190	Værløse	3500	2020	19976
Furesø	190	Værløse	3500	2021	20188
Furesø	190	Værløse	3500	2022	20491
Furesø	190	Værløse	3500	2023	21191
Furesø	190	Værløse	3500	2024	21546
Furesø	190	Værløse	3500	2025	21621
Furesø	190	Værløse	3500	2026	21749
Furesø	190	Farum	3520	2010	18852
Furesø	190	Farum	3520	2011	18741
Furesø	190	Farum	3520	2012	18664
Furesø	190	Farum	3520	2013	18334
Furesø	190	Farum	3520	2014	18585
Furesø	190	Farum	3520	2015	19039
Furesø	190	Farum	3520	2016	19921
Furesø	190	Farum	3520	2017	20217
Furesø	190	Farum	3520	2018	20540
Furesø	190	Farum	3520	2019	20710
Furesø	190	Farum	3520	2020	20675
Furesø	190	Farum	3520	2021	20512
Furesø	190	Farum	3520	2022	20604
Furesø	190	Farum	3520	2023	20606
Furesø	190	Farum	3520	2024	20701
Furesø	190	Farum	3520	2025	20629
Furesø	190	Farum	3520	2026	20827
Furesø	190	Lynge	3540	2010	0
Furesø	190	Lynge	3540	2011	0
Furesø	190	Lynge	3540	2012	0
Furesø	190	Lynge	3540	2013	0
Furesø	190	Lynge	3540	2014	0
Furesø	190	Lynge	3540	2015	0
Furesø	190	Lynge	3540	2016	0
Furesø	190	Lynge	3540	2017	0
Furesø	190	Lynge	3540	2018	0
Furesø	190	Lynge	3540	2019	0
Furesø	190	Lynge	3540	2020	0
Furesø	190	Lynge	3540	2021	0
Furesø	190	Lynge	3540	2022	0
Furesø	190	Lynge	3540	2023	0
Furesø	190	Lynge	3540	2024	0
Furesø	190	Lynge	3540	2025	0
Furesø	190	Lynge	3540	2026	0
Furesø	190	Ukendt	9999	2010	23
Furesø	190	Ukendt	9999	2011	30
Furesø	190	Ukendt	9999	2012	27
Furesø	190	Ukendt	9999	2013	28
Furesø	190	Ukendt	9999	2014	19
Furesø	190	Ukendt	9999	2015	32
Furesø	190	Ukendt	9999	2016	31
Furesø	190	Ukendt	9999	2017	41
Furesø	190	Ukendt	9999	2018	35
Furesø	190	Ukendt	9999	2019	35
Furesø	190	Ukendt	9999	2020	29
Furesø	190	Ukendt	9999	2021	25
Furesø	190	Ukendt	9999	2022	37
Furesø	190	Ukendt	9999	2023	23
Furesø	190	Ukendt	9999	2024	17
Furesø	190	Ukendt	9999	2025	19
Furesø	190	Ukendt	9999	2026	21
Allerød	201	Hillerød	3400	2010	31
Allerød	201	Hillerød	3400	2011	32
Allerød	201	Hillerød	3400	2012	31
Allerød	201	Hillerød	3400	2013	28
Allerød	201	Hillerød	3400	2014	27
Allerød	201	Hillerød	3400	2015	31
Allerød	201	Hillerød	3400	2016	25
Allerød	201	Hillerød	3400	2017	24
Allerød	201	Hillerød	3400	2018	23
Allerød	201	Hillerød	3400	2019	23
Allerød	201	Hillerød	3400	2020	23
Allerød	201	Hillerød	3400	2021	21
Allerød	201	Hillerød	3400	2022	21
Allerød	201	Hillerød	3400	2023	23
Allerød	201	Hillerød	3400	2024	26
Allerød	201	Hillerød	3400	2025	25
Allerød	201	Hillerød	3400	2026	21
Allerød	201	Allerød	3450	2010	18647
Allerød	201	Allerød	3450	2011	18688
Allerød	201	Allerød	3450	2012	18671
Allerød	201	Allerød	3450	2013	18691
Allerød	201	Allerød	3450	2014	18818
Allerød	201	Allerød	3450	2015	18984
Allerød	201	Allerød	3450	2016	19364
Allerød	201	Allerød	3450	2017	19612
Allerød	201	Allerød	3450	2018	19755
Allerød	201	Allerød	3450	2019	20275
Allerød	201	Allerød	3450	2020	20265
Allerød	201	Allerød	3450	2021	20445
Allerød	201	Allerød	3450	2022	20468
Allerød	201	Allerød	3450	2023	20635
Allerød	201	Allerød	3450	2024	20584
Allerød	201	Allerød	3450	2025	20732
Allerød	201	Allerød	3450	2026	20849
Allerød	201	Birkerød	3460	2010	300
Allerød	201	Birkerød	3460	2011	269
Allerød	201	Birkerød	3460	2012	266
Allerød	201	Birkerød	3460	2013	272
Allerød	201	Birkerød	3460	2014	261
Allerød	201	Birkerød	3460	2015	272
Allerød	201	Birkerød	3460	2016	259
Allerød	201	Birkerød	3460	2017	245
Allerød	201	Birkerød	3460	2018	262
Allerød	201	Birkerød	3460	2019	243
Allerød	201	Birkerød	3460	2020	250
Allerød	201	Birkerød	3460	2021	252
Allerød	201	Birkerød	3460	2022	238
Allerød	201	Birkerød	3460	2023	236
Allerød	201	Birkerød	3460	2024	235
Allerød	201	Birkerød	3460	2025	236
Allerød	201	Birkerød	3460	2026	216
Allerød	201	Farum	3520	2010	51
Allerød	201	Farum	3520	2011	54
Allerød	201	Farum	3520	2012	52
Allerød	201	Farum	3520	2013	48
Allerød	201	Farum	3520	2014	48
Allerød	201	Farum	3520	2015	45
Allerød	201	Farum	3520	2016	43
Allerød	201	Farum	3520	2017	42
Allerød	201	Farum	3520	2018	43
Allerød	201	Farum	3520	2019	42
Allerød	201	Farum	3520	2020	41
Allerød	201	Farum	3520	2021	43
Allerød	201	Farum	3520	2022	38
Allerød	201	Farum	3520	2023	40
Allerød	201	Farum	3520	2024	37
Allerød	201	Farum	3520	2025	38
Allerød	201	Farum	3520	2026	36
Allerød	201	Lynge	3540	2010	5031
Allerød	201	Lynge	3540	2011	5014
Allerød	201	Lynge	3540	2012	4980
Allerød	201	Lynge	3540	2013	4989
Allerød	201	Lynge	3540	2014	4987
Allerød	201	Lynge	3540	2015	5028
Allerød	201	Lynge	3540	2016	5003
Allerød	201	Lynge	3540	2017	4976
Allerød	201	Lynge	3540	2018	5099
Allerød	201	Lynge	3540	2019	5019
Allerød	201	Lynge	3540	2020	5010
Allerød	201	Lynge	3540	2021	5092
Allerød	201	Lynge	3540	2022	5071
Allerød	201	Lynge	3540	2023	5095
Allerød	201	Lynge	3540	2024	5036
Allerød	201	Lynge	3540	2025	5050
Allerød	201	Lynge	3540	2026	5327
Allerød	201	Slangerup	3550	2010	2
Allerød	201	Slangerup	3550	2011	2
Allerød	201	Slangerup	3550	2012	2
Allerød	201	Slangerup	3550	2013	2
Allerød	201	Slangerup	3550	2014	2
Allerød	201	Slangerup	3550	2015	2
Allerød	201	Slangerup	3550	2016	2
Allerød	201	Slangerup	3550	2017	2
Allerød	201	Slangerup	3550	2018	2
Allerød	201	Slangerup	3550	2019	2
Allerød	201	Slangerup	3550	2020	2
Allerød	201	Slangerup	3550	2021	2
Allerød	201	Slangerup	3550	2022	2
Allerød	201	Slangerup	3550	2023	2
Allerød	201	Slangerup	3550	2024	2
Allerød	201	Slangerup	3550	2025	2
Allerød	201	Slangerup	3550	2026	2
Allerød	201	Ukendt	9999	2010	27
Allerød	201	Ukendt	9999	2011	37
Allerød	201	Ukendt	9999	2012	41
Allerød	201	Ukendt	9999	2013	43
Allerød	201	Ukendt	9999	2014	32
Allerød	201	Ukendt	9999	2015	49
Allerød	201	Ukendt	9999	2016	36
Allerød	201	Ukendt	9999	2017	41
Allerød	201	Ukendt	9999	2018	51
Allerød	201	Ukendt	9999	2019	42
Allerød	201	Ukendt	9999	2020	42
Allerød	201	Ukendt	9999	2021	38
Allerød	201	Ukendt	9999	2022	29
Allerød	201	Ukendt	9999	2023	30
Allerød	201	Ukendt	9999	2024	42
Allerød	201	Ukendt	9999	2025	45
Allerød	201	Ukendt	9999	2026	45
Fredensborg	210	Hørsholm	2970	2010	134
Fredensborg	210	Hørsholm	2970	2011	136
Fredensborg	210	Hørsholm	2970	2012	140
Fredensborg	210	Hørsholm	2970	2013	131
Fredensborg	210	Hørsholm	2970	2014	131
Fredensborg	210	Hørsholm	2970	2015	126
Fredensborg	210	Hørsholm	2970	2016	120
Fredensborg	210	Hørsholm	2970	2017	123
Fredensborg	210	Hørsholm	2970	2018	125
Fredensborg	210	Hørsholm	2970	2019	122
Fredensborg	210	Hørsholm	2970	2020	116
Fredensborg	210	Hørsholm	2970	2021	126
Fredensborg	210	Hørsholm	2970	2022	122
Fredensborg	210	Hørsholm	2970	2023	136
Fredensborg	210	Hørsholm	2970	2024	135
Fredensborg	210	Hørsholm	2970	2025	135
Fredensborg	210	Hørsholm	2970	2026	153
Fredensborg	210	Kokkedal	2980	2010	10469
Fredensborg	210	Kokkedal	2980	2011	10470
Fredensborg	210	Kokkedal	2980	2012	10602
Fredensborg	210	Kokkedal	2980	2013	10652
Fredensborg	210	Kokkedal	2980	2014	10719
Fredensborg	210	Kokkedal	2980	2015	10816
Fredensborg	210	Kokkedal	2980	2016	10903
Fredensborg	210	Kokkedal	2980	2017	11032
Fredensborg	210	Kokkedal	2980	2018	11149
Fredensborg	210	Kokkedal	2980	2019	11090
Fredensborg	210	Kokkedal	2980	2020	11039
Fredensborg	210	Kokkedal	2980	2021	11123
Fredensborg	210	Kokkedal	2980	2022	11033
Fredensborg	210	Kokkedal	2980	2023	11060
Fredensborg	210	Kokkedal	2980	2024	11112
Fredensborg	210	Kokkedal	2980	2025	11276
Fredensborg	210	Kokkedal	2980	2026	11442
Fredensborg	210	Nivå	2990	2010	8266
Fredensborg	210	Nivå	2990	2011	8243
Fredensborg	210	Nivå	2990	2012	8334
Fredensborg	210	Nivå	2990	2013	8191
Fredensborg	210	Nivå	2990	2014	8197
Fredensborg	210	Nivå	2990	2015	8187
Fredensborg	210	Nivå	2990	2016	8190
Fredensborg	210	Nivå	2990	2017	8382
Fredensborg	210	Nivå	2990	2018	8425
Fredensborg	210	Nivå	2990	2019	8461
Fredensborg	210	Nivå	2990	2020	8397
Fredensborg	210	Nivå	2990	2021	8380
Fredensborg	210	Nivå	2990	2022	8455
Fredensborg	210	Nivå	2990	2023	8894
Fredensborg	210	Nivå	2990	2024	9216
Fredensborg	210	Nivå	2990	2025	9284
Fredensborg	210	Nivå	2990	2026	9359
Fredensborg	210	Humlebæk	3050	2010	9358
Fredensborg	210	Humlebæk	3050	2011	9389
Fredensborg	210	Humlebæk	3050	2012	9390
Fredensborg	210	Humlebæk	3050	2013	9340
Fredensborg	210	Humlebæk	3050	2014	9382
Fredensborg	210	Humlebæk	3050	2015	9504
Fredensborg	210	Humlebæk	3050	2016	9725
Fredensborg	210	Humlebæk	3050	2017	9709
Fredensborg	210	Humlebæk	3050	2018	9751
Fredensborg	210	Humlebæk	3050	2019	9755
Fredensborg	210	Humlebæk	3050	2020	9843
Fredensborg	210	Humlebæk	3050	2021	9851
Fredensborg	210	Humlebæk	3050	2022	9852
Fredensborg	210	Humlebæk	3050	2023	9845
Fredensborg	210	Humlebæk	3050	2024	9854
Fredensborg	210	Humlebæk	3050	2025	9750
Fredensborg	210	Humlebæk	3050	2026	9781
Fredensborg	210	Espergærde	3060	2010	1
Fredensborg	210	Espergærde	3060	2011	1
Fredensborg	210	Espergærde	3060	2012	1
Fredensborg	210	Espergærde	3060	2013	1
Fredensborg	210	Espergærde	3060	2014	1
Fredensborg	210	Espergærde	3060	2015	1
Fredensborg	210	Espergærde	3060	2016	1
Fredensborg	210	Espergærde	3060	2017	1
Fredensborg	210	Espergærde	3060	2018	1
Fredensborg	210	Espergærde	3060	2019	0
Fredensborg	210	Espergærde	3060	2020	0
Fredensborg	210	Espergærde	3060	2021	0
Fredensborg	210	Espergærde	3060	2022	0
Fredensborg	210	Espergærde	3060	2023	1
Fredensborg	210	Espergærde	3060	2024	0
Fredensborg	210	Espergærde	3060	2025	0
Fredensborg	210	Espergærde	3060	2026	0
Fredensborg	210	Hillerød	3400	2010	57
Fredensborg	210	Hillerød	3400	2011	55
Fredensborg	210	Hillerød	3400	2012	58
Fredensborg	210	Hillerød	3400	2013	67
Fredensborg	210	Hillerød	3400	2014	61
Fredensborg	210	Hillerød	3400	2015	71
Fredensborg	210	Hillerød	3400	2016	65
Fredensborg	210	Hillerød	3400	2017	65
Fredensborg	210	Hillerød	3400	2018	64
Fredensborg	210	Hillerød	3400	2019	56
Fredensborg	210	Hillerød	3400	2020	55
Fredensborg	210	Hillerød	3400	2021	55
Fredensborg	210	Hillerød	3400	2022	58
Fredensborg	210	Hillerød	3400	2023	62
Fredensborg	210	Hillerød	3400	2024	58
Fredensborg	210	Hillerød	3400	2025	66
Fredensborg	210	Hillerød	3400	2026	69
Fredensborg	210	Allerød	3450	2010	145
Fredensborg	210	Allerød	3450	2011	143
Fredensborg	210	Allerød	3450	2012	140
Fredensborg	210	Allerød	3450	2013	144
Fredensborg	210	Allerød	3450	2014	145
Fredensborg	210	Allerød	3450	2015	137
Fredensborg	210	Allerød	3450	2016	142
Fredensborg	210	Allerød	3450	2017	143
Fredensborg	210	Allerød	3450	2018	146
Fredensborg	210	Allerød	3450	2019	142
Fredensborg	210	Allerød	3450	2020	143
Fredensborg	210	Allerød	3450	2021	151
Fredensborg	210	Allerød	3450	2022	154
Fredensborg	210	Allerød	3450	2023	149
Fredensborg	210	Allerød	3450	2024	152
Fredensborg	210	Allerød	3450	2025	161
Fredensborg	210	Allerød	3450	2026	166
Fredensborg	210	Fredensborg	3480	2010	10545
Fredensborg	210	Fredensborg	3480	2011	10644
Fredensborg	210	Fredensborg	3480	2012	10613
Fredensborg	210	Fredensborg	3480	2013	10637
Fredensborg	210	Fredensborg	3480	2014	10651
Fredensborg	210	Fredensborg	3480	2015	10619
Fredensborg	210	Fredensborg	3480	2016	10652
Fredensborg	210	Fredensborg	3480	2017	10764
Fredensborg	210	Fredensborg	3480	2018	10843
Fredensborg	210	Fredensborg	3480	2019	10933
Fredensborg	210	Fredensborg	3480	2020	11015
Fredensborg	210	Fredensborg	3480	2021	11046
Fredensborg	210	Fredensborg	3480	2022	11275
Fredensborg	210	Fredensborg	3480	2023	11269
Fredensborg	210	Fredensborg	3480	2024	11203
Fredensborg	210	Fredensborg	3480	2025	11239
Fredensborg	210	Fredensborg	3480	2026	11213
Fredensborg	210	Kvistgård	3490	2010	165
Fredensborg	210	Kvistgård	3490	2011	161
Fredensborg	210	Kvistgård	3490	2012	172
Fredensborg	210	Kvistgård	3490	2013	177
Fredensborg	210	Kvistgård	3490	2014	179
Fredensborg	210	Kvistgård	3490	2015	172
Fredensborg	210	Kvistgård	3490	2016	171
Fredensborg	210	Kvistgård	3490	2017	173
Fredensborg	210	Kvistgård	3490	2018	168
Fredensborg	210	Kvistgård	3490	2019	162
Fredensborg	210	Kvistgård	3490	2020	154
Fredensborg	210	Kvistgård	3490	2021	160
Fredensborg	210	Kvistgård	3490	2022	162
Fredensborg	210	Kvistgård	3490	2023	174
Fredensborg	210	Kvistgård	3490	2024	173
Fredensborg	210	Kvistgård	3490	2025	171
Fredensborg	210	Kvistgård	3490	2026	175
Fredensborg	210	Ukendt	9999	2010	86
Fredensborg	210	Ukendt	9999	2011	99
Fredensborg	210	Ukendt	9999	2012	115
Fredensborg	210	Ukendt	9999	2013	122
Fredensborg	210	Ukendt	9999	2014	119
Fredensborg	210	Ukendt	9999	2015	139
Fredensborg	210	Ukendt	9999	2016	143
Fredensborg	210	Ukendt	9999	2017	112
Fredensborg	210	Ukendt	9999	2018	107
Fredensborg	210	Ukendt	9999	2019	98
Fredensborg	210	Ukendt	9999	2020	103
Fredensborg	210	Ukendt	9999	2021	106
Fredensborg	210	Ukendt	9999	2022	100
Fredensborg	210	Ukendt	9999	2023	99
Fredensborg	210	Ukendt	9999	2024	106
Fredensborg	210	Ukendt	9999	2025	104
Fredensborg	210	Ukendt	9999	2026	87
Helsingør	217	Helsingør	3000	2010	29984
Helsingør	217	Helsingør	3000	2011	30088
Helsingør	217	Helsingør	3000	2012	30176
Helsingør	217	Helsingør	3000	2013	30286
Helsingør	217	Helsingør	3000	2014	30336
Helsingør	217	Helsingør	3000	2015	30449
Helsingør	217	Helsingør	3000	2016	30821
Helsingør	217	Helsingør	3000	2017	30995
Helsingør	217	Helsingør	3000	2018	31083
Helsingør	217	Helsingør	3000	2019	31029
Helsingør	217	Helsingør	3000	2020	31061
Helsingør	217	Helsingør	3000	2021	31070
Helsingør	217	Helsingør	3000	2022	30859
Helsingør	217	Helsingør	3000	2023	31118
Helsingør	217	Helsingør	3000	2024	31092
Helsingør	217	Helsingør	3000	2025	31084
Helsingør	217	Helsingør	3000	2026	31327
Helsingør	217	Humlebæk	3050	2010	56
Helsingør	217	Humlebæk	3050	2011	0
Helsingør	217	Humlebæk	3050	2012	0
Helsingør	217	Humlebæk	3050	2013	0
Helsingør	217	Humlebæk	3050	2014	0
Helsingør	217	Humlebæk	3050	2015	0
Helsingør	217	Humlebæk	3050	2016	0
Helsingør	217	Humlebæk	3050	2017	0
Helsingør	217	Humlebæk	3050	2018	0
Helsingør	217	Humlebæk	3050	2019	0
Helsingør	217	Humlebæk	3050	2020	0
Helsingør	217	Humlebæk	3050	2021	0
Helsingør	217	Humlebæk	3050	2022	0
Helsingør	217	Humlebæk	3050	2023	0
Helsingør	217	Humlebæk	3050	2024	0
Helsingør	217	Humlebæk	3050	2025	0
Helsingør	217	Humlebæk	3050	2026	0
Helsingør	217	Espergærde	3060	2010	11530
Helsingør	217	Espergærde	3060	2011	11618
Helsingør	217	Espergærde	3060	2012	11592
Helsingør	217	Espergærde	3060	2013	11558
Helsingør	217	Espergærde	3060	2014	11516
Helsingør	217	Espergærde	3060	2015	11469
Helsingør	217	Espergærde	3060	2016	11448
Helsingør	217	Espergærde	3060	2017	11552
Helsingør	217	Espergærde	3060	2018	11666
Helsingør	217	Espergærde	3060	2019	11655
Helsingør	217	Espergærde	3060	2020	11756
Helsingør	217	Espergærde	3060	2021	11815
Helsingør	217	Espergærde	3060	2022	11846
Helsingør	217	Espergærde	3060	2023	11904
Helsingør	217	Espergærde	3060	2024	12379
Helsingør	217	Espergærde	3060	2025	12622
Helsingør	217	Espergærde	3060	2026	12757
Helsingør	217	Snekkersten	3070	2010	5646
Helsingør	217	Snekkersten	3070	2011	5650
Helsingør	217	Snekkersten	3070	2012	5594
Helsingør	217	Snekkersten	3070	2013	5619
Helsingør	217	Snekkersten	3070	2014	5562
Helsingør	217	Snekkersten	3070	2015	5578
Helsingør	217	Snekkersten	3070	2016	5579
Helsingør	217	Snekkersten	3070	2017	5592
Helsingør	217	Snekkersten	3070	2018	5615
Helsingør	217	Snekkersten	3070	2019	5640
Helsingør	217	Snekkersten	3070	2020	5606
Helsingør	217	Snekkersten	3070	2021	5570
Helsingør	217	Snekkersten	3070	2022	5530
Helsingør	217	Snekkersten	3070	2023	5509
Helsingør	217	Snekkersten	3070	2024	5451
Helsingør	217	Snekkersten	3070	2025	5406
Helsingør	217	Snekkersten	3070	2026	5346
Helsingør	217	Tikøb	3080	2010	1359
Helsingør	217	Tikøb	3080	2011	1347
Helsingør	217	Tikøb	3080	2012	1365
Helsingør	217	Tikøb	3080	2013	1377
Helsingør	217	Tikøb	3080	2014	1397
Helsingør	217	Tikøb	3080	2015	1415
Helsingør	217	Tikøb	3080	2016	1409
Helsingør	217	Tikøb	3080	2017	1398
Helsingør	217	Tikøb	3080	2018	1428
Helsingør	217	Tikøb	3080	2019	1431
Helsingør	217	Tikøb	3080	2020	1461
Helsingør	217	Tikøb	3080	2021	1410
Helsingør	217	Tikøb	3080	2022	1431
Helsingør	217	Tikøb	3080	2023	1463
Helsingør	217	Tikøb	3080	2024	1457
Helsingør	217	Tikøb	3080	2025	1480
Helsingør	217	Tikøb	3080	2026	1466
Helsingør	217	Hornbæk	3100	2010	5200
Helsingør	217	Hornbæk	3100	2011	5184
Helsingør	217	Hornbæk	3100	2012	5225
Helsingør	217	Hornbæk	3100	2013	5217
Helsingør	217	Hornbæk	3100	2014	5200
Helsingør	217	Hornbæk	3100	2015	5209
Helsingør	217	Hornbæk	3100	2016	5259
Helsingør	217	Hornbæk	3100	2017	5264
Helsingør	217	Hornbæk	3100	2018	5259
Helsingør	217	Hornbæk	3100	2019	5265
Helsingør	217	Hornbæk	3100	2020	5312
Helsingør	217	Hornbæk	3100	2021	5358
Helsingør	217	Hornbæk	3100	2022	5374
Helsingør	217	Hornbæk	3100	2023	5522
Helsingør	217	Hornbæk	3100	2024	5575
Helsingør	217	Hornbæk	3100	2025	5464
Helsingør	217	Hornbæk	3100	2026	5411
Helsingør	217	Ålsgårde	3140	2010	4867
Helsingør	217	Ålsgårde	3140	2011	4957
Helsingør	217	Ålsgårde	3140	2012	4943
Helsingør	217	Ålsgårde	3140	2013	4924
Helsingør	217	Ålsgårde	3140	2014	4913
Helsingør	217	Ålsgårde	3140	2015	4904
Helsingør	217	Ålsgårde	3140	2016	4934
Helsingør	217	Ålsgårde	3140	2017	4940
Helsingør	217	Ålsgårde	3140	2018	4917
Helsingør	217	Ålsgårde	3140	2019	4917
Helsingør	217	Ålsgårde	3140	2020	4900
Helsingør	217	Ålsgårde	3140	2021	5179
Helsingør	217	Ålsgårde	3140	2022	5275
Helsingør	217	Ålsgårde	3140	2023	5292
Helsingør	217	Ålsgårde	3140	2024	5307
Helsingør	217	Ålsgårde	3140	2025	5251
Helsingør	217	Ålsgårde	3140	2026	5226
Helsingør	217	Hellebæk	3150	2010	855
Helsingør	217	Hellebæk	3150	2011	863
Helsingør	217	Hellebæk	3150	2012	848
Helsingør	217	Hellebæk	3150	2013	851
Helsingør	217	Hellebæk	3150	2014	833
Helsingør	217	Hellebæk	3150	2015	829
Helsingør	217	Hellebæk	3150	2016	825
Helsingør	217	Hellebæk	3150	2017	832
Helsingør	217	Hellebæk	3150	2018	841
Helsingør	217	Hellebæk	3150	2019	821
Helsingør	217	Hellebæk	3150	2020	795
Helsingør	217	Hellebæk	3150	2021	812
Helsingør	217	Hellebæk	3150	2022	763
Helsingør	217	Hellebæk	3150	2023	794
Helsingør	217	Hellebæk	3150	2024	804
Helsingør	217	Hellebæk	3150	2025	793
Helsingør	217	Hellebæk	3150	2026	801
Helsingør	217	Græsted	3230	2010	117
Helsingør	217	Græsted	3230	2011	115
Helsingør	217	Græsted	3230	2012	116
Helsingør	217	Græsted	3230	2013	108
Helsingør	217	Græsted	3230	2014	117
Helsingør	217	Græsted	3230	2015	121
Helsingør	217	Græsted	3230	2016	121
Helsingør	217	Græsted	3230	2017	136
Helsingør	217	Græsted	3230	2018	131
Helsingør	217	Græsted	3230	2019	134
Helsingør	217	Græsted	3230	2020	124
Helsingør	217	Græsted	3230	2021	129
Helsingør	217	Græsted	3230	2022	122
Helsingør	217	Græsted	3230	2023	118
Helsingør	217	Græsted	3230	2024	114
Helsingør	217	Græsted	3230	2025	104
Helsingør	217	Græsted	3230	2026	113
Helsingør	217	Fredensborg	3480	2010	42
Helsingør	217	Fredensborg	3480	2011	32
Helsingør	217	Fredensborg	3480	2012	31
Helsingør	217	Fredensborg	3480	2013	44
Helsingør	217	Fredensborg	3480	2014	42
Helsingør	217	Fredensborg	3480	2015	40
Helsingør	217	Fredensborg	3480	2016	39
Helsingør	217	Fredensborg	3480	2017	41
Helsingør	217	Fredensborg	3480	2018	41
Helsingør	217	Fredensborg	3480	2019	42
Helsingør	217	Fredensborg	3480	2020	42
Helsingør	217	Fredensborg	3480	2021	42
Helsingør	217	Fredensborg	3480	2022	43
Helsingør	217	Fredensborg	3480	2023	40
Helsingør	217	Fredensborg	3480	2024	34
Helsingør	217	Fredensborg	3480	2025	42
Helsingør	217	Fredensborg	3480	2026	44
Helsingør	217	Kvistgård	3490	2010	1350
Helsingør	217	Kvistgård	3490	2011	1372
Helsingør	217	Kvistgård	3490	2012	1412
Helsingør	217	Kvistgård	3490	2013	1433
Helsingør	217	Kvistgård	3490	2014	1443
Helsingør	217	Kvistgård	3490	2015	1470
Helsingør	217	Kvistgård	3490	2016	1531
Helsingør	217	Kvistgård	3490	2017	1550
Helsingør	217	Kvistgård	3490	2018	1561
Helsingør	217	Kvistgård	3490	2019	1525
Helsingør	217	Kvistgård	3490	2020	1520
Helsingør	217	Kvistgård	3490	2021	1479
Helsingør	217	Kvistgård	3490	2022	1492
Helsingør	217	Kvistgård	3490	2023	1504
Helsingør	217	Kvistgård	3490	2024	1494
Helsingør	217	Kvistgård	3490	2025	1578
Helsingør	217	Kvistgård	3490	2026	1623
Helsingør	217	Ukendt	9999	2010	137
Helsingør	217	Ukendt	9999	2011	142
Helsingør	217	Ukendt	9999	2012	191
Helsingør	217	Ukendt	9999	2013	196
Helsingør	217	Ukendt	9999	2014	160
Helsingør	217	Ukendt	9999	2015	148
Helsingør	217	Ukendt	9999	2016	126
Helsingør	217	Ukendt	9999	2017	143
Helsingør	217	Ukendt	9999	2018	144
Helsingør	217	Ukendt	9999	2019	108
Helsingør	217	Ukendt	9999	2020	118
Helsingør	217	Ukendt	9999	2021	136
Helsingør	217	Ukendt	9999	2022	140
Helsingør	217	Ukendt	9999	2023	135
Helsingør	217	Ukendt	9999	2024	131
Helsingør	217	Ukendt	9999	2025	129
Helsingør	217	Ukendt	9999	2026	130
Hillerød	219	Helsinge	3200	2010	3
Hillerød	219	Helsinge	3200	2011	4
Hillerød	219	Helsinge	3200	2012	3
Hillerød	219	Helsinge	3200	2013	3
Hillerød	219	Helsinge	3200	2014	3
Hillerød	219	Helsinge	3200	2015	4
Hillerød	219	Helsinge	3200	2016	2
Hillerød	219	Helsinge	3200	2017	4
Hillerød	219	Helsinge	3200	2018	4
Hillerød	219	Helsinge	3200	2019	4
Hillerød	219	Helsinge	3200	2020	3
Hillerød	219	Helsinge	3200	2021	3
Hillerød	219	Helsinge	3200	2022	3
Hillerød	219	Helsinge	3200	2023	4
Hillerød	219	Helsinge	3200	2024	4
Hillerød	219	Helsinge	3200	2025	5
Hillerød	219	Helsinge	3200	2026	5
Hillerød	219	Græsted	3230	2010	1
Hillerød	219	Græsted	3230	2011	1
Hillerød	219	Græsted	3230	2012	1
Hillerød	219	Græsted	3230	2013	1
Hillerød	219	Græsted	3230	2014	1
Hillerød	219	Græsted	3230	2015	1
Hillerød	219	Græsted	3230	2016	1
Hillerød	219	Græsted	3230	2017	0
Hillerød	219	Græsted	3230	2018	2
Hillerød	219	Græsted	3230	2019	1
Hillerød	219	Græsted	3230	2020	1
Hillerød	219	Græsted	3230	2021	1
Hillerød	219	Græsted	3230	2022	1
Hillerød	219	Græsted	3230	2023	1
Hillerød	219	Græsted	3230	2024	1
Hillerød	219	Græsted	3230	2025	4
Hillerød	219	Græsted	3230	2026	4
Hillerød	219	Ølsted	3310	2010	91
Hillerød	219	Ølsted	3310	2011	85
Hillerød	219	Ølsted	3310	2012	77
Hillerød	219	Ølsted	3310	2013	78
Hillerød	219	Ølsted	3310	2014	78
Hillerød	219	Ølsted	3310	2015	83
Hillerød	219	Ølsted	3310	2016	80
Hillerød	219	Ølsted	3310	2017	84
Hillerød	219	Ølsted	3310	2018	89
Hillerød	219	Ølsted	3310	2019	84
Hillerød	219	Ølsted	3310	2020	82
Hillerød	219	Ølsted	3310	2021	89
Hillerød	219	Ølsted	3310	2022	86
Hillerød	219	Ølsted	3310	2023	87
Hillerød	219	Ølsted	3310	2024	80
Hillerød	219	Ølsted	3310	2025	88
Hillerød	219	Ølsted	3310	2026	88
Hillerød	219	Skævinge	3320	2010	5127
Hillerød	219	Skævinge	3320	2011	5253
Hillerød	219	Skævinge	3320	2012	5242
Hillerød	219	Skævinge	3320	2013	5197
Hillerød	219	Skævinge	3320	2014	5278
Hillerød	219	Skævinge	3320	2015	5264
Hillerød	219	Skævinge	3320	2016	5307
Hillerød	219	Skævinge	3320	2017	5343
Hillerød	219	Skævinge	3320	2018	5350
Hillerød	219	Skævinge	3320	2019	5377
Hillerød	219	Skævinge	3320	2020	5273
Hillerød	219	Skævinge	3320	2021	5253
Hillerød	219	Skævinge	3320	2022	5268
Hillerød	219	Skævinge	3320	2023	5514
Hillerød	219	Skævinge	3320	2024	5597
Hillerød	219	Skævinge	3320	2025	5668
Hillerød	219	Skævinge	3320	2026	5667
Hillerød	219	Gørløse	3330	2010	1365
Hillerød	219	Gørløse	3330	2011	1378
Hillerød	219	Gørløse	3330	2012	1385
Hillerød	219	Gørløse	3330	2013	1375
Hillerød	219	Gørløse	3330	2014	1387
Hillerød	219	Gørløse	3330	2015	1400
Hillerød	219	Gørløse	3330	2016	1427
Hillerød	219	Gørløse	3330	2017	1474
Hillerød	219	Gørløse	3330	2018	1524
Hillerød	219	Gørløse	3330	2019	1559
Hillerød	219	Gørløse	3330	2020	1564
Hillerød	219	Gørløse	3330	2021	1539
Hillerød	219	Gørløse	3330	2022	1569
Hillerød	219	Gørløse	3330	2023	1576
Hillerød	219	Gørløse	3330	2024	1566
Hillerød	219	Gørløse	3330	2025	1572
Hillerød	219	Gørløse	3330	2026	1579
Hillerød	219	Hillerød	3400	2010	37141
Hillerød	219	Hillerød	3400	2011	37518
Hillerød	219	Hillerød	3400	2012	37742
Hillerød	219	Hillerød	3400	2013	37934
Hillerød	219	Hillerød	3400	2014	38252
Hillerød	219	Hillerød	3400	2015	38662
Hillerød	219	Hillerød	3400	2016	39137
Hillerød	219	Hillerød	3400	2017	39456
Hillerød	219	Hillerød	3400	2018	39912
Hillerød	219	Hillerød	3400	2019	40269
Hillerød	219	Hillerød	3400	2020	40499
Hillerød	219	Hillerød	3400	2021	40839
Hillerød	219	Hillerød	3400	2022	42472
Hillerød	219	Hillerød	3400	2023	43159
Hillerød	219	Hillerød	3400	2024	43378
Hillerød	219	Hillerød	3400	2025	43709
Hillerød	219	Hillerød	3400	2026	44015
Hillerød	219	Allerød	3450	2010	16
Hillerød	219	Allerød	3450	2011	14
Hillerød	219	Allerød	3450	2012	14
Hillerød	219	Allerød	3450	2013	19
Hillerød	219	Allerød	3450	2014	13
Hillerød	219	Allerød	3450	2015	13
Hillerød	219	Allerød	3450	2016	17
Hillerød	219	Allerød	3450	2017	17
Hillerød	219	Allerød	3450	2018	17
Hillerød	219	Allerød	3450	2019	16
Hillerød	219	Allerød	3450	2020	15
Hillerød	219	Allerød	3450	2021	16
Hillerød	219	Allerød	3450	2022	15
Hillerød	219	Allerød	3450	2023	17
Hillerød	219	Allerød	3450	2024	17
Hillerød	219	Allerød	3450	2025	17
Hillerød	219	Allerød	3450	2026	20
Hillerød	219	Fredensborg	3480	2010	2030
Hillerød	219	Fredensborg	3480	2011	1987
Hillerød	219	Fredensborg	3480	2012	2023
Hillerød	219	Fredensborg	3480	2013	1998
Hillerød	219	Fredensborg	3480	2014	2006
Hillerød	219	Fredensborg	3480	2015	2009
Hillerød	219	Fredensborg	3480	2016	2033
Hillerød	219	Fredensborg	3480	2017	2053
Hillerød	219	Fredensborg	3480	2018	2072
Hillerød	219	Fredensborg	3480	2019	2044
Hillerød	219	Fredensborg	3480	2020	2073
Hillerød	219	Fredensborg	3480	2021	2099
Hillerød	219	Fredensborg	3480	2022	2109
Hillerød	219	Fredensborg	3480	2023	2075
Hillerød	219	Fredensborg	3480	2024	2053
Hillerød	219	Fredensborg	3480	2025	2057
Hillerød	219	Fredensborg	3480	2026	2072
Hillerød	219	Lynge	3540	2010	75
Hillerød	219	Lynge	3540	2011	79
Hillerød	219	Lynge	3540	2012	76
Hillerød	219	Lynge	3540	2013	81
Hillerød	219	Lynge	3540	2014	72
Hillerød	219	Lynge	3540	2015	74
Hillerød	219	Lynge	3540	2016	73
Hillerød	219	Lynge	3540	2017	74
Hillerød	219	Lynge	3540	2018	74
Hillerød	219	Lynge	3540	2019	80
Hillerød	219	Lynge	3540	2020	85
Hillerød	219	Lynge	3540	2021	76
Hillerød	219	Lynge	3540	2022	71
Hillerød	219	Lynge	3540	2023	70
Hillerød	219	Lynge	3540	2024	70
Hillerød	219	Lynge	3540	2025	72
Hillerød	219	Lynge	3540	2026	73
Hillerød	219	Slangerup	3550	2010	1327
Hillerød	219	Slangerup	3550	2011	1325
Hillerød	219	Slangerup	3550	2012	1362
Hillerød	219	Slangerup	3550	2013	1360
Hillerød	219	Slangerup	3550	2014	1340
Hillerød	219	Slangerup	3550	2015	1335
Hillerød	219	Slangerup	3550	2016	1327
Hillerød	219	Slangerup	3550	2017	1350
Hillerød	219	Slangerup	3550	2018	1358
Hillerød	219	Slangerup	3550	2019	1317
Hillerød	219	Slangerup	3550	2020	1333
Hillerød	219	Slangerup	3550	2021	1364
Hillerød	219	Slangerup	3550	2022	1423
Hillerød	219	Slangerup	3550	2023	1416
Hillerød	219	Slangerup	3550	2024	1411
Hillerød	219	Slangerup	3550	2025	1405
Hillerød	219	Slangerup	3550	2026	1375
Hillerød	219	Frederikssund	3600	2010	262
Hillerød	219	Frederikssund	3600	2011	250
Hillerød	219	Frederikssund	3600	2012	257
Hillerød	219	Frederikssund	3600	2013	249
Hillerød	219	Frederikssund	3600	2014	248
Hillerød	219	Frederikssund	3600	2015	229
Hillerød	219	Frederikssund	3600	2016	229
Hillerød	219	Frederikssund	3600	2017	227
Hillerød	219	Frederikssund	3600	2018	224
Hillerød	219	Frederikssund	3600	2019	231
Hillerød	219	Frederikssund	3600	2020	240
Hillerød	219	Frederikssund	3600	2021	232
Hillerød	219	Frederikssund	3600	2022	225
Hillerød	219	Frederikssund	3600	2023	226
Hillerød	219	Frederikssund	3600	2024	233
Hillerød	219	Frederikssund	3600	2025	235
Hillerød	219	Frederikssund	3600	2026	233
Hillerød	219	Ukendt	9999	2010	35
Hillerød	219	Ukendt	9999	2011	22
Hillerød	219	Ukendt	9999	2012	21
Hillerød	219	Ukendt	9999	2013	20
Hillerød	219	Ukendt	9999	2014	17
Hillerød	219	Ukendt	9999	2015	34
Hillerød	219	Ukendt	9999	2016	39
Hillerød	219	Ukendt	9999	2017	27
Hillerød	219	Ukendt	9999	2018	24
Hillerød	219	Ukendt	9999	2019	16
Hillerød	219	Ukendt	9999	2020	15
Hillerød	219	Ukendt	9999	2021	17
Hillerød	219	Ukendt	9999	2022	15
Hillerød	219	Ukendt	9999	2023	14
Hillerød	219	Ukendt	9999	2024	12
Hillerød	219	Ukendt	9999	2025	23
Hillerød	219	Ukendt	9999	2026	51
Hørsholm	223	Vedbæk	2950	2010	586
Hørsholm	223	Vedbæk	2950	2011	586
Hørsholm	223	Vedbæk	2950	2012	593
Hørsholm	223	Vedbæk	2950	2013	599
Hørsholm	223	Vedbæk	2950	2014	619
Hørsholm	223	Vedbæk	2950	2015	604
Hørsholm	223	Vedbæk	2950	2016	613
Hørsholm	223	Vedbæk	2950	2017	637
Hørsholm	223	Vedbæk	2950	2018	640
Hørsholm	223	Vedbæk	2950	2019	615
Hørsholm	223	Vedbæk	2950	2020	626
Hørsholm	223	Vedbæk	2950	2021	621
Hørsholm	223	Vedbæk	2950	2022	574
Hørsholm	223	Vedbæk	2950	2023	602
Hørsholm	223	Vedbæk	2950	2024	598
Hørsholm	223	Vedbæk	2950	2025	606
Hørsholm	223	Vedbæk	2950	2026	611
Hørsholm	223	Rungsted Kyst	2960	2010	5708
Hørsholm	223	Rungsted Kyst	2960	2011	5726
Hørsholm	223	Rungsted Kyst	2960	2012	5705
Hørsholm	223	Rungsted Kyst	2960	2013	5725
Hørsholm	223	Rungsted Kyst	2960	2014	5721
Hørsholm	223	Rungsted Kyst	2960	2015	5701
Hørsholm	223	Rungsted Kyst	2960	2016	5798
Hørsholm	223	Rungsted Kyst	2960	2017	5737
Hørsholm	223	Rungsted Kyst	2960	2018	5760
Hørsholm	223	Rungsted Kyst	2960	2019	5797
Hørsholm	223	Rungsted Kyst	2960	2020	5747
Hørsholm	223	Rungsted Kyst	2960	2021	5835
Hørsholm	223	Rungsted Kyst	2960	2022	5924
Hørsholm	223	Rungsted Kyst	2960	2023	5833
Hørsholm	223	Rungsted Kyst	2960	2024	5844
Hørsholm	223	Rungsted Kyst	2960	2025	5813
Hørsholm	223	Rungsted Kyst	2960	2026	5828
Hørsholm	223	Hørsholm	2970	2010	18015
Hørsholm	223	Hørsholm	2970	2011	18018
Hørsholm	223	Hørsholm	2970	2012	17958
Hørsholm	223	Hørsholm	2970	2013	18106
Hørsholm	223	Hørsholm	2970	2014	18253
Hørsholm	223	Hørsholm	2970	2015	18496
Hørsholm	223	Hørsholm	2970	2016	18499
Hørsholm	223	Hørsholm	2970	2017	18537
Hørsholm	223	Hørsholm	2970	2018	18581
Hørsholm	223	Hørsholm	2970	2019	18559
Hørsholm	223	Hørsholm	2970	2020	18456
Hørsholm	223	Hørsholm	2970	2021	18435
Hørsholm	223	Hørsholm	2970	2022	18237
Hørsholm	223	Hørsholm	2970	2023	18263
Hørsholm	223	Hørsholm	2970	2024	18350
Hørsholm	223	Hørsholm	2970	2025	18724
Hørsholm	223	Hørsholm	2970	2026	18889
Hørsholm	223	Kokkedal	2980	2010	2
Hørsholm	223	Kokkedal	2980	2011	4
Hørsholm	223	Kokkedal	2980	2012	3
Hørsholm	223	Kokkedal	2980	2013	3
Hørsholm	223	Kokkedal	2980	2014	4
Hørsholm	223	Kokkedal	2980	2015	4
Hørsholm	223	Kokkedal	2980	2016	4
Hørsholm	223	Kokkedal	2980	2017	4
Hørsholm	223	Kokkedal	2980	2018	5
Hørsholm	223	Kokkedal	2980	2019	5
Hørsholm	223	Kokkedal	2980	2020	5
Hørsholm	223	Kokkedal	2980	2021	5
Hørsholm	223	Kokkedal	2980	2022	5
Hørsholm	223	Kokkedal	2980	2023	3
Hørsholm	223	Kokkedal	2980	2024	3
Hørsholm	223	Kokkedal	2980	2025	3
Hørsholm	223	Kokkedal	2980	2026	3
Hørsholm	223	Ukendt	9999	2010	67
Hørsholm	223	Ukendt	9999	2011	81
Hørsholm	223	Ukendt	9999	2012	106
Hørsholm	223	Ukendt	9999	2013	110
Hørsholm	223	Ukendt	9999	2014	112
Hørsholm	223	Ukendt	9999	2015	51
Hørsholm	223	Ukendt	9999	2016	51
Hørsholm	223	Ukendt	9999	2017	62
Hørsholm	223	Ukendt	9999	2018	42
Hørsholm	223	Ukendt	9999	2019	31
Hørsholm	223	Ukendt	9999	2020	30
Hørsholm	223	Ukendt	9999	2021	21
Hørsholm	223	Ukendt	9999	2022	21
Hørsholm	223	Ukendt	9999	2023	14
Hørsholm	223	Ukendt	9999	2024	16
Hørsholm	223	Ukendt	9999	2025	22
Hørsholm	223	Ukendt	9999	2026	23
Rudersdal	230	Kgs. Lyngby	2800	2010	8
Rudersdal	230	Kgs. Lyngby	2800	2011	12
Rudersdal	230	Kgs. Lyngby	2800	2012	9
Rudersdal	230	Kgs. Lyngby	2800	2013	6
Rudersdal	230	Kgs. Lyngby	2800	2014	6
Rudersdal	230	Kgs. Lyngby	2800	2015	12
Rudersdal	230	Kgs. Lyngby	2800	2016	14
Rudersdal	230	Kgs. Lyngby	2800	2017	14
Rudersdal	230	Kgs. Lyngby	2800	2018	14
Rudersdal	230	Kgs. Lyngby	2800	2019	15
Rudersdal	230	Kgs. Lyngby	2800	2020	12
Rudersdal	230	Kgs. Lyngby	2800	2021	14
Rudersdal	230	Kgs. Lyngby	2800	2022	15
Rudersdal	230	Kgs. Lyngby	2800	2023	14
Rudersdal	230	Kgs. Lyngby	2800	2024	15
Rudersdal	230	Kgs. Lyngby	2800	2025	15
Rudersdal	230	Kgs. Lyngby	2800	2026	14
Rudersdal	230	Virum	2830	2010	642
Rudersdal	230	Virum	2830	2011	629
Rudersdal	230	Virum	2830	2012	631
Rudersdal	230	Virum	2830	2013	634
Rudersdal	230	Virum	2830	2014	634
Rudersdal	230	Virum	2830	2015	626
Rudersdal	230	Virum	2830	2016	595
Rudersdal	230	Virum	2830	2017	617
Rudersdal	230	Virum	2830	2018	628
Rudersdal	230	Virum	2830	2019	617
Rudersdal	230	Virum	2830	2020	614
Rudersdal	230	Virum	2830	2021	608
Rudersdal	230	Virum	2830	2022	637
Rudersdal	230	Virum	2830	2023	629
Rudersdal	230	Virum	2830	2024	638
Rudersdal	230	Virum	2830	2025	626
Rudersdal	230	Virum	2830	2026	610
Rudersdal	230	Holte	2840	2010	15164
Rudersdal	230	Holte	2840	2011	15291
Rudersdal	230	Holte	2840	2012	15243
Rudersdal	230	Holte	2840	2013	15210
Rudersdal	230	Holte	2840	2014	15260
Rudersdal	230	Holte	2840	2015	15379
Rudersdal	230	Holte	2840	2016	15474
Rudersdal	230	Holte	2840	2017	15529
Rudersdal	230	Holte	2840	2018	15389
Rudersdal	230	Holte	2840	2019	15399
Rudersdal	230	Holte	2840	2020	15311
Rudersdal	230	Holte	2840	2021	15352
Rudersdal	230	Holte	2840	2022	15415
Rudersdal	230	Holte	2840	2023	15233
Rudersdal	230	Holte	2840	2024	15323
Rudersdal	230	Holte	2840	2025	15452
Rudersdal	230	Holte	2840	2026	15665
Rudersdal	230	Nærum	2850	2010	7169
Rudersdal	230	Nærum	2850	2011	7168
Rudersdal	230	Nærum	2850	2012	7205
Rudersdal	230	Nærum	2850	2013	7265
Rudersdal	230	Nærum	2850	2014	7378
Rudersdal	230	Nærum	2850	2015	7496
Rudersdal	230	Nærum	2850	2016	7535
Rudersdal	230	Nærum	2850	2017	7585
Rudersdal	230	Nærum	2850	2018	7645
Rudersdal	230	Nærum	2850	2019	7893
Rudersdal	230	Nærum	2850	2020	7881
Rudersdal	230	Nærum	2850	2021	7825
Rudersdal	230	Nærum	2850	2022	7841
Rudersdal	230	Nærum	2850	2023	7936
Rudersdal	230	Nærum	2850	2024	7890
Rudersdal	230	Nærum	2850	2025	7878
Rudersdal	230	Nærum	2850	2026	7957
Rudersdal	230	Skodsborg	2942	2010	1653
Rudersdal	230	Skodsborg	2942	2011	1641
Rudersdal	230	Skodsborg	2942	2012	1662
Rudersdal	230	Skodsborg	2942	2013	1673
Rudersdal	230	Skodsborg	2942	2014	1737
Rudersdal	230	Skodsborg	2942	2015	1718
Rudersdal	230	Skodsborg	2942	2016	1687
Rudersdal	230	Skodsborg	2942	2017	1722
Rudersdal	230	Skodsborg	2942	2018	1720
Rudersdal	230	Skodsborg	2942	2019	1710
Rudersdal	230	Skodsborg	2942	2020	1733
Rudersdal	230	Skodsborg	2942	2021	1726
Rudersdal	230	Skodsborg	2942	2022	1762
Rudersdal	230	Skodsborg	2942	2023	1750
Rudersdal	230	Skodsborg	2942	2024	1702
Rudersdal	230	Skodsborg	2942	2025	1717
Rudersdal	230	Skodsborg	2942	2026	1718
Rudersdal	230	Vedbæk	2950	2010	7340
Rudersdal	230	Vedbæk	2950	2011	7370
Rudersdal	230	Vedbæk	2950	2012	7308
Rudersdal	230	Vedbæk	2950	2013	7354
Rudersdal	230	Vedbæk	2950	2014	7253
Rudersdal	230	Vedbæk	2950	2015	7366
Rudersdal	230	Vedbæk	2950	2016	7455
Rudersdal	230	Vedbæk	2950	2017	7502
Rudersdal	230	Vedbæk	2950	2018	7485
Rudersdal	230	Vedbæk	2950	2019	7552
Rudersdal	230	Vedbæk	2950	2020	7738
Rudersdal	230	Vedbæk	2950	2021	8004
Rudersdal	230	Vedbæk	2950	2022	8083
Rudersdal	230	Vedbæk	2950	2023	8166
Rudersdal	230	Vedbæk	2950	2024	8132
Rudersdal	230	Vedbæk	2950	2025	8109
Rudersdal	230	Vedbæk	2950	2026	8123
Rudersdal	230	Hørsholm	2970	2010	1606
Rudersdal	230	Hørsholm	2970	2011	1638
Rudersdal	230	Hørsholm	2970	2012	1650
Rudersdal	230	Hørsholm	2970	2013	1624
Rudersdal	230	Hørsholm	2970	2014	1651
Rudersdal	230	Hørsholm	2970	2015	1704
Rudersdal	230	Hørsholm	2970	2016	1724
Rudersdal	230	Hørsholm	2970	2017	1751
Rudersdal	230	Hørsholm	2970	2018	1755
Rudersdal	230	Hørsholm	2970	2019	1745
Rudersdal	230	Hørsholm	2970	2020	1789
Rudersdal	230	Hørsholm	2970	2021	1781
Rudersdal	230	Hørsholm	2970	2022	1780
Rudersdal	230	Hørsholm	2970	2023	1776
Rudersdal	230	Hørsholm	2970	2024	1755
Rudersdal	230	Hørsholm	2970	2025	1753
Rudersdal	230	Hørsholm	2970	2026	1750
Rudersdal	230	Birkerød	3460	2010	20695
Rudersdal	230	Birkerød	3460	2011	20858
Rudersdal	230	Birkerød	3460	2012	20774
Rudersdal	230	Birkerød	3460	2013	20923
Rudersdal	230	Birkerød	3460	2014	20991
Rudersdal	230	Birkerød	3460	2015	21026
Rudersdal	230	Birkerød	3460	2016	21150
Rudersdal	230	Birkerød	3460	2017	21306
Rudersdal	230	Birkerød	3460	2018	21256
Rudersdal	230	Birkerød	3460	2019	21456
Rudersdal	230	Birkerød	3460	2020	21521
Rudersdal	230	Birkerød	3460	2021	21604
Rudersdal	230	Birkerød	3460	2022	21584
Rudersdal	230	Birkerød	3460	2023	21567
Rudersdal	230	Birkerød	3460	2024	21643
Rudersdal	230	Birkerød	3460	2025	21695
Rudersdal	230	Birkerød	3460	2026	21987
Rudersdal	230	Ukendt	9999	2010	167
Rudersdal	230	Ukendt	9999	2011	158
Rudersdal	230	Ukendt	9999	2012	148
Rudersdal	230	Ukendt	9999	2013	138
Rudersdal	230	Ukendt	9999	2014	124
Rudersdal	230	Ukendt	9999	2015	114
Rudersdal	230	Ukendt	9999	2016	105
Rudersdal	230	Ukendt	9999	2017	107
Rudersdal	230	Ukendt	9999	2018	97
Rudersdal	230	Ukendt	9999	2019	122
Rudersdal	230	Ukendt	9999	2020	129
Rudersdal	230	Ukendt	9999	2021	110
Rudersdal	230	Ukendt	9999	2022	130
Rudersdal	230	Ukendt	9999	2023	122
Rudersdal	230	Ukendt	9999	2024	139
Rudersdal	230	Ukendt	9999	2025	97
Rudersdal	230	Ukendt	9999	2026	88
Egedal	240	Ballerup	2750	2010	8
Egedal	240	Ballerup	2750	2011	8
Egedal	240	Ballerup	2750	2012	8
Egedal	240	Ballerup	2750	2013	8
Egedal	240	Ballerup	2750	2014	9
Egedal	240	Ballerup	2750	2015	8
Egedal	240	Ballerup	2750	2016	8
Egedal	240	Ballerup	2750	2017	5
Egedal	240	Ballerup	2750	2018	11
Egedal	240	Ballerup	2750	2019	11
Egedal	240	Ballerup	2750	2020	11
Egedal	240	Ballerup	2750	2021	10
Egedal	240	Ballerup	2750	2022	9
Egedal	240	Ballerup	2750	2023	9
Egedal	240	Ballerup	2750	2024	10
Egedal	240	Ballerup	2750	2025	11
Egedal	240	Ballerup	2750	2026	11
Egedal	240	Smørum	2765	2010	11035
Egedal	240	Smørum	2765	2011	11080
Egedal	240	Smørum	2765	2012	11147
Egedal	240	Smørum	2765	2013	11166
Egedal	240	Smørum	2765	2014	11228
Egedal	240	Smørum	2765	2015	11347
Egedal	240	Smørum	2765	2016	11348
Egedal	240	Smørum	2765	2017	11403
Egedal	240	Smørum	2765	2018	11400
Egedal	240	Smørum	2765	2019	11543
Egedal	240	Smørum	2765	2020	11610
Egedal	240	Smørum	2765	2021	11781
Egedal	240	Smørum	2765	2022	11957
Egedal	240	Smørum	2765	2023	12377
Egedal	240	Smørum	2765	2024	12457
Egedal	240	Smørum	2765	2025	12459
Egedal	240	Smørum	2765	2026	12554
Egedal	240	Værløse	3500	2010	38
Egedal	240	Værløse	3500	2011	33
Egedal	240	Værløse	3500	2012	33
Egedal	240	Værløse	3500	2013	34
Egedal	240	Værløse	3500	2014	36
Egedal	240	Værløse	3500	2015	35
Egedal	240	Værløse	3500	2016	30
Egedal	240	Værløse	3500	2017	32
Egedal	240	Værløse	3500	2018	36
Egedal	240	Værløse	3500	2019	34
Egedal	240	Værløse	3500	2020	34
Egedal	240	Værløse	3500	2021	36
Egedal	240	Værløse	3500	2022	35
Egedal	240	Værløse	3500	2023	31
Egedal	240	Værløse	3500	2024	33
Egedal	240	Værløse	3500	2025	34
Egedal	240	Værløse	3500	2026	37
Egedal	240	Farum	3520	2010	45
Egedal	240	Farum	3520	2011	44
Egedal	240	Farum	3520	2012	47
Egedal	240	Farum	3520	2013	48
Egedal	240	Farum	3520	2014	50
Egedal	240	Farum	3520	2015	50
Egedal	240	Farum	3520	2016	52
Egedal	240	Farum	3520	2017	58
Egedal	240	Farum	3520	2018	54
Egedal	240	Farum	3520	2019	58
Egedal	240	Farum	3520	2020	54
Egedal	240	Farum	3520	2021	52
Egedal	240	Farum	3520	2022	51
Egedal	240	Farum	3520	2023	47
Egedal	240	Farum	3520	2024	43
Egedal	240	Farum	3520	2025	46
Egedal	240	Farum	3520	2026	46
Egedal	240	Lynge	3540	2010	2
Egedal	240	Lynge	3540	2011	2
Egedal	240	Lynge	3540	2012	2
Egedal	240	Lynge	3540	2013	2
Egedal	240	Lynge	3540	2014	1
Egedal	240	Lynge	3540	2015	2
Egedal	240	Lynge	3540	2016	2
Egedal	240	Lynge	3540	2017	0
Egedal	240	Lynge	3540	2018	0
Egedal	240	Lynge	3540	2019	0
Egedal	240	Lynge	3540	2020	0
Egedal	240	Lynge	3540	2021	0
Egedal	240	Lynge	3540	2022	0
Egedal	240	Lynge	3540	2023	0
Egedal	240	Lynge	3540	2024	0
Egedal	240	Lynge	3540	2025	0
Egedal	240	Lynge	3540	2026	0
Egedal	240	Slangerup	3550	2010	601
Egedal	240	Slangerup	3550	2011	585
Egedal	240	Slangerup	3550	2012	583
Egedal	240	Slangerup	3550	2013	560
Egedal	240	Slangerup	3550	2014	569
Egedal	240	Slangerup	3550	2015	563
Egedal	240	Slangerup	3550	2016	553
Egedal	240	Slangerup	3550	2017	546
Egedal	240	Slangerup	3550	2018	556
Egedal	240	Slangerup	3550	2019	544
Egedal	240	Slangerup	3550	2020	529
Egedal	240	Slangerup	3550	2021	512
Egedal	240	Slangerup	3550	2022	504
Egedal	240	Slangerup	3550	2023	490
Egedal	240	Slangerup	3550	2024	499
Egedal	240	Slangerup	3550	2025	508
Egedal	240	Slangerup	3550	2026	491
Egedal	240	Ølstykke	3650	2010	16385
Egedal	240	Ølstykke	3650	2011	16338
Egedal	240	Ølstykke	3650	2012	16422
Egedal	240	Ølstykke	3650	2013	16468
Egedal	240	Ølstykke	3650	2014	16447
Egedal	240	Ølstykke	3650	2015	16492
Egedal	240	Ølstykke	3650	2016	16587
Egedal	240	Ølstykke	3650	2017	16660
Egedal	240	Ølstykke	3650	2018	16578
Egedal	240	Ølstykke	3650	2019	16681
Egedal	240	Ølstykke	3650	2020	16656
Egedal	240	Ølstykke	3650	2021	16767
Egedal	240	Ølstykke	3650	2022	17099
Egedal	240	Ølstykke	3650	2023	17452
Egedal	240	Ølstykke	3650	2024	17649
Egedal	240	Ølstykke	3650	2025	17622
Egedal	240	Ølstykke	3650	2026	18067
Egedal	240	Stenløse	3660	2010	10709
Egedal	240	Stenløse	3660	2011	10843
Egedal	240	Stenløse	3660	2012	10889
Egedal	240	Stenløse	3660	2013	11055
Egedal	240	Stenløse	3660	2014	11190
Egedal	240	Stenløse	3660	2015	11398
Egedal	240	Stenløse	3660	2016	11477
Egedal	240	Stenløse	3660	2017	11651
Egedal	240	Stenløse	3660	2018	11645
Egedal	240	Stenløse	3660	2019	11815
Egedal	240	Stenløse	3660	2020	11823
Egedal	240	Stenløse	3660	2021	11890
Egedal	240	Stenløse	3660	2022	12073
Egedal	240	Stenløse	3660	2023	12132
Egedal	240	Stenløse	3660	2024	12173
Egedal	240	Stenløse	3660	2025	12199
Egedal	240	Stenløse	3660	2026	12360
Egedal	240	Veksø Sjælland	3670	2010	2634
Egedal	240	Veksø Sjælland	3670	2011	2645
Egedal	240	Veksø Sjælland	3670	2012	2657
Egedal	240	Veksø Sjælland	3670	2013	2641
Egedal	240	Veksø Sjælland	3670	2014	2640
Egedal	240	Veksø Sjælland	3670	2015	2631
Egedal	240	Veksø Sjælland	3670	2016	2668
Egedal	240	Veksø Sjælland	3670	2017	2674
Egedal	240	Veksø Sjælland	3670	2018	2670
Egedal	240	Veksø Sjælland	3670	2019	2602
Egedal	240	Veksø Sjælland	3670	2020	2585
Egedal	240	Veksø Sjælland	3670	2021	2594
Egedal	240	Veksø Sjælland	3670	2022	2596
Egedal	240	Veksø Sjælland	3670	2023	2602
Egedal	240	Veksø Sjælland	3670	2024	2598
Egedal	240	Veksø Sjælland	3670	2025	2618
Egedal	240	Veksø Sjælland	3670	2026	2605
Egedal	240	Ukendt	9999	2010	56
Egedal	240	Ukendt	9999	2011	36
Egedal	240	Ukendt	9999	2012	33
Egedal	240	Ukendt	9999	2013	36
Egedal	240	Ukendt	9999	2014	40
Egedal	240	Ukendt	9999	2015	47
Egedal	240	Ukendt	9999	2016	48
Egedal	240	Ukendt	9999	2017	53
Egedal	240	Ukendt	9999	2018	50
Egedal	240	Ukendt	9999	2019	47
Egedal	240	Ukendt	9999	2020	52
Egedal	240	Ukendt	9999	2021	54
Egedal	240	Ukendt	9999	2022	51
Egedal	240	Ukendt	9999	2023	62
Egedal	240	Ukendt	9999	2024	70
Egedal	240	Ukendt	9999	2025	66
Egedal	240	Ukendt	9999	2026	69
Frederikssund	250	Slangerup	3550	2010	7894
Frederikssund	250	Slangerup	3550	2011	7976
Frederikssund	250	Slangerup	3550	2012	7926
Frederikssund	250	Slangerup	3550	2013	7956
Frederikssund	250	Slangerup	3550	2014	7952
Frederikssund	250	Slangerup	3550	2015	7873
Frederikssund	250	Slangerup	3550	2016	7980
Frederikssund	250	Slangerup	3550	2017	8004
Frederikssund	250	Slangerup	3550	2018	7977
Frederikssund	250	Slangerup	3550	2019	7996
Frederikssund	250	Slangerup	3550	2020	7922
Frederikssund	250	Slangerup	3550	2021	7875
Frederikssund	250	Slangerup	3550	2022	7908
Frederikssund	250	Slangerup	3550	2023	7896
Frederikssund	250	Slangerup	3550	2024	7872
Frederikssund	250	Slangerup	3550	2025	7975
Frederikssund	250	Slangerup	3550	2026	8245
Frederikssund	250	Frederikssund	3600	2010	19669
Frederikssund	250	Frederikssund	3600	2011	19787
Frederikssund	250	Frederikssund	3600	2012	19901
Frederikssund	250	Frederikssund	3600	2013	19908
Frederikssund	250	Frederikssund	3600	2014	19993
Frederikssund	250	Frederikssund	3600	2015	20150
Frederikssund	250	Frederikssund	3600	2016	20282
Frederikssund	250	Frederikssund	3600	2017	20447
Frederikssund	250	Frederikssund	3600	2018	20552
Frederikssund	250	Frederikssund	3600	2019	20600
Frederikssund	250	Frederikssund	3600	2020	20642
Frederikssund	250	Frederikssund	3600	2021	20912
Frederikssund	250	Frederikssund	3600	2022	21227
Frederikssund	250	Frederikssund	3600	2023	21478
Frederikssund	250	Frederikssund	3600	2024	21682
Frederikssund	250	Frederikssund	3600	2025	22273
Frederikssund	250	Frederikssund	3600	2026	22347
Frederikssund	250	Jægerspris	3630	2010	9232
Frederikssund	250	Jægerspris	3630	2011	9163
Frederikssund	250	Jægerspris	3630	2012	9124
Frederikssund	250	Jægerspris	3630	2013	9143
Frederikssund	250	Jægerspris	3630	2014	9132
Frederikssund	250	Jægerspris	3630	2015	9093
Frederikssund	250	Jægerspris	3630	2016	9124
Frederikssund	250	Jægerspris	3630	2017	9251
Frederikssund	250	Jægerspris	3630	2018	9330
Frederikssund	250	Jægerspris	3630	2019	9442
Frederikssund	250	Jægerspris	3630	2020	9471
Frederikssund	250	Jægerspris	3630	2021	9429
Frederikssund	250	Jægerspris	3630	2022	9425
Frederikssund	250	Jægerspris	3630	2023	9491
Frederikssund	250	Jægerspris	3630	2024	9526
Frederikssund	250	Jægerspris	3630	2025	9570
Frederikssund	250	Jægerspris	3630	2026	9524
Frederikssund	250	Ølstykke	3650	2010	10
Frederikssund	250	Ølstykke	3650	2011	0
Frederikssund	250	Ølstykke	3650	2012	0
Frederikssund	250	Ølstykke	3650	2013	0
Frederikssund	250	Ølstykke	3650	2014	0
Frederikssund	250	Ølstykke	3650	2015	0
Frederikssund	250	Ølstykke	3650	2016	0
Frederikssund	250	Ølstykke	3650	2017	0
Frederikssund	250	Ølstykke	3650	2018	0
Frederikssund	250	Ølstykke	3650	2019	0
Frederikssund	250	Ølstykke	3650	2020	0
Frederikssund	250	Ølstykke	3650	2021	0
Frederikssund	250	Ølstykke	3650	2022	0
Frederikssund	250	Ølstykke	3650	2023	0
Frederikssund	250	Ølstykke	3650	2024	0
Frederikssund	250	Ølstykke	3650	2025	0
Frederikssund	250	Ølstykke	3650	2026	0
Frederikssund	250	Skibby	4050	2010	7313
Frederikssund	250	Skibby	4050	2011	7303
Frederikssund	250	Skibby	4050	2012	7304
Frederikssund	250	Skibby	4050	2013	7247
Frederikssund	250	Skibby	4050	2014	7214
Frederikssund	250	Skibby	4050	2015	7200
Frederikssund	250	Skibby	4050	2016	7263
Frederikssund	250	Skibby	4050	2017	7263
Frederikssund	250	Skibby	4050	2018	7244
Frederikssund	250	Skibby	4050	2019	7216
Frederikssund	250	Skibby	4050	2020	7097
Frederikssund	250	Skibby	4050	2021	7139
Frederikssund	250	Skibby	4050	2022	7149
Frederikssund	250	Skibby	4050	2023	7155
Frederikssund	250	Skibby	4050	2024	7186
Frederikssund	250	Skibby	4050	2025	7151
Frederikssund	250	Skibby	4050	2026	7238
Frederikssund	250	Ukendt	9999	2010	64
Frederikssund	250	Ukendt	9999	2011	78
Frederikssund	250	Ukendt	9999	2012	90
Frederikssund	250	Ukendt	9999	2013	111
Frederikssund	250	Ukendt	9999	2014	110
Frederikssund	250	Ukendt	9999	2015	97
Frederikssund	250	Ukendt	9999	2016	76
Frederikssund	250	Ukendt	9999	2017	71
Frederikssund	250	Ukendt	9999	2018	86
Frederikssund	250	Ukendt	9999	2019	78
Frederikssund	250	Ukendt	9999	2020	91
Frederikssund	250	Ukendt	9999	2021	84
Frederikssund	250	Ukendt	9999	2022	91
Frederikssund	250	Ukendt	9999	2023	97
Frederikssund	250	Ukendt	9999	2024	92
Frederikssund	250	Ukendt	9999	2025	83
Frederikssund	250	Ukendt	9999	2026	96
Greve	253	Hedehusene	2640	2010	4
Greve	253	Hedehusene	2640	2011	3
Greve	253	Hedehusene	2640	2012	3
Greve	253	Hedehusene	2640	2013	3
Greve	253	Hedehusene	2640	2014	3
Greve	253	Hedehusene	2640	2015	2
Greve	253	Hedehusene	2640	2016	2
Greve	253	Hedehusene	2640	2017	2
Greve	253	Hedehusene	2640	2018	2
Greve	253	Hedehusene	2640	2019	2
Greve	253	Hedehusene	2640	2020	0
Greve	253	Hedehusene	2640	2021	2
Greve	253	Hedehusene	2640	2022	2
Greve	253	Hedehusene	2640	2023	3
Greve	253	Hedehusene	2640	2024	3
Greve	253	Hedehusene	2640	2025	2
Greve	253	Hedehusene	2640	2026	3
Greve	253	Greve	2670	2010	34342
Greve	253	Greve	2670	2011	34452
Greve	253	Greve	2670	2012	34460
Greve	253	Greve	2670	2013	34535
Greve	253	Greve	2670	2014	34580
Greve	253	Greve	2670	2015	35031
Greve	253	Greve	2670	2016	35409
Greve	253	Greve	2670	2017	35526
Greve	253	Greve	2670	2018	35536
Greve	253	Greve	2670	2019	35648
Greve	253	Greve	2670	2020	35753
Greve	253	Greve	2670	2021	35779
Greve	253	Greve	2670	2022	36069
Greve	253	Greve	2670	2023	36436
Greve	253	Greve	2670	2024	37049
Greve	253	Greve	2670	2025	38248
Greve	253	Greve	2670	2026	38700
Greve	253	Karlslunde	2690	2010	8091
Greve	253	Karlslunde	2690	2011	8089
Greve	253	Karlslunde	2690	2012	8131
Greve	253	Karlslunde	2690	2013	8070
Greve	253	Karlslunde	2690	2014	8111
Greve	253	Karlslunde	2690	2015	8405
Greve	253	Karlslunde	2690	2016	8571
Greve	253	Karlslunde	2690	2017	8768
Greve	253	Karlslunde	2690	2018	8853
Greve	253	Karlslunde	2690	2019	9016
Greve	253	Karlslunde	2690	2020	9167
Greve	253	Karlslunde	2690	2021	9174
Greve	253	Karlslunde	2690	2022	9129
Greve	253	Karlslunde	2690	2023	9314
Greve	253	Karlslunde	2690	2024	9297
Greve	253	Karlslunde	2690	2025	9356
Greve	253	Karlslunde	2690	2026	9373
Greve	253	Roskilde	4000	2010	0
Greve	253	Roskilde	4000	2011	0
Greve	253	Roskilde	4000	2012	0
Greve	253	Roskilde	4000	2013	0
Greve	253	Roskilde	4000	2014	0
Greve	253	Roskilde	4000	2015	0
Greve	253	Roskilde	4000	2016	0
Greve	253	Roskilde	4000	2017	0
Greve	253	Roskilde	4000	2018	0
Greve	253	Roskilde	4000	2019	0
Greve	253	Roskilde	4000	2020	0
Greve	253	Roskilde	4000	2021	0
Greve	253	Roskilde	4000	2022	0
Greve	253	Roskilde	4000	2023	0
Greve	253	Roskilde	4000	2024	0
Greve	253	Roskilde	4000	2025	0
Greve	253	Roskilde	4000	2026	0
Greve	253	Tune	4030	2010	5249
Greve	253	Tune	4030	2011	5270
Greve	253	Tune	4030	2012	5216
Greve	253	Tune	4030	2013	5261
Greve	253	Tune	4030	2014	5293
Greve	253	Tune	4030	2015	5301
Greve	253	Tune	4030	2016	5403
Greve	253	Tune	4030	2017	5492
Greve	253	Tune	4030	2018	5479
Greve	253	Tune	4030	2019	5498
Greve	253	Tune	4030	2020	5515
Greve	253	Tune	4030	2021	5447
Greve	253	Tune	4030	2022	5513
Greve	253	Tune	4030	2023	5635
Greve	253	Tune	4030	2024	5734
Greve	253	Tune	4030	2025	5826
Greve	253	Tune	4030	2026	5909
Greve	253	Ukendt	9999	2010	140
Greve	253	Ukendt	9999	2011	164
Greve	253	Ukendt	9999	2012	132
Greve	253	Ukendt	9999	2013	111
Greve	253	Ukendt	9999	2014	108
Greve	253	Ukendt	9999	2015	96
Greve	253	Ukendt	9999	2016	133
Greve	253	Ukendt	9999	2017	133
Greve	253	Ukendt	9999	2018	104
Greve	253	Ukendt	9999	2019	103
Greve	253	Ukendt	9999	2020	123
Greve	253	Ukendt	9999	2021	112
Greve	253	Ukendt	9999	2022	105
Greve	253	Ukendt	9999	2023	119
Greve	253	Ukendt	9999	2024	74
Greve	253	Ukendt	9999	2025	104
Greve	253	Ukendt	9999	2026	135
Køge	259	Roskilde	4000	2010	0
Køge	259	Roskilde	4000	2011	0
Køge	259	Roskilde	4000	2012	0
Køge	259	Roskilde	4000	2013	0
Køge	259	Roskilde	4000	2014	0
Køge	259	Roskilde	4000	2015	0
Køge	259	Roskilde	4000	2016	0
Køge	259	Roskilde	4000	2017	0
Køge	259	Roskilde	4000	2018	0
Køge	259	Roskilde	4000	2019	0
Køge	259	Roskilde	4000	2020	0
Køge	259	Roskilde	4000	2021	0
Køge	259	Roskilde	4000	2022	0
Køge	259	Roskilde	4000	2023	0
Køge	259	Roskilde	4000	2024	0
Køge	259	Roskilde	4000	2025	0
Køge	259	Roskilde	4000	2026	0
Køge	259	Ringsted	4100	2010	1319
Køge	259	Ringsted	4100	2011	1299
Køge	259	Ringsted	4100	2012	1315
Køge	259	Ringsted	4100	2013	1338
Køge	259	Ringsted	4100	2014	1309
Køge	259	Ringsted	4100	2015	1330
Køge	259	Ringsted	4100	2016	1301
Køge	259	Ringsted	4100	2017	1312
Køge	259	Ringsted	4100	2018	1317
Køge	259	Ringsted	4100	2019	1306
Køge	259	Ringsted	4100	2020	1309
Køge	259	Ringsted	4100	2021	1330
Køge	259	Ringsted	4100	2022	1311
Køge	259	Ringsted	4100	2023	1312
Køge	259	Ringsted	4100	2024	1349
Køge	259	Ringsted	4100	2025	1371
Køge	259	Ringsted	4100	2026	1327
Køge	259	Viby Sjælland	4130	2010	246
Køge	259	Viby Sjælland	4130	2011	249
Køge	259	Viby Sjælland	4130	2012	231
Køge	259	Viby Sjælland	4130	2013	235
Køge	259	Viby Sjælland	4130	2014	225
Køge	259	Viby Sjælland	4130	2015	218
Køge	259	Viby Sjælland	4130	2016	216
Køge	259	Viby Sjælland	4130	2017	220
Køge	259	Viby Sjælland	4130	2018	219
Køge	259	Viby Sjælland	4130	2019	226
Køge	259	Viby Sjælland	4130	2020	221
Køge	259	Viby Sjælland	4130	2021	231
Køge	259	Viby Sjælland	4130	2022	237
Køge	259	Viby Sjælland	4130	2023	239
Køge	259	Viby Sjælland	4130	2024	237
Køge	259	Viby Sjælland	4130	2025	231
Køge	259	Viby Sjælland	4130	2026	233
Køge	259	Borup	4140	2010	5784
Køge	259	Borup	4140	2011	5805
Køge	259	Borup	4140	2012	5755
Køge	259	Borup	4140	2013	5798
Køge	259	Borup	4140	2014	6004
Køge	259	Borup	4140	2015	6092
Køge	259	Borup	4140	2016	6218
Køge	259	Borup	4140	2017	6266
Køge	259	Borup	4140	2018	6291
Køge	259	Borup	4140	2019	6307
Køge	259	Borup	4140	2020	6279
Køge	259	Borup	4140	2021	6330
Køge	259	Borup	4140	2022	6374
Køge	259	Borup	4140	2023	6478
Køge	259	Borup	4140	2024	6467
Køge	259	Borup	4140	2025	6649
Køge	259	Borup	4140	2026	6626
Køge	259	Jystrup Midtsj	4174	2010	2
Køge	259	Jystrup Midtsj	4174	2011	2
Køge	259	Jystrup Midtsj	4174	2012	2
Køge	259	Jystrup Midtsj	4174	2013	2
Køge	259	Jystrup Midtsj	4174	2014	2
Køge	259	Jystrup Midtsj	4174	2015	2
Køge	259	Jystrup Midtsj	4174	2016	2
Køge	259	Jystrup Midtsj	4174	2017	0
Køge	259	Jystrup Midtsj	4174	2018	1
Køge	259	Jystrup Midtsj	4174	2019	1
Køge	259	Jystrup Midtsj	4174	2020	1
Køge	259	Jystrup Midtsj	4174	2021	1
Køge	259	Jystrup Midtsj	4174	2022	1
Køge	259	Jystrup Midtsj	4174	2023	1
Køge	259	Jystrup Midtsj	4174	2024	1
Køge	259	Jystrup Midtsj	4174	2025	1
Køge	259	Jystrup Midtsj	4174	2026	1
Køge	259	Lejre	4320	2010	4
Køge	259	Lejre	4320	2011	4
Køge	259	Lejre	4320	2012	4
Køge	259	Lejre	4320	2013	4
Køge	259	Lejre	4320	2014	2
Køge	259	Lejre	4320	2015	2
Køge	259	Lejre	4320	2016	1
Køge	259	Lejre	4320	2017	1
Køge	259	Lejre	4320	2018	2
Køge	259	Lejre	4320	2019	1
Køge	259	Lejre	4320	2020	1
Køge	259	Lejre	4320	2021	1
Køge	259	Lejre	4320	2022	1
Køge	259	Lejre	4320	2023	1
Køge	259	Lejre	4320	2024	1
Køge	259	Lejre	4320	2025	1
Køge	259	Lejre	4320	2026	1
Køge	259	Køge	4600	2010	31624
Køge	259	Køge	4600	2011	31738
Køge	259	Køge	4600	2012	31842
Køge	259	Køge	4600	2013	32202
Køge	259	Køge	4600	2014	32318
Køge	259	Køge	4600	2015	32944
Køge	259	Køge	4600	2016	33294
Køge	259	Køge	4600	2017	33397
Køge	259	Køge	4600	2018	33522
Køge	259	Køge	4600	2019	33993
Køge	259	Køge	4600	2020	34221
Køge	259	Køge	4600	2021	34656
Køge	259	Køge	4600	2022	35061
Køge	259	Køge	4600	2023	35457
Køge	259	Køge	4600	2024	35725
Køge	259	Køge	4600	2025	35895
Køge	259	Køge	4600	2026	36382
Køge	259	Lille Skensved	4623	2010	5101
Køge	259	Lille Skensved	4623	2011	5121
Køge	259	Lille Skensved	4623	2012	5113
Køge	259	Lille Skensved	4623	2013	5154
Køge	259	Lille Skensved	4623	2014	5355
Køge	259	Lille Skensved	4623	2015	5461
Køge	259	Lille Skensved	4623	2016	5524
Køge	259	Lille Skensved	4623	2017	5534
Køge	259	Lille Skensved	4623	2018	5581
Køge	259	Lille Skensved	4623	2019	5523
Køge	259	Lille Skensved	4623	2020	5582
Køge	259	Lille Skensved	4623	2021	5530
Køge	259	Lille Skensved	4623	2022	5382
Køge	259	Lille Skensved	4623	2023	5408
Køge	259	Lille Skensved	4623	2024	5457
Køge	259	Lille Skensved	4623	2025	5513
Køge	259	Lille Skensved	4623	2026	5531
Køge	259	Bjæverskov	4632	2010	5280
Køge	259	Bjæverskov	4632	2011	5242
Køge	259	Bjæverskov	4632	2012	5222
Køge	259	Bjæverskov	4632	2013	5254
Køge	259	Bjæverskov	4632	2014	5271
Køge	259	Bjæverskov	4632	2015	5285
Køge	259	Bjæverskov	4632	2016	5297
Køge	259	Bjæverskov	4632	2017	5355
Køge	259	Bjæverskov	4632	2018	5388
Køge	259	Bjæverskov	4632	2019	5332
Køge	259	Bjæverskov	4632	2020	5341
Køge	259	Bjæverskov	4632	2021	5309
Køge	259	Bjæverskov	4632	2022	5254
Køge	259	Bjæverskov	4632	2023	5400
Køge	259	Bjæverskov	4632	2024	5506
Køge	259	Bjæverskov	4632	2025	5543
Køge	259	Bjæverskov	4632	2026	5639
Køge	259	Herfølge	4681	2010	6174
Køge	259	Herfølge	4681	2011	6233
Køge	259	Herfølge	4681	2012	6256
Køge	259	Herfølge	4681	2013	6238
Køge	259	Herfølge	4681	2014	6295
Køge	259	Herfølge	4681	2015	6360
Køge	259	Herfølge	4681	2016	6383
Køge	259	Herfølge	4681	2017	6358
Køge	259	Herfølge	4681	2018	6377
Køge	259	Herfølge	4681	2019	6407
Køge	259	Herfølge	4681	2020	6397
Køge	259	Herfølge	4681	2021	6450
Køge	259	Herfølge	4681	2022	6425
Køge	259	Herfølge	4681	2023	6399
Køge	259	Herfølge	4681	2024	6366
Køge	259	Herfølge	4681	2025	6337
Køge	259	Herfølge	4681	2026	6370
Køge	259	Tureby	4682	2010	1493
Køge	259	Tureby	4682	2011	1472
Køge	259	Tureby	4682	2012	1448
Køge	259	Tureby	4682	2013	1446
Køge	259	Tureby	4682	2014	1463
Køge	259	Tureby	4682	2015	1476
Køge	259	Tureby	4682	2016	1506
Køge	259	Tureby	4682	2017	1491
Køge	259	Tureby	4682	2018	1463
Køge	259	Tureby	4682	2019	1443
Køge	259	Tureby	4682	2020	1467
Køge	259	Tureby	4682	2021	1469
Køge	259	Tureby	4682	2022	1467
Køge	259	Tureby	4682	2023	1519
Køge	259	Tureby	4682	2024	1514
Køge	259	Tureby	4682	2025	1541
Køge	259	Tureby	4682	2026	1545
Køge	259	Ukendt	9999	2010	98
Køge	259	Ukendt	9999	2011	106
Køge	259	Ukendt	9999	2012	119
Køge	259	Ukendt	9999	2013	100
Køge	259	Ukendt	9999	2014	130
Køge	259	Ukendt	9999	2015	115
Køge	259	Ukendt	9999	2016	126
Køge	259	Ukendt	9999	2017	175
Køge	259	Ukendt	9999	2018	195
Køge	259	Ukendt	9999	2019	136
Køge	259	Ukendt	9999	2020	160
Køge	259	Ukendt	9999	2021	168
Køge	259	Ukendt	9999	2022	205
Køge	259	Ukendt	9999	2023	244
Køge	259	Ukendt	9999	2024	225
Køge	259	Ukendt	9999	2025	253
Køge	259	Ukendt	9999	2026	307
Halsnæs	260	Frederiksværk	3300	2010	15331
Halsnæs	260	Frederiksværk	3300	2011	15263
Halsnæs	260	Frederiksværk	3300	2012	15185
Halsnæs	260	Frederiksværk	3300	2013	15081
Halsnæs	260	Frederiksværk	3300	2014	15023
Halsnæs	260	Frederiksværk	3300	2015	15120
Halsnæs	260	Frederiksværk	3300	2016	15353
Halsnæs	260	Frederiksværk	3300	2017	15434
Halsnæs	260	Frederiksværk	3300	2018	15473
Halsnæs	260	Frederiksværk	3300	2019	15597
Halsnæs	260	Frederiksværk	3300	2020	15732
Halsnæs	260	Frederiksværk	3300	2021	15713
Halsnæs	260	Frederiksværk	3300	2022	15730
Halsnæs	260	Frederiksværk	3300	2023	15844
Halsnæs	260	Frederiksværk	3300	2024	15847
Halsnæs	260	Frederiksværk	3300	2025	15851
Halsnæs	260	Frederiksværk	3300	2026	15882
Halsnæs	260	Ølsted	3310	2010	2999
Halsnæs	260	Ølsted	3310	2011	3026
Halsnæs	260	Ølsted	3310	2012	3081
Halsnæs	260	Ølsted	3310	2013	3121
Halsnæs	260	Ølsted	3310	2014	3096
Halsnæs	260	Ølsted	3310	2015	3105
Halsnæs	260	Ølsted	3310	2016	3145
Halsnæs	260	Ølsted	3310	2017	3152
Halsnæs	260	Ølsted	3310	2018	3105
Halsnæs	260	Ølsted	3310	2019	3105
Halsnæs	260	Ølsted	3310	2020	3116
Halsnæs	260	Ølsted	3310	2021	3141
Halsnæs	260	Ølsted	3310	2022	3148
Halsnæs	260	Ølsted	3310	2023	3186
Halsnæs	260	Ølsted	3310	2024	3207
Halsnæs	260	Ølsted	3310	2025	3266
Halsnæs	260	Ølsted	3310	2026	3305
Halsnæs	260	Skævinge	3320	2010	4
Halsnæs	260	Skævinge	3320	2011	4
Halsnæs	260	Skævinge	3320	2012	4
Halsnæs	260	Skævinge	3320	2013	4
Halsnæs	260	Skævinge	3320	2014	4
Halsnæs	260	Skævinge	3320	2015	4
Halsnæs	260	Skævinge	3320	2016	4
Halsnæs	260	Skævinge	3320	2017	4
Halsnæs	260	Skævinge	3320	2018	4
Halsnæs	260	Skævinge	3320	2019	4
Halsnæs	260	Skævinge	3320	2020	4
Halsnæs	260	Skævinge	3320	2021	4
Halsnæs	260	Skævinge	3320	2022	4
Halsnæs	260	Skævinge	3320	2023	4
Halsnæs	260	Skævinge	3320	2024	4
Halsnæs	260	Skævinge	3320	2025	4
Halsnæs	260	Skævinge	3320	2026	4
Halsnæs	260	Liseleje	3360	2010	1447
Halsnæs	260	Liseleje	3360	2011	1450
Halsnæs	260	Liseleje	3360	2012	1464
Halsnæs	260	Liseleje	3360	2013	1448
Halsnæs	260	Liseleje	3360	2014	1420
Halsnæs	260	Liseleje	3360	2015	1409
Halsnæs	260	Liseleje	3360	2016	1421
Halsnæs	260	Liseleje	3360	2017	1432
Halsnæs	260	Liseleje	3360	2018	1453
Halsnæs	260	Liseleje	3360	2019	1417
Halsnæs	260	Liseleje	3360	2020	1405
Halsnæs	260	Liseleje	3360	2021	1396
Halsnæs	260	Liseleje	3360	2022	1383
Halsnæs	260	Liseleje	3360	2023	1375
Halsnæs	260	Liseleje	3360	2024	1359
Halsnæs	260	Liseleje	3360	2025	1330
Halsnæs	260	Liseleje	3360	2026	1336
Halsnæs	260	Melby	3370	2010	1532
Halsnæs	260	Melby	3370	2011	1550
Halsnæs	260	Melby	3370	2012	1536
Halsnæs	260	Melby	3370	2013	1535
Halsnæs	260	Melby	3370	2014	1553
Halsnæs	260	Melby	3370	2015	1554
Halsnæs	260	Melby	3370	2016	1564
Halsnæs	260	Melby	3370	2017	1574
Halsnæs	260	Melby	3370	2018	1554
Halsnæs	260	Melby	3370	2019	1554
Halsnæs	260	Melby	3370	2020	1543
Halsnæs	260	Melby	3370	2021	1544
Halsnæs	260	Melby	3370	2022	1548
Halsnæs	260	Melby	3370	2023	1531
Halsnæs	260	Melby	3370	2024	1562
Halsnæs	260	Melby	3370	2025	1574
Halsnæs	260	Melby	3370	2026	1575
Halsnæs	260	Hundested	3390	2010	9750
Halsnæs	260	Hundested	3390	2011	9751
Halsnæs	260	Hundested	3390	2012	9700
Halsnæs	260	Hundested	3390	2013	9602
Halsnæs	260	Hundested	3390	2014	9543
Halsnæs	260	Hundested	3390	2015	9536
Halsnæs	260	Hundested	3390	2016	9547
Halsnæs	260	Hundested	3390	2017	9554
Halsnæs	260	Hundested	3390	2018	9566
Halsnæs	260	Hundested	3390	2019	9584
Halsnæs	260	Hundested	3390	2020	9573
Halsnæs	260	Hundested	3390	2021	9616
Halsnæs	260	Hundested	3390	2022	9525
Halsnæs	260	Hundested	3390	2023	9515
Halsnæs	260	Hundested	3390	2024	9527
Halsnæs	260	Hundested	3390	2025	9603
Halsnæs	260	Hundested	3390	2026	9631
Halsnæs	260	Frederikssund	3600	2010	7
Halsnæs	260	Frederikssund	3600	2011	7
Halsnæs	260	Frederikssund	3600	2012	7
Halsnæs	260	Frederikssund	3600	2013	9
Halsnæs	260	Frederikssund	3600	2014	6
Halsnæs	260	Frederikssund	3600	2015	6
Halsnæs	260	Frederikssund	3600	2016	6
Halsnæs	260	Frederikssund	3600	2017	6
Halsnæs	260	Frederikssund	3600	2018	7
Halsnæs	260	Frederikssund	3600	2019	5
Halsnæs	260	Frederikssund	3600	2020	6
Halsnæs	260	Frederikssund	3600	2021	6
Halsnæs	260	Frederikssund	3600	2022	6
Halsnæs	260	Frederikssund	3600	2023	6
Halsnæs	260	Frederikssund	3600	2024	4
Halsnæs	260	Frederikssund	3600	2025	3
Halsnæs	260	Frederikssund	3600	2026	3
Halsnæs	260	Ukendt	9999	2010	7
Halsnæs	260	Ukendt	9999	2011	5
Halsnæs	260	Ukendt	9999	2012	3
Halsnæs	260	Ukendt	9999	2013	3
Halsnæs	260	Ukendt	9999	2014	2
Halsnæs	260	Ukendt	9999	2015	2
Halsnæs	260	Ukendt	9999	2016	9
Halsnæs	260	Ukendt	9999	2017	6
Halsnæs	260	Ukendt	9999	2018	6
Halsnæs	260	Ukendt	9999	2019	5
Halsnæs	260	Ukendt	9999	2020	5
Halsnæs	260	Ukendt	9999	2021	0
Halsnæs	260	Ukendt	9999	2022	0
Halsnæs	260	Ukendt	9999	2023	5
Halsnæs	260	Ukendt	9999	2024	5
Halsnæs	260	Ukendt	9999	2025	2
Halsnæs	260	Ukendt	9999	2026	2
Roskilde	265	Hedehusene	2640	2010	22
Roskilde	265	Hedehusene	2640	2011	22
Roskilde	265	Hedehusene	2640	2012	24
Roskilde	265	Hedehusene	2640	2013	22
Roskilde	265	Hedehusene	2640	2014	22
Roskilde	265	Hedehusene	2640	2015	23
Roskilde	265	Hedehusene	2640	2016	23
Roskilde	265	Hedehusene	2640	2017	24
Roskilde	265	Hedehusene	2640	2018	23
Roskilde	265	Hedehusene	2640	2019	27
Roskilde	265	Hedehusene	2640	2020	27
Roskilde	265	Hedehusene	2640	2021	27
Roskilde	265	Hedehusene	2640	2022	26
Roskilde	265	Hedehusene	2640	2023	23
Roskilde	265	Hedehusene	2640	2024	24
Roskilde	265	Hedehusene	2640	2025	23
Roskilde	265	Hedehusene	2640	2026	24
Roskilde	265	Veksø Sjælland	3670	2010	250
Roskilde	265	Veksø Sjælland	3670	2011	254
Roskilde	265	Veksø Sjælland	3670	2012	236
Roskilde	265	Veksø Sjælland	3670	2013	246
Roskilde	265	Veksø Sjælland	3670	2014	257
Roskilde	265	Veksø Sjælland	3670	2015	282
Roskilde	265	Veksø Sjælland	3670	2016	292
Roskilde	265	Veksø Sjælland	3670	2017	307
Roskilde	265	Veksø Sjælland	3670	2018	291
Roskilde	265	Veksø Sjælland	3670	2019	299
Roskilde	265	Veksø Sjælland	3670	2020	262
Roskilde	265	Veksø Sjælland	3670	2021	260
Roskilde	265	Veksø Sjælland	3670	2022	278
Roskilde	265	Veksø Sjælland	3670	2023	270
Roskilde	265	Veksø Sjælland	3670	2024	258
Roskilde	265	Veksø Sjælland	3670	2025	240
Roskilde	265	Veksø Sjælland	3670	2026	242
Roskilde	265	Roskilde	4000	2010	61821
Roskilde	265	Roskilde	4000	2011	62368
Roskilde	265	Roskilde	4000	2012	63023
Roskilde	265	Roskilde	4000	2013	63424
Roskilde	265	Roskilde	4000	2014	64111
Roskilde	265	Roskilde	4000	2015	64877
Roskilde	265	Roskilde	4000	2016	65980
Roskilde	265	Roskilde	4000	2017	66538
Roskilde	265	Roskilde	4000	2018	66971
Roskilde	265	Roskilde	4000	2019	67311
Roskilde	265	Roskilde	4000	2020	67576
Roskilde	265	Roskilde	4000	2021	68425
Roskilde	265	Roskilde	4000	2022	68755
Roskilde	265	Roskilde	4000	2023	69492
Roskilde	265	Roskilde	4000	2024	69849
Roskilde	265	Roskilde	4000	2025	70340
Roskilde	265	Roskilde	4000	2026	71123
Roskilde	265	Tune	4030	2010	4
Roskilde	265	Tune	4030	2011	4
Roskilde	265	Tune	4030	2012	4
Roskilde	265	Tune	4030	2013	4
Roskilde	265	Tune	4030	2014	4
Roskilde	265	Tune	4030	2015	4
Roskilde	265	Tune	4030	2016	4
Roskilde	265	Tune	4030	2017	4
Roskilde	265	Tune	4030	2018	4
Roskilde	265	Tune	4030	2019	3
Roskilde	265	Tune	4030	2020	2
Roskilde	265	Tune	4030	2021	2
Roskilde	265	Tune	4030	2022	4
Roskilde	265	Tune	4030	2023	0
Roskilde	265	Tune	4030	2024	3
Roskilde	265	Tune	4030	2025	0
Roskilde	265	Tune	4030	2026	1
Roskilde	265	Jyllinge	4040	2010	10196
Roskilde	265	Jyllinge	4040	2011	10190
Roskilde	265	Jyllinge	4040	2012	10194
Roskilde	265	Jyllinge	4040	2013	10161
Roskilde	265	Jyllinge	4040	2014	10137
Roskilde	265	Jyllinge	4040	2015	10125
Roskilde	265	Jyllinge	4040	2016	10177
Roskilde	265	Jyllinge	4040	2017	10242
Roskilde	265	Jyllinge	4040	2018	10183
Roskilde	265	Jyllinge	4040	2019	10138
Roskilde	265	Jyllinge	4040	2020	10230
Roskilde	265	Jyllinge	4040	2021	10318
Roskilde	265	Jyllinge	4040	2022	10439
Roskilde	265	Jyllinge	4040	2023	10725
Roskilde	265	Jyllinge	4040	2024	10801
Roskilde	265	Jyllinge	4040	2025	10822
Roskilde	265	Jyllinge	4040	2026	10941
Roskilde	265	Viby Sjælland	4130	2010	5791
Roskilde	265	Viby Sjælland	4130	2011	5805
Roskilde	265	Viby Sjælland	4130	2012	5769
Roskilde	265	Viby Sjælland	4130	2013	5811
Roskilde	265	Viby Sjælland	4130	2014	5810
Roskilde	265	Viby Sjælland	4130	2015	5849
Roskilde	265	Viby Sjælland	4130	2016	5833
Roskilde	265	Viby Sjælland	4130	2017	5928
Roskilde	265	Viby Sjælland	4130	2018	5927
Roskilde	265	Viby Sjælland	4130	2019	5889
Roskilde	265	Viby Sjælland	4130	2020	5916
Roskilde	265	Viby Sjælland	4130	2021	5975
Roskilde	265	Viby Sjælland	4130	2022	6029
Roskilde	265	Viby Sjælland	4130	2023	6063
Roskilde	265	Viby Sjælland	4130	2024	6101
Roskilde	265	Viby Sjælland	4130	2025	6338
Roskilde	265	Viby Sjælland	4130	2026	6501
Roskilde	265	Borup	4140	2010	4
Roskilde	265	Borup	4140	2011	4
Roskilde	265	Borup	4140	2012	4
Roskilde	265	Borup	4140	2013	4
Roskilde	265	Borup	4140	2014	4
Roskilde	265	Borup	4140	2015	4
Roskilde	265	Borup	4140	2016	4
Roskilde	265	Borup	4140	2017	4
Roskilde	265	Borup	4140	2018	4
Roskilde	265	Borup	4140	2019	4
Roskilde	265	Borup	4140	2020	4
Roskilde	265	Borup	4140	2021	4
Roskilde	265	Borup	4140	2022	4
Roskilde	265	Borup	4140	2023	4
Roskilde	265	Borup	4140	2024	4
Roskilde	265	Borup	4140	2025	4
Roskilde	265	Borup	4140	2026	4
Roskilde	265	Lejre	4320	2010	23
Roskilde	265	Lejre	4320	2011	22
Roskilde	265	Lejre	4320	2012	24
Roskilde	265	Lejre	4320	2013	23
Roskilde	265	Lejre	4320	2014	24
Roskilde	265	Lejre	4320	2015	25
Roskilde	265	Lejre	4320	2016	24
Roskilde	265	Lejre	4320	2017	24
Roskilde	265	Lejre	4320	2018	24
Roskilde	265	Lejre	4320	2019	26
Roskilde	265	Lejre	4320	2020	23
Roskilde	265	Lejre	4320	2021	22
Roskilde	265	Lejre	4320	2022	23
Roskilde	265	Lejre	4320	2023	25
Roskilde	265	Lejre	4320	2024	24
Roskilde	265	Lejre	4320	2025	24
Roskilde	265	Lejre	4320	2026	23
Roskilde	265	Gadstrup	4621	2010	3382
Roskilde	265	Gadstrup	4621	2011	3399
Roskilde	265	Gadstrup	4621	2012	3423
Roskilde	265	Gadstrup	4621	2013	3442
Roskilde	265	Gadstrup	4621	2014	3415
Roskilde	265	Gadstrup	4621	2015	3387
Roskilde	265	Gadstrup	4621	2016	3422
Roskilde	265	Gadstrup	4621	2017	3474
Roskilde	265	Gadstrup	4621	2018	3461
Roskilde	265	Gadstrup	4621	2019	3464
Roskilde	265	Gadstrup	4621	2020	3470
Roskilde	265	Gadstrup	4621	2021	3455
Roskilde	265	Gadstrup	4621	2022	3491
Roskilde	265	Gadstrup	4621	2023	3441
Roskilde	265	Gadstrup	4621	2024	3464
Roskilde	265	Gadstrup	4621	2025	3455
Roskilde	265	Gadstrup	4621	2026	3482
Roskilde	265	Havdrup	4622	2010	286
Roskilde	265	Havdrup	4622	2011	278
Roskilde	265	Havdrup	4622	2012	276
Roskilde	265	Havdrup	4622	2013	274
Roskilde	265	Havdrup	4622	2014	271
Roskilde	265	Havdrup	4622	2015	278
Roskilde	265	Havdrup	4622	2016	281
Roskilde	265	Havdrup	4622	2017	289
Roskilde	265	Havdrup	4622	2018	283
Roskilde	265	Havdrup	4622	2019	255
Roskilde	265	Havdrup	4622	2020	256
Roskilde	265	Havdrup	4622	2021	264
Roskilde	265	Havdrup	4622	2022	259
Roskilde	265	Havdrup	4622	2023	253
Roskilde	265	Havdrup	4622	2024	265
Roskilde	265	Havdrup	4622	2025	256
Roskilde	265	Havdrup	4622	2026	273
Roskilde	265	Lille Skensved	4623	2010	4
Roskilde	265	Lille Skensved	4623	2011	4
Roskilde	265	Lille Skensved	4623	2012	4
Roskilde	265	Lille Skensved	4623	2013	4
Roskilde	265	Lille Skensved	4623	2014	4
Roskilde	265	Lille Skensved	4623	2015	4
Roskilde	265	Lille Skensved	4623	2016	4
Roskilde	265	Lille Skensved	4623	2017	4
Roskilde	265	Lille Skensved	4623	2018	4
Roskilde	265	Lille Skensved	4623	2019	4
Roskilde	265	Lille Skensved	4623	2020	4
Roskilde	265	Lille Skensved	4623	2021	4
Roskilde	265	Lille Skensved	4623	2022	4
Roskilde	265	Lille Skensved	4623	2023	4
Roskilde	265	Lille Skensved	4623	2024	4
Roskilde	265	Lille Skensved	4623	2025	4
Roskilde	265	Lille Skensved	4623	2026	4
Roskilde	265	Ukendt	9999	2010	164
Roskilde	265	Ukendt	9999	2011	192
Roskilde	265	Ukendt	9999	2012	156
Roskilde	265	Ukendt	9999	2013	139
Roskilde	265	Ukendt	9999	2014	160
Roskilde	265	Ukendt	9999	2015	168
Roskilde	265	Ukendt	9999	2016	163
Roskilde	265	Ukendt	9999	2017	177
Roskilde	265	Ukendt	9999	2018	207
Roskilde	265	Ukendt	9999	2019	157
Roskilde	265	Ukendt	9999	2020	144
Roskilde	265	Ukendt	9999	2021	133
Roskilde	265	Ukendt	9999	2022	135
Roskilde	265	Ukendt	9999	2023	146
Roskilde	265	Ukendt	9999	2024	134
Roskilde	265	Ukendt	9999	2025	117
Roskilde	265	Ukendt	9999	2026	79
Solrød	269	Solrød Strand	2680	2010	16092
Solrød	269	Solrød Strand	2680	2011	16198
Solrød	269	Solrød Strand	2680	2012	16347
Solrød	269	Solrød Strand	2680	2013	16367
Solrød	269	Solrød Strand	2680	2014	16576
Solrød	269	Solrød Strand	2680	2015	16772
Solrød	269	Solrød Strand	2680	2016	16851
Solrød	269	Solrød Strand	2680	2017	17103
Solrød	269	Solrød Strand	2680	2018	17436
Solrød	269	Solrød Strand	2680	2019	17914
Solrød	269	Solrød Strand	2680	2020	18052
Solrød	269	Solrød Strand	2680	2021	18166
Solrød	269	Solrød Strand	2680	2022	18589
Solrød	269	Solrød Strand	2680	2023	18972
Solrød	269	Solrød Strand	2680	2024	19255
Solrød	269	Solrød Strand	2680	2025	19318
Solrød	269	Solrød Strand	2680	2026	19405
Solrød	269	Karlslunde	2690	2010	236
Solrød	269	Karlslunde	2690	2011	246
Solrød	269	Karlslunde	2690	2012	252
Solrød	269	Karlslunde	2690	2013	244
Solrød	269	Karlslunde	2690	2014	238
Solrød	269	Karlslunde	2690	2015	241
Solrød	269	Karlslunde	2690	2016	247
Solrød	269	Karlslunde	2690	2017	247
Solrød	269	Karlslunde	2690	2018	258
Solrød	269	Karlslunde	2690	2019	259
Solrød	269	Karlslunde	2690	2020	258
Solrød	269	Karlslunde	2690	2021	271
Solrød	269	Karlslunde	2690	2022	267
Solrød	269	Karlslunde	2690	2023	276
Solrød	269	Karlslunde	2690	2024	285
Solrød	269	Karlslunde	2690	2025	270
Solrød	269	Karlslunde	2690	2026	274
Solrød	269	Havdrup	4622	2010	4417
Solrød	269	Havdrup	4622	2011	4396
Solrød	269	Havdrup	4622	2012	4430
Solrød	269	Havdrup	4622	2013	4411
Solrød	269	Havdrup	4622	2014	4409
Solrød	269	Havdrup	4622	2015	4423
Solrød	269	Havdrup	4622	2016	4561
Solrød	269	Havdrup	4622	2017	4677
Solrød	269	Havdrup	4622	2018	4706
Solrød	269	Havdrup	4622	2019	4769
Solrød	269	Havdrup	4622	2020	4835
Solrød	269	Havdrup	4622	2021	4880
Solrød	269	Havdrup	4622	2022	4835
Solrød	269	Havdrup	4622	2023	4860
Solrød	269	Havdrup	4622	2024	4917
Solrød	269	Havdrup	4622	2025	5021
Solrød	269	Havdrup	4622	2026	5243
Solrød	269	Lille Skensved	4623	2010	120
Solrød	269	Lille Skensved	4623	2011	114
Solrød	269	Lille Skensved	4623	2012	110
Solrød	269	Lille Skensved	4623	2013	111
Solrød	269	Lille Skensved	4623	2014	112
Solrød	269	Lille Skensved	4623	2015	116
Solrød	269	Lille Skensved	4623	2016	125
Solrød	269	Lille Skensved	4623	2017	116
Solrød	269	Lille Skensved	4623	2018	106
Solrød	269	Lille Skensved	4623	2019	109
Solrød	269	Lille Skensved	4623	2020	98
Solrød	269	Lille Skensved	4623	2021	112
Solrød	269	Lille Skensved	4623	2022	98
Solrød	269	Lille Skensved	4623	2023	103
Solrød	269	Lille Skensved	4623	2024	117
Solrød	269	Lille Skensved	4623	2025	122
Solrød	269	Lille Skensved	4623	2026	117
Solrød	269	Ukendt	9999	2010	17
Solrød	269	Ukendt	9999	2011	10
Solrød	269	Ukendt	9999	2012	17
Solrød	269	Ukendt	9999	2013	12
Solrød	269	Ukendt	9999	2014	4
Solrød	269	Ukendt	9999	2015	0
Solrød	269	Ukendt	9999	2016	4
Solrød	269	Ukendt	9999	2017	4
Solrød	269	Ukendt	9999	2018	12
Solrød	269	Ukendt	9999	2019	14
Solrød	269	Ukendt	9999	2020	12
Solrød	269	Ukendt	9999	2021	12
Solrød	269	Ukendt	9999	2022	5
Solrød	269	Ukendt	9999	2023	5
Solrød	269	Ukendt	9999	2024	5
Solrød	269	Ukendt	9999	2025	1
Solrød	269	Ukendt	9999	2026	1
Gribskov	270	Hornbæk	3100	2010	86
Gribskov	270	Hornbæk	3100	2011	87
Gribskov	270	Hornbæk	3100	2012	81
Gribskov	270	Hornbæk	3100	2013	84
Gribskov	270	Hornbæk	3100	2014	83
Gribskov	270	Hornbæk	3100	2015	85
Gribskov	270	Hornbæk	3100	2016	79
Gribskov	270	Hornbæk	3100	2017	84
Gribskov	270	Hornbæk	3100	2018	76
Gribskov	270	Hornbæk	3100	2019	84
Gribskov	270	Hornbæk	3100	2020	79
Gribskov	270	Hornbæk	3100	2021	81
Gribskov	270	Hornbæk	3100	2022	76
Gribskov	270	Hornbæk	3100	2023	78
Gribskov	270	Hornbæk	3100	2024	75
Gribskov	270	Hornbæk	3100	2025	75
Gribskov	270	Hornbæk	3100	2026	66
Gribskov	270	Dronningmølle	3120	2010	1552
Gribskov	270	Dronningmølle	3120	2011	1504
Gribskov	270	Dronningmølle	3120	2012	1478
Gribskov	270	Dronningmølle	3120	2013	1482
Gribskov	270	Dronningmølle	3120	2014	1492
Gribskov	270	Dronningmølle	3120	2015	1496
Gribskov	270	Dronningmølle	3120	2016	1486
Gribskov	270	Dronningmølle	3120	2017	1469
Gribskov	270	Dronningmølle	3120	2018	1494
Gribskov	270	Dronningmølle	3120	2019	1461
Gribskov	270	Dronningmølle	3120	2020	1474
Gribskov	270	Dronningmølle	3120	2021	1484
Gribskov	270	Dronningmølle	3120	2022	1458
Gribskov	270	Dronningmølle	3120	2023	1458
Gribskov	270	Dronningmølle	3120	2024	1410
Gribskov	270	Dronningmølle	3120	2025	1388
Gribskov	270	Dronningmølle	3120	2026	1332
Gribskov	270	Helsinge	3200	2010	14762
Gribskov	270	Helsinge	3200	2011	14715
Gribskov	270	Helsinge	3200	2012	14677
Gribskov	270	Helsinge	3200	2013	14670
Gribskov	270	Helsinge	3200	2014	14813
Gribskov	270	Helsinge	3200	2015	14858
Gribskov	270	Helsinge	3200	2016	14937
Gribskov	270	Helsinge	3200	2017	15071
Gribskov	270	Helsinge	3200	2018	15129
Gribskov	270	Helsinge	3200	2019	15188
Gribskov	270	Helsinge	3200	2020	15120
Gribskov	270	Helsinge	3200	2021	15173
Gribskov	270	Helsinge	3200	2022	15404
Gribskov	270	Helsinge	3200	2023	15838
Gribskov	270	Helsinge	3200	2024	16285
Gribskov	270	Helsinge	3200	2025	16437
Gribskov	270	Helsinge	3200	2026	16673
Gribskov	270	Vejby	3210	2010	3295
Gribskov	270	Vejby	3210	2011	3289
Gribskov	270	Vejby	3210	2012	3312
Gribskov	270	Vejby	3210	2013	3307
Gribskov	270	Vejby	3210	2014	3350
Gribskov	270	Vejby	3210	2015	3329
Gribskov	270	Vejby	3210	2016	3353
Gribskov	270	Vejby	3210	2017	3302
Gribskov	270	Vejby	3210	2018	3258
Gribskov	270	Vejby	3210	2019	3268
Gribskov	270	Vejby	3210	2020	3215
Gribskov	270	Vejby	3210	2021	3190
Gribskov	270	Vejby	3210	2022	3166
Gribskov	270	Vejby	3210	2023	3084
Gribskov	270	Vejby	3210	2024	3060
Gribskov	270	Vejby	3210	2025	3000
Gribskov	270	Vejby	3210	2026	2955
Gribskov	270	Tisvildeleje	3220	2010	1772
Gribskov	270	Tisvildeleje	3220	2011	1774
Gribskov	270	Tisvildeleje	3220	2012	1759
Gribskov	270	Tisvildeleje	3220	2013	1772
Gribskov	270	Tisvildeleje	3220	2014	1782
Gribskov	270	Tisvildeleje	3220	2015	1767
Gribskov	270	Tisvildeleje	3220	2016	1733
Gribskov	270	Tisvildeleje	3220	2017	1746
Gribskov	270	Tisvildeleje	3220	2018	1740
Gribskov	270	Tisvildeleje	3220	2019	1721
Gribskov	270	Tisvildeleje	3220	2020	1702
Gribskov	270	Tisvildeleje	3220	2021	1668
Gribskov	270	Tisvildeleje	3220	2022	1665
Gribskov	270	Tisvildeleje	3220	2023	1628
Gribskov	270	Tisvildeleje	3220	2024	1616
Gribskov	270	Tisvildeleje	3220	2025	1578
Gribskov	270	Tisvildeleje	3220	2026	1556
Gribskov	270	Græsted	3230	2010	9375
Gribskov	270	Græsted	3230	2011	9434
Gribskov	270	Græsted	3230	2012	9389
Gribskov	270	Græsted	3230	2013	9396
Gribskov	270	Græsted	3230	2014	9400
Gribskov	270	Græsted	3230	2015	9445
Gribskov	270	Græsted	3230	2016	9572
Gribskov	270	Græsted	3230	2017	9539
Gribskov	270	Græsted	3230	2018	9591
Gribskov	270	Græsted	3230	2019	9591
Gribskov	270	Græsted	3230	2020	9512
Gribskov	270	Græsted	3230	2021	9471
Gribskov	270	Græsted	3230	2022	9422
Gribskov	270	Græsted	3230	2023	9587
Gribskov	270	Græsted	3230	2024	9613
Gribskov	270	Græsted	3230	2025	9635
Gribskov	270	Græsted	3230	2026	9477
Gribskov	270	Gilleleje	3250	2010	9532
Gribskov	270	Gilleleje	3250	2011	9579
Gribskov	270	Gilleleje	3250	2012	9571
Gribskov	270	Gilleleje	3250	2013	9608
Gribskov	270	Gilleleje	3250	2014	9515
Gribskov	270	Gilleleje	3250	2015	9545
Gribskov	270	Gilleleje	3250	2016	9607
Gribskov	270	Gilleleje	3250	2017	9677
Gribskov	270	Gilleleje	3250	2018	9600
Gribskov	270	Gilleleje	3250	2019	9563
Gribskov	270	Gilleleje	3250	2020	9632
Gribskov	270	Gilleleje	3250	2021	9597
Gribskov	270	Gilleleje	3250	2022	9651
Gribskov	270	Gilleleje	3250	2023	9575
Gribskov	270	Gilleleje	3250	2024	9518
Gribskov	270	Gilleleje	3250	2025	9364
Gribskov	270	Gilleleje	3250	2026	9409
Gribskov	270	Frederiksværk	3300	2010	312
Gribskov	270	Frederiksværk	3300	2011	311
Gribskov	270	Frederiksværk	3300	2012	323
Gribskov	270	Frederiksværk	3300	2013	326
Gribskov	270	Frederiksværk	3300	2014	329
Gribskov	270	Frederiksværk	3300	2015	315
Gribskov	270	Frederiksværk	3300	2016	321
Gribskov	270	Frederiksværk	3300	2017	309
Gribskov	270	Frederiksværk	3300	2018	314
Gribskov	270	Frederiksværk	3300	2019	308
Gribskov	270	Frederiksværk	3300	2020	304
Gribskov	270	Frederiksværk	3300	2021	297
Gribskov	270	Frederiksværk	3300	2022	299
Gribskov	270	Frederiksværk	3300	2023	291
Gribskov	270	Frederiksværk	3300	2024	329
Gribskov	270	Frederiksværk	3300	2025	316
Gribskov	270	Frederiksværk	3300	2026	313
Gribskov	270	Ukendt	9999	2010	8
Gribskov	270	Ukendt	9999	2011	7
Gribskov	270	Ukendt	9999	2012	13
Gribskov	270	Ukendt	9999	2013	10
Gribskov	270	Ukendt	9999	2014	14
Gribskov	270	Ukendt	9999	2015	15
Gribskov	270	Ukendt	9999	2016	19
Gribskov	270	Ukendt	9999	2017	16
Gribskov	270	Ukendt	9999	2018	15
Gribskov	270	Ukendt	9999	2019	11
Gribskov	270	Ukendt	9999	2020	10
Gribskov	270	Ukendt	9999	2021	10
Gribskov	270	Ukendt	9999	2022	6
Gribskov	270	Ukendt	9999	2023	8
Gribskov	270	Ukendt	9999	2024	14
Gribskov	270	Ukendt	9999	2025	4
Gribskov	270	Ukendt	9999	2026	6
Odsherred	306	Nykøbing Sj	4500	2010	9332
Odsherred	306	Nykøbing Sj	4500	2011	9325
Odsherred	306	Nykøbing Sj	4500	2012	9281
Odsherred	306	Nykøbing Sj	4500	2013	9207
Odsherred	306	Nykøbing Sj	4500	2014	9268
Odsherred	306	Nykøbing Sj	4500	2015	9342
Odsherred	306	Nykøbing Sj	4500	2016	9341
Odsherred	306	Nykøbing Sj	4500	2017	9332
Odsherred	306	Nykøbing Sj	4500	2018	9338
Odsherred	306	Nykøbing Sj	4500	2019	9297
Odsherred	306	Nykøbing Sj	4500	2020	9240
Odsherred	306	Nykøbing Sj	4500	2021	9257
Odsherred	306	Nykøbing Sj	4500	2022	9200
Odsherred	306	Nykøbing Sj	4500	2023	9351
Odsherred	306	Nykøbing Sj	4500	2024	9202
Odsherred	306	Nykøbing Sj	4500	2025	9114
Odsherred	306	Nykøbing Sj	4500	2026	9108
Odsherred	306	Hørve	4534	2010	3497
Odsherred	306	Hørve	4534	2011	3491
Odsherred	306	Hørve	4534	2012	3486
Odsherred	306	Hørve	4534	2013	3467
Odsherred	306	Hørve	4534	2014	3524
Odsherred	306	Hørve	4534	2015	3512
Odsherred	306	Hørve	4534	2016	3558
Odsherred	306	Hørve	4534	2017	3591
Odsherred	306	Hørve	4534	2018	3605
Odsherred	306	Hørve	4534	2019	3531
Odsherred	306	Hørve	4534	2020	3516
Odsherred	306	Hørve	4534	2021	3502
Odsherred	306	Hørve	4534	2022	3469
Odsherred	306	Hørve	4534	2023	3471
Odsherred	306	Hørve	4534	2024	3417
Odsherred	306	Hørve	4534	2025	3402
Odsherred	306	Hørve	4534	2026	3420
Odsherred	306	Fårevejle	4540	2010	3839
Odsherred	306	Fårevejle	4540	2011	3821
Odsherred	306	Fårevejle	4540	2012	3813
Odsherred	306	Fårevejle	4540	2013	3767
Odsherred	306	Fårevejle	4540	2014	3754
Odsherred	306	Fårevejle	4540	2015	3777
Odsherred	306	Fårevejle	4540	2016	3803
Odsherred	306	Fårevejle	4540	2017	3863
Odsherred	306	Fårevejle	4540	2018	3892
Odsherred	306	Fårevejle	4540	2019	3871
Odsherred	306	Fårevejle	4540	2020	3811
Odsherred	306	Fårevejle	4540	2021	3783
Odsherred	306	Fårevejle	4540	2022	3785
Odsherred	306	Fårevejle	4540	2023	3776
Odsherred	306	Fårevejle	4540	2024	3778
Odsherred	306	Fårevejle	4540	2025	3727
Odsherred	306	Fårevejle	4540	2026	3660
Odsherred	306	Asnæs	4550	2010	4047
Odsherred	306	Asnæs	4550	2011	3998
Odsherred	306	Asnæs	4550	2012	3929
Odsherred	306	Asnæs	4550	2013	3942
Odsherred	306	Asnæs	4550	2014	3958
Odsherred	306	Asnæs	4550	2015	3971
Odsherred	306	Asnæs	4550	2016	3970
Odsherred	306	Asnæs	4550	2017	3988
Odsherred	306	Asnæs	4550	2018	4000
Odsherred	306	Asnæs	4550	2019	4098
Odsherred	306	Asnæs	4550	2020	4068
Odsherred	306	Asnæs	4550	2021	4103
Odsherred	306	Asnæs	4550	2022	4191
Odsherred	306	Asnæs	4550	2023	4167
Odsherred	306	Asnæs	4550	2024	4146
Odsherred	306	Asnæs	4550	2025	4083
Odsherred	306	Asnæs	4550	2026	4038
Odsherred	306	Vig	4560	2010	3447
Odsherred	306	Vig	4560	2011	3424
Odsherred	306	Vig	4560	2012	3393
Odsherred	306	Vig	4560	2013	3407
Odsherred	306	Vig	4560	2014	3393
Odsherred	306	Vig	4560	2015	3378
Odsherred	306	Vig	4560	2016	3378
Odsherred	306	Vig	4560	2017	3441
Odsherred	306	Vig	4560	2018	3436
Odsherred	306	Vig	4560	2019	3479
Odsherred	306	Vig	4560	2020	3507
Odsherred	306	Vig	4560	2021	3541
Odsherred	306	Vig	4560	2022	3633
Odsherred	306	Vig	4560	2023	3658
Odsherred	306	Vig	4560	2024	3635
Odsherred	306	Vig	4560	2025	3590
Odsherred	306	Vig	4560	2026	3593
Odsherred	306	Grevinge	4571	2010	2463
Odsherred	306	Grevinge	4571	2011	2477
Odsherred	306	Grevinge	4571	2012	2465
Odsherred	306	Grevinge	4571	2013	2454
Odsherred	306	Grevinge	4571	2014	2429
Odsherred	306	Grevinge	4571	2015	2424
Odsherred	306	Grevinge	4571	2016	2407
Odsherred	306	Grevinge	4571	2017	2470
Odsherred	306	Grevinge	4571	2018	2457
Odsherred	306	Grevinge	4571	2019	2508
Odsherred	306	Grevinge	4571	2020	2494
Odsherred	306	Grevinge	4571	2021	2437
Odsherred	306	Grevinge	4571	2022	2422
Odsherred	306	Grevinge	4571	2023	2424
Odsherred	306	Grevinge	4571	2024	2378
Odsherred	306	Grevinge	4571	2025	2340
Odsherred	306	Grevinge	4571	2026	2297
Odsherred	306	Nørre Asmindrup	4572	2010	1176
Odsherred	306	Nørre Asmindrup	4572	2011	1137
Odsherred	306	Nørre Asmindrup	4572	2012	1116
Odsherred	306	Nørre Asmindrup	4572	2013	1097
Odsherred	306	Nørre Asmindrup	4572	2014	1100
Odsherred	306	Nørre Asmindrup	4572	2015	1109
Odsherred	306	Nørre Asmindrup	4572	2016	1115
Odsherred	306	Nørre Asmindrup	4572	2017	1112
Odsherred	306	Nørre Asmindrup	4572	2018	1100
Odsherred	306	Nørre Asmindrup	4572	2019	1094
Odsherred	306	Nørre Asmindrup	4572	2020	1116
Odsherred	306	Nørre Asmindrup	4572	2021	1088
Odsherred	306	Nørre Asmindrup	4572	2022	1079
Odsherred	306	Nørre Asmindrup	4572	2023	1086
Odsherred	306	Nørre Asmindrup	4572	2024	1080
Odsherred	306	Nørre Asmindrup	4572	2025	1084
Odsherred	306	Nørre Asmindrup	4572	2026	1064
Odsherred	306	Højby	4573	2010	2527
Odsherred	306	Højby	4573	2011	2471
Odsherred	306	Højby	4573	2012	2474
Odsherred	306	Højby	4573	2013	2463
Odsherred	306	Højby	4573	2014	2483
Odsherred	306	Højby	4573	2015	2544
Odsherred	306	Højby	4573	2016	2578
Odsherred	306	Højby	4573	2017	2598
Odsherred	306	Højby	4573	2018	2632
Odsherred	306	Højby	4573	2019	2591
Odsherred	306	Højby	4573	2020	2579
Odsherred	306	Højby	4573	2021	2584
Odsherred	306	Højby	4573	2022	2529
Odsherred	306	Højby	4573	2023	2493
Odsherred	306	Højby	4573	2024	2506
Odsherred	306	Højby	4573	2025	2483
Odsherred	306	Højby	4573	2026	2443
Odsherred	306	Rørvig	4581	2010	1317
Odsherred	306	Rørvig	4581	2011	1323
Odsherred	306	Rørvig	4581	2012	1297
Odsherred	306	Rørvig	4581	2013	1306
Odsherred	306	Rørvig	4581	2014	1283
Odsherred	306	Rørvig	4581	2015	1291
Odsherred	306	Rørvig	4581	2016	1321
Odsherred	306	Rørvig	4581	2017	1297
Odsherred	306	Rørvig	4581	2018	1311
Odsherred	306	Rørvig	4581	2019	1308
Odsherred	306	Rørvig	4581	2020	1302
Odsherred	306	Rørvig	4581	2021	1322
Odsherred	306	Rørvig	4581	2022	1309
Odsherred	306	Rørvig	4581	2023	1317
Odsherred	306	Rørvig	4581	2024	1293
Odsherred	306	Rørvig	4581	2025	1225
Odsherred	306	Rørvig	4581	2026	1222
Odsherred	306	Sjællands Odde	4583	2010	1366
Odsherred	306	Sjællands Odde	4583	2011	1365
Odsherred	306	Sjællands Odde	4583	2012	1372
Odsherred	306	Sjællands Odde	4583	2013	1327
Odsherred	306	Sjællands Odde	4583	2014	1322
Odsherred	306	Sjællands Odde	4583	2015	1293
Odsherred	306	Sjællands Odde	4583	2016	1325
Odsherred	306	Sjællands Odde	4583	2017	1317
Odsherred	306	Sjællands Odde	4583	2018	1295
Odsherred	306	Sjællands Odde	4583	2019	1323
Odsherred	306	Sjællands Odde	4583	2020	1300
Odsherred	306	Sjællands Odde	4583	2021	1286
Odsherred	306	Sjællands Odde	4583	2022	1243
Odsherred	306	Sjællands Odde	4583	2023	1212
Odsherred	306	Sjællands Odde	4583	2024	1158
Odsherred	306	Sjællands Odde	4583	2025	1165
Odsherred	306	Sjællands Odde	4583	2026	1129
Odsherred	306	Føllenslev	4591	2010	14
Odsherred	306	Føllenslev	4591	2011	11
Odsherred	306	Føllenslev	4591	2012	12
Odsherred	306	Føllenslev	4591	2013	13
Odsherred	306	Føllenslev	4591	2014	17
Odsherred	306	Føllenslev	4591	2015	18
Odsherred	306	Føllenslev	4591	2016	16
Odsherred	306	Føllenslev	4591	2017	11
Odsherred	306	Føllenslev	4591	2018	14
Odsherred	306	Føllenslev	4591	2019	13
Odsherred	306	Føllenslev	4591	2020	16
Odsherred	306	Føllenslev	4591	2021	14
Odsherred	306	Føllenslev	4591	2022	12
Odsherred	306	Føllenslev	4591	2023	14
Odsherred	306	Føllenslev	4591	2024	8
Odsherred	306	Føllenslev	4591	2025	8
Odsherred	306	Føllenslev	4591	2026	9
Odsherred	306	Ukendt	9999	2010	5
Odsherred	306	Ukendt	9999	2011	2
Odsherred	306	Ukendt	9999	2012	2
Odsherred	306	Ukendt	9999	2013	2
Odsherred	306	Ukendt	9999	2014	3
Odsherred	306	Ukendt	9999	2015	6
Odsherred	306	Ukendt	9999	2016	4
Odsherred	306	Ukendt	9999	2017	3
Odsherred	306	Ukendt	9999	2018	3
Odsherred	306	Ukendt	9999	2019	9
Odsherred	306	Ukendt	9999	2020	8
Odsherred	306	Ukendt	9999	2021	6
Odsherred	306	Ukendt	9999	2022	9
Odsherred	306	Ukendt	9999	2023	8
Odsherred	306	Ukendt	9999	2024	4
Odsherred	306	Ukendt	9999	2025	4
Odsherred	306	Ukendt	9999	2026	5
Holbæk	316	Ringsted	4100	2010	127
Holbæk	316	Ringsted	4100	2011	129
Holbæk	316	Ringsted	4100	2012	133
Holbæk	316	Ringsted	4100	2013	132
Holbæk	316	Ringsted	4100	2014	132
Holbæk	316	Ringsted	4100	2015	128
Holbæk	316	Ringsted	4100	2016	128
Holbæk	316	Ringsted	4100	2017	132
Holbæk	316	Ringsted	4100	2018	119
Holbæk	316	Ringsted	4100	2019	120
Holbæk	316	Ringsted	4100	2020	120
Holbæk	316	Ringsted	4100	2021	120
Holbæk	316	Ringsted	4100	2022	117
Holbæk	316	Ringsted	4100	2023	116
Holbæk	316	Ringsted	4100	2024	120
Holbæk	316	Ringsted	4100	2025	107
Holbæk	316	Ringsted	4100	2026	110
Holbæk	316	Stenlille	4295	2010	6
Holbæk	316	Stenlille	4295	2011	6
Holbæk	316	Stenlille	4295	2012	6
Holbæk	316	Stenlille	4295	2013	7
Holbæk	316	Stenlille	4295	2014	9
Holbæk	316	Stenlille	4295	2015	8
Holbæk	316	Stenlille	4295	2016	6
Holbæk	316	Stenlille	4295	2017	7
Holbæk	316	Stenlille	4295	2018	7
Holbæk	316	Stenlille	4295	2019	5
Holbæk	316	Stenlille	4295	2020	5
Holbæk	316	Stenlille	4295	2021	6
Holbæk	316	Stenlille	4295	2022	5
Holbæk	316	Stenlille	4295	2023	6
Holbæk	316	Stenlille	4295	2024	6
Holbæk	316	Stenlille	4295	2025	9
Holbæk	316	Stenlille	4295	2026	8
Holbæk	316	Nyrup	4296	2010	5
Holbæk	316	Nyrup	4296	2011	5
Holbæk	316	Nyrup	4296	2012	5
Holbæk	316	Nyrup	4296	2013	3
Holbæk	316	Nyrup	4296	2014	3
Holbæk	316	Nyrup	4296	2015	3
Holbæk	316	Nyrup	4296	2016	3
Holbæk	316	Nyrup	4296	2017	3
Holbæk	316	Nyrup	4296	2018	3
Holbæk	316	Nyrup	4296	2019	3
Holbæk	316	Nyrup	4296	2020	3
Holbæk	316	Nyrup	4296	2021	3
Holbæk	316	Nyrup	4296	2022	5
Holbæk	316	Nyrup	4296	2023	3
Holbæk	316	Nyrup	4296	2024	5
Holbæk	316	Nyrup	4296	2025	2
Holbæk	316	Nyrup	4296	2026	8
Holbæk	316	Holbæk	4300	2010	34139
Holbæk	316	Holbæk	4300	2011	34007
Holbæk	316	Holbæk	4300	2012	34088
Holbæk	316	Holbæk	4300	2013	33908
Holbæk	316	Holbæk	4300	2014	33835
Holbæk	316	Holbæk	4300	2015	33811
Holbæk	316	Holbæk	4300	2016	34513
Holbæk	316	Holbæk	4300	2017	35088
Holbæk	316	Holbæk	4300	2018	34367
Holbæk	316	Holbæk	4300	2019	34731
Holbæk	316	Holbæk	4300	2020	35058
Holbæk	316	Holbæk	4300	2021	35503
Holbæk	316	Holbæk	4300	2022	36080
Holbæk	316	Holbæk	4300	2023	36550
Holbæk	316	Holbæk	4300	2024	37095
Holbæk	316	Holbæk	4300	2025	37475
Holbæk	316	Holbæk	4300	2026	37742
Holbæk	316	Orø	4305	2010	0
Holbæk	316	Orø	4305	2011	0
Holbæk	316	Orø	4305	2012	0
Holbæk	316	Orø	4305	2013	0
Holbæk	316	Orø	4305	2014	0
Holbæk	316	Orø	4305	2015	0
Holbæk	316	Orø	4305	2016	0
Holbæk	316	Orø	4305	2017	0
Holbæk	316	Orø	4305	2018	910
Holbæk	316	Orø	4305	2019	933
Holbæk	316	Orø	4305	2020	951
Holbæk	316	Orø	4305	2021	968
Holbæk	316	Orø	4305	2022	987
Holbæk	316	Orø	4305	2023	1003
Holbæk	316	Orø	4305	2024	995
Holbæk	316	Orø	4305	2025	1020
Holbæk	316	Orø	4305	2026	1006
Holbæk	316	Hvalsø	4330	2010	324
Holbæk	316	Hvalsø	4330	2011	329
Holbæk	316	Hvalsø	4330	2012	327
Holbæk	316	Hvalsø	4330	2013	334
Holbæk	316	Hvalsø	4330	2014	322
Holbæk	316	Hvalsø	4330	2015	324
Holbæk	316	Hvalsø	4330	2016	323
Holbæk	316	Hvalsø	4330	2017	338
Holbæk	316	Hvalsø	4330	2018	332
Holbæk	316	Hvalsø	4330	2019	335
Holbæk	316	Hvalsø	4330	2020	326
Holbæk	316	Hvalsø	4330	2021	324
Holbæk	316	Hvalsø	4330	2022	346
Holbæk	316	Hvalsø	4330	2023	330
Holbæk	316	Hvalsø	4330	2024	332
Holbæk	316	Hvalsø	4330	2025	321
Holbæk	316	Hvalsø	4330	2026	327
Holbæk	316	Tølløse	4340	2010	6722
Holbæk	316	Tølløse	4340	2011	6745
Holbæk	316	Tølløse	4340	2012	6719
Holbæk	316	Tølløse	4340	2013	6552
Holbæk	316	Tølløse	4340	2014	6611
Holbæk	316	Tølløse	4340	2015	6584
Holbæk	316	Tølløse	4340	2016	6555
Holbæk	316	Tølløse	4340	2017	6638
Holbæk	316	Tølløse	4340	2018	6710
Holbæk	316	Tølløse	4340	2019	6761
Holbæk	316	Tølløse	4340	2020	6691
Holbæk	316	Tølløse	4340	2021	6650
Holbæk	316	Tølløse	4340	2022	6681
Holbæk	316	Tølløse	4340	2023	6810
Holbæk	316	Tølløse	4340	2024	6801
Holbæk	316	Tølløse	4340	2025	6867
Holbæk	316	Tølløse	4340	2026	6832
Holbæk	316	Ugerløse	4350	2010	1673
Holbæk	316	Ugerløse	4350	2011	1678
Holbæk	316	Ugerløse	4350	2012	1630
Holbæk	316	Ugerløse	4350	2013	1640
Holbæk	316	Ugerløse	4350	2014	1671
Holbæk	316	Ugerløse	4350	2015	1650
Holbæk	316	Ugerløse	4350	2016	1668
Holbæk	316	Ugerløse	4350	2017	1679
Holbæk	316	Ugerløse	4350	2018	1657
Holbæk	316	Ugerløse	4350	2019	1689
Holbæk	316	Ugerløse	4350	2020	1652
Holbæk	316	Ugerløse	4350	2021	1617
Holbæk	316	Ugerløse	4350	2022	1640
Holbæk	316	Ugerløse	4350	2023	1601
Holbæk	316	Ugerløse	4350	2024	1609
Holbæk	316	Ugerløse	4350	2025	1603
Holbæk	316	Ugerløse	4350	2026	1622
Holbæk	316	Kirke Eskilstrup	4360	2010	1254
Holbæk	316	Kirke Eskilstrup	4360	2011	1253
Holbæk	316	Kirke Eskilstrup	4360	2012	1265
Holbæk	316	Kirke Eskilstrup	4360	2013	1259
Holbæk	316	Kirke Eskilstrup	4360	2014	1225
Holbæk	316	Kirke Eskilstrup	4360	2015	1243
Holbæk	316	Kirke Eskilstrup	4360	2016	1246
Holbæk	316	Kirke Eskilstrup	4360	2017	1256
Holbæk	316	Kirke Eskilstrup	4360	2018	1239
Holbæk	316	Kirke Eskilstrup	4360	2019	1220
Holbæk	316	Kirke Eskilstrup	4360	2020	1230
Holbæk	316	Kirke Eskilstrup	4360	2021	1203
Holbæk	316	Kirke Eskilstrup	4360	2022	1201
Holbæk	316	Kirke Eskilstrup	4360	2023	1222
Holbæk	316	Kirke Eskilstrup	4360	2024	1219
Holbæk	316	Kirke Eskilstrup	4360	2025	1213
Holbæk	316	Kirke Eskilstrup	4360	2026	1196
Holbæk	316	Store Merløse	4370	2010	1707
Holbæk	316	Store Merløse	4370	2011	1718
Holbæk	316	Store Merløse	4370	2012	1705
Holbæk	316	Store Merløse	4370	2013	1701
Holbæk	316	Store Merløse	4370	2014	1708
Holbæk	316	Store Merløse	4370	2015	1697
Holbæk	316	Store Merløse	4370	2016	1691
Holbæk	316	Store Merløse	4370	2017	1726
Holbæk	316	Store Merløse	4370	2018	1687
Holbæk	316	Store Merløse	4370	2019	1692
Holbæk	316	Store Merløse	4370	2020	1675
Holbæk	316	Store Merløse	4370	2021	1658
Holbæk	316	Store Merløse	4370	2022	1661
Holbæk	316	Store Merløse	4370	2023	1656
Holbæk	316	Store Merløse	4370	2024	1661
Holbæk	316	Store Merløse	4370	2025	1651
Holbæk	316	Store Merløse	4370	2026	1639
Holbæk	316	Vipperød	4390	2010	3393
Holbæk	316	Vipperød	4390	2011	3361
Holbæk	316	Vipperød	4390	2012	3330
Holbæk	316	Vipperød	4390	2013	3323
Holbæk	316	Vipperød	4390	2014	3326
Holbæk	316	Vipperød	4390	2015	3296
Holbæk	316	Vipperød	4390	2016	3368
Holbæk	316	Vipperød	4390	2017	3372
Holbæk	316	Vipperød	4390	2018	3353
Holbæk	316	Vipperød	4390	2019	3231
Holbæk	316	Vipperød	4390	2020	3202
Holbæk	316	Vipperød	4390	2021	3310
Holbæk	316	Vipperød	4390	2022	3454
Holbæk	316	Vipperød	4390	2023	3575
Holbæk	316	Vipperød	4390	2024	3684
Holbæk	316	Vipperød	4390	2025	3717
Holbæk	316	Vipperød	4390	2026	3870
Holbæk	316	Regstrup	4420	2010	3606
Holbæk	316	Regstrup	4420	2011	3601
Holbæk	316	Regstrup	4420	2012	3593
Holbæk	316	Regstrup	4420	2013	3566
Holbæk	316	Regstrup	4420	2014	3523
Holbæk	316	Regstrup	4420	2015	3549
Holbæk	316	Regstrup	4420	2016	3557
Holbæk	316	Regstrup	4420	2017	3613
Holbæk	316	Regstrup	4420	2018	3585
Holbæk	316	Regstrup	4420	2019	3545
Holbæk	316	Regstrup	4420	2020	3533
Holbæk	316	Regstrup	4420	2021	3545
Holbæk	316	Regstrup	4420	2022	3584
Holbæk	316	Regstrup	4420	2023	3593
Holbæk	316	Regstrup	4420	2024	3580
Holbæk	316	Regstrup	4420	2025	3498
Holbæk	316	Regstrup	4420	2026	3505
Holbæk	316	Mørkøv	4440	2010	4602
Holbæk	316	Mørkøv	4440	2011	4641
Holbæk	316	Mørkøv	4440	2012	4623
Holbæk	316	Mørkøv	4440	2013	4633
Holbæk	316	Mørkøv	4440	2014	4659
Holbæk	316	Mørkøv	4440	2015	4659
Holbæk	316	Mørkøv	4440	2016	4684
Holbæk	316	Mørkøv	4440	2017	4616
Holbæk	316	Mørkøv	4440	2018	4673
Holbæk	316	Mørkøv	4440	2019	4643
Holbæk	316	Mørkøv	4440	2020	4658
Holbæk	316	Mørkøv	4440	2021	4577
Holbæk	316	Mørkøv	4440	2022	4586
Holbæk	316	Mørkøv	4440	2023	4595
Holbæk	316	Mørkøv	4440	2024	4622
Holbæk	316	Mørkøv	4440	2025	4691
Holbæk	316	Mørkøv	4440	2026	4734
Holbæk	316	Jyderup	4450	2010	5405
Holbæk	316	Jyderup	4450	2011	5390
Holbæk	316	Jyderup	4450	2012	5367
Holbæk	316	Jyderup	4450	2013	5386
Holbæk	316	Jyderup	4450	2014	5398
Holbæk	316	Jyderup	4450	2015	5436
Holbæk	316	Jyderup	4450	2016	5512
Holbæk	316	Jyderup	4450	2017	5620
Holbæk	316	Jyderup	4450	2018	5566
Holbæk	316	Jyderup	4450	2019	5568
Holbæk	316	Jyderup	4450	2020	5604
Holbæk	316	Jyderup	4450	2021	5570
Holbæk	316	Jyderup	4450	2022	5569
Holbæk	316	Jyderup	4450	2023	5547
Holbæk	316	Jyderup	4450	2024	5543
Holbæk	316	Jyderup	4450	2025	5477
Holbæk	316	Jyderup	4450	2026	5482
Holbæk	316	Snertinge	4460	2010	98
Holbæk	316	Snertinge	4460	2011	95
Holbæk	316	Snertinge	4460	2012	85
Holbæk	316	Snertinge	4460	2013	80
Holbæk	316	Snertinge	4460	2014	74
Holbæk	316	Snertinge	4460	2015	82
Holbæk	316	Snertinge	4460	2016	86
Holbæk	316	Snertinge	4460	2017	84
Holbæk	316	Snertinge	4460	2018	87
Holbæk	316	Snertinge	4460	2019	86
Holbæk	316	Snertinge	4460	2020	84
Holbæk	316	Snertinge	4460	2021	82
Holbæk	316	Snertinge	4460	2022	83
Holbæk	316	Snertinge	4460	2023	85
Holbæk	316	Snertinge	4460	2024	82
Holbæk	316	Snertinge	4460	2025	84
Holbæk	316	Snertinge	4460	2026	82
Holbæk	316	Svebølle	4470	2010	4
Holbæk	316	Svebølle	4470	2011	4
Holbæk	316	Svebølle	4470	2012	4
Holbæk	316	Svebølle	4470	2013	4
Holbæk	316	Svebølle	4470	2014	0
Holbæk	316	Svebølle	4470	2015	0
Holbæk	316	Svebølle	4470	2016	0
Holbæk	316	Svebølle	4470	2017	0
Holbæk	316	Svebølle	4470	2018	0
Holbæk	316	Svebølle	4470	2019	0
Holbæk	316	Svebølle	4470	2020	0
Holbæk	316	Svebølle	4470	2021	0
Holbæk	316	Svebølle	4470	2022	0
Holbæk	316	Svebølle	4470	2023	0
Holbæk	316	Svebølle	4470	2024	0
Holbæk	316	Svebølle	4470	2025	0
Holbæk	316	Svebølle	4470	2026	0
Holbæk	316	Svinninge	4520	2010	4418
Holbæk	316	Svinninge	4520	2011	4453
Holbæk	316	Svinninge	4520	2012	4433
Holbæk	316	Svinninge	4520	2013	4449
Holbæk	316	Svinninge	4520	2014	4432
Holbæk	316	Svinninge	4520	2015	4465
Holbæk	316	Svinninge	4520	2016	4508
Holbæk	316	Svinninge	4520	2017	4586
Holbæk	316	Svinninge	4520	2018	4514
Holbæk	316	Svinninge	4520	2019	4555
Holbæk	316	Svinninge	4520	2020	4554
Holbæk	316	Svinninge	4520	2021	4544
Holbæk	316	Svinninge	4520	2022	4580
Holbæk	316	Svinninge	4520	2023	4526
Holbæk	316	Svinninge	4520	2024	4545
Holbæk	316	Svinninge	4520	2025	4544
Holbæk	316	Svinninge	4520	2026	4609
Holbæk	316	Gislinge	4532	2010	1982
Holbæk	316	Gislinge	4532	2011	2025
Holbæk	316	Gislinge	4532	2012	2004
Holbæk	316	Gislinge	4532	2013	1976
Holbæk	316	Gislinge	4532	2014	2005
Holbæk	316	Gislinge	4532	2015	2010
Holbæk	316	Gislinge	4532	2016	2051
Holbæk	316	Gislinge	4532	2017	2118
Holbæk	316	Gislinge	4532	2018	2096
Holbæk	316	Gislinge	4532	2019	2113
Holbæk	316	Gislinge	4532	2020	2127
Holbæk	316	Gislinge	4532	2021	2153
Holbæk	316	Gislinge	4532	2022	2153
Holbæk	316	Gislinge	4532	2023	2153
Holbæk	316	Gislinge	4532	2024	2163
Holbæk	316	Gislinge	4532	2025	2137
Holbæk	316	Gislinge	4532	2026	2147
Holbæk	316	Ukendt	9999	2010	85
Holbæk	316	Ukendt	9999	2011	81
Holbæk	316	Ukendt	9999	2012	98
Holbæk	316	Ukendt	9999	2013	310
Holbæk	316	Ukendt	9999	2014	83
Holbæk	316	Ukendt	9999	2015	90
Holbæk	316	Ukendt	9999	2016	73
Holbæk	316	Ukendt	9999	2017	74
Holbæk	316	Ukendt	9999	2018	78
Holbæk	316	Ukendt	9999	2019	67
Holbæk	316	Ukendt	9999	2020	68
Holbæk	316	Ukendt	9999	2021	80
Holbæk	316	Ukendt	9999	2022	78
Holbæk	316	Ukendt	9999	2023	69
Holbæk	316	Ukendt	9999	2024	67
Holbæk	316	Ukendt	9999	2025	74
Holbæk	316	Ukendt	9999	2026	90
Faxe	320	Ringsted	4100	2010	48
Faxe	320	Ringsted	4100	2011	49
Faxe	320	Ringsted	4100	2012	47
Faxe	320	Ringsted	4100	2013	46
Faxe	320	Ringsted	4100	2014	43
Faxe	320	Ringsted	4100	2015	47
Faxe	320	Ringsted	4100	2016	48
Faxe	320	Ringsted	4100	2017	48
Faxe	320	Ringsted	4100	2018	42
Faxe	320	Ringsted	4100	2019	45
Faxe	320	Ringsted	4100	2020	45
Faxe	320	Ringsted	4100	2021	40
Faxe	320	Ringsted	4100	2022	40
Faxe	320	Ringsted	4100	2023	40
Faxe	320	Ringsted	4100	2024	41
Faxe	320	Ringsted	4100	2025	40
Faxe	320	Ringsted	4100	2026	39
Faxe	320	Herlufmagle	4160	2010	4
Faxe	320	Herlufmagle	4160	2011	2
Faxe	320	Herlufmagle	4160	2012	2
Faxe	320	Herlufmagle	4160	2013	2
Faxe	320	Herlufmagle	4160	2014	2
Faxe	320	Herlufmagle	4160	2015	2
Faxe	320	Herlufmagle	4160	2016	2
Faxe	320	Herlufmagle	4160	2017	4
Faxe	320	Herlufmagle	4160	2018	4
Faxe	320	Herlufmagle	4160	2019	4
Faxe	320	Herlufmagle	4160	2020	4
Faxe	320	Herlufmagle	4160	2021	4
Faxe	320	Herlufmagle	4160	2022	4
Faxe	320	Herlufmagle	4160	2023	4
Faxe	320	Herlufmagle	4160	2024	3
Faxe	320	Herlufmagle	4160	2025	3
Faxe	320	Herlufmagle	4160	2026	3
Faxe	320	Faxe	4640	2010	6553
Faxe	320	Faxe	4640	2011	6481
Faxe	320	Faxe	4640	2012	6396
Faxe	320	Faxe	4640	2013	6401
Faxe	320	Faxe	4640	2014	6457
Faxe	320	Faxe	4640	2015	6436
Faxe	320	Faxe	4640	2016	6550
Faxe	320	Faxe	4640	2017	6608
Faxe	320	Faxe	4640	2018	6613
Faxe	320	Faxe	4640	2019	6699
Faxe	320	Faxe	4640	2020	6679
Faxe	320	Faxe	4640	2021	6667
Faxe	320	Faxe	4640	2022	6771
Faxe	320	Faxe	4640	2023	6700
Faxe	320	Faxe	4640	2024	6658
Faxe	320	Faxe	4640	2025	6566
Faxe	320	Faxe	4640	2026	6583
Faxe	320	Hårlev	4652	2010	1
Faxe	320	Hårlev	4652	2011	1
Faxe	320	Hårlev	4652	2012	1
Faxe	320	Hårlev	4652	2013	1
Faxe	320	Hårlev	4652	2014	1
Faxe	320	Hårlev	4652	2015	1
Faxe	320	Hårlev	4652	2016	1
Faxe	320	Hårlev	4652	2017	1
Faxe	320	Hårlev	4652	2018	1
Faxe	320	Hårlev	4652	2019	1
Faxe	320	Hårlev	4652	2020	1
Faxe	320	Hårlev	4652	2021	1
Faxe	320	Hårlev	4652	2022	1
Faxe	320	Hårlev	4652	2023	1
Faxe	320	Hårlev	4652	2024	1
Faxe	320	Hårlev	4652	2025	1
Faxe	320	Hårlev	4652	2026	1
Faxe	320	Karise	4653	2010	3477
Faxe	320	Karise	4653	2011	3476
Faxe	320	Karise	4653	2012	3419
Faxe	320	Karise	4653	2013	3412
Faxe	320	Karise	4653	2014	3405
Faxe	320	Karise	4653	2015	3399
Faxe	320	Karise	4653	2016	3434
Faxe	320	Karise	4653	2017	3444
Faxe	320	Karise	4653	2018	3463
Faxe	320	Karise	4653	2019	3654
Faxe	320	Karise	4653	2020	3635
Faxe	320	Karise	4653	2021	3635
Faxe	320	Karise	4653	2022	3586
Faxe	320	Karise	4653	2023	3563
Faxe	320	Karise	4653	2024	3584
Faxe	320	Karise	4653	2025	3610
Faxe	320	Karise	4653	2026	3599
Faxe	320	Faxe Ladeplads	4654	2010	3169
Faxe	320	Faxe Ladeplads	4654	2011	3150
Faxe	320	Faxe Ladeplads	4654	2012	3126
Faxe	320	Faxe Ladeplads	4654	2013	3128
Faxe	320	Faxe Ladeplads	4654	2014	3138
Faxe	320	Faxe Ladeplads	4654	2015	3116
Faxe	320	Faxe Ladeplads	4654	2016	3092
Faxe	320	Faxe Ladeplads	4654	2017	3138
Faxe	320	Faxe Ladeplads	4654	2018	3150
Faxe	320	Faxe Ladeplads	4654	2019	3165
Faxe	320	Faxe Ladeplads	4654	2020	3132
Faxe	320	Faxe Ladeplads	4654	2021	3130
Faxe	320	Faxe Ladeplads	4654	2022	3144
Faxe	320	Faxe Ladeplads	4654	2023	3142
Faxe	320	Faxe Ladeplads	4654	2024	3133
Faxe	320	Faxe Ladeplads	4654	2025	3146
Faxe	320	Faxe Ladeplads	4654	2026	3143
Faxe	320	Tureby	4682	2010	494
Faxe	320	Tureby	4682	2011	491
Faxe	320	Tureby	4682	2012	503
Faxe	320	Tureby	4682	2013	487
Faxe	320	Tureby	4682	2014	496
Faxe	320	Tureby	4682	2015	517
Faxe	320	Tureby	4682	2016	523
Faxe	320	Tureby	4682	2017	517
Faxe	320	Tureby	4682	2018	501
Faxe	320	Tureby	4682	2019	498
Faxe	320	Tureby	4682	2020	497
Faxe	320	Tureby	4682	2021	491
Faxe	320	Tureby	4682	2022	493
Faxe	320	Tureby	4682	2023	501
Faxe	320	Tureby	4682	2024	505
Faxe	320	Tureby	4682	2025	489
Faxe	320	Tureby	4682	2026	514
Faxe	320	Rønnede	4683	2010	3474
Faxe	320	Rønnede	4683	2011	3459
Faxe	320	Rønnede	4683	2012	3446
Faxe	320	Rønnede	4683	2013	3447
Faxe	320	Rønnede	4683	2014	3381
Faxe	320	Rønnede	4683	2015	3369
Faxe	320	Rønnede	4683	2016	3373
Faxe	320	Rønnede	4683	2017	3405
Faxe	320	Rønnede	4683	2018	3420
Faxe	320	Rønnede	4683	2019	3398
Faxe	320	Rønnede	4683	2020	3396
Faxe	320	Rønnede	4683	2021	3449
Faxe	320	Rønnede	4683	2022	3669
Faxe	320	Rønnede	4683	2023	3677
Faxe	320	Rønnede	4683	2024	3875
Faxe	320	Rønnede	4683	2025	3874
Faxe	320	Rønnede	4683	2026	3901
Faxe	320	Holmegaard	4684	2010	3
Faxe	320	Holmegaard	4684	2011	2
Faxe	320	Holmegaard	4684	2012	1
Faxe	320	Holmegaard	4684	2013	0
Faxe	320	Holmegaard	4684	2014	4
Faxe	320	Holmegaard	4684	2015	5
Faxe	320	Holmegaard	4684	2016	5
Faxe	320	Holmegaard	4684	2017	5
Faxe	320	Holmegaard	4684	2018	4
Faxe	320	Holmegaard	4684	2019	5
Faxe	320	Holmegaard	4684	2020	5
Faxe	320	Holmegaard	4684	2021	4
Faxe	320	Holmegaard	4684	2022	4
Faxe	320	Holmegaard	4684	2023	4
Faxe	320	Holmegaard	4684	2024	3
Faxe	320	Holmegaard	4684	2025	4
Faxe	320	Holmegaard	4684	2026	4
Faxe	320	Haslev	4690	2010	17923
Faxe	320	Haslev	4690	2011	18001
Faxe	320	Haslev	4690	2012	17991
Faxe	320	Haslev	4690	2013	18032
Faxe	320	Haslev	4690	2014	18022
Faxe	320	Haslev	4690	2015	18139
Faxe	320	Haslev	4690	2016	18423
Faxe	320	Haslev	4690	2017	18553
Faxe	320	Haslev	4690	2018	18751
Faxe	320	Haslev	4690	2019	18866
Faxe	320	Haslev	4690	2020	18991
Faxe	320	Haslev	4690	2021	19097
Faxe	320	Haslev	4690	2022	19240
Faxe	320	Haslev	4690	2023	19506
Faxe	320	Haslev	4690	2024	19762
Faxe	320	Haslev	4690	2025	19906
Faxe	320	Haslev	4690	2026	20166
Faxe	320	Tappernøje	4733	2010	158
Faxe	320	Tappernøje	4733	2011	165
Faxe	320	Tappernøje	4733	2012	178
Faxe	320	Tappernøje	4733	2013	167
Faxe	320	Tappernøje	4733	2014	161
Faxe	320	Tappernøje	4733	2015	156
Faxe	320	Tappernøje	4733	2016	151
Faxe	320	Tappernøje	4733	2017	156
Faxe	320	Tappernøje	4733	2018	151
Faxe	320	Tappernøje	4733	2019	149
Faxe	320	Tappernøje	4733	2020	151
Faxe	320	Tappernøje	4733	2021	152
Faxe	320	Tappernøje	4733	2022	147
Faxe	320	Tappernøje	4733	2023	139
Faxe	320	Tappernøje	4733	2024	131
Faxe	320	Tappernøje	4733	2025	120
Faxe	320	Tappernøje	4733	2026	123
Faxe	320	Ukendt	9999	2010	2
Faxe	320	Ukendt	9999	2011	0
Faxe	320	Ukendt	9999	2012	0
Faxe	320	Ukendt	9999	2013	0
Faxe	320	Ukendt	9999	2014	9
Faxe	320	Ukendt	9999	2015	8
Faxe	320	Ukendt	9999	2016	12
Faxe	320	Ukendt	9999	2017	37
Faxe	320	Ukendt	9999	2018	39
Faxe	320	Ukendt	9999	2019	29
Faxe	320	Ukendt	9999	2020	40
Faxe	320	Ukendt	9999	2021	43
Faxe	320	Ukendt	9999	2022	62
Faxe	320	Ukendt	9999	2023	67
Faxe	320	Ukendt	9999	2024	57
Faxe	320	Ukendt	9999	2025	61
Faxe	320	Ukendt	9999	2026	67
Kalundborg	326	Slagelse	4200	2010	845
Kalundborg	326	Slagelse	4200	2011	839
Kalundborg	326	Slagelse	4200	2012	833
Kalundborg	326	Slagelse	4200	2013	835
Kalundborg	326	Slagelse	4200	2014	856
Kalundborg	326	Slagelse	4200	2015	862
Kalundborg	326	Slagelse	4200	2016	875
Kalundborg	326	Slagelse	4200	2017	863
Kalundborg	326	Slagelse	4200	2018	868
Kalundborg	326	Slagelse	4200	2019	877
Kalundborg	326	Slagelse	4200	2020	871
Kalundborg	326	Slagelse	4200	2021	889
Kalundborg	326	Slagelse	4200	2022	895
Kalundborg	326	Slagelse	4200	2023	910
Kalundborg	326	Slagelse	4200	2024	897
Kalundborg	326	Slagelse	4200	2025	899
Kalundborg	326	Slagelse	4200	2026	895
Kalundborg	326	Høng	4270	2010	6594
Kalundborg	326	Høng	4270	2011	6557
Kalundborg	326	Høng	4270	2012	6483
Kalundborg	326	Høng	4270	2013	6435
Kalundborg	326	Høng	4270	2014	6412
Kalundborg	326	Høng	4270	2015	6438
Kalundborg	326	Høng	4270	2016	6460
Kalundborg	326	Høng	4270	2017	6402
Kalundborg	326	Høng	4270	2018	6358
Kalundborg	326	Høng	4270	2019	6401
Kalundborg	326	Høng	4270	2020	6401
Kalundborg	326	Høng	4270	2021	6470
Kalundborg	326	Høng	4270	2022	6519
Kalundborg	326	Høng	4270	2023	6519
Kalundborg	326	Høng	4270	2024	6466
Kalundborg	326	Høng	4270	2025	6422
Kalundborg	326	Høng	4270	2026	6395
Kalundborg	326	Gørlev	4281	2010	5005
Kalundborg	326	Gørlev	4281	2011	5039
Kalundborg	326	Gørlev	4281	2012	4996
Kalundborg	326	Gørlev	4281	2013	4925
Kalundborg	326	Gørlev	4281	2014	4931
Kalundborg	326	Gørlev	4281	2015	4967
Kalundborg	326	Gørlev	4281	2016	4994
Kalundborg	326	Gørlev	4281	2017	5002
Kalundborg	326	Gørlev	4281	2018	5036
Kalundborg	326	Gørlev	4281	2019	5054
Kalundborg	326	Gørlev	4281	2020	5060
Kalundborg	326	Gørlev	4281	2021	5074
Kalundborg	326	Gørlev	4281	2022	5011
Kalundborg	326	Gørlev	4281	2023	5010
Kalundborg	326	Gørlev	4281	2024	4961
Kalundborg	326	Gørlev	4281	2025	4973
Kalundborg	326	Gørlev	4281	2026	4937
Kalundborg	326	Ruds Vedby	4291	2010	872
Kalundborg	326	Ruds Vedby	4291	2011	863
Kalundborg	326	Ruds Vedby	4291	2012	837
Kalundborg	326	Ruds Vedby	4291	2013	834
Kalundborg	326	Ruds Vedby	4291	2014	826
Kalundborg	326	Ruds Vedby	4291	2015	817
Kalundborg	326	Ruds Vedby	4291	2016	787
Kalundborg	326	Ruds Vedby	4291	2017	795
Kalundborg	326	Ruds Vedby	4291	2018	808
Kalundborg	326	Ruds Vedby	4291	2019	805
Kalundborg	326	Ruds Vedby	4291	2020	760
Kalundborg	326	Ruds Vedby	4291	2021	776
Kalundborg	326	Ruds Vedby	4291	2022	768
Kalundborg	326	Ruds Vedby	4291	2023	768
Kalundborg	326	Ruds Vedby	4291	2024	766
Kalundborg	326	Ruds Vedby	4291	2025	739
Kalundborg	326	Ruds Vedby	4291	2026	749
Kalundborg	326	Dianalund	4293	2010	11
Kalundborg	326	Dianalund	4293	2011	10
Kalundborg	326	Dianalund	4293	2012	11
Kalundborg	326	Dianalund	4293	2013	10
Kalundborg	326	Dianalund	4293	2014	9
Kalundborg	326	Dianalund	4293	2015	9
Kalundborg	326	Dianalund	4293	2016	10
Kalundborg	326	Dianalund	4293	2017	9
Kalundborg	326	Dianalund	4293	2018	9
Kalundborg	326	Dianalund	4293	2019	10
Kalundborg	326	Dianalund	4293	2020	11
Kalundborg	326	Dianalund	4293	2021	11
Kalundborg	326	Dianalund	4293	2022	12
Kalundborg	326	Dianalund	4293	2023	14
Kalundborg	326	Dianalund	4293	2024	14
Kalundborg	326	Dianalund	4293	2025	14
Kalundborg	326	Dianalund	4293	2026	12
Kalundborg	326	Kalundborg	4400	2010	23398
Kalundborg	326	Kalundborg	4400	2011	23335
Kalundborg	326	Kalundborg	4400	2012	23130
Kalundborg	326	Kalundborg	4400	2013	23071
Kalundborg	326	Kalundborg	4400	2014	22994
Kalundborg	326	Kalundborg	4400	2015	23041
Kalundborg	326	Kalundborg	4400	2016	23182
Kalundborg	326	Kalundborg	4400	2017	23233
Kalundborg	326	Kalundborg	4400	2018	23299
Kalundborg	326	Kalundborg	4400	2019	23111
Kalundborg	326	Kalundborg	4400	2020	22994
Kalundborg	326	Kalundborg	4400	2021	22930
Kalundborg	326	Kalundborg	4400	2022	22840
Kalundborg	326	Kalundborg	4400	2023	23064
Kalundborg	326	Kalundborg	4400	2024	23067
Kalundborg	326	Kalundborg	4400	2025	23078
Kalundborg	326	Kalundborg	4400	2026	23095
Kalundborg	326	Jyderup	4450	2010	821
Kalundborg	326	Jyderup	4450	2011	795
Kalundborg	326	Jyderup	4450	2012	780
Kalundborg	326	Jyderup	4450	2013	759
Kalundborg	326	Jyderup	4450	2014	759
Kalundborg	326	Jyderup	4450	2015	760
Kalundborg	326	Jyderup	4450	2016	770
Kalundborg	326	Jyderup	4450	2017	757
Kalundborg	326	Jyderup	4450	2018	789
Kalundborg	326	Jyderup	4450	2019	772
Kalundborg	326	Jyderup	4450	2020	771
Kalundborg	326	Jyderup	4450	2021	772
Kalundborg	326	Jyderup	4450	2022	773
Kalundborg	326	Jyderup	4450	2023	781
Kalundborg	326	Jyderup	4450	2024	751
Kalundborg	326	Jyderup	4450	2025	759
Kalundborg	326	Jyderup	4450	2026	767
Kalundborg	326	Snertinge	4460	2010	1316
Kalundborg	326	Snertinge	4460	2011	1304
Kalundborg	326	Snertinge	4460	2012	1313
Kalundborg	326	Snertinge	4460	2013	1289
Kalundborg	326	Snertinge	4460	2014	1283
Kalundborg	326	Snertinge	4460	2015	1283
Kalundborg	326	Snertinge	4460	2016	1272
Kalundborg	326	Snertinge	4460	2017	1314
Kalundborg	326	Snertinge	4460	2018	1298
Kalundborg	326	Snertinge	4460	2019	1293
Kalundborg	326	Snertinge	4460	2020	1283
Kalundborg	326	Snertinge	4460	2021	1275
Kalundborg	326	Snertinge	4460	2022	1288
Kalundborg	326	Snertinge	4460	2023	1277
Kalundborg	326	Snertinge	4460	2024	1240
Kalundborg	326	Snertinge	4460	2025	1230
Kalundborg	326	Snertinge	4460	2026	1232
Kalundborg	326	Svebølle	4470	2010	3255
Kalundborg	326	Svebølle	4470	2011	3201
Kalundborg	326	Svebølle	4470	2012	3243
Kalundborg	326	Svebølle	4470	2013	3221
Kalundborg	326	Svebølle	4470	2014	3228
Kalundborg	326	Svebølle	4470	2015	3240
Kalundborg	326	Svebølle	4470	2016	3246
Kalundborg	326	Svebølle	4470	2017	3246
Kalundborg	326	Svebølle	4470	2018	3331
Kalundborg	326	Svebølle	4470	2019	3253
Kalundborg	326	Svebølle	4470	2020	3236
Kalundborg	326	Svebølle	4470	2021	3225
Kalundborg	326	Svebølle	4470	2022	3235
Kalundborg	326	Svebølle	4470	2023	3228
Kalundborg	326	Svebølle	4470	2024	3231
Kalundborg	326	Svebølle	4470	2025	3193
Kalundborg	326	Svebølle	4470	2026	3117
Kalundborg	326	Store Fuglede	4480	2010	1061
Kalundborg	326	Store Fuglede	4480	2011	1068
Kalundborg	326	Store Fuglede	4480	2012	1053
Kalundborg	326	Store Fuglede	4480	2013	1046
Kalundborg	326	Store Fuglede	4480	2014	1082
Kalundborg	326	Store Fuglede	4480	2015	1068
Kalundborg	326	Store Fuglede	4480	2016	1072
Kalundborg	326	Store Fuglede	4480	2017	1127
Kalundborg	326	Store Fuglede	4480	2018	1109
Kalundborg	326	Store Fuglede	4480	2019	1102
Kalundborg	326	Store Fuglede	4480	2020	1087
Kalundborg	326	Store Fuglede	4480	2021	1077
Kalundborg	326	Store Fuglede	4480	2022	1082
Kalundborg	326	Store Fuglede	4480	2023	1083
Kalundborg	326	Store Fuglede	4480	2024	1055
Kalundborg	326	Store Fuglede	4480	2025	1017
Kalundborg	326	Store Fuglede	4480	2026	991
Kalundborg	326	Jerslev Sjælland	4490	2010	2741
Kalundborg	326	Jerslev Sjælland	4490	2011	2740
Kalundborg	326	Jerslev Sjælland	4490	2012	2696
Kalundborg	326	Jerslev Sjælland	4490	2013	2667
Kalundborg	326	Jerslev Sjælland	4490	2014	2708
Kalundborg	326	Jerslev Sjælland	4490	2015	2714
Kalundborg	326	Jerslev Sjælland	4490	2016	2710
Kalundborg	326	Jerslev Sjælland	4490	2017	2714
Kalundborg	326	Jerslev Sjælland	4490	2018	2723
Kalundborg	326	Jerslev Sjælland	4490	2019	2700
Kalundborg	326	Jerslev Sjælland	4490	2020	2665
Kalundborg	326	Jerslev Sjælland	4490	2021	2679
Kalundborg	326	Jerslev Sjælland	4490	2022	2664
Kalundborg	326	Jerslev Sjælland	4490	2023	2655
Kalundborg	326	Jerslev Sjælland	4490	2024	2643
Kalundborg	326	Jerslev Sjælland	4490	2025	2603
Kalundborg	326	Jerslev Sjælland	4490	2026	2591
Kalundborg	326	Hørve	4534	2010	13
Kalundborg	326	Hørve	4534	2011	13
Kalundborg	326	Hørve	4534	2012	16
Kalundborg	326	Hørve	4534	2013	11
Kalundborg	326	Hørve	4534	2014	13
Kalundborg	326	Hørve	4534	2015	13
Kalundborg	326	Hørve	4534	2016	13
Kalundborg	326	Hørve	4534	2017	12
Kalundborg	326	Hørve	4534	2018	12
Kalundborg	326	Hørve	4534	2019	11
Kalundborg	326	Hørve	4534	2020	11
Kalundborg	326	Hørve	4534	2021	13
Kalundborg	326	Hørve	4534	2022	13
Kalundborg	326	Hørve	4534	2023	11
Kalundborg	326	Hørve	4534	2024	11
Kalundborg	326	Hørve	4534	2025	10
Kalundborg	326	Hørve	4534	2026	11
Kalundborg	326	Føllenslev	4591	2010	1740
Kalundborg	326	Føllenslev	4591	2011	1740
Kalundborg	326	Føllenslev	4591	2012	1688
Kalundborg	326	Føllenslev	4591	2013	1673
Kalundborg	326	Føllenslev	4591	2014	1715
Kalundborg	326	Føllenslev	4591	2015	1712
Kalundborg	326	Føllenslev	4591	2016	1711
Kalundborg	326	Føllenslev	4591	2017	1717
Kalundborg	326	Føllenslev	4591	2018	1740
Kalundborg	326	Føllenslev	4591	2019	1710
Kalundborg	326	Føllenslev	4591	2020	1692
Kalundborg	326	Føllenslev	4591	2021	1676
Kalundborg	326	Føllenslev	4591	2022	1670
Kalundborg	326	Føllenslev	4591	2023	1682
Kalundborg	326	Føllenslev	4591	2024	1621
Kalundborg	326	Føllenslev	4591	2025	1612
Kalundborg	326	Føllenslev	4591	2026	1628
Kalundborg	326	Sejerø	4592	2010	370
Kalundborg	326	Sejerø	4592	2011	366
Kalundborg	326	Sejerø	4592	2012	358
Kalundborg	326	Sejerø	4592	2013	348
Kalundborg	326	Sejerø	4592	2014	359
Kalundborg	326	Sejerø	4592	2015	353
Kalundborg	326	Sejerø	4592	2016	351
Kalundborg	326	Sejerø	4592	2017	340
Kalundborg	326	Sejerø	4592	2018	344
Kalundborg	326	Sejerø	4592	2019	336
Kalundborg	326	Sejerø	4592	2020	342
Kalundborg	326	Sejerø	4592	2021	342
Kalundborg	326	Sejerø	4592	2022	326
Kalundborg	326	Sejerø	4592	2023	328
Kalundborg	326	Sejerø	4592	2024	328
Kalundborg	326	Sejerø	4592	2025	301
Kalundborg	326	Sejerø	4592	2026	291
Kalundborg	326	Eskebjerg	4593	2010	1223
Kalundborg	326	Eskebjerg	4593	2011	1218
Kalundborg	326	Eskebjerg	4593	2012	1193
Kalundborg	326	Eskebjerg	4593	2013	1170
Kalundborg	326	Eskebjerg	4593	2014	1183
Kalundborg	326	Eskebjerg	4593	2015	1192
Kalundborg	326	Eskebjerg	4593	2016	1206
Kalundborg	326	Eskebjerg	4593	2017	1205
Kalundborg	326	Eskebjerg	4593	2018	1258
Kalundborg	326	Eskebjerg	4593	2019	1246
Kalundborg	326	Eskebjerg	4593	2020	1252
Kalundborg	326	Eskebjerg	4593	2021	1276
Kalundborg	326	Eskebjerg	4593	2022	1270
Kalundborg	326	Eskebjerg	4593	2023	1269
Kalundborg	326	Eskebjerg	4593	2024	1255
Kalundborg	326	Eskebjerg	4593	2025	1250
Kalundborg	326	Eskebjerg	4593	2026	1242
Kalundborg	326	Ukendt	9999	2010	0
Kalundborg	326	Ukendt	9999	2011	0
Kalundborg	326	Ukendt	9999	2012	2
Kalundborg	326	Ukendt	9999	2013	0
Kalundborg	326	Ukendt	9999	2014	0
Kalundborg	326	Ukendt	9999	2015	0
Kalundborg	326	Ukendt	9999	2016	1
Kalundborg	326	Ukendt	9999	2017	0
Kalundborg	326	Ukendt	9999	2018	0
Kalundborg	326	Ukendt	9999	2019	0
Kalundborg	326	Ukendt	9999	2020	0
Kalundborg	326	Ukendt	9999	2021	2
Kalundborg	326	Ukendt	9999	2022	2
Kalundborg	326	Ukendt	9999	2023	3
Kalundborg	326	Ukendt	9999	2024	3
Kalundborg	326	Ukendt	9999	2025	3
Kalundborg	326	Ukendt	9999	2026	1
Ringsted	329	Ringsted	4100	2010	29936
Ringsted	329	Ringsted	4100	2011	30260
Ringsted	329	Ringsted	4100	2012	30504
Ringsted	329	Ringsted	4100	2013	30599
Ringsted	329	Ringsted	4100	2014	30747
Ringsted	329	Ringsted	4100	2015	30941
Ringsted	329	Ringsted	4100	2016	31384
Ringsted	329	Ringsted	4100	2017	31627
Ringsted	329	Ringsted	4100	2018	31768
Ringsted	329	Ringsted	4100	2019	32046
Ringsted	329	Ringsted	4100	2020	32087
Ringsted	329	Ringsted	4100	2021	32147
Ringsted	329	Ringsted	4100	2022	32366
Ringsted	329	Ringsted	4100	2023	33051
Ringsted	329	Ringsted	4100	2024	33535
Ringsted	329	Ringsted	4100	2025	33419
Ringsted	329	Ringsted	4100	2026	33190
Ringsted	329	Borup	4140	2010	202
Ringsted	329	Borup	4140	2011	201
Ringsted	329	Borup	4140	2012	208
Ringsted	329	Borup	4140	2013	205
Ringsted	329	Borup	4140	2014	202
Ringsted	329	Borup	4140	2015	210
Ringsted	329	Borup	4140	2016	206
Ringsted	329	Borup	4140	2017	202
Ringsted	329	Borup	4140	2018	208
Ringsted	329	Borup	4140	2019	214
Ringsted	329	Borup	4140	2020	201
Ringsted	329	Borup	4140	2021	204
Ringsted	329	Borup	4140	2022	219
Ringsted	329	Borup	4140	2023	215
Ringsted	329	Borup	4140	2024	215
Ringsted	329	Borup	4140	2025	213
Ringsted	329	Borup	4140	2026	214
Ringsted	329	Fjenneslev	4173	2010	389
Ringsted	329	Fjenneslev	4173	2011	398
Ringsted	329	Fjenneslev	4173	2012	396
Ringsted	329	Fjenneslev	4173	2013	403
Ringsted	329	Fjenneslev	4173	2014	409
Ringsted	329	Fjenneslev	4173	2015	408
Ringsted	329	Fjenneslev	4173	2016	394
Ringsted	329	Fjenneslev	4173	2017	406
Ringsted	329	Fjenneslev	4173	2018	396
Ringsted	329	Fjenneslev	4173	2019	412
Ringsted	329	Fjenneslev	4173	2020	403
Ringsted	329	Fjenneslev	4173	2021	401
Ringsted	329	Fjenneslev	4173	2022	397
Ringsted	329	Fjenneslev	4173	2023	401
Ringsted	329	Fjenneslev	4173	2024	398
Ringsted	329	Fjenneslev	4173	2025	395
Ringsted	329	Fjenneslev	4173	2026	399
Ringsted	329	Jystrup Midtsj	4174	2010	1536
Ringsted	329	Jystrup Midtsj	4174	2011	1525
Ringsted	329	Jystrup Midtsj	4174	2012	1530
Ringsted	329	Jystrup Midtsj	4174	2013	1507
Ringsted	329	Jystrup Midtsj	4174	2014	1498
Ringsted	329	Jystrup Midtsj	4174	2015	1513
Ringsted	329	Jystrup Midtsj	4174	2016	1522
Ringsted	329	Jystrup Midtsj	4174	2017	1517
Ringsted	329	Jystrup Midtsj	4174	2018	1544
Ringsted	329	Jystrup Midtsj	4174	2019	1526
Ringsted	329	Jystrup Midtsj	4174	2020	1582
Ringsted	329	Jystrup Midtsj	4174	2021	1560
Ringsted	329	Jystrup Midtsj	4174	2022	1609
Ringsted	329	Jystrup Midtsj	4174	2023	1689
Ringsted	329	Jystrup Midtsj	4174	2024	1666
Ringsted	329	Jystrup Midtsj	4174	2025	1710
Ringsted	329	Jystrup Midtsj	4174	2026	1665
Ringsted	329	Sorø	4180	2010	6
Ringsted	329	Sorø	4180	2011	4
Ringsted	329	Sorø	4180	2012	5
Ringsted	329	Sorø	4180	2013	5
Ringsted	329	Sorø	4180	2014	5
Ringsted	329	Sorø	4180	2015	5
Ringsted	329	Sorø	4180	2016	5
Ringsted	329	Sorø	4180	2017	4
Ringsted	329	Sorø	4180	2018	4
Ringsted	329	Sorø	4180	2019	4
Ringsted	329	Sorø	4180	2020	4
Ringsted	329	Sorø	4180	2021	4
Ringsted	329	Sorø	4180	2022	5
Ringsted	329	Sorø	4180	2023	5
Ringsted	329	Sorø	4180	2024	5
Ringsted	329	Sorø	4180	2025	5
Ringsted	329	Sorø	4180	2026	6
Ringsted	329	Hvalsø	4330	2010	57
Ringsted	329	Hvalsø	4330	2011	57
Ringsted	329	Hvalsø	4330	2012	56
Ringsted	329	Hvalsø	4330	2013	56
Ringsted	329	Hvalsø	4330	2014	55
Ringsted	329	Hvalsø	4330	2015	56
Ringsted	329	Hvalsø	4330	2016	58
Ringsted	329	Hvalsø	4330	2017	57
Ringsted	329	Hvalsø	4330	2018	62
Ringsted	329	Hvalsø	4330	2019	65
Ringsted	329	Hvalsø	4330	2020	62
Ringsted	329	Hvalsø	4330	2021	60
Ringsted	329	Hvalsø	4330	2022	62
Ringsted	329	Hvalsø	4330	2023	55
Ringsted	329	Hvalsø	4330	2024	57
Ringsted	329	Hvalsø	4330	2025	58
Ringsted	329	Hvalsø	4330	2026	60
Ringsted	329	Kirke Eskilstrup	4360	2010	25
Ringsted	329	Kirke Eskilstrup	4360	2011	23
Ringsted	329	Kirke Eskilstrup	4360	2012	22
Ringsted	329	Kirke Eskilstrup	4360	2013	24
Ringsted	329	Kirke Eskilstrup	4360	2014	26
Ringsted	329	Kirke Eskilstrup	4360	2015	25
Ringsted	329	Kirke Eskilstrup	4360	2016	24
Ringsted	329	Kirke Eskilstrup	4360	2017	26
Ringsted	329	Kirke Eskilstrup	4360	2018	24
Ringsted	329	Kirke Eskilstrup	4360	2019	21
Ringsted	329	Kirke Eskilstrup	4360	2020	23
Ringsted	329	Kirke Eskilstrup	4360	2021	17
Ringsted	329	Kirke Eskilstrup	4360	2022	21
Ringsted	329	Kirke Eskilstrup	4360	2023	18
Ringsted	329	Kirke Eskilstrup	4360	2024	19
Ringsted	329	Kirke Eskilstrup	4360	2025	20
Ringsted	329	Kirke Eskilstrup	4360	2026	21
Ringsted	329	Store Merløse	4370	2010	383
Ringsted	329	Store Merløse	4370	2011	374
Ringsted	329	Store Merløse	4370	2012	382
Ringsted	329	Store Merløse	4370	2013	376
Ringsted	329	Store Merløse	4370	2014	363
Ringsted	329	Store Merløse	4370	2015	356
Ringsted	329	Store Merløse	4370	2016	364
Ringsted	329	Store Merløse	4370	2017	363
Ringsted	329	Store Merløse	4370	2018	378
Ringsted	329	Store Merløse	4370	2019	368
Ringsted	329	Store Merløse	4370	2020	369
Ringsted	329	Store Merløse	4370	2021	368
Ringsted	329	Store Merløse	4370	2022	360
Ringsted	329	Store Merløse	4370	2023	358
Ringsted	329	Store Merløse	4370	2024	365
Ringsted	329	Store Merløse	4370	2025	374
Ringsted	329	Store Merløse	4370	2026	368
Ringsted	329	Haslev	4690	2010	10
Ringsted	329	Haslev	4690	2011	9
Ringsted	329	Haslev	4690	2012	9
Ringsted	329	Haslev	4690	2013	9
Ringsted	329	Haslev	4690	2014	9
Ringsted	329	Haslev	4690	2015	9
Ringsted	329	Haslev	4690	2016	8
Ringsted	329	Haslev	4690	2017	7
Ringsted	329	Haslev	4690	2018	7
Ringsted	329	Haslev	4690	2019	7
Ringsted	329	Haslev	4690	2020	10
Ringsted	329	Haslev	4690	2021	10
Ringsted	329	Haslev	4690	2022	11
Ringsted	329	Haslev	4690	2023	11
Ringsted	329	Haslev	4690	2024	12
Ringsted	329	Haslev	4690	2025	10
Ringsted	329	Haslev	4690	2026	9
Ringsted	329	Ukendt	9999	2010	40
Ringsted	329	Ukendt	9999	2011	39
Ringsted	329	Ukendt	9999	2012	41
Ringsted	329	Ukendt	9999	2013	33
Ringsted	329	Ukendt	9999	2014	35
Ringsted	329	Ukendt	9999	2015	50
Ringsted	329	Ukendt	9999	2016	66
Ringsted	329	Ukendt	9999	2017	50
Ringsted	329	Ukendt	9999	2018	82
Ringsted	329	Ukendt	9999	2019	62
Ringsted	329	Ukendt	9999	2020	111
Ringsted	329	Ukendt	9999	2021	76
Ringsted	329	Ukendt	9999	2022	91
Ringsted	329	Ukendt	9999	2023	103
Ringsted	329	Ukendt	9999	2024	84
Ringsted	329	Ukendt	9999	2025	82
Ringsted	329	Ukendt	9999	2026	78
Slagelse	330	Sorø	4180	2010	68
Slagelse	330	Sorø	4180	2011	70
Slagelse	330	Sorø	4180	2012	75
Slagelse	330	Sorø	4180	2013	72
Slagelse	330	Sorø	4180	2014	67
Slagelse	330	Sorø	4180	2015	71
Slagelse	330	Sorø	4180	2016	73
Slagelse	330	Sorø	4180	2017	73
Slagelse	330	Sorø	4180	2018	68
Slagelse	330	Sorø	4180	2019	59
Slagelse	330	Sorø	4180	2020	61
Slagelse	330	Sorø	4180	2021	61
Slagelse	330	Sorø	4180	2022	61
Slagelse	330	Sorø	4180	2023	57
Slagelse	330	Sorø	4180	2024	60
Slagelse	330	Sorø	4180	2025	62
Slagelse	330	Sorø	4180	2026	63
Slagelse	330	Munke Bjergby	4190	2010	113
Slagelse	330	Munke Bjergby	4190	2011	114
Slagelse	330	Munke Bjergby	4190	2012	105
Slagelse	330	Munke Bjergby	4190	2013	104
Slagelse	330	Munke Bjergby	4190	2014	105
Slagelse	330	Munke Bjergby	4190	2015	111
Slagelse	330	Munke Bjergby	4190	2016	113
Slagelse	330	Munke Bjergby	4190	2017	116
Slagelse	330	Munke Bjergby	4190	2018	114
Slagelse	330	Munke Bjergby	4190	2019	106
Slagelse	330	Munke Bjergby	4190	2020	103
Slagelse	330	Munke Bjergby	4190	2021	108
Slagelse	330	Munke Bjergby	4190	2022	110
Slagelse	330	Munke Bjergby	4190	2023	116
Slagelse	330	Munke Bjergby	4190	2024	111
Slagelse	330	Munke Bjergby	4190	2025	115
Slagelse	330	Munke Bjergby	4190	2026	114
Slagelse	330	Slagelse	4200	2010	42539
Slagelse	330	Slagelse	4200	2011	42682
Slagelse	330	Slagelse	4200	2012	42823
Slagelse	330	Slagelse	4200	2013	42349
Slagelse	330	Slagelse	4200	2014	42591
Slagelse	330	Slagelse	4200	2015	42870
Slagelse	330	Slagelse	4200	2016	43520
Slagelse	330	Slagelse	4200	2017	44033
Slagelse	330	Slagelse	4200	2018	44344
Slagelse	330	Slagelse	4200	2019	44507
Slagelse	330	Slagelse	4200	2020	44644
Slagelse	330	Slagelse	4200	2021	44776
Slagelse	330	Slagelse	4200	2022	45329
Slagelse	330	Slagelse	4200	2023	45485
Slagelse	330	Slagelse	4200	2024	45956
Slagelse	330	Slagelse	4200	2025	46631
Slagelse	330	Slagelse	4200	2026	47138
Slagelse	330	Korsør	4220	2010	17548
Slagelse	330	Korsør	4220	2011	17504
Slagelse	330	Korsør	4220	2012	17409
Slagelse	330	Korsør	4220	2013	17334
Slagelse	330	Korsør	4220	2014	17205
Slagelse	330	Korsør	4220	2015	17215
Slagelse	330	Korsør	4220	2016	17443
Slagelse	330	Korsør	4220	2017	17549
Slagelse	330	Korsør	4220	2018	17513
Slagelse	330	Korsør	4220	2019	17488
Slagelse	330	Korsør	4220	2020	17416
Slagelse	330	Korsør	4220	2021	17375
Slagelse	330	Korsør	4220	2022	17382
Slagelse	330	Korsør	4220	2023	17299
Slagelse	330	Korsør	4220	2024	17206
Slagelse	330	Korsør	4220	2025	17151
Slagelse	330	Korsør	4220	2026	17082
Slagelse	330	Skælskør	4230	2010	9262
Slagelse	330	Skælskør	4230	2011	9102
Slagelse	330	Skælskør	4230	2012	9029
Slagelse	330	Skælskør	4230	2013	9040
Slagelse	330	Skælskør	4230	2014	9170
Slagelse	330	Skælskør	4230	2015	9152
Slagelse	330	Skælskør	4230	2016	9079
Slagelse	330	Skælskør	4230	2017	9125
Slagelse	330	Skælskør	4230	2018	8696
Slagelse	330	Skælskør	4230	2019	8676
Slagelse	330	Skælskør	4230	2020	8656
Slagelse	330	Skælskør	4230	2021	8652
Slagelse	330	Skælskør	4230	2022	8669
Slagelse	330	Skælskør	4230	2023	8574
Slagelse	330	Skælskør	4230	2024	8452
Slagelse	330	Skælskør	4230	2025	8416
Slagelse	330	Skælskør	4230	2026	8396
Slagelse	330	Vemmelev	4241	2010	3351
Slagelse	330	Vemmelev	4241	2011	3387
Slagelse	330	Vemmelev	4241	2012	3361
Slagelse	330	Vemmelev	4241	2013	3335
Slagelse	330	Vemmelev	4241	2014	3297
Slagelse	330	Vemmelev	4241	2015	3298
Slagelse	330	Vemmelev	4241	2016	3336
Slagelse	330	Vemmelev	4241	2017	3378
Slagelse	330	Vemmelev	4241	2018	3360
Slagelse	330	Vemmelev	4241	2019	3330
Slagelse	330	Vemmelev	4241	2020	3372
Slagelse	330	Vemmelev	4241	2021	3378
Slagelse	330	Vemmelev	4241	2022	3420
Slagelse	330	Vemmelev	4241	2023	3419
Slagelse	330	Vemmelev	4241	2024	3427
Slagelse	330	Vemmelev	4241	2025	3417
Slagelse	330	Vemmelev	4241	2026	3404
Slagelse	330	Boeslunde	4242	2010	1264
Slagelse	330	Boeslunde	4242	2011	1243
Slagelse	330	Boeslunde	4242	2012	1214
Slagelse	330	Boeslunde	4242	2013	1232
Slagelse	330	Boeslunde	4242	2014	1223
Slagelse	330	Boeslunde	4242	2015	1227
Slagelse	330	Boeslunde	4242	2016	1223
Slagelse	330	Boeslunde	4242	2017	1220
Slagelse	330	Boeslunde	4242	2018	1228
Slagelse	330	Boeslunde	4242	2019	1219
Slagelse	330	Boeslunde	4242	2020	1200
Slagelse	330	Boeslunde	4242	2021	1186
Slagelse	330	Boeslunde	4242	2022	1183
Slagelse	330	Boeslunde	4242	2023	1194
Slagelse	330	Boeslunde	4242	2024	1177
Slagelse	330	Boeslunde	4242	2025	1169
Slagelse	330	Boeslunde	4242	2026	1191
Slagelse	330	Rude	4243	2010	1217
Slagelse	330	Rude	4243	2011	1194
Slagelse	330	Rude	4243	2012	1159
Slagelse	330	Rude	4243	2013	1160
Slagelse	330	Rude	4243	2014	1127
Slagelse	330	Rude	4243	2015	1133
Slagelse	330	Rude	4243	2016	1119
Slagelse	330	Rude	4243	2017	1121
Slagelse	330	Rude	4243	2018	1108
Slagelse	330	Rude	4243	2019	1121
Slagelse	330	Rude	4243	2020	1117
Slagelse	330	Rude	4243	2021	1117
Slagelse	330	Rude	4243	2022	1093
Slagelse	330	Rude	4243	2023	1095
Slagelse	330	Rude	4243	2024	1100
Slagelse	330	Rude	4243	2025	1099
Slagelse	330	Rude	4243	2026	1126
Slagelse	330	Agersø	4244	2010	0
Slagelse	330	Agersø	4244	2011	0
Slagelse	330	Agersø	4244	2012	0
Slagelse	330	Agersø	4244	2013	0
Slagelse	330	Agersø	4244	2014	0
Slagelse	330	Agersø	4244	2015	0
Slagelse	330	Agersø	4244	2016	0
Slagelse	330	Agersø	4244	2017	0
Slagelse	330	Agersø	4244	2018	173
Slagelse	330	Agersø	4244	2019	189
Slagelse	330	Agersø	4244	2020	186
Slagelse	330	Agersø	4244	2021	188
Slagelse	330	Agersø	4244	2022	195
Slagelse	330	Agersø	4244	2023	202
Slagelse	330	Agersø	4244	2024	195
Slagelse	330	Agersø	4244	2025	190
Slagelse	330	Agersø	4244	2026	175
Slagelse	330	Omø	4245	2010	0
Slagelse	330	Omø	4245	2011	0
Slagelse	330	Omø	4245	2012	0
Slagelse	330	Omø	4245	2013	0
Slagelse	330	Omø	4245	2014	0
Slagelse	330	Omø	4245	2015	0
Slagelse	330	Omø	4245	2016	0
Slagelse	330	Omø	4245	2017	0
Slagelse	330	Omø	4245	2018	161
Slagelse	330	Omø	4245	2019	163
Slagelse	330	Omø	4245	2020	166
Slagelse	330	Omø	4245	2021	165
Slagelse	330	Omø	4245	2022	154
Slagelse	330	Omø	4245	2023	159
Slagelse	330	Omø	4245	2024	151
Slagelse	330	Omø	4245	2025	137
Slagelse	330	Omø	4245	2026	155
Slagelse	330	Fuglebjerg	4250	2010	3
Slagelse	330	Fuglebjerg	4250	2011	3
Slagelse	330	Fuglebjerg	4250	2012	1
Slagelse	330	Fuglebjerg	4250	2013	2
Slagelse	330	Fuglebjerg	4250	2014	1
Slagelse	330	Fuglebjerg	4250	2015	1
Slagelse	330	Fuglebjerg	4250	2016	1
Slagelse	330	Fuglebjerg	4250	2017	1
Slagelse	330	Fuglebjerg	4250	2018	1
Slagelse	330	Fuglebjerg	4250	2019	1
Slagelse	330	Fuglebjerg	4250	2020	1
Slagelse	330	Fuglebjerg	4250	2021	1
Slagelse	330	Fuglebjerg	4250	2022	1
Slagelse	330	Fuglebjerg	4250	2023	1
Slagelse	330	Fuglebjerg	4250	2024	1
Slagelse	330	Fuglebjerg	4250	2025	0
Slagelse	330	Fuglebjerg	4250	2026	0
Slagelse	330	Dalmose	4261	2010	1989
Slagelse	330	Dalmose	4261	2011	2002
Slagelse	330	Dalmose	4261	2012	1986
Slagelse	330	Dalmose	4261	2013	1970
Slagelse	330	Dalmose	4261	2014	1969
Slagelse	330	Dalmose	4261	2015	1995
Slagelse	330	Dalmose	4261	2016	2023
Slagelse	330	Dalmose	4261	2017	2012
Slagelse	330	Dalmose	4261	2018	1987
Slagelse	330	Dalmose	4261	2019	2008
Slagelse	330	Dalmose	4261	2020	1959
Slagelse	330	Dalmose	4261	2021	1929
Slagelse	330	Dalmose	4261	2022	1911
Slagelse	330	Dalmose	4261	2023	1923
Slagelse	330	Dalmose	4261	2024	1891
Slagelse	330	Dalmose	4261	2025	1888
Slagelse	330	Dalmose	4261	2026	1902
Slagelse	330	Sandved	4262	2010	7
Slagelse	330	Sandved	4262	2011	7
Slagelse	330	Sandved	4262	2012	7
Slagelse	330	Sandved	4262	2013	7
Slagelse	330	Sandved	4262	2014	7
Slagelse	330	Sandved	4262	2015	6
Slagelse	330	Sandved	4262	2016	6
Slagelse	330	Sandved	4262	2017	6
Slagelse	330	Sandved	4262	2018	6
Slagelse	330	Sandved	4262	2019	6
Slagelse	330	Sandved	4262	2020	6
Slagelse	330	Sandved	4262	2021	6
Slagelse	330	Sandved	4262	2022	4
Slagelse	330	Sandved	4262	2023	4
Slagelse	330	Sandved	4262	2024	5
Slagelse	330	Sandved	4262	2025	5
Slagelse	330	Sandved	4262	2026	4
Slagelse	330	Høng	4270	2010	10
Slagelse	330	Høng	4270	2011	13
Slagelse	330	Høng	4270	2012	13
Slagelse	330	Høng	4270	2013	13
Slagelse	330	Høng	4270	2014	14
Slagelse	330	Høng	4270	2015	14
Slagelse	330	Høng	4270	2016	14
Slagelse	330	Høng	4270	2017	13
Slagelse	330	Høng	4270	2018	13
Slagelse	330	Høng	4270	2019	13
Slagelse	330	Høng	4270	2020	13
Slagelse	330	Høng	4270	2021	12
Slagelse	330	Høng	4270	2022	11
Slagelse	330	Høng	4270	2023	6
Slagelse	330	Høng	4270	2024	7
Slagelse	330	Høng	4270	2025	7
Slagelse	330	Høng	4270	2026	8
Slagelse	330	Ukendt	9999	2010	104
Slagelse	330	Ukendt	9999	2011	121
Slagelse	330	Ukendt	9999	2012	128
Slagelse	330	Ukendt	9999	2013	549
Slagelse	330	Ukendt	9999	2014	172
Slagelse	330	Ukendt	9999	2015	200
Slagelse	330	Ukendt	9999	2016	190
Slagelse	330	Ukendt	9999	2017	181
Slagelse	330	Ukendt	9999	2018	196
Slagelse	330	Ukendt	9999	2019	187
Slagelse	330	Ukendt	9999	2020	173
Slagelse	330	Ukendt	9999	2021	168
Slagelse	330	Ukendt	9999	2022	168
Slagelse	330	Ukendt	9999	2023	194
Slagelse	330	Ukendt	9999	2024	184
Slagelse	330	Ukendt	9999	2025	194
Slagelse	330	Ukendt	9999	2026	201
Stevns	336	Køge	4600	2010	4041
Stevns	336	Køge	4600	2011	4052
Stevns	336	Køge	4600	2012	4093
Stevns	336	Køge	4600	2013	4119
Stevns	336	Køge	4600	2014	4128
Stevns	336	Køge	4600	2015	4168
Stevns	336	Køge	4600	2016	4265
Stevns	336	Køge	4600	2017	4420
Stevns	336	Køge	4600	2018	4576
Stevns	336	Køge	4600	2019	4608
Stevns	336	Køge	4600	2020	4658
Stevns	336	Køge	4600	2021	4694
Stevns	336	Køge	4600	2022	4882
Stevns	336	Køge	4600	2023	5111
Stevns	336	Køge	4600	2024	5207
Stevns	336	Køge	4600	2025	5220
Stevns	336	Køge	4600	2026	5216
Stevns	336	Hårlev	4652	2010	5128
Stevns	336	Hårlev	4652	2011	5109
Stevns	336	Hårlev	4652	2012	5118
Stevns	336	Hårlev	4652	2013	5121
Stevns	336	Hårlev	4652	2014	5068
Stevns	336	Hårlev	4652	2015	5088
Stevns	336	Hårlev	4652	2016	5103
Stevns	336	Hårlev	4652	2017	5098
Stevns	336	Hårlev	4652	2018	5118
Stevns	336	Hårlev	4652	2019	5197
Stevns	336	Hårlev	4652	2020	5225
Stevns	336	Hårlev	4652	2021	5275
Stevns	336	Hårlev	4652	2022	5403
Stevns	336	Hårlev	4652	2023	5429
Stevns	336	Hårlev	4652	2024	5469
Stevns	336	Hårlev	4652	2025	5417
Stevns	336	Hårlev	4652	2026	5431
Stevns	336	Karise	4653	2010	142
Stevns	336	Karise	4653	2011	152
Stevns	336	Karise	4653	2012	150
Stevns	336	Karise	4653	2013	142
Stevns	336	Karise	4653	2014	142
Stevns	336	Karise	4653	2015	138
Stevns	336	Karise	4653	2016	138
Stevns	336	Karise	4653	2017	138
Stevns	336	Karise	4653	2018	133
Stevns	336	Karise	4653	2019	138
Stevns	336	Karise	4653	2020	130
Stevns	336	Karise	4653	2021	113
Stevns	336	Karise	4653	2022	121
Stevns	336	Karise	4653	2023	126
Stevns	336	Karise	4653	2024	120
Stevns	336	Karise	4653	2025	125
Stevns	336	Karise	4653	2026	125
Stevns	336	Store Heddinge	4660	2010	6416
Stevns	336	Store Heddinge	4660	2011	6358
Stevns	336	Store Heddinge	4660	2012	6298
Stevns	336	Store Heddinge	4660	2013	6252
Stevns	336	Store Heddinge	4660	2014	6214
Stevns	336	Store Heddinge	4660	2015	6282
Stevns	336	Store Heddinge	4660	2016	6331
Stevns	336	Store Heddinge	4660	2017	6410
Stevns	336	Store Heddinge	4660	2018	6396
Stevns	336	Store Heddinge	4660	2019	6444
Stevns	336	Store Heddinge	4660	2020	6398
Stevns	336	Store Heddinge	4660	2021	6453
Stevns	336	Store Heddinge	4660	2022	6586
Stevns	336	Store Heddinge	4660	2023	6536
Stevns	336	Store Heddinge	4660	2024	6434
Stevns	336	Store Heddinge	4660	2025	6519
Stevns	336	Store Heddinge	4660	2026	6736
Stevns	336	Strøby	4671	2010	2054
Stevns	336	Strøby	4671	2011	2043
Stevns	336	Strøby	4671	2012	2059
Stevns	336	Strøby	4671	2013	2019
Stevns	336	Strøby	4671	2014	2077
Stevns	336	Strøby	4671	2015	2099
Stevns	336	Strøby	4671	2016	2104
Stevns	336	Strøby	4671	2017	2092
Stevns	336	Strøby	4671	2018	2132
Stevns	336	Strøby	4671	2019	2103
Stevns	336	Strøby	4671	2020	2151
Stevns	336	Strøby	4671	2021	2176
Stevns	336	Strøby	4671	2022	2164
Stevns	336	Strøby	4671	2023	2164
Stevns	336	Strøby	4671	2024	2138
Stevns	336	Strøby	4671	2025	2138
Stevns	336	Strøby	4671	2026	2189
Stevns	336	Klippinge	4672	2010	1475
Stevns	336	Klippinge	4672	2011	1467
Stevns	336	Klippinge	4672	2012	1473
Stevns	336	Klippinge	4672	2013	1466
Stevns	336	Klippinge	4672	2014	1472
Stevns	336	Klippinge	4672	2015	1485
Stevns	336	Klippinge	4672	2016	1504
Stevns	336	Klippinge	4672	2017	1465
Stevns	336	Klippinge	4672	2018	1464
Stevns	336	Klippinge	4672	2019	1422
Stevns	336	Klippinge	4672	2020	1405
Stevns	336	Klippinge	4672	2021	1425
Stevns	336	Klippinge	4672	2022	1434
Stevns	336	Klippinge	4672	2023	1419
Stevns	336	Klippinge	4672	2024	1425
Stevns	336	Klippinge	4672	2025	1398
Stevns	336	Klippinge	4672	2026	1369
Stevns	336	Rødvig Stevns	4673	2010	2545
Stevns	336	Rødvig Stevns	4673	2011	2549
Stevns	336	Rødvig Stevns	4673	2012	2530
Stevns	336	Rødvig Stevns	4673	2013	2553
Stevns	336	Rødvig Stevns	4673	2014	2581
Stevns	336	Rødvig Stevns	4673	2015	2589
Stevns	336	Rødvig Stevns	4673	2016	2624
Stevns	336	Rødvig Stevns	4673	2017	2688
Stevns	336	Rødvig Stevns	4673	2018	2716
Stevns	336	Rødvig Stevns	4673	2019	2695
Stevns	336	Rødvig Stevns	4673	2020	2675
Stevns	336	Rødvig Stevns	4673	2021	2735
Stevns	336	Rødvig Stevns	4673	2022	2727
Stevns	336	Rødvig Stevns	4673	2023	2750
Stevns	336	Rødvig Stevns	4673	2024	2703
Stevns	336	Rødvig Stevns	4673	2025	2658
Stevns	336	Rødvig Stevns	4673	2026	2639
Stevns	336	Tureby	4682	2010	115
Stevns	336	Tureby	4682	2011	114
Stevns	336	Tureby	4682	2012	113
Stevns	336	Tureby	4682	2013	105
Stevns	336	Tureby	4682	2014	111
Stevns	336	Tureby	4682	2015	120
Stevns	336	Tureby	4682	2016	118
Stevns	336	Tureby	4682	2017	116
Stevns	336	Tureby	4682	2018	123
Stevns	336	Tureby	4682	2019	117
Stevns	336	Tureby	4682	2020	116
Stevns	336	Tureby	4682	2021	110
Stevns	336	Tureby	4682	2022	107
Stevns	336	Tureby	4682	2023	101
Stevns	336	Tureby	4682	2024	104
Stevns	336	Tureby	4682	2025	101
Stevns	336	Tureby	4682	2026	95
Stevns	336	Ukendt	9999	2010	15
Stevns	336	Ukendt	9999	2011	11
Stevns	336	Ukendt	9999	2012	21
Stevns	336	Ukendt	9999	2013	41
Stevns	336	Ukendt	9999	2014	32
Stevns	336	Ukendt	9999	2015	69
Stevns	336	Ukendt	9999	2016	73
Stevns	336	Ukendt	9999	2017	65
Stevns	336	Ukendt	9999	2018	69
Stevns	336	Ukendt	9999	2019	58
Stevns	336	Ukendt	9999	2020	47
Stevns	336	Ukendt	9999	2021	53
Stevns	336	Ukendt	9999	2022	49
Stevns	336	Ukendt	9999	2023	56
Stevns	336	Ukendt	9999	2024	49
Stevns	336	Ukendt	9999	2025	36
Stevns	336	Ukendt	9999	2026	42
Sorø	340	Ringsted	4100	2010	29
Sorø	340	Ringsted	4100	2011	29
Sorø	340	Ringsted	4100	2012	30
Sorø	340	Ringsted	4100	2013	28
Sorø	340	Ringsted	4100	2014	27
Sorø	340	Ringsted	4100	2015	26
Sorø	340	Ringsted	4100	2016	23
Sorø	340	Ringsted	4100	2017	24
Sorø	340	Ringsted	4100	2018	25
Sorø	340	Ringsted	4100	2019	24
Sorø	340	Ringsted	4100	2020	24
Sorø	340	Ringsted	4100	2021	30
Sorø	340	Ringsted	4100	2022	31
Sorø	340	Ringsted	4100	2023	29
Sorø	340	Ringsted	4100	2024	32
Sorø	340	Ringsted	4100	2025	30
Sorø	340	Ringsted	4100	2026	31
Sorø	340	Fjenneslev	4173	2010	1860
Sorø	340	Fjenneslev	4173	2011	1853
Sorø	340	Fjenneslev	4173	2012	1845
Sorø	340	Fjenneslev	4173	2013	1829
Sorø	340	Fjenneslev	4173	2014	1794
Sorø	340	Fjenneslev	4173	2015	1796
Sorø	340	Fjenneslev	4173	2016	1860
Sorø	340	Fjenneslev	4173	2017	1852
Sorø	340	Fjenneslev	4173	2018	1829
Sorø	340	Fjenneslev	4173	2019	1832
Sorø	340	Fjenneslev	4173	2020	1787
Sorø	340	Fjenneslev	4173	2021	1817
Sorø	340	Fjenneslev	4173	2022	1820
Sorø	340	Fjenneslev	4173	2023	1790
Sorø	340	Fjenneslev	4173	2024	1801
Sorø	340	Fjenneslev	4173	2025	1762
Sorø	340	Fjenneslev	4173	2026	1764
Sorø	340	Sorø	4180	2010	14589
Sorø	340	Sorø	4180	2011	14635
Sorø	340	Sorø	4180	2012	14552
Sorø	340	Sorø	4180	2013	14592
Sorø	340	Sorø	4180	2014	14596
Sorø	340	Sorø	4180	2015	14506
Sorø	340	Sorø	4180	2016	14637
Sorø	340	Sorø	4180	2017	14714
Sorø	340	Sorø	4180	2018	14837
Sorø	340	Sorø	4180	2019	14913
Sorø	340	Sorø	4180	2020	15073
Sorø	340	Sorø	4180	2021	15141
Sorø	340	Sorø	4180	2022	15184
Sorø	340	Sorø	4180	2023	15586
Sorø	340	Sorø	4180	2024	15729
Sorø	340	Sorø	4180	2025	15901
Sorø	340	Sorø	4180	2026	15979
Sorø	340	Munke Bjergby	4190	2010	817
Sorø	340	Munke Bjergby	4190	2011	813
Sorø	340	Munke Bjergby	4190	2012	801
Sorø	340	Munke Bjergby	4190	2013	797
Sorø	340	Munke Bjergby	4190	2014	810
Sorø	340	Munke Bjergby	4190	2015	791
Sorø	340	Munke Bjergby	4190	2016	778
Sorø	340	Munke Bjergby	4190	2017	780
Sorø	340	Munke Bjergby	4190	2018	789
Sorø	340	Munke Bjergby	4190	2019	790
Sorø	340	Munke Bjergby	4190	2020	780
Sorø	340	Munke Bjergby	4190	2021	780
Sorø	340	Munke Bjergby	4190	2022	788
Sorø	340	Munke Bjergby	4190	2023	816
Sorø	340	Munke Bjergby	4190	2024	793
Sorø	340	Munke Bjergby	4190	2025	789
Sorø	340	Munke Bjergby	4190	2026	788
Sorø	340	Slagelse	4200	2010	58
Sorø	340	Slagelse	4200	2011	48
Sorø	340	Slagelse	4200	2012	38
Sorø	340	Slagelse	4200	2013	42
Sorø	340	Slagelse	4200	2014	44
Sorø	340	Slagelse	4200	2015	44
Sorø	340	Slagelse	4200	2016	44
Sorø	340	Slagelse	4200	2017	43
Sorø	340	Slagelse	4200	2018	50
Sorø	340	Slagelse	4200	2019	50
Sorø	340	Slagelse	4200	2020	59
Sorø	340	Slagelse	4200	2021	62
Sorø	340	Slagelse	4200	2022	64
Sorø	340	Slagelse	4200	2023	73
Sorø	340	Slagelse	4200	2024	70
Sorø	340	Slagelse	4200	2025	76
Sorø	340	Slagelse	4200	2026	73
Sorø	340	Ruds Vedby	4291	2010	2138
Sorø	340	Ruds Vedby	4291	2011	2099
Sorø	340	Ruds Vedby	4291	2012	2049
Sorø	340	Ruds Vedby	4291	2013	2053
Sorø	340	Ruds Vedby	4291	2014	2074
Sorø	340	Ruds Vedby	4291	2015	2096
Sorø	340	Ruds Vedby	4291	2016	2103
Sorø	340	Ruds Vedby	4291	2017	2145
Sorø	340	Ruds Vedby	4291	2018	2114
Sorø	340	Ruds Vedby	4291	2019	2165
Sorø	340	Ruds Vedby	4291	2020	2137
Sorø	340	Ruds Vedby	4291	2021	2088
Sorø	340	Ruds Vedby	4291	2022	2063
Sorø	340	Ruds Vedby	4291	2023	2095
Sorø	340	Ruds Vedby	4291	2024	2044
Sorø	340	Ruds Vedby	4291	2025	2038
Sorø	340	Ruds Vedby	4291	2026	2017
Sorø	340	Dianalund	4293	2010	5636
Sorø	340	Dianalund	4293	2011	5667
Sorø	340	Dianalund	4293	2012	5728
Sorø	340	Dianalund	4293	2013	5676
Sorø	340	Dianalund	4293	2014	5655
Sorø	340	Dianalund	4293	2015	5711
Sorø	340	Dianalund	4293	2016	5718
Sorø	340	Dianalund	4293	2017	5677
Sorø	340	Dianalund	4293	2018	5678
Sorø	340	Dianalund	4293	2019	5743
Sorø	340	Dianalund	4293	2020	5764
Sorø	340	Dianalund	4293	2021	5825
Sorø	340	Dianalund	4293	2022	5858
Sorø	340	Dianalund	4293	2023	5769
Sorø	340	Dianalund	4293	2024	5785
Sorø	340	Dianalund	4293	2025	5804
Sorø	340	Dianalund	4293	2026	5825
Sorø	340	Stenlille	4295	2010	3554
Sorø	340	Stenlille	4295	2011	3497
Sorø	340	Stenlille	4295	2012	3511
Sorø	340	Stenlille	4295	2013	3468
Sorø	340	Stenlille	4295	2014	3512
Sorø	340	Stenlille	4295	2015	3562
Sorø	340	Stenlille	4295	2016	3561
Sorø	340	Stenlille	4295	2017	3521
Sorø	340	Stenlille	4295	2018	3532
Sorø	340	Stenlille	4295	2019	3478
Sorø	340	Stenlille	4295	2020	3433
Sorø	340	Stenlille	4295	2021	3440
Sorø	340	Stenlille	4295	2022	3414
Sorø	340	Stenlille	4295	2023	3467
Sorø	340	Stenlille	4295	2024	3425
Sorø	340	Stenlille	4295	2025	3472
Sorø	340	Stenlille	4295	2026	3577
Sorø	340	Nyrup	4296	2010	738
Sorø	340	Nyrup	4296	2011	749
Sorø	340	Nyrup	4296	2012	729
Sorø	340	Nyrup	4296	2013	705
Sorø	340	Nyrup	4296	2014	677
Sorø	340	Nyrup	4296	2015	699
Sorø	340	Nyrup	4296	2016	729
Sorø	340	Nyrup	4296	2017	744
Sorø	340	Nyrup	4296	2018	716
Sorø	340	Nyrup	4296	2019	733
Sorø	340	Nyrup	4296	2020	731
Sorø	340	Nyrup	4296	2021	711
Sorø	340	Nyrup	4296	2022	694
Sorø	340	Nyrup	4296	2023	722
Sorø	340	Nyrup	4296	2024	699
Sorø	340	Nyrup	4296	2025	666
Sorø	340	Nyrup	4296	2026	679
Sorø	340	Store Merløse	4370	2010	103
Sorø	340	Store Merløse	4370	2011	96
Sorø	340	Store Merløse	4370	2012	101
Sorø	340	Store Merløse	4370	2013	91
Sorø	340	Store Merløse	4370	2014	97
Sorø	340	Store Merløse	4370	2015	95
Sorø	340	Store Merløse	4370	2016	88
Sorø	340	Store Merløse	4370	2017	90
Sorø	340	Store Merløse	4370	2018	91
Sorø	340	Store Merløse	4370	2019	97
Sorø	340	Store Merløse	4370	2020	87
Sorø	340	Store Merløse	4370	2021	91
Sorø	340	Store Merløse	4370	2022	96
Sorø	340	Store Merløse	4370	2023	91
Sorø	340	Store Merløse	4370	2024	91
Sorø	340	Store Merløse	4370	2025	90
Sorø	340	Store Merløse	4370	2026	108
Sorø	340	Ukendt	9999	2010	0
Sorø	340	Ukendt	9999	2011	13
Sorø	340	Ukendt	9999	2012	9
Sorø	340	Ukendt	9999	2013	7
Sorø	340	Ukendt	9999	2014	13
Sorø	340	Ukendt	9999	2015	5
Sorø	340	Ukendt	9999	2016	2
Sorø	340	Ukendt	9999	2017	5
Sorø	340	Ukendt	9999	2018	8
Sorø	340	Ukendt	9999	2019	9
Sorø	340	Ukendt	9999	2020	6
Sorø	340	Ukendt	9999	2021	8
Sorø	340	Ukendt	9999	2022	6
Sorø	340	Ukendt	9999	2023	6
Sorø	340	Ukendt	9999	2024	9
Sorø	340	Ukendt	9999	2025	13
Sorø	340	Ukendt	9999	2026	12
Lejre	350	Roskilde	4000	2010	3882
Lejre	350	Roskilde	4000	2011	3870
Lejre	350	Roskilde	4000	2012	3910
Lejre	350	Roskilde	4000	2013	3899
Lejre	350	Roskilde	4000	2014	3905
Lejre	350	Roskilde	4000	2015	3912
Lejre	350	Roskilde	4000	2016	3957
Lejre	350	Roskilde	4000	2017	4008
Lejre	350	Roskilde	4000	2018	4038
Lejre	350	Roskilde	4000	2019	3988
Lejre	350	Roskilde	4000	2020	3967
Lejre	350	Roskilde	4000	2021	3965
Lejre	350	Roskilde	4000	2022	3997
Lejre	350	Roskilde	4000	2023	4049
Lejre	350	Roskilde	4000	2024	4018
Lejre	350	Roskilde	4000	2025	3982
Lejre	350	Roskilde	4000	2026	3990
Lejre	350	Kirke Såby	4060	2010	4131
Lejre	350	Kirke Såby	4060	2011	4088
Lejre	350	Kirke Såby	4060	2012	4124
Lejre	350	Kirke Såby	4060	2013	4119
Lejre	350	Kirke Såby	4060	2014	4120
Lejre	350	Kirke Såby	4060	2015	4102
Lejre	350	Kirke Såby	4060	2016	4083
Lejre	350	Kirke Såby	4060	2017	4066
Lejre	350	Kirke Såby	4060	2018	4037
Lejre	350	Kirke Såby	4060	2019	4002
Lejre	350	Kirke Såby	4060	2020	4010
Lejre	350	Kirke Såby	4060	2021	4013
Lejre	350	Kirke Såby	4060	2022	3966
Lejre	350	Kirke Såby	4060	2023	3990
Lejre	350	Kirke Såby	4060	2024	3981
Lejre	350	Kirke Såby	4060	2025	3988
Lejre	350	Kirke Såby	4060	2026	4015
Lejre	350	Kirke Hyllinge	4070	2010	7579
Lejre	350	Kirke Hyllinge	4070	2011	7547
Lejre	350	Kirke Hyllinge	4070	2012	7472
Lejre	350	Kirke Hyllinge	4070	2013	7474
Lejre	350	Kirke Hyllinge	4070	2014	7526
Lejre	350	Kirke Hyllinge	4070	2015	7622
Lejre	350	Kirke Hyllinge	4070	2016	7718
Lejre	350	Kirke Hyllinge	4070	2017	7723
Lejre	350	Kirke Hyllinge	4070	2018	7824
Lejre	350	Kirke Hyllinge	4070	2019	7936
Lejre	350	Kirke Hyllinge	4070	2020	8003
Lejre	350	Kirke Hyllinge	4070	2021	7951
Lejre	350	Kirke Hyllinge	4070	2022	7988
Lejre	350	Kirke Hyllinge	4070	2023	8132
Lejre	350	Kirke Hyllinge	4070	2024	8230
Lejre	350	Kirke Hyllinge	4070	2025	8195
Lejre	350	Kirke Hyllinge	4070	2026	8202
Lejre	350	Borup	4140	2010	0
Lejre	350	Borup	4140	2011	0
Lejre	350	Borup	4140	2012	0
Lejre	350	Borup	4140	2013	0
Lejre	350	Borup	4140	2014	0
Lejre	350	Borup	4140	2015	0
Lejre	350	Borup	4140	2016	0
Lejre	350	Borup	4140	2017	0
Lejre	350	Borup	4140	2018	0
Lejre	350	Borup	4140	2019	0
Lejre	350	Borup	4140	2020	0
Lejre	350	Borup	4140	2021	0
Lejre	350	Borup	4140	2022	0
Lejre	350	Borup	4140	2023	0
Lejre	350	Borup	4140	2024	0
Lejre	350	Borup	4140	2025	0
Lejre	350	Borup	4140	2026	0
Lejre	350	Lejre	4320	2010	5369
Lejre	350	Lejre	4320	2011	5403
Lejre	350	Lejre	4320	2012	5481
Lejre	350	Lejre	4320	2013	5520
Lejre	350	Lejre	4320	2014	5516
Lejre	350	Lejre	4320	2015	5575
Lejre	350	Lejre	4320	2016	5529
Lejre	350	Lejre	4320	2017	5569
Lejre	350	Lejre	4320	2018	5562
Lejre	350	Lejre	4320	2019	5606
Lejre	350	Lejre	4320	2020	5700
Lejre	350	Lejre	4320	2021	5962
Lejre	350	Lejre	4320	2022	6343
Lejre	350	Lejre	4320	2023	6362
Lejre	350	Lejre	4320	2024	6483
Lejre	350	Lejre	4320	2025	6715
Lejre	350	Lejre	4320	2026	6795
Lejre	350	Hvalsø	4330	2010	5808
Lejre	350	Hvalsø	4330	2011	5831
Lejre	350	Hvalsø	4330	2012	5877
Lejre	350	Hvalsø	4330	2013	5867
Lejre	350	Hvalsø	4330	2014	5898
Lejre	350	Hvalsø	4330	2015	5940
Lejre	350	Hvalsø	4330	2016	6010
Lejre	350	Hvalsø	4330	2017	6012
Lejre	350	Hvalsø	4330	2018	6032
Lejre	350	Hvalsø	4330	2019	6176
Lejre	350	Hvalsø	4330	2020	6256
Lejre	350	Hvalsø	4330	2021	6225
Lejre	350	Hvalsø	4330	2022	6303
Lejre	350	Hvalsø	4330	2023	6375
Lejre	350	Hvalsø	4330	2024	6612
Lejre	350	Hvalsø	4330	2025	6689
Lejre	350	Hvalsø	4330	2026	6849
Lejre	350	Tølløse	4340	2010	25
Lejre	350	Tølløse	4340	2011	25
Lejre	350	Tølløse	4340	2012	23
Lejre	350	Tølløse	4340	2013	22
Lejre	350	Tølløse	4340	2014	24
Lejre	350	Tølløse	4340	2015	21
Lejre	350	Tølløse	4340	2016	19
Lejre	350	Tølløse	4340	2017	21
Lejre	350	Tølløse	4340	2018	20
Lejre	350	Tølløse	4340	2019	24
Lejre	350	Tølløse	4340	2020	22
Lejre	350	Tølløse	4340	2021	22
Lejre	350	Tølløse	4340	2022	22
Lejre	350	Tølløse	4340	2023	21
Lejre	350	Tølløse	4340	2024	19
Lejre	350	Tølløse	4340	2025	21
Lejre	350	Tølløse	4340	2026	24
Lejre	350	Ukendt	9999	2010	0
Lejre	350	Ukendt	9999	2011	0
Lejre	350	Ukendt	9999	2012	0
Lejre	350	Ukendt	9999	2013	0
Lejre	350	Ukendt	9999	2014	0
Lejre	350	Ukendt	9999	2015	0
Lejre	350	Ukendt	9999	2016	1
Lejre	350	Ukendt	9999	2017	3
Lejre	350	Ukendt	9999	2018	31
Lejre	350	Ukendt	9999	2019	43
Lejre	350	Ukendt	9999	2020	38
Lejre	350	Ukendt	9999	2021	35
Lejre	350	Ukendt	9999	2022	4
Lejre	350	Ukendt	9999	2023	1
Lejre	350	Ukendt	9999	2024	4
Lejre	350	Ukendt	9999	2025	4
Lejre	350	Ukendt	9999	2026	4
Lolland	360	Øster Ulslev	4894	2010	3
Lolland	360	Øster Ulslev	4894	2011	3
Lolland	360	Øster Ulslev	4894	2012	3
Lolland	360	Øster Ulslev	4894	2013	1
Lolland	360	Øster Ulslev	4894	2014	0
Lolland	360	Øster Ulslev	4894	2015	0
Lolland	360	Øster Ulslev	4894	2016	0
Lolland	360	Øster Ulslev	4894	2017	3
Lolland	360	Øster Ulslev	4894	2018	1
Lolland	360	Øster Ulslev	4894	2019	0
Lolland	360	Øster Ulslev	4894	2020	0
Lolland	360	Øster Ulslev	4894	2021	0
Lolland	360	Øster Ulslev	4894	2022	0
Lolland	360	Øster Ulslev	4894	2023	0
Lolland	360	Øster Ulslev	4894	2024	0
Lolland	360	Øster Ulslev	4894	2025	0
Lolland	360	Øster Ulslev	4894	2026	0
Lolland	360	Errindlev	4895	2010	655
Lolland	360	Errindlev	4895	2011	641
Lolland	360	Errindlev	4895	2012	634
Lolland	360	Errindlev	4895	2013	611
Lolland	360	Errindlev	4895	2014	590
Lolland	360	Errindlev	4895	2015	579
Lolland	360	Errindlev	4895	2016	569
Lolland	360	Errindlev	4895	2017	548
Lolland	360	Errindlev	4895	2018	559
Lolland	360	Errindlev	4895	2019	557
Lolland	360	Errindlev	4895	2020	555
Lolland	360	Errindlev	4895	2021	535
Lolland	360	Errindlev	4895	2022	532
Lolland	360	Errindlev	4895	2023	532
Lolland	360	Errindlev	4895	2024	530
Lolland	360	Errindlev	4895	2025	532
Lolland	360	Errindlev	4895	2026	508
Lolland	360	Nakskov	4900	2010	17312
Lolland	360	Nakskov	4900	2011	16987
Lolland	360	Nakskov	4900	2012	16685
Lolland	360	Nakskov	4900	2013	16541
Lolland	360	Nakskov	4900	2014	16065
Lolland	360	Nakskov	4900	2015	15770
Lolland	360	Nakskov	4900	2016	15734
Lolland	360	Nakskov	4900	2017	15796
Lolland	360	Nakskov	4900	2018	15611
Lolland	360	Nakskov	4900	2019	15537
Lolland	360	Nakskov	4900	2020	15517
Lolland	360	Nakskov	4900	2021	15301
Lolland	360	Nakskov	4900	2022	15174
Lolland	360	Nakskov	4900	2023	15078
Lolland	360	Nakskov	4900	2024	15038
Lolland	360	Nakskov	4900	2025	14761
Lolland	360	Nakskov	4900	2026	14505
Lolland	360	Harpelunde	4912	2010	762
Lolland	360	Harpelunde	4912	2011	722
Lolland	360	Harpelunde	4912	2012	726
Lolland	360	Harpelunde	4912	2013	718
Lolland	360	Harpelunde	4912	2014	704
Lolland	360	Harpelunde	4912	2015	697
Lolland	360	Harpelunde	4912	2016	666
Lolland	360	Harpelunde	4912	2017	652
Lolland	360	Harpelunde	4912	2018	662
Lolland	360	Harpelunde	4912	2019	640
Lolland	360	Harpelunde	4912	2020	612
Lolland	360	Harpelunde	4912	2021	600
Lolland	360	Harpelunde	4912	2022	601
Lolland	360	Harpelunde	4912	2023	609
Lolland	360	Harpelunde	4912	2024	601
Lolland	360	Harpelunde	4912	2025	591
Lolland	360	Harpelunde	4912	2026	570
Lolland	360	Horslunde	4913	2010	2238
Lolland	360	Horslunde	4913	2011	2205
Lolland	360	Horslunde	4913	2012	2143
Lolland	360	Horslunde	4913	2013	2027
Lolland	360	Horslunde	4913	2014	2004
Lolland	360	Horslunde	4913	2015	1999
Lolland	360	Horslunde	4913	2016	1921
Lolland	360	Horslunde	4913	2017	1853
Lolland	360	Horslunde	4913	2018	1849
Lolland	360	Horslunde	4913	2019	1816
Lolland	360	Horslunde	4913	2020	1793
Lolland	360	Horslunde	4913	2021	1738
Lolland	360	Horslunde	4913	2022	1721
Lolland	360	Horslunde	4913	2023	1700
Lolland	360	Horslunde	4913	2024	1665
Lolland	360	Horslunde	4913	2025	1627
Lolland	360	Horslunde	4913	2026	1576
Lolland	360	Søllested	4920	2010	2645
Lolland	360	Søllested	4920	2011	2582
Lolland	360	Søllested	4920	2012	2504
Lolland	360	Søllested	4920	2013	2461
Lolland	360	Søllested	4920	2014	2454
Lolland	360	Søllested	4920	2015	2433
Lolland	360	Søllested	4920	2016	2396
Lolland	360	Søllested	4920	2017	2407
Lolland	360	Søllested	4920	2018	2325
Lolland	360	Søllested	4920	2019	2274
Lolland	360	Søllested	4920	2020	2220
Lolland	360	Søllested	4920	2021	2193
Lolland	360	Søllested	4920	2022	2171
Lolland	360	Søllested	4920	2023	2191
Lolland	360	Søllested	4920	2024	2184
Lolland	360	Søllested	4920	2025	2154
Lolland	360	Søllested	4920	2026	2108
Lolland	360	Maribo	4930	2010	8537
Lolland	360	Maribo	4930	2011	8451
Lolland	360	Maribo	4930	2012	8423
Lolland	360	Maribo	4930	2013	8308
Lolland	360	Maribo	4930	2014	8230
Lolland	360	Maribo	4930	2015	8280
Lolland	360	Maribo	4930	2016	8178
Lolland	360	Maribo	4930	2017	8013
Lolland	360	Maribo	4930	2018	7891
Lolland	360	Maribo	4930	2019	7871
Lolland	360	Maribo	4930	2020	7796
Lolland	360	Maribo	4930	2021	7726
Lolland	360	Maribo	4930	2022	7692
Lolland	360	Maribo	4930	2023	7671
Lolland	360	Maribo	4930	2024	7725
Lolland	360	Maribo	4930	2025	7703
Lolland	360	Maribo	4930	2026	7736
Lolland	360	Bandholm	4941	2010	1123
Lolland	360	Bandholm	4941	2011	1117
Lolland	360	Bandholm	4941	2012	1074
Lolland	360	Bandholm	4941	2013	1025
Lolland	360	Bandholm	4941	2014	1052
Lolland	360	Bandholm	4941	2015	1029
Lolland	360	Bandholm	4941	2016	997
Lolland	360	Bandholm	4941	2017	932
Lolland	360	Bandholm	4941	2018	957
Lolland	360	Bandholm	4941	2019	889
Lolland	360	Bandholm	4941	2020	857
Lolland	360	Bandholm	4941	2021	799
Lolland	360	Bandholm	4941	2022	787
Lolland	360	Bandholm	4941	2023	781
Lolland	360	Bandholm	4941	2024	763
Lolland	360	Bandholm	4941	2025	751
Lolland	360	Bandholm	4941	2026	746
Lolland	360	Askø	4942	2010	0
Lolland	360	Askø	4942	2011	0
Lolland	360	Askø	4942	2012	0
Lolland	360	Askø	4942	2013	0
Lolland	360	Askø	4942	2014	0
Lolland	360	Askø	4942	2015	0
Lolland	360	Askø	4942	2016	0
Lolland	360	Askø	4942	2017	0
Lolland	360	Askø	4942	2018	42
Lolland	360	Askø	4942	2019	42
Lolland	360	Askø	4942	2020	43
Lolland	360	Askø	4942	2021	43
Lolland	360	Askø	4942	2022	40
Lolland	360	Askø	4942	2023	40
Lolland	360	Askø	4942	2024	33
Lolland	360	Askø	4942	2025	42
Lolland	360	Askø	4942	2026	46
Lolland	360	Torrig L	4943	2010	649
Lolland	360	Torrig L	4943	2011	635
Lolland	360	Torrig L	4943	2012	604
Lolland	360	Torrig L	4943	2013	591
Lolland	360	Torrig L	4943	2014	580
Lolland	360	Torrig L	4943	2015	536
Lolland	360	Torrig L	4943	2016	524
Lolland	360	Torrig L	4943	2017	502
Lolland	360	Torrig L	4943	2018	496
Lolland	360	Torrig L	4943	2019	488
Lolland	360	Torrig L	4943	2020	463
Lolland	360	Torrig L	4943	2021	467
Lolland	360	Torrig L	4943	2022	432
Lolland	360	Torrig L	4943	2023	439
Lolland	360	Torrig L	4943	2024	444
Lolland	360	Torrig L	4943	2025	440
Lolland	360	Torrig L	4943	2026	417
Lolland	360	Fejø	4944	2010	543
Lolland	360	Fejø	4944	2011	526
Lolland	360	Fejø	4944	2012	489
Lolland	360	Fejø	4944	2013	464
Lolland	360	Fejø	4944	2014	455
Lolland	360	Fejø	4944	2015	460
Lolland	360	Fejø	4944	2016	442
Lolland	360	Fejø	4944	2017	434
Lolland	360	Fejø	4944	2018	456
Lolland	360	Fejø	4944	2019	473
Lolland	360	Fejø	4944	2020	460
Lolland	360	Fejø	4944	2021	455
Lolland	360	Fejø	4944	2022	448
Lolland	360	Fejø	4944	2023	461
Lolland	360	Fejø	4944	2024	447
Lolland	360	Fejø	4944	2025	448
Lolland	360	Fejø	4944	2026	428
Lolland	360	Femø	4945	2010	0
Lolland	360	Femø	4945	2011	0
Lolland	360	Femø	4945	2012	0
Lolland	360	Femø	4945	2013	0
Lolland	360	Femø	4945	2014	0
Lolland	360	Femø	4945	2015	0
Lolland	360	Femø	4945	2016	0
Lolland	360	Femø	4945	2017	0
Lolland	360	Femø	4945	2018	121
Lolland	360	Femø	4945	2019	119
Lolland	360	Femø	4945	2020	110
Lolland	360	Femø	4945	2021	112
Lolland	360	Femø	4945	2022	121
Lolland	360	Femø	4945	2023	112
Lolland	360	Femø	4945	2024	112
Lolland	360	Femø	4945	2025	105
Lolland	360	Femø	4945	2026	107
Lolland	360	Nørreballe	4951	2010	787
Lolland	360	Nørreballe	4951	2011	752
Lolland	360	Nørreballe	4951	2012	761
Lolland	360	Nørreballe	4951	2013	743
Lolland	360	Nørreballe	4951	2014	735
Lolland	360	Nørreballe	4951	2015	716
Lolland	360	Nørreballe	4951	2016	690
Lolland	360	Nørreballe	4951	2017	714
Lolland	360	Nørreballe	4951	2018	687
Lolland	360	Nørreballe	4951	2019	671
Lolland	360	Nørreballe	4951	2020	670
Lolland	360	Nørreballe	4951	2021	656
Lolland	360	Nørreballe	4951	2022	643
Lolland	360	Nørreballe	4951	2023	644
Lolland	360	Nørreballe	4951	2024	632
Lolland	360	Nørreballe	4951	2025	628
Lolland	360	Nørreballe	4951	2026	604
Lolland	360	Stokkemarke	4952	2010	1093
Lolland	360	Stokkemarke	4952	2011	1065
Lolland	360	Stokkemarke	4952	2012	1025
Lolland	360	Stokkemarke	4952	2013	1016
Lolland	360	Stokkemarke	4952	2014	992
Lolland	360	Stokkemarke	4952	2015	936
Lolland	360	Stokkemarke	4952	2016	932
Lolland	360	Stokkemarke	4952	2017	929
Lolland	360	Stokkemarke	4952	2018	919
Lolland	360	Stokkemarke	4952	2019	908
Lolland	360	Stokkemarke	4952	2020	871
Lolland	360	Stokkemarke	4952	2021	860
Lolland	360	Stokkemarke	4952	2022	857
Lolland	360	Stokkemarke	4952	2023	822
Lolland	360	Stokkemarke	4952	2024	820
Lolland	360	Stokkemarke	4952	2025	784
Lolland	360	Stokkemarke	4952	2026	786
Lolland	360	Vesterborg	4953	2010	525
Lolland	360	Vesterborg	4953	2011	522
Lolland	360	Vesterborg	4953	2012	496
Lolland	360	Vesterborg	4953	2013	478
Lolland	360	Vesterborg	4953	2014	476
Lolland	360	Vesterborg	4953	2015	487
Lolland	360	Vesterborg	4953	2016	477
Lolland	360	Vesterborg	4953	2017	486
Lolland	360	Vesterborg	4953	2018	453
Lolland	360	Vesterborg	4953	2019	422
Lolland	360	Vesterborg	4953	2020	410
Lolland	360	Vesterborg	4953	2021	391
Lolland	360	Vesterborg	4953	2022	400
Lolland	360	Vesterborg	4953	2023	408
Lolland	360	Vesterborg	4953	2024	400
Lolland	360	Vesterborg	4953	2025	397
Lolland	360	Vesterborg	4953	2026	388
Lolland	360	Holeby	4960	2010	2408
Lolland	360	Holeby	4960	2011	2358
Lolland	360	Holeby	4960	2012	2319
Lolland	360	Holeby	4960	2013	2264
Lolland	360	Holeby	4960	2014	2207
Lolland	360	Holeby	4960	2015	2221
Lolland	360	Holeby	4960	2016	2240
Lolland	360	Holeby	4960	2017	2210
Lolland	360	Holeby	4960	2018	2195
Lolland	360	Holeby	4960	2019	2163
Lolland	360	Holeby	4960	2020	2152
Lolland	360	Holeby	4960	2021	2110
Lolland	360	Holeby	4960	2022	2093
Lolland	360	Holeby	4960	2023	2086
Lolland	360	Holeby	4960	2024	2009
Lolland	360	Holeby	4960	2025	1984
Lolland	360	Holeby	4960	2026	1986
Lolland	360	Rødby	4970	2010	6048
Lolland	360	Rødby	4970	2011	5874
Lolland	360	Rødby	4970	2012	5724
Lolland	360	Rødby	4970	2013	5600
Lolland	360	Rødby	4970	2014	5444
Lolland	360	Rødby	4970	2015	5358
Lolland	360	Rødby	4970	2016	5378
Lolland	360	Rødby	4970	2017	5353
Lolland	360	Rødby	4970	2018	5324
Lolland	360	Rødby	4970	2019	5304
Lolland	360	Rødby	4970	2020	5206
Lolland	360	Rødby	4970	2021	5159
Lolland	360	Rødby	4970	2022	5061
Lolland	360	Rødby	4970	2023	5021
Lolland	360	Rødby	4970	2024	4961
Lolland	360	Rødby	4970	2025	4906
Lolland	360	Rødby	4970	2026	4785
Lolland	360	Dannemare	4983	2010	1561
Lolland	360	Dannemare	4983	2011	1566
Lolland	360	Dannemare	4983	2012	1520
Lolland	360	Dannemare	4983	2013	1486
Lolland	360	Dannemare	4983	2014	1438
Lolland	360	Dannemare	4983	2015	1396
Lolland	360	Dannemare	4983	2016	1380
Lolland	360	Dannemare	4983	2017	1347
Lolland	360	Dannemare	4983	2018	1326
Lolland	360	Dannemare	4983	2019	1313
Lolland	360	Dannemare	4983	2020	1260
Lolland	360	Dannemare	4983	2021	1264
Lolland	360	Dannemare	4983	2022	1211
Lolland	360	Dannemare	4983	2023	1187
Lolland	360	Dannemare	4983	2024	1132
Lolland	360	Dannemare	4983	2025	1132
Lolland	360	Dannemare	4983	2026	1108
Lolland	360	Ukendt	9999	2010	95
Lolland	360	Ukendt	9999	2011	105
Lolland	360	Ukendt	9999	2012	111
Lolland	360	Ukendt	9999	2013	102
Lolland	360	Ukendt	9999	2014	102
Lolland	360	Ukendt	9999	2015	127
Lolland	360	Ukendt	9999	2016	114
Lolland	360	Ukendt	9999	2017	106
Lolland	360	Ukendt	9999	2018	108
Lolland	360	Ukendt	9999	2019	128
Lolland	360	Ukendt	9999	2020	110
Lolland	360	Ukendt	9999	2021	130
Lolland	360	Ukendt	9999	2022	123
Lolland	360	Ukendt	9999	2023	139
Lolland	360	Ukendt	9999	2024	136
Lolland	360	Ukendt	9999	2025	137
Lolland	360	Ukendt	9999	2026	129
Næstved	370	Ringsted	4100	2010	19
Næstved	370	Ringsted	4100	2011	18
Næstved	370	Ringsted	4100	2012	18
Næstved	370	Ringsted	4100	2013	22
Næstved	370	Ringsted	4100	2014	22
Næstved	370	Ringsted	4100	2015	21
Næstved	370	Ringsted	4100	2016	23
Næstved	370	Ringsted	4100	2017	21
Næstved	370	Ringsted	4100	2018	20
Næstved	370	Ringsted	4100	2019	20
Næstved	370	Ringsted	4100	2020	24
Næstved	370	Ringsted	4100	2021	22
Næstved	370	Ringsted	4100	2022	20
Næstved	370	Ringsted	4100	2023	19
Næstved	370	Ringsted	4100	2024	17
Næstved	370	Ringsted	4100	2025	17
Næstved	370	Ringsted	4100	2026	18
Næstved	370	Herlufmagle	4160	2010	5011
Næstved	370	Herlufmagle	4160	2011	4944
Næstved	370	Herlufmagle	4160	2012	4910
Næstved	370	Herlufmagle	4160	2013	4876
Næstved	370	Herlufmagle	4160	2014	4875
Næstved	370	Herlufmagle	4160	2015	4893
Næstved	370	Herlufmagle	4160	2016	4952
Næstved	370	Herlufmagle	4160	2017	4902
Næstved	370	Herlufmagle	4160	2018	4953
Næstved	370	Herlufmagle	4160	2019	4975
Næstved	370	Herlufmagle	4160	2020	4933
Næstved	370	Herlufmagle	4160	2021	4923
Næstved	370	Herlufmagle	4160	2022	4936
Næstved	370	Herlufmagle	4160	2023	4988
Næstved	370	Herlufmagle	4160	2024	4941
Næstved	370	Herlufmagle	4160	2025	4916
Næstved	370	Herlufmagle	4160	2026	4884
Næstved	370	Glumsø	4171	2010	3816
Næstved	370	Glumsø	4171	2011	3835
Næstved	370	Glumsø	4171	2012	3833
Næstved	370	Glumsø	4171	2013	3806
Næstved	370	Glumsø	4171	2014	3794
Næstved	370	Glumsø	4171	2015	3734
Næstved	370	Glumsø	4171	2016	3826
Næstved	370	Glumsø	4171	2017	3815
Næstved	370	Glumsø	4171	2018	3822
Næstved	370	Glumsø	4171	2019	3831
Næstved	370	Glumsø	4171	2020	3798
Næstved	370	Glumsø	4171	2021	3771
Næstved	370	Glumsø	4171	2022	3733
Næstved	370	Glumsø	4171	2023	3686
Næstved	370	Glumsø	4171	2024	3840
Næstved	370	Glumsø	4171	2025	3915
Næstved	370	Glumsø	4171	2026	3943
Næstved	370	Slagelse	4200	2010	18
Næstved	370	Slagelse	4200	2011	20
Næstved	370	Slagelse	4200	2012	16
Næstved	370	Slagelse	4200	2013	15
Næstved	370	Slagelse	4200	2014	18
Næstved	370	Slagelse	4200	2015	15
Næstved	370	Slagelse	4200	2016	16
Næstved	370	Slagelse	4200	2017	16
Næstved	370	Slagelse	4200	2018	20
Næstved	370	Slagelse	4200	2019	19
Næstved	370	Slagelse	4200	2020	18
Næstved	370	Slagelse	4200	2021	18
Næstved	370	Slagelse	4200	2022	18
Næstved	370	Slagelse	4200	2023	18
Næstved	370	Slagelse	4200	2024	19
Næstved	370	Slagelse	4200	2025	17
Næstved	370	Slagelse	4200	2026	17
Næstved	370	Rude	4243	2010	0
Næstved	370	Rude	4243	2011	2
Næstved	370	Rude	4243	2012	2
Næstved	370	Rude	4243	2013	2
Næstved	370	Rude	4243	2014	2
Næstved	370	Rude	4243	2015	2
Næstved	370	Rude	4243	2016	2
Næstved	370	Rude	4243	2017	2
Næstved	370	Rude	4243	2018	2
Næstved	370	Rude	4243	2019	0
Næstved	370	Rude	4243	2020	3
Næstved	370	Rude	4243	2021	3
Næstved	370	Rude	4243	2022	4
Næstved	370	Rude	4243	2023	4
Næstved	370	Rude	4243	2024	4
Næstved	370	Rude	4243	2025	6
Næstved	370	Rude	4243	2026	4
Næstved	370	Fuglebjerg	4250	2010	4048
Næstved	370	Fuglebjerg	4250	2011	4096
Næstved	370	Fuglebjerg	4250	2012	4060
Næstved	370	Fuglebjerg	4250	2013	4041
Næstved	370	Fuglebjerg	4250	2014	4072
Næstved	370	Fuglebjerg	4250	2015	4082
Næstved	370	Fuglebjerg	4250	2016	4048
Næstved	370	Fuglebjerg	4250	2017	4065
Næstved	370	Fuglebjerg	4250	2018	4043
Næstved	370	Fuglebjerg	4250	2019	4065
Næstved	370	Fuglebjerg	4250	2020	4027
Næstved	370	Fuglebjerg	4250	2021	4087
Næstved	370	Fuglebjerg	4250	2022	4090
Næstved	370	Fuglebjerg	4250	2023	4072
Næstved	370	Fuglebjerg	4250	2024	4112
Næstved	370	Fuglebjerg	4250	2025	4085
Næstved	370	Fuglebjerg	4250	2026	4151
Næstved	370	Dalmose	4261	2010	135
Næstved	370	Dalmose	4261	2011	126
Næstved	370	Dalmose	4261	2012	140
Næstved	370	Dalmose	4261	2013	137
Næstved	370	Dalmose	4261	2014	141
Næstved	370	Dalmose	4261	2015	128
Næstved	370	Dalmose	4261	2016	131
Næstved	370	Dalmose	4261	2017	118
Næstved	370	Dalmose	4261	2018	131
Næstved	370	Dalmose	4261	2019	132
Næstved	370	Dalmose	4261	2020	126
Næstved	370	Dalmose	4261	2021	128
Næstved	370	Dalmose	4261	2022	137
Næstved	370	Dalmose	4261	2023	144
Næstved	370	Dalmose	4261	2024	142
Næstved	370	Dalmose	4261	2025	137
Næstved	370	Dalmose	4261	2026	131
Næstved	370	Sandved	4262	2010	2169
Næstved	370	Sandved	4262	2011	2155
Næstved	370	Sandved	4262	2012	2145
Næstved	370	Sandved	4262	2013	2094
Næstved	370	Sandved	4262	2014	2107
Næstved	370	Sandved	4262	2015	2107
Næstved	370	Sandved	4262	2016	2124
Næstved	370	Sandved	4262	2017	2122
Næstved	370	Sandved	4262	2018	2132
Næstved	370	Sandved	4262	2019	2121
Næstved	370	Sandved	4262	2020	2070
Næstved	370	Sandved	4262	2021	2036
Næstved	370	Sandved	4262	2022	2067
Næstved	370	Sandved	4262	2023	2051
Næstved	370	Sandved	4262	2024	2006
Næstved	370	Sandved	4262	2025	1978
Næstved	370	Sandved	4262	2026	1981
Næstved	370	Faxe	4640	2010	2
Næstved	370	Faxe	4640	2011	2
Næstved	370	Faxe	4640	2012	3
Næstved	370	Faxe	4640	2013	1
Næstved	370	Faxe	4640	2014	1
Næstved	370	Faxe	4640	2015	1
Næstved	370	Faxe	4640	2016	1
Næstved	370	Faxe	4640	2017	1
Næstved	370	Faxe	4640	2018	1
Næstved	370	Faxe	4640	2019	1
Næstved	370	Faxe	4640	2020	1
Næstved	370	Faxe	4640	2021	1
Næstved	370	Faxe	4640	2022	1
Næstved	370	Faxe	4640	2023	1
Næstved	370	Faxe	4640	2024	1
Næstved	370	Faxe	4640	2025	1
Næstved	370	Faxe	4640	2026	1
Næstved	370	Rønnede	4683	2010	31
Næstved	370	Rønnede	4683	2011	31
Næstved	370	Rønnede	4683	2012	28
Næstved	370	Rønnede	4683	2013	28
Næstved	370	Rønnede	4683	2014	30
Næstved	370	Rønnede	4683	2015	30
Næstved	370	Rønnede	4683	2016	31
Næstved	370	Rønnede	4683	2017	29
Næstved	370	Rønnede	4683	2018	31
Næstved	370	Rønnede	4683	2019	32
Næstved	370	Rønnede	4683	2020	29
Næstved	370	Rønnede	4683	2021	29
Næstved	370	Rønnede	4683	2022	28
Næstved	370	Rønnede	4683	2023	28
Næstved	370	Rønnede	4683	2024	32
Næstved	370	Rønnede	4683	2025	30
Næstved	370	Rønnede	4683	2026	32
Næstved	370	Holmegaard	4684	2010	8080
Næstved	370	Holmegaard	4684	2011	8079
Næstved	370	Holmegaard	4684	2012	8173
Næstved	370	Holmegaard	4684	2013	8146
Næstved	370	Holmegaard	4684	2014	8102
Næstved	370	Holmegaard	4684	2015	8181
Næstved	370	Holmegaard	4684	2016	8177
Næstved	370	Holmegaard	4684	2017	8159
Næstved	370	Holmegaard	4684	2018	8229
Næstved	370	Holmegaard	4684	2019	8252
Næstved	370	Holmegaard	4684	2020	8222
Næstved	370	Holmegaard	4684	2021	8248
Næstved	370	Holmegaard	4684	2022	8308
Næstved	370	Holmegaard	4684	2023	8452
Næstved	370	Holmegaard	4684	2024	8442
Næstved	370	Holmegaard	4684	2025	8445
Næstved	370	Holmegaard	4684	2026	8440
Næstved	370	Haslev	4690	2010	193
Næstved	370	Haslev	4690	2011	192
Næstved	370	Haslev	4690	2012	195
Næstved	370	Haslev	4690	2013	202
Næstved	370	Haslev	4690	2014	195
Næstved	370	Haslev	4690	2015	205
Næstved	370	Haslev	4690	2016	187
Næstved	370	Haslev	4690	2017	195
Næstved	370	Haslev	4690	2018	196
Næstved	370	Haslev	4690	2019	191
Næstved	370	Haslev	4690	2020	180
Næstved	370	Haslev	4690	2021	189
Næstved	370	Haslev	4690	2022	186
Næstved	370	Haslev	4690	2023	170
Næstved	370	Haslev	4690	2024	167
Næstved	370	Haslev	4690	2025	173
Næstved	370	Haslev	4690	2026	190
Næstved	370	Næstved	4700	2010	51581
Næstved	370	Næstved	4700	2011	51453
Næstved	370	Næstved	4700	2012	51554
Næstved	370	Næstved	4700	2013	51812
Næstved	370	Næstved	4700	2014	52078
Næstved	370	Næstved	4700	2015	52255
Næstved	370	Næstved	4700	2016	52668
Næstved	370	Næstved	4700	2017	52952
Næstved	370	Næstved	4700	2018	53216
Næstved	370	Næstved	4700	2019	53168
Næstved	370	Næstved	4700	2020	53548
Næstved	370	Næstved	4700	2021	53575
Næstved	370	Næstved	4700	2022	54064
Næstved	370	Næstved	4700	2023	54721
Næstved	370	Næstved	4700	2024	54785
Næstved	370	Næstved	4700	2025	54985
Næstved	370	Næstved	4700	2026	55247
Næstved	370	Tappernøje	4733	2010	3437
Næstved	370	Tappernøje	4733	2011	3410
Næstved	370	Tappernøje	4733	2012	3374
Næstved	370	Tappernøje	4733	2013	3405
Næstved	370	Tappernøje	4733	2014	3405
Næstved	370	Tappernøje	4733	2015	3437
Næstved	370	Tappernøje	4733	2016	3473
Næstved	370	Tappernøje	4733	2017	3451
Næstved	370	Tappernøje	4733	2018	3442
Næstved	370	Tappernøje	4733	2019	3462
Næstved	370	Tappernøje	4733	2020	3439
Næstved	370	Tappernøje	4733	2021	3442
Næstved	370	Tappernøje	4733	2022	3435
Næstved	370	Tappernøje	4733	2023	3486
Næstved	370	Tappernøje	4733	2024	3461
Næstved	370	Tappernøje	4733	2025	3444
Næstved	370	Tappernøje	4733	2026	3423
Næstved	370	Karrebæksminde	4736	2010	2249
Næstved	370	Karrebæksminde	4736	2011	2254
Næstved	370	Karrebæksminde	4736	2012	2236
Næstved	370	Karrebæksminde	4736	2013	2239
Næstved	370	Karrebæksminde	4736	2014	2252
Næstved	370	Karrebæksminde	4736	2015	2269
Næstved	370	Karrebæksminde	4736	2016	2328
Næstved	370	Karrebæksminde	4736	2017	2392
Næstved	370	Karrebæksminde	4736	2018	2394
Næstved	370	Karrebæksminde	4736	2019	2416
Næstved	370	Karrebæksminde	4736	2020	2413
Næstved	370	Karrebæksminde	4736	2021	2394
Næstved	370	Karrebæksminde	4736	2022	2455
Næstved	370	Karrebæksminde	4736	2023	2414
Næstved	370	Karrebæksminde	4736	2024	2457
Næstved	370	Karrebæksminde	4736	2025	2437
Næstved	370	Karrebæksminde	4736	2026	2394
Næstved	370	Lundby	4750	2010	299
Næstved	370	Lundby	4750	2011	309
Næstved	370	Lundby	4750	2012	297
Næstved	370	Lundby	4750	2013	302
Næstved	370	Lundby	4750	2014	302
Næstved	370	Lundby	4750	2015	299
Næstved	370	Lundby	4750	2016	291
Næstved	370	Lundby	4750	2017	294
Næstved	370	Lundby	4750	2018	284
Næstved	370	Lundby	4750	2019	279
Næstved	370	Lundby	4750	2020	279
Næstved	370	Lundby	4750	2021	280
Næstved	370	Lundby	4750	2022	288
Næstved	370	Lundby	4750	2023	293
Næstved	370	Lundby	4750	2024	295
Næstved	370	Lundby	4750	2025	285
Næstved	370	Lundby	4750	2026	282
Næstved	370	Ukendt	9999	2010	24
Næstved	370	Ukendt	9999	2011	37
Næstved	370	Ukendt	9999	2012	28
Næstved	370	Ukendt	9999	2013	35
Næstved	370	Ukendt	9999	2014	36
Næstved	370	Ukendt	9999	2015	28
Næstved	370	Ukendt	9999	2016	64
Næstved	370	Ukendt	9999	2017	47
Næstved	370	Ukendt	9999	2018	22
Næstved	370	Ukendt	9999	2019	27
Næstved	370	Ukendt	9999	2020	33
Næstved	370	Ukendt	9999	2021	35
Næstved	370	Ukendt	9999	2022	31
Næstved	370	Ukendt	9999	2023	27
Næstved	370	Ukendt	9999	2024	26
Næstved	370	Ukendt	9999	2025	24
Næstved	370	Ukendt	9999	2026	25
Guldborgsund	376	Nykøbing F	4800	2010	25815
Guldborgsund	376	Nykøbing F	4800	2011	25782
Guldborgsund	376	Nykøbing F	4800	2012	25650
Guldborgsund	376	Nykøbing F	4800	2013	25523
Guldborgsund	376	Nykøbing F	4800	2014	25605
Guldborgsund	376	Nykøbing F	4800	2015	25604
Guldborgsund	376	Nykøbing F	4800	2016	25788
Guldborgsund	376	Nykøbing F	4800	2017	26093
Guldborgsund	376	Nykøbing F	4800	2018	26040
Guldborgsund	376	Nykøbing F	4800	2019	25987
Guldborgsund	376	Nykøbing F	4800	2020	26174
Guldborgsund	376	Nykøbing F	4800	2021	26196
Guldborgsund	376	Nykøbing F	4800	2022	26185
Guldborgsund	376	Nykøbing F	4800	2023	26375
Guldborgsund	376	Nykøbing F	4800	2024	26181
Guldborgsund	376	Nykøbing F	4800	2025	26298
Guldborgsund	376	Nykøbing F	4800	2026	26266
Guldborgsund	376	Nørre Alslev	4840	2010	6160
Guldborgsund	376	Nørre Alslev	4840	2011	6100
Guldborgsund	376	Nørre Alslev	4840	2012	6033
Guldborgsund	376	Nørre Alslev	4840	2013	5930
Guldborgsund	376	Nørre Alslev	4840	2014	5897
Guldborgsund	376	Nørre Alslev	4840	2015	5781
Guldborgsund	376	Nørre Alslev	4840	2016	5811
Guldborgsund	376	Nørre Alslev	4840	2017	5836
Guldborgsund	376	Nørre Alslev	4840	2018	5806
Guldborgsund	376	Nørre Alslev	4840	2019	5783
Guldborgsund	376	Nørre Alslev	4840	2020	5733
Guldborgsund	376	Nørre Alslev	4840	2021	5685
Guldborgsund	376	Nørre Alslev	4840	2022	5708
Guldborgsund	376	Nørre Alslev	4840	2023	5679
Guldborgsund	376	Nørre Alslev	4840	2024	5657
Guldborgsund	376	Nørre Alslev	4840	2025	5601
Guldborgsund	376	Nørre Alslev	4840	2026	5526
Guldborgsund	376	Stubbekøbing	4850	2010	3938
Guldborgsund	376	Stubbekøbing	4850	2011	3931
Guldborgsund	376	Stubbekøbing	4850	2012	3891
Guldborgsund	376	Stubbekøbing	4850	2013	3897
Guldborgsund	376	Stubbekøbing	4850	2014	3782
Guldborgsund	376	Stubbekøbing	4850	2015	3876
Guldborgsund	376	Stubbekøbing	4850	2016	3806
Guldborgsund	376	Stubbekøbing	4850	2017	3853
Guldborgsund	376	Stubbekøbing	4850	2018	3838
Guldborgsund	376	Stubbekøbing	4850	2019	3794
Guldborgsund	376	Stubbekøbing	4850	2020	3740
Guldborgsund	376	Stubbekøbing	4850	2021	3725
Guldborgsund	376	Stubbekøbing	4850	2022	3785
Guldborgsund	376	Stubbekøbing	4850	2023	3737
Guldborgsund	376	Stubbekøbing	4850	2024	3646
Guldborgsund	376	Stubbekøbing	4850	2025	3609
Guldborgsund	376	Stubbekøbing	4850	2026	3557
Guldborgsund	376	Guldborg	4862	2010	1383
Guldborgsund	376	Guldborg	4862	2011	1347
Guldborgsund	376	Guldborg	4862	2012	1287
Guldborgsund	376	Guldborg	4862	2013	1282
Guldborgsund	376	Guldborg	4862	2014	1256
Guldborgsund	376	Guldborg	4862	2015	1224
Guldborgsund	376	Guldborg	4862	2016	1246
Guldborgsund	376	Guldborg	4862	2017	1250
Guldborgsund	376	Guldborg	4862	2018	1240
Guldborgsund	376	Guldborg	4862	2019	1229
Guldborgsund	376	Guldborg	4862	2020	1209
Guldborgsund	376	Guldborg	4862	2021	1173
Guldborgsund	376	Guldborg	4862	2022	1160
Guldborgsund	376	Guldborg	4862	2023	1150
Guldborgsund	376	Guldborg	4862	2024	1145
Guldborgsund	376	Guldborg	4862	2025	1092
Guldborgsund	376	Guldborg	4862	2026	1094
Guldborgsund	376	Eskilstrup	4863	2010	2450
Guldborgsund	376	Eskilstrup	4863	2011	2449
Guldborgsund	376	Eskilstrup	4863	2012	2361
Guldborgsund	376	Eskilstrup	4863	2013	2363
Guldborgsund	376	Eskilstrup	4863	2014	2316
Guldborgsund	376	Eskilstrup	4863	2015	2348
Guldborgsund	376	Eskilstrup	4863	2016	2314
Guldborgsund	376	Eskilstrup	4863	2017	2304
Guldborgsund	376	Eskilstrup	4863	2018	2243
Guldborgsund	376	Eskilstrup	4863	2019	2266
Guldborgsund	376	Eskilstrup	4863	2020	2270
Guldborgsund	376	Eskilstrup	4863	2021	2226
Guldborgsund	376	Eskilstrup	4863	2022	2226
Guldborgsund	376	Eskilstrup	4863	2023	2254
Guldborgsund	376	Eskilstrup	4863	2024	2224
Guldborgsund	376	Eskilstrup	4863	2025	2229
Guldborgsund	376	Eskilstrup	4863	2026	2261
Guldborgsund	376	Horbelev	4871	2010	1471
Guldborgsund	376	Horbelev	4871	2011	1465
Guldborgsund	376	Horbelev	4871	2012	1447
Guldborgsund	376	Horbelev	4871	2013	1394
Guldborgsund	376	Horbelev	4871	2014	1396
Guldborgsund	376	Horbelev	4871	2015	1374
Guldborgsund	376	Horbelev	4871	2016	1388
Guldborgsund	376	Horbelev	4871	2017	1360
Guldborgsund	376	Horbelev	4871	2018	1355
Guldborgsund	376	Horbelev	4871	2019	1366
Guldborgsund	376	Horbelev	4871	2020	1371
Guldborgsund	376	Horbelev	4871	2021	1344
Guldborgsund	376	Horbelev	4871	2022	1320
Guldborgsund	376	Horbelev	4871	2023	1305
Guldborgsund	376	Horbelev	4871	2024	1294
Guldborgsund	376	Horbelev	4871	2025	1241
Guldborgsund	376	Horbelev	4871	2026	1222
Guldborgsund	376	Idestrup	4872	2010	1852
Guldborgsund	376	Idestrup	4872	2011	1860
Guldborgsund	376	Idestrup	4872	2012	1806
Guldborgsund	376	Idestrup	4872	2013	1789
Guldborgsund	376	Idestrup	4872	2014	1776
Guldborgsund	376	Idestrup	4872	2015	1755
Guldborgsund	376	Idestrup	4872	2016	1742
Guldborgsund	376	Idestrup	4872	2017	1731
Guldborgsund	376	Idestrup	4872	2018	1723
Guldborgsund	376	Idestrup	4872	2019	1743
Guldborgsund	376	Idestrup	4872	2020	1723
Guldborgsund	376	Idestrup	4872	2021	1677
Guldborgsund	376	Idestrup	4872	2022	1657
Guldborgsund	376	Idestrup	4872	2023	1637
Guldborgsund	376	Idestrup	4872	2024	1618
Guldborgsund	376	Idestrup	4872	2025	1621
Guldborgsund	376	Idestrup	4872	2026	1587
Guldborgsund	376	Væggerløse	4873	2010	3333
Guldborgsund	376	Væggerløse	4873	2011	3296
Guldborgsund	376	Væggerløse	4873	2012	3277
Guldborgsund	376	Væggerløse	4873	2013	3269
Guldborgsund	376	Væggerløse	4873	2014	3255
Guldborgsund	376	Væggerløse	4873	2015	3205
Guldborgsund	376	Væggerløse	4873	2016	3230
Guldborgsund	376	Væggerløse	4873	2017	3285
Guldborgsund	376	Væggerløse	4873	2018	3336
Guldborgsund	376	Væggerløse	4873	2019	3368
Guldborgsund	376	Væggerløse	4873	2020	3329
Guldborgsund	376	Væggerløse	4873	2021	3326
Guldborgsund	376	Væggerløse	4873	2022	3340
Guldborgsund	376	Væggerløse	4873	2023	3275
Guldborgsund	376	Væggerløse	4873	2024	3204
Guldborgsund	376	Væggerløse	4873	2025	3146
Guldborgsund	376	Væggerløse	4873	2026	3126
Guldborgsund	376	Gedser	4874	2010	1543
Guldborgsund	376	Gedser	4874	2011	1521
Guldborgsund	376	Gedser	4874	2012	1476
Guldborgsund	376	Gedser	4874	2013	1450
Guldborgsund	376	Gedser	4874	2014	1401
Guldborgsund	376	Gedser	4874	2015	1398
Guldborgsund	376	Gedser	4874	2016	1352
Guldborgsund	376	Gedser	4874	2017	1342
Guldborgsund	376	Gedser	4874	2018	1343
Guldborgsund	376	Gedser	4874	2019	1324
Guldborgsund	376	Gedser	4874	2020	1311
Guldborgsund	376	Gedser	4874	2021	1256
Guldborgsund	376	Gedser	4874	2022	1250
Guldborgsund	376	Gedser	4874	2023	1218
Guldborgsund	376	Gedser	4874	2024	1209
Guldborgsund	376	Gedser	4874	2025	1161
Guldborgsund	376	Gedser	4874	2026	1132
Guldborgsund	376	Nysted	4880	2010	2458
Guldborgsund	376	Nysted	4880	2011	2424
Guldborgsund	376	Nysted	4880	2012	2419
Guldborgsund	376	Nysted	4880	2013	2365
Guldborgsund	376	Nysted	4880	2014	2352
Guldborgsund	376	Nysted	4880	2015	2355
Guldborgsund	376	Nysted	4880	2016	2383
Guldborgsund	376	Nysted	4880	2017	2349
Guldborgsund	376	Nysted	4880	2018	2345
Guldborgsund	376	Nysted	4880	2019	2308
Guldborgsund	376	Nysted	4880	2020	2249
Guldborgsund	376	Nysted	4880	2021	2228
Guldborgsund	376	Nysted	4880	2022	2186
Guldborgsund	376	Nysted	4880	2023	2194
Guldborgsund	376	Nysted	4880	2024	2175
Guldborgsund	376	Nysted	4880	2025	2092
Guldborgsund	376	Nysted	4880	2026	2108
Guldborgsund	376	Toreby L	4891	2010	1697
Guldborgsund	376	Toreby L	4891	2011	1680
Guldborgsund	376	Toreby L	4891	2012	1659
Guldborgsund	376	Toreby L	4891	2013	1660
Guldborgsund	376	Toreby L	4891	2014	1640
Guldborgsund	376	Toreby L	4891	2015	1633
Guldborgsund	376	Toreby L	4891	2016	1660
Guldborgsund	376	Toreby L	4891	2017	1647
Guldborgsund	376	Toreby L	4891	2018	1655
Guldborgsund	376	Toreby L	4891	2019	1597
Guldborgsund	376	Toreby L	4891	2020	1632
Guldborgsund	376	Toreby L	4891	2021	1580
Guldborgsund	376	Toreby L	4891	2022	1595
Guldborgsund	376	Toreby L	4891	2023	1611
Guldborgsund	376	Toreby L	4891	2024	1613
Guldborgsund	376	Toreby L	4891	2025	1571
Guldborgsund	376	Toreby L	4891	2026	1564
Guldborgsund	376	Kettinge	4892	2010	1569
Guldborgsund	376	Kettinge	4892	2011	1562
Guldborgsund	376	Kettinge	4892	2012	1549
Guldborgsund	376	Kettinge	4892	2013	1524
Guldborgsund	376	Kettinge	4892	2014	1479
Guldborgsund	376	Kettinge	4892	2015	1453
Guldborgsund	376	Kettinge	4892	2016	1434
Guldborgsund	376	Kettinge	4892	2017	1430
Guldborgsund	376	Kettinge	4892	2018	1424
Guldborgsund	376	Kettinge	4892	2019	1396
Guldborgsund	376	Kettinge	4892	2020	1410
Guldborgsund	376	Kettinge	4892	2021	1413
Guldborgsund	376	Kettinge	4892	2022	1387
Guldborgsund	376	Kettinge	4892	2023	1384
Guldborgsund	376	Kettinge	4892	2024	1402
Guldborgsund	376	Kettinge	4892	2025	1373
Guldborgsund	376	Kettinge	4892	2026	1387
Guldborgsund	376	Øster Ulslev	4894	2010	1027
Guldborgsund	376	Øster Ulslev	4894	2011	988
Guldborgsund	376	Øster Ulslev	4894	2012	949
Guldborgsund	376	Øster Ulslev	4894	2013	948
Guldborgsund	376	Øster Ulslev	4894	2014	949
Guldborgsund	376	Øster Ulslev	4894	2015	959
Guldborgsund	376	Øster Ulslev	4894	2016	964
Guldborgsund	376	Øster Ulslev	4894	2017	920
Guldborgsund	376	Øster Ulslev	4894	2018	940
Guldborgsund	376	Øster Ulslev	4894	2019	880
Guldborgsund	376	Øster Ulslev	4894	2020	835
Guldborgsund	376	Øster Ulslev	4894	2021	802
Guldborgsund	376	Øster Ulslev	4894	2022	807
Guldborgsund	376	Øster Ulslev	4894	2023	786
Guldborgsund	376	Øster Ulslev	4894	2024	797
Guldborgsund	376	Øster Ulslev	4894	2025	792
Guldborgsund	376	Øster Ulslev	4894	2026	765
Guldborgsund	376	Maribo	4930	2010	122
Guldborgsund	376	Maribo	4930	2011	131
Guldborgsund	376	Maribo	4930	2012	121
Guldborgsund	376	Maribo	4930	2013	113
Guldborgsund	376	Maribo	4930	2014	113
Guldborgsund	376	Maribo	4930	2015	115
Guldborgsund	376	Maribo	4930	2016	110
Guldborgsund	376	Maribo	4930	2017	115
Guldborgsund	376	Maribo	4930	2018	109
Guldborgsund	376	Maribo	4930	2019	121
Guldborgsund	376	Maribo	4930	2020	124
Guldborgsund	376	Maribo	4930	2021	118
Guldborgsund	376	Maribo	4930	2022	113
Guldborgsund	376	Maribo	4930	2023	117
Guldborgsund	376	Maribo	4930	2024	127
Guldborgsund	376	Maribo	4930	2025	120
Guldborgsund	376	Maribo	4930	2026	108
Guldborgsund	376	Sakskøbing	4990	2010	8040
Guldborgsund	376	Sakskøbing	4990	2011	7996
Guldborgsund	376	Sakskøbing	4990	2012	7939
Guldborgsund	376	Sakskøbing	4990	2013	7737
Guldborgsund	376	Sakskøbing	4990	2014	7681
Guldborgsund	376	Sakskøbing	4990	2015	7610
Guldborgsund	376	Sakskøbing	4990	2016	7617
Guldborgsund	376	Sakskøbing	4990	2017	7606
Guldborgsund	376	Sakskøbing	4990	2018	7647
Guldborgsund	376	Sakskøbing	4990	2019	7643
Guldborgsund	376	Sakskøbing	4990	2020	7502
Guldborgsund	376	Sakskøbing	4990	2021	7450
Guldborgsund	376	Sakskøbing	4990	2022	7485
Guldborgsund	376	Sakskøbing	4990	2023	7412
Guldborgsund	376	Sakskøbing	4990	2024	7343
Guldborgsund	376	Sakskøbing	4990	2025	7271
Guldborgsund	376	Sakskøbing	4990	2026	7300
Guldborgsund	376	Ukendt	9999	2010	54
Guldborgsund	376	Ukendt	9999	2011	51
Guldborgsund	376	Ukendt	9999	2012	49
Guldborgsund	376	Ukendt	9999	2013	78
Guldborgsund	376	Ukendt	9999	2014	109
Guldborgsund	376	Ukendt	9999	2015	139
Guldborgsund	376	Ukendt	9999	2016	134
Guldborgsund	376	Ukendt	9999	2017	136
Guldborgsund	376	Ukendt	9999	2018	175
Guldborgsund	376	Ukendt	9999	2019	125
Guldborgsund	376	Ukendt	9999	2020	110
Guldborgsund	376	Ukendt	9999	2021	129
Guldborgsund	376	Ukendt	9999	2022	106
Guldborgsund	376	Ukendt	9999	2023	97
Guldborgsund	376	Ukendt	9999	2024	124
Guldborgsund	376	Ukendt	9999	2025	133
Guldborgsund	376	Ukendt	9999	2026	116
Vordingborg	390	Præstø	4720	2010	7393
Vordingborg	390	Præstø	4720	2011	7373
Vordingborg	390	Præstø	4720	2012	7287
Vordingborg	390	Præstø	4720	2013	7194
Vordingborg	390	Præstø	4720	2014	7174
Vordingborg	390	Præstø	4720	2015	7224
Vordingborg	390	Præstø	4720	2016	7287
Vordingborg	390	Præstø	4720	2017	7325
Vordingborg	390	Præstø	4720	2018	7357
Vordingborg	390	Præstø	4720	2019	7323
Vordingborg	390	Præstø	4720	2020	7257
Vordingborg	390	Præstø	4720	2021	7173
Vordingborg	390	Præstø	4720	2022	7138
Vordingborg	390	Præstø	4720	2023	7197
Vordingborg	390	Præstø	4720	2024	7181
Vordingborg	390	Præstø	4720	2025	7197
Vordingborg	390	Præstø	4720	2026	7278
Vordingborg	390	Tappernøje	4733	2010	12
Vordingborg	390	Tappernøje	4733	2011	15
Vordingborg	390	Tappernøje	4733	2012	18
Vordingborg	390	Tappernøje	4733	2013	18
Vordingborg	390	Tappernøje	4733	2014	19
Vordingborg	390	Tappernøje	4733	2015	22
Vordingborg	390	Tappernøje	4733	2016	17
Vordingborg	390	Tappernøje	4733	2017	23
Vordingborg	390	Tappernøje	4733	2018	22
Vordingborg	390	Tappernøje	4733	2019	20
Vordingborg	390	Tappernøje	4733	2020	19
Vordingborg	390	Tappernøje	4733	2021	19
Vordingborg	390	Tappernøje	4733	2022	18
Vordingborg	390	Tappernøje	4733	2023	17
Vordingborg	390	Tappernøje	4733	2024	17
Vordingborg	390	Tappernøje	4733	2025	18
Vordingborg	390	Tappernøje	4733	2026	16
Vordingborg	390	Mern	4735	2010	2141
Vordingborg	390	Mern	4735	2011	2080
Vordingborg	390	Mern	4735	2012	2045
Vordingborg	390	Mern	4735	2013	1991
Vordingborg	390	Mern	4735	2014	1964
Vordingborg	390	Mern	4735	2015	1986
Vordingborg	390	Mern	4735	2016	2060
Vordingborg	390	Mern	4735	2017	2034
Vordingborg	390	Mern	4735	2018	2037
Vordingborg	390	Mern	4735	2019	2049
Vordingborg	390	Mern	4735	2020	2039
Vordingborg	390	Mern	4735	2021	2000
Vordingborg	390	Mern	4735	2022	2022
Vordingborg	390	Mern	4735	2023	2006
Vordingborg	390	Mern	4735	2024	2004
Vordingborg	390	Mern	4735	2025	1956
Vordingborg	390	Mern	4735	2026	1935
Vordingborg	390	Lundby	4750	2010	3293
Vordingborg	390	Lundby	4750	2011	3264
Vordingborg	390	Lundby	4750	2012	3218
Vordingborg	390	Lundby	4750	2013	3189
Vordingborg	390	Lundby	4750	2014	3192
Vordingborg	390	Lundby	4750	2015	3174
Vordingborg	390	Lundby	4750	2016	3163
Vordingborg	390	Lundby	4750	2017	3185
Vordingborg	390	Lundby	4750	2018	3183
Vordingborg	390	Lundby	4750	2019	3145
Vordingborg	390	Lundby	4750	2020	3139
Vordingborg	390	Lundby	4750	2021	3122
Vordingborg	390	Lundby	4750	2022	3173
Vordingborg	390	Lundby	4750	2023	3142
Vordingborg	390	Lundby	4750	2024	3114
Vordingborg	390	Lundby	4750	2025	3062
Vordingborg	390	Lundby	4750	2026	3064
Vordingborg	390	Vordingborg	4760	2010	18029
Vordingborg	390	Vordingborg	4760	2011	18142
Vordingborg	390	Vordingborg	4760	2012	18138
Vordingborg	390	Vordingborg	4760	2013	18115
Vordingborg	390	Vordingborg	4760	2014	18197
Vordingborg	390	Vordingborg	4760	2015	18392
Vordingborg	390	Vordingborg	4760	2016	18515
Vordingborg	390	Vordingborg	4760	2017	18650
Vordingborg	390	Vordingborg	4760	2018	18662
Vordingborg	390	Vordingborg	4760	2019	18603
Vordingborg	390	Vordingborg	4760	2020	18528
Vordingborg	390	Vordingborg	4760	2021	18482
Vordingborg	390	Vordingborg	4760	2022	18476
Vordingborg	390	Vordingborg	4760	2023	18575
Vordingborg	390	Vordingborg	4760	2024	19168
Vordingborg	390	Vordingborg	4760	2025	18720
Vordingborg	390	Vordingborg	4760	2026	18548
Vordingborg	390	Kalvehave	4771	2010	1619
Vordingborg	390	Kalvehave	4771	2011	1612
Vordingborg	390	Kalvehave	4771	2012	1593
Vordingborg	390	Kalvehave	4771	2013	1544
Vordingborg	390	Kalvehave	4771	2014	1504
Vordingborg	390	Kalvehave	4771	2015	1483
Vordingborg	390	Kalvehave	4771	2016	1510
Vordingborg	390	Kalvehave	4771	2017	1500
Vordingborg	390	Kalvehave	4771	2018	1503
Vordingborg	390	Kalvehave	4771	2019	1455
Vordingborg	390	Kalvehave	4771	2020	1445
Vordingborg	390	Kalvehave	4771	2021	1424
Vordingborg	390	Kalvehave	4771	2022	1442
Vordingborg	390	Kalvehave	4771	2023	1428
Vordingborg	390	Kalvehave	4771	2024	1373
Vordingborg	390	Kalvehave	4771	2025	1373
Vordingborg	390	Kalvehave	4771	2026	1367
Vordingborg	390	Langebæk	4772	2010	783
Vordingborg	390	Langebæk	4772	2011	787
Vordingborg	390	Langebæk	4772	2012	762
Vordingborg	390	Langebæk	4772	2013	734
Vordingborg	390	Langebæk	4772	2014	686
Vordingborg	390	Langebæk	4772	2015	692
Vordingborg	390	Langebæk	4772	2016	694
Vordingborg	390	Langebæk	4772	2017	692
Vordingborg	390	Langebæk	4772	2018	702
Vordingborg	390	Langebæk	4772	2019	685
Vordingborg	390	Langebæk	4772	2020	697
Vordingborg	390	Langebæk	4772	2021	700
Vordingborg	390	Langebæk	4772	2022	704
Vordingborg	390	Langebæk	4772	2023	686
Vordingborg	390	Langebæk	4772	2024	677
Vordingborg	390	Langebæk	4772	2025	693
Vordingborg	390	Langebæk	4772	2026	684
Vordingborg	390	Stensved	4773	2010	1882
Vordingborg	390	Stensved	4773	2011	1846
Vordingborg	390	Stensved	4773	2012	1842
Vordingborg	390	Stensved	4773	2013	1842
Vordingborg	390	Stensved	4773	2014	1859
Vordingborg	390	Stensved	4773	2015	1853
Vordingborg	390	Stensved	4773	2016	1851
Vordingborg	390	Stensved	4773	2017	1909
Vordingborg	390	Stensved	4773	2018	1883
Vordingborg	390	Stensved	4773	2019	1864
Vordingborg	390	Stensved	4773	2020	1844
Vordingborg	390	Stensved	4773	2021	1827
Vordingborg	390	Stensved	4773	2022	1870
Vordingborg	390	Stensved	4773	2023	1893
Vordingborg	390	Stensved	4773	2024	1869
Vordingborg	390	Stensved	4773	2025	1833
Vordingborg	390	Stensved	4773	2026	1808
Vordingborg	390	Stege	4780	2010	7113
Vordingborg	390	Stege	4780	2011	6997
Vordingborg	390	Stege	4780	2012	6919
Vordingborg	390	Stege	4780	2013	6901
Vordingborg	390	Stege	4780	2014	6829
Vordingborg	390	Stege	4780	2015	6830
Vordingborg	390	Stege	4780	2016	6838
Vordingborg	390	Stege	4780	2017	6791
Vordingborg	390	Stege	4780	2018	6830
Vordingborg	390	Stege	4780	2019	6782
Vordingborg	390	Stege	4780	2020	6717
Vordingborg	390	Stege	4780	2021	6684
Vordingborg	390	Stege	4780	2022	6672
Vordingborg	390	Stege	4780	2023	6654
Vordingborg	390	Stege	4780	2024	6627
Vordingborg	390	Stege	4780	2025	6570
Vordingborg	390	Stege	4780	2026	6567
Vordingborg	390	Borre	4791	2010	1284
Vordingborg	390	Borre	4791	2011	1278
Vordingborg	390	Borre	4791	2012	1251
Vordingborg	390	Borre	4791	2013	1213
Vordingborg	390	Borre	4791	2014	1190
Vordingborg	390	Borre	4791	2015	1197
Vordingborg	390	Borre	4791	2016	1184
Vordingborg	390	Borre	4791	2017	1144
Vordingborg	390	Borre	4791	2018	1134
Vordingborg	390	Borre	4791	2019	1111
Vordingborg	390	Borre	4791	2020	1103
Vordingborg	390	Borre	4791	2021	1086
Vordingborg	390	Borre	4791	2022	1083
Vordingborg	390	Borre	4791	2023	1067
Vordingborg	390	Borre	4791	2024	1034
Vordingborg	390	Borre	4791	2025	993
Vordingborg	390	Borre	4791	2026	960
Vordingborg	390	Askeby	4792	2010	1552
Vordingborg	390	Askeby	4792	2011	1543
Vordingborg	390	Askeby	4792	2012	1520
Vordingborg	390	Askeby	4792	2013	1507
Vordingborg	390	Askeby	4792	2014	1486
Vordingborg	390	Askeby	4792	2015	1446
Vordingborg	390	Askeby	4792	2016	1470
Vordingborg	390	Askeby	4792	2017	1491
Vordingborg	390	Askeby	4792	2018	1466
Vordingborg	390	Askeby	4792	2019	1479
Vordingborg	390	Askeby	4792	2020	1449
Vordingborg	390	Askeby	4792	2021	1491
Vordingborg	390	Askeby	4792	2022	1478
Vordingborg	390	Askeby	4792	2023	1502
Vordingborg	390	Askeby	4792	2024	1427
Vordingborg	390	Askeby	4792	2025	1395
Vordingborg	390	Askeby	4792	2026	1359
Vordingborg	390	Bogø By	4793	2010	1116
Vordingborg	390	Bogø By	4793	2011	1140
Vordingborg	390	Bogø By	4793	2012	1110
Vordingborg	390	Bogø By	4793	2013	1113
Vordingborg	390	Bogø By	4793	2014	1114
Vordingborg	390	Bogø By	4793	2015	1102
Vordingborg	390	Bogø By	4793	2016	1126
Vordingborg	390	Bogø By	4793	2017	1160
Vordingborg	390	Bogø By	4793	2018	1180
Vordingborg	390	Bogø By	4793	2019	1179
Vordingborg	390	Bogø By	4793	2020	1190
Vordingborg	390	Bogø By	4793	2021	1187
Vordingborg	390	Bogø By	4793	2022	1205
Vordingborg	390	Bogø By	4793	2023	1177
Vordingborg	390	Bogø By	4793	2024	1187
Vordingborg	390	Bogø By	4793	2025	1187
Vordingborg	390	Bogø By	4793	2026	1179
Vordingborg	390	Ukendt	9999	2010	102
Vordingborg	390	Ukendt	9999	2011	93
Vordingborg	390	Ukendt	9999	2012	101
Vordingborg	390	Ukendt	9999	2013	104
Vordingborg	390	Ukendt	9999	2014	81
Vordingborg	390	Ukendt	9999	2015	70
Vordingborg	390	Ukendt	9999	2016	91
Vordingborg	390	Ukendt	9999	2017	133
Vordingborg	390	Ukendt	9999	2018	128
Vordingborg	390	Ukendt	9999	2019	121
Vordingborg	390	Ukendt	9999	2020	139
Vordingborg	390	Ukendt	9999	2021	73
Vordingborg	390	Ukendt	9999	2022	71
Vordingborg	390	Ukendt	9999	2023	97
Vordingborg	390	Ukendt	9999	2024	73
Vordingborg	390	Ukendt	9999	2025	60
Vordingborg	390	Ukendt	9999	2026	66
Bornholm	400	Rønne	3700	2010	17953
Bornholm	400	Rønne	3700	2011	17868
Bornholm	400	Rønne	3700	2012	17752
Bornholm	400	Rønne	3700	2013	17591
Bornholm	400	Rønne	3700	2014	17390
Bornholm	400	Rønne	3700	2015	17370
Bornholm	400	Rønne	3700	2016	17405
Bornholm	400	Rønne	3700	2017	17425
Bornholm	400	Rønne	3700	2018	17395
Bornholm	400	Rønne	3700	2019	17429
Bornholm	400	Rønne	3700	2020	17425
Bornholm	400	Rønne	3700	2021	17450
Bornholm	400	Rønne	3700	2022	17462
Bornholm	400	Rønne	3700	2023	17476
Bornholm	400	Rønne	3700	2024	17391
Bornholm	400	Rønne	3700	2025	17277
Bornholm	400	Rønne	3700	2026	17141
Bornholm	400	Aakirkeby	3720	2010	5240
Bornholm	400	Aakirkeby	3720	2011	5201
Bornholm	400	Aakirkeby	3720	2012	5151
Bornholm	400	Aakirkeby	3720	2013	5006
Bornholm	400	Aakirkeby	3720	2014	4956
Bornholm	400	Aakirkeby	3720	2015	4891
Bornholm	400	Aakirkeby	3720	2016	4918
Bornholm	400	Aakirkeby	3720	2017	4919
Bornholm	400	Aakirkeby	3720	2018	4858
Bornholm	400	Aakirkeby	3720	2019	4850
Bornholm	400	Aakirkeby	3720	2020	4849
Bornholm	400	Aakirkeby	3720	2021	4807
Bornholm	400	Aakirkeby	3720	2022	4856
Bornholm	400	Aakirkeby	3720	2023	4857
Bornholm	400	Aakirkeby	3720	2024	4829
Bornholm	400	Aakirkeby	3720	2025	4764
Bornholm	400	Aakirkeby	3720	2026	4736
Bornholm	400	Nexø	3730	2010	5998
Bornholm	400	Nexø	3730	2011	6024
Bornholm	400	Nexø	3730	2012	5943
Bornholm	400	Nexø	3730	2013	5844
Bornholm	400	Nexø	3730	2014	5816
Bornholm	400	Nexø	3730	2015	5736
Bornholm	400	Nexø	3730	2016	5726
Bornholm	400	Nexø	3730	2017	5721
Bornholm	400	Nexø	3730	2018	5719
Bornholm	400	Nexø	3730	2019	5672
Bornholm	400	Nexø	3730	2020	5661
Bornholm	400	Nexø	3730	2021	5747
Bornholm	400	Nexø	3730	2022	5738
Bornholm	400	Nexø	3730	2023	5739
Bornholm	400	Nexø	3730	2024	5717
Bornholm	400	Nexø	3730	2025	5684
Bornholm	400	Nexø	3730	2026	5660
Bornholm	400	Svaneke	3740	2010	2265
Bornholm	400	Svaneke	3740	2011	2219
Bornholm	400	Svaneke	3740	2012	2175
Bornholm	400	Svaneke	3740	2013	2161
Bornholm	400	Svaneke	3740	2014	2127
Bornholm	400	Svaneke	3740	2015	2068
Bornholm	400	Svaneke	3740	2016	2057
Bornholm	400	Svaneke	3740	2017	2039
Bornholm	400	Svaneke	3740	2018	2085
Bornholm	400	Svaneke	3740	2019	2065
Bornholm	400	Svaneke	3740	2020	2050
Bornholm	400	Svaneke	3740	2021	2023
Bornholm	400	Svaneke	3740	2022	1966
Bornholm	400	Svaneke	3740	2023	1973
Bornholm	400	Svaneke	3740	2024	1927
Bornholm	400	Svaneke	3740	2025	1896
Bornholm	400	Svaneke	3740	2026	1864
Bornholm	400	Østermarie	3751	2010	1443
Bornholm	400	Østermarie	3751	2011	1402
Bornholm	400	Østermarie	3751	2012	1367
Bornholm	400	Østermarie	3751	2013	1400
Bornholm	400	Østermarie	3751	2014	1377
Bornholm	400	Østermarie	3751	2015	1366
Bornholm	400	Østermarie	3751	2016	1349
Bornholm	400	Østermarie	3751	2017	1341
Bornholm	400	Østermarie	3751	2018	1353
Bornholm	400	Østermarie	3751	2019	1331
Bornholm	400	Østermarie	3751	2020	1332
Bornholm	400	Østermarie	3751	2021	1303
Bornholm	400	Østermarie	3751	2022	1315
Bornholm	400	Østermarie	3751	2023	1347
Bornholm	400	Østermarie	3751	2024	1331
Bornholm	400	Østermarie	3751	2025	1290
Bornholm	400	Østermarie	3751	2026	1270
Bornholm	400	Gudhjem	3760	2010	2215
Bornholm	400	Gudhjem	3760	2011	2141
Bornholm	400	Gudhjem	3760	2012	2111
Bornholm	400	Gudhjem	3760	2013	2073
Bornholm	400	Gudhjem	3760	2014	2025
Bornholm	400	Gudhjem	3760	2015	1997
Bornholm	400	Gudhjem	3760	2016	1973
Bornholm	400	Gudhjem	3760	2017	1933
Bornholm	400	Gudhjem	3760	2018	1954
Bornholm	400	Gudhjem	3760	2019	1986
Bornholm	400	Gudhjem	3760	2020	1970
Bornholm	400	Gudhjem	3760	2021	2002
Bornholm	400	Gudhjem	3760	2022	1984
Bornholm	400	Gudhjem	3760	2023	2024
Bornholm	400	Gudhjem	3760	2024	2007
Bornholm	400	Gudhjem	3760	2025	1953
Bornholm	400	Gudhjem	3760	2026	1948
Bornholm	400	Allinge	3770	2010	3252
Bornholm	400	Allinge	3770	2011	3192
Bornholm	400	Allinge	3770	2012	3121
Bornholm	400	Allinge	3770	2013	3034
Bornholm	400	Allinge	3770	2014	2990
Bornholm	400	Allinge	3770	2015	2918
Bornholm	400	Allinge	3770	2016	2861
Bornholm	400	Allinge	3770	2017	2787
Bornholm	400	Allinge	3770	2018	2777
Bornholm	400	Allinge	3770	2019	2763
Bornholm	400	Allinge	3770	2020	2745
Bornholm	400	Allinge	3770	2021	2746
Bornholm	400	Allinge	3770	2022	2730
Bornholm	400	Allinge	3770	2023	2718
Bornholm	400	Allinge	3770	2024	2652
Bornholm	400	Allinge	3770	2025	2617
Bornholm	400	Allinge	3770	2026	2617
Bornholm	400	Klemensker	3782	2010	1212
Bornholm	400	Klemensker	3782	2011	1201
Bornholm	400	Klemensker	3782	2012	1184
Bornholm	400	Klemensker	3782	2013	1147
Bornholm	400	Klemensker	3782	2014	1127
Bornholm	400	Klemensker	3782	2015	1099
Bornholm	400	Klemensker	3782	2016	1054
Bornholm	400	Klemensker	3782	2017	1108
Bornholm	400	Klemensker	3782	2018	1115
Bornholm	400	Klemensker	3782	2019	1116
Bornholm	400	Klemensker	3782	2020	1110
Bornholm	400	Klemensker	3782	2021	1102
Bornholm	400	Klemensker	3782	2022	1125
Bornholm	400	Klemensker	3782	2023	1089
Bornholm	400	Klemensker	3782	2024	1103
Bornholm	400	Klemensker	3782	2025	1114
Bornholm	400	Klemensker	3782	2026	1110
Bornholm	400	Hasle	3790	2010	2576
Bornholm	400	Hasle	3790	2011	2554
Bornholm	400	Hasle	3790	2012	2499
Bornholm	400	Hasle	3790	2013	2459
Bornholm	400	Hasle	3790	2014	2407
Bornholm	400	Hasle	3790	2015	2383
Bornholm	400	Hasle	3790	2016	2410
Bornholm	400	Hasle	3790	2017	2419
Bornholm	400	Hasle	3790	2018	2373
Bornholm	400	Hasle	3790	2019	2357
Bornholm	400	Hasle	3790	2020	2352
Bornholm	400	Hasle	3790	2021	2386
Bornholm	400	Hasle	3790	2022	2365
Bornholm	400	Hasle	3790	2023	2375
Bornholm	400	Hasle	3790	2024	2375
Bornholm	400	Hasle	3790	2025	2370
Bornholm	400	Hasle	3790	2026	2331
Bornholm	400	Ukendt	9999	2010	0
Bornholm	400	Ukendt	9999	2011	0
Bornholm	400	Ukendt	9999	2012	0
Bornholm	400	Ukendt	9999	2013	0
Bornholm	400	Ukendt	9999	2014	0
Bornholm	400	Ukendt	9999	2015	0
Bornholm	400	Ukendt	9999	2016	3
Bornholm	400	Ukendt	9999	2017	3
Bornholm	400	Ukendt	9999	2018	3
Bornholm	400	Ukendt	9999	2019	3
Bornholm	400	Ukendt	9999	2020	5
Bornholm	400	Ukendt	9999	2021	4
Bornholm	400	Ukendt	9999	2022	4
Bornholm	400	Ukendt	9999	2023	4
Bornholm	400	Ukendt	9999	2024	0
Bornholm	400	Ukendt	9999	2025	1
Bornholm	400	Ukendt	9999	2026	0
Middelfart	410	Harndrup	5463	2010	1628
Middelfart	410	Harndrup	5463	2011	1608
Middelfart	410	Harndrup	5463	2012	1604
Middelfart	410	Harndrup	5463	2013	1583
Middelfart	410	Harndrup	5463	2014	1573
Middelfart	410	Harndrup	5463	2015	1582
Middelfart	410	Harndrup	5463	2016	1549
Middelfart	410	Harndrup	5463	2017	1542
Middelfart	410	Harndrup	5463	2018	1536
Middelfart	410	Harndrup	5463	2019	1519
Middelfart	410	Harndrup	5463	2020	1500
Middelfart	410	Harndrup	5463	2021	1518
Middelfart	410	Harndrup	5463	2022	1498
Middelfart	410	Harndrup	5463	2023	1479
Middelfart	410	Harndrup	5463	2024	1452
Middelfart	410	Harndrup	5463	2025	1443
Middelfart	410	Harndrup	5463	2026	1433
Middelfart	410	Brenderup Fyn	5464	2010	2301
Middelfart	410	Brenderup Fyn	5464	2011	2289
Middelfart	410	Brenderup Fyn	5464	2012	2277
Middelfart	410	Brenderup Fyn	5464	2013	2253
Middelfart	410	Brenderup Fyn	5464	2014	2282
Middelfart	410	Brenderup Fyn	5464	2015	2276
Middelfart	410	Brenderup Fyn	5464	2016	2290
Middelfart	410	Brenderup Fyn	5464	2017	2287
Middelfart	410	Brenderup Fyn	5464	2018	2282
Middelfart	410	Brenderup Fyn	5464	2019	2277
Middelfart	410	Brenderup Fyn	5464	2020	2225
Middelfart	410	Brenderup Fyn	5464	2021	2248
Middelfart	410	Brenderup Fyn	5464	2022	2306
Middelfart	410	Brenderup Fyn	5464	2023	2328
Middelfart	410	Brenderup Fyn	5464	2024	2311
Middelfart	410	Brenderup Fyn	5464	2025	2360
Middelfart	410	Brenderup Fyn	5464	2026	2348
Middelfart	410	Asperup	5466	2010	1697
Middelfart	410	Asperup	5466	2011	1713
Middelfart	410	Asperup	5466	2012	1704
Middelfart	410	Asperup	5466	2013	1704
Middelfart	410	Asperup	5466	2014	1734
Middelfart	410	Asperup	5466	2015	1755
Middelfart	410	Asperup	5466	2016	1724
Middelfart	410	Asperup	5466	2017	1686
Middelfart	410	Asperup	5466	2018	1669
Middelfart	410	Asperup	5466	2019	1698
Middelfart	410	Asperup	5466	2020	1678
Middelfart	410	Asperup	5466	2021	1696
Middelfart	410	Asperup	5466	2022	1682
Middelfart	410	Asperup	5466	2023	1714
Middelfart	410	Asperup	5466	2024	1686
Middelfart	410	Asperup	5466	2025	1693
Middelfart	410	Asperup	5466	2026	1705
Middelfart	410	Middelfart	5500	2010	21546
Middelfart	410	Middelfart	5500	2011	21703
Middelfart	410	Middelfart	5500	2012	21660
Middelfart	410	Middelfart	5500	2013	21667
Middelfart	410	Middelfart	5500	2014	21742
Middelfart	410	Middelfart	5500	2015	21937
Middelfart	410	Middelfart	5500	2016	22032
Middelfart	410	Middelfart	5500	2017	22194
Middelfart	410	Middelfart	5500	2018	22370
Middelfart	410	Middelfart	5500	2019	22649
Middelfart	410	Middelfart	5500	2020	23024
Middelfart	410	Middelfart	5500	2021	23152
Middelfart	410	Middelfart	5500	2022	23493
Middelfart	410	Middelfart	5500	2023	23738
Middelfart	410	Middelfart	5500	2024	24061
Middelfart	410	Middelfart	5500	2025	24272
Middelfart	410	Middelfart	5500	2026	24636
Middelfart	410	Aarup	5560	2010	175
Middelfart	410	Aarup	5560	2011	169
Middelfart	410	Aarup	5560	2012	176
Middelfart	410	Aarup	5560	2013	173
Middelfart	410	Aarup	5560	2014	162
Middelfart	410	Aarup	5560	2015	162
Middelfart	410	Aarup	5560	2016	163
Middelfart	410	Aarup	5560	2017	159
Middelfart	410	Aarup	5560	2018	157
Middelfart	410	Aarup	5560	2019	157
Middelfart	410	Aarup	5560	2020	157
Middelfart	410	Aarup	5560	2021	151
Middelfart	410	Aarup	5560	2022	155
Middelfart	410	Aarup	5560	2023	165
Middelfart	410	Aarup	5560	2024	166
Middelfart	410	Aarup	5560	2025	158
Middelfart	410	Aarup	5560	2026	162
Middelfart	410	Nørre Aaby	5580	2010	4278
Middelfart	410	Nørre Aaby	5580	2011	4228
Middelfart	410	Nørre Aaby	5580	2012	4206
Middelfart	410	Nørre Aaby	5580	2013	4240
Middelfart	410	Nørre Aaby	5580	2014	4264
Middelfart	410	Nørre Aaby	5580	2015	4260
Middelfart	410	Nørre Aaby	5580	2016	4224
Middelfart	410	Nørre Aaby	5580	2017	4266
Middelfart	410	Nørre Aaby	5580	2018	4235
Middelfart	410	Nørre Aaby	5580	2019	4279
Middelfart	410	Nørre Aaby	5580	2020	4300
Middelfart	410	Nørre Aaby	5580	2021	4326
Middelfart	410	Nørre Aaby	5580	2022	4475
Middelfart	410	Nørre Aaby	5580	2023	4532
Middelfart	410	Nørre Aaby	5580	2024	4503
Middelfart	410	Nørre Aaby	5580	2025	4452
Middelfart	410	Nørre Aaby	5580	2026	4395
Middelfart	410	Gelsted	5591	2010	2619
Middelfart	410	Gelsted	5591	2011	2595
Middelfart	410	Gelsted	5591	2012	2619
Middelfart	410	Gelsted	5591	2013	2582
Middelfart	410	Gelsted	5591	2014	2579
Middelfart	410	Gelsted	5591	2015	2570
Middelfart	410	Gelsted	5591	2016	2597
Middelfart	410	Gelsted	5591	2017	2560
Middelfart	410	Gelsted	5591	2018	2554
Middelfart	410	Gelsted	5591	2019	2553
Middelfart	410	Gelsted	5591	2020	2551
Middelfart	410	Gelsted	5591	2021	2556
Middelfart	410	Gelsted	5591	2022	2545
Middelfart	410	Gelsted	5591	2023	2541
Middelfart	410	Gelsted	5591	2024	2567
Middelfart	410	Gelsted	5591	2025	2536
Middelfart	410	Gelsted	5591	2026	2512
Middelfart	410	Ejby	5592	2010	3389
Middelfart	410	Ejby	5592	2011	3376
Middelfart	410	Ejby	5592	2012	3343
Middelfart	410	Ejby	5592	2013	3303
Middelfart	410	Ejby	5592	2014	3325
Middelfart	410	Ejby	5592	2015	3288
Middelfart	410	Ejby	5592	2016	3303
Middelfart	410	Ejby	5592	2017	3373
Middelfart	410	Ejby	5592	2018	3373
Middelfart	410	Ejby	5592	2019	3389
Middelfart	410	Ejby	5592	2020	3392
Middelfart	410	Ejby	5592	2021	3445
Middelfart	410	Ejby	5592	2022	3430
Middelfart	410	Ejby	5592	2023	3437
Middelfart	410	Ejby	5592	2024	3378
Middelfart	410	Ejby	5592	2025	3365
Middelfart	410	Ejby	5592	2026	3394
Middelfart	410	Ukendt	9999	2010	28
Middelfart	410	Ukendt	9999	2011	20
Middelfart	410	Ukendt	9999	2012	23
Middelfart	410	Ukendt	9999	2013	18
Middelfart	410	Ukendt	9999	2014	24
Middelfart	410	Ukendt	9999	2015	27
Middelfart	410	Ukendt	9999	2016	31
Middelfart	410	Ukendt	9999	2017	26
Middelfart	410	Ukendt	9999	2018	34
Middelfart	410	Ukendt	9999	2019	32
Middelfart	410	Ukendt	9999	2020	26
Middelfart	410	Ukendt	9999	2021	24
Middelfart	410	Ukendt	9999	2022	19
Middelfart	410	Ukendt	9999	2023	27
Middelfart	410	Ukendt	9999	2024	34
Middelfart	410	Ukendt	9999	2025	39
Middelfart	410	Ukendt	9999	2026	40
Christiansø	411	Gudhjem	3760	2010	101
Christiansø	411	Gudhjem	3760	2011	94
Christiansø	411	Gudhjem	3760	2012	103
Christiansø	411	Gudhjem	3760	2013	92
Christiansø	411	Gudhjem	3760	2014	90
Christiansø	411	Gudhjem	3760	2015	91
Christiansø	411	Gudhjem	3760	2016	91
Christiansø	411	Gudhjem	3760	2017	78
Christiansø	411	Gudhjem	3760	2018	83
Christiansø	411	Gudhjem	3760	2019	90
Christiansø	411	Gudhjem	3760	2020	84
Christiansø	411	Gudhjem	3760	2021	90
Christiansø	411	Gudhjem	3760	2022	93
Christiansø	411	Gudhjem	3760	2023	93
Christiansø	411	Gudhjem	3760	2024	91
Christiansø	411	Gudhjem	3760	2025	90
Christiansø	411	Gudhjem	3760	2026	92
Christiansø	411	Ukendt	9999	2010	0
Christiansø	411	Ukendt	9999	2011	0
Christiansø	411	Ukendt	9999	2012	0
Christiansø	411	Ukendt	9999	2013	0
Christiansø	411	Ukendt	9999	2014	0
Christiansø	411	Ukendt	9999	2015	0
Christiansø	411	Ukendt	9999	2016	0
Christiansø	411	Ukendt	9999	2017	0
Christiansø	411	Ukendt	9999	2018	0
Christiansø	411	Ukendt	9999	2019	0
Christiansø	411	Ukendt	9999	2020	0
Christiansø	411	Ukendt	9999	2021	0
Christiansø	411	Ukendt	9999	2022	0
Christiansø	411	Ukendt	9999	2023	0
Christiansø	411	Ukendt	9999	2024	0
Christiansø	411	Ukendt	9999	2025	0
Christiansø	411	Ukendt	9999	2026	0
Assens	420	Vissenbjerg	5492	2010	6103
Assens	420	Vissenbjerg	5492	2011	6022
Assens	420	Vissenbjerg	5492	2012	6043
Assens	420	Vissenbjerg	5492	2013	5991
Assens	420	Vissenbjerg	5492	2014	5948
Assens	420	Vissenbjerg	5492	2015	5939
Assens	420	Vissenbjerg	5492	2016	5995
Assens	420	Vissenbjerg	5492	2017	5998
Assens	420	Vissenbjerg	5492	2018	5997
Assens	420	Vissenbjerg	5492	2019	6012
Assens	420	Vissenbjerg	5492	2020	5998
Assens	420	Vissenbjerg	5492	2021	5941
Assens	420	Vissenbjerg	5492	2022	5985
Assens	420	Vissenbjerg	5492	2023	5999
Assens	420	Vissenbjerg	5492	2024	5876
Assens	420	Vissenbjerg	5492	2025	5842
Assens	420	Vissenbjerg	5492	2026	5875
Assens	420	Aarup	5560	2010	5716
Assens	420	Aarup	5560	2011	5677
Assens	420	Aarup	5560	2012	5668
Assens	420	Aarup	5560	2013	5695
Assens	420	Aarup	5560	2014	5663
Assens	420	Aarup	5560	2015	5663
Assens	420	Aarup	5560	2016	5687
Assens	420	Aarup	5560	2017	5695
Assens	420	Aarup	5560	2018	5698
Assens	420	Aarup	5560	2019	5700
Assens	420	Aarup	5560	2020	5698
Assens	420	Aarup	5560	2021	5634
Assens	420	Aarup	5560	2022	5669
Assens	420	Aarup	5560	2023	5615
Assens	420	Aarup	5560	2024	5642
Assens	420	Aarup	5560	2025	5652
Assens	420	Aarup	5560	2026	5662
Assens	420	Assens	5610	2010	9092
Assens	420	Assens	5610	2011	9043
Assens	420	Assens	5610	2012	9029
Assens	420	Assens	5610	2013	8908
Assens	420	Assens	5610	2014	8820
Assens	420	Assens	5610	2015	8894
Assens	420	Assens	5610	2016	8967
Assens	420	Assens	5610	2017	9083
Assens	420	Assens	5610	2018	9021
Assens	420	Assens	5610	2019	8965
Assens	420	Assens	5610	2020	8833
Assens	420	Assens	5610	2021	8850
Assens	420	Assens	5610	2022	8826
Assens	420	Assens	5610	2023	8836
Assens	420	Assens	5610	2024	8699
Assens	420	Assens	5610	2025	8585
Assens	420	Assens	5610	2026	8431
Assens	420	Glamsbjerg	5620	2010	6050
Assens	420	Glamsbjerg	5620	2011	5989
Assens	420	Glamsbjerg	5620	2012	5929
Assens	420	Glamsbjerg	5620	2013	5952
Assens	420	Glamsbjerg	5620	2014	5946
Assens	420	Glamsbjerg	5620	2015	5919
Assens	420	Glamsbjerg	5620	2016	5877
Assens	420	Glamsbjerg	5620	2017	5934
Assens	420	Glamsbjerg	5620	2018	5965
Assens	420	Glamsbjerg	5620	2019	5875
Assens	420	Glamsbjerg	5620	2020	5902
Assens	420	Glamsbjerg	5620	2021	5888
Assens	420	Glamsbjerg	5620	2022	5941
Assens	420	Glamsbjerg	5620	2023	5856
Assens	420	Glamsbjerg	5620	2024	5852
Assens	420	Glamsbjerg	5620	2025	5828
Assens	420	Glamsbjerg	5620	2026	5772
Assens	420	Ebberup	5631	2010	1928
Assens	420	Ebberup	5631	2011	1880
Assens	420	Ebberup	5631	2012	1860
Assens	420	Ebberup	5631	2013	1868
Assens	420	Ebberup	5631	2014	1839
Assens	420	Ebberup	5631	2015	1835
Assens	420	Ebberup	5631	2016	1839
Assens	420	Ebberup	5631	2017	1817
Assens	420	Ebberup	5631	2018	1785
Assens	420	Ebberup	5631	2019	1766
Assens	420	Ebberup	5631	2020	1735
Assens	420	Ebberup	5631	2021	1709
Assens	420	Ebberup	5631	2022	1699
Assens	420	Ebberup	5631	2023	1726
Assens	420	Ebberup	5631	2024	1754
Assens	420	Ebberup	5631	2025	1747
Assens	420	Ebberup	5631	2026	1733
Assens	420	Millinge	5642	2010	13
Assens	420	Millinge	5642	2011	10
Assens	420	Millinge	5642	2012	10
Assens	420	Millinge	5642	2013	9
Assens	420	Millinge	5642	2014	9
Assens	420	Millinge	5642	2015	10
Assens	420	Millinge	5642	2016	11
Assens	420	Millinge	5642	2017	11
Assens	420	Millinge	5642	2018	10
Assens	420	Millinge	5642	2019	9
Assens	420	Millinge	5642	2020	8
Assens	420	Millinge	5642	2021	7
Assens	420	Millinge	5642	2022	9
Assens	420	Millinge	5642	2023	8
Assens	420	Millinge	5642	2024	6
Assens	420	Millinge	5642	2025	6
Assens	420	Millinge	5642	2026	8
Assens	420	Haarby	5683	2010	5053
Assens	420	Haarby	5683	2011	4993
Assens	420	Haarby	5683	2012	4956
Assens	420	Haarby	5683	2013	4923
Assens	420	Haarby	5683	2014	4837
Assens	420	Haarby	5683	2015	4786
Assens	420	Haarby	5683	2016	4788
Assens	420	Haarby	5683	2017	4756
Assens	420	Haarby	5683	2018	4763
Assens	420	Haarby	5683	2019	4780
Assens	420	Haarby	5683	2020	4737
Assens	420	Haarby	5683	2021	4730
Assens	420	Haarby	5683	2022	4732
Assens	420	Haarby	5683	2023	4810
Assens	420	Haarby	5683	2024	4756
Assens	420	Haarby	5683	2025	4770
Assens	420	Haarby	5683	2026	4775
Assens	420	Tommerup	5690	2010	8096
Assens	420	Tommerup	5690	2011	8016
Assens	420	Tommerup	5690	2012	7935
Assens	420	Tommerup	5690	2013	7968
Assens	420	Tommerup	5690	2014	7955
Assens	420	Tommerup	5690	2015	7980
Assens	420	Tommerup	5690	2016	8040
Assens	420	Tommerup	5690	2017	8080
Assens	420	Tommerup	5690	2018	8079
Assens	420	Tommerup	5690	2019	8095
Assens	420	Tommerup	5690	2020	8041
Assens	420	Tommerup	5690	2021	8094
Assens	420	Tommerup	5690	2022	8089
Assens	420	Tommerup	5690	2023	8079
Assens	420	Tommerup	5690	2024	8047
Assens	420	Tommerup	5690	2025	8021
Assens	420	Tommerup	5690	2026	8095
Assens	420	Ukendt	9999	2010	3
Assens	420	Ukendt	9999	2011	5
Assens	420	Ukendt	9999	2012	13
Assens	420	Ukendt	9999	2013	11
Assens	420	Ukendt	9999	2014	20
Assens	420	Ukendt	9999	2015	20
Assens	420	Ukendt	9999	2016	20
Assens	420	Ukendt	9999	2017	16
Assens	420	Ukendt	9999	2018	10
Assens	420	Ukendt	9999	2019	10
Assens	420	Ukendt	9999	2020	13
Assens	420	Ukendt	9999	2021	14
Assens	420	Ukendt	9999	2022	22
Assens	420	Ukendt	9999	2023	15
Assens	420	Ukendt	9999	2024	14
Assens	420	Ukendt	9999	2025	18
Assens	420	Ukendt	9999	2026	18
Faaborg-Midtfyn	430	Langeskov	5550	2010	131
Faaborg-Midtfyn	430	Langeskov	5550	2011	126
Faaborg-Midtfyn	430	Langeskov	5550	2012	128
Faaborg-Midtfyn	430	Langeskov	5550	2013	129
Faaborg-Midtfyn	430	Langeskov	5550	2014	133
Faaborg-Midtfyn	430	Langeskov	5550	2015	131
Faaborg-Midtfyn	430	Langeskov	5550	2016	128
Faaborg-Midtfyn	430	Langeskov	5550	2017	128
Faaborg-Midtfyn	430	Langeskov	5550	2018	122
Faaborg-Midtfyn	430	Langeskov	5550	2019	115
Faaborg-Midtfyn	430	Langeskov	5550	2020	115
Faaborg-Midtfyn	430	Langeskov	5550	2021	116
Faaborg-Midtfyn	430	Langeskov	5550	2022	104
Faaborg-Midtfyn	430	Langeskov	5550	2023	103
Faaborg-Midtfyn	430	Langeskov	5550	2024	106
Faaborg-Midtfyn	430	Langeskov	5550	2025	101
Faaborg-Midtfyn	430	Langeskov	5550	2026	99
Faaborg-Midtfyn	430	Faaborg	5600	2010	15793
Faaborg-Midtfyn	430	Faaborg	5600	2011	15635
Faaborg-Midtfyn	430	Faaborg	5600	2012	15524
Faaborg-Midtfyn	430	Faaborg	5600	2013	15465
Faaborg-Midtfyn	430	Faaborg	5600	2014	15231
Faaborg-Midtfyn	430	Faaborg	5600	2015	15075
Faaborg-Midtfyn	430	Faaborg	5600	2016	15110
Faaborg-Midtfyn	430	Faaborg	5600	2017	15049
Faaborg-Midtfyn	430	Faaborg	5600	2018	14750
Faaborg-Midtfyn	430	Faaborg	5600	2019	14677
Faaborg-Midtfyn	430	Faaborg	5600	2020	14469
Faaborg-Midtfyn	430	Faaborg	5600	2021	14386
Faaborg-Midtfyn	430	Faaborg	5600	2022	14310
Faaborg-Midtfyn	430	Faaborg	5600	2023	14312
Faaborg-Midtfyn	430	Faaborg	5600	2024	14108
Faaborg-Midtfyn	430	Faaborg	5600	2025	13978
Faaborg-Midtfyn	430	Faaborg	5600	2026	14087
Faaborg-Midtfyn	430	Lyø	5601	2010	0
Faaborg-Midtfyn	430	Lyø	5601	2011	0
Faaborg-Midtfyn	430	Lyø	5601	2012	0
Faaborg-Midtfyn	430	Lyø	5601	2013	0
Faaborg-Midtfyn	430	Lyø	5601	2014	0
Faaborg-Midtfyn	430	Lyø	5601	2015	0
Faaborg-Midtfyn	430	Lyø	5601	2016	0
Faaborg-Midtfyn	430	Lyø	5601	2017	0
Faaborg-Midtfyn	430	Lyø	5601	2018	88
Faaborg-Midtfyn	430	Lyø	5601	2019	86
Faaborg-Midtfyn	430	Lyø	5601	2020	81
Faaborg-Midtfyn	430	Lyø	5601	2021	82
Faaborg-Midtfyn	430	Lyø	5601	2022	86
Faaborg-Midtfyn	430	Lyø	5601	2023	81
Faaborg-Midtfyn	430	Lyø	5601	2024	85
Faaborg-Midtfyn	430	Lyø	5601	2025	90
Faaborg-Midtfyn	430	Lyø	5601	2026	104
Faaborg-Midtfyn	430	Avernakø	5602	2010	0
Faaborg-Midtfyn	430	Avernakø	5602	2011	0
Faaborg-Midtfyn	430	Avernakø	5602	2012	0
Faaborg-Midtfyn	430	Avernakø	5602	2013	0
Faaborg-Midtfyn	430	Avernakø	5602	2014	0
Faaborg-Midtfyn	430	Avernakø	5602	2015	0
Faaborg-Midtfyn	430	Avernakø	5602	2016	0
Faaborg-Midtfyn	430	Avernakø	5602	2017	0
Faaborg-Midtfyn	430	Avernakø	5602	2018	110
Faaborg-Midtfyn	430	Avernakø	5602	2019	106
Faaborg-Midtfyn	430	Avernakø	5602	2020	97
Faaborg-Midtfyn	430	Avernakø	5602	2021	110
Faaborg-Midtfyn	430	Avernakø	5602	2022	121
Faaborg-Midtfyn	430	Avernakø	5602	2023	112
Faaborg-Midtfyn	430	Avernakø	5602	2024	107
Faaborg-Midtfyn	430	Avernakø	5602	2025	110
Faaborg-Midtfyn	430	Avernakø	5602	2026	102
Faaborg-Midtfyn	430	Bjørnø	5603	2010	0
Faaborg-Midtfyn	430	Bjørnø	5603	2011	0
Faaborg-Midtfyn	430	Bjørnø	5603	2012	0
Faaborg-Midtfyn	430	Bjørnø	5603	2013	0
Faaborg-Midtfyn	430	Bjørnø	5603	2014	0
Faaborg-Midtfyn	430	Bjørnø	5603	2015	0
Faaborg-Midtfyn	430	Bjørnø	5603	2016	0
Faaborg-Midtfyn	430	Bjørnø	5603	2017	0
Faaborg-Midtfyn	430	Bjørnø	5603	2018	34
Faaborg-Midtfyn	430	Bjørnø	5603	2019	35
Faaborg-Midtfyn	430	Bjørnø	5603	2020	26
Faaborg-Midtfyn	430	Bjørnø	5603	2021	24
Faaborg-Midtfyn	430	Bjørnø	5603	2022	25
Faaborg-Midtfyn	430	Bjørnø	5603	2023	27
Faaborg-Midtfyn	430	Bjørnø	5603	2024	32
Faaborg-Midtfyn	430	Bjørnø	5603	2025	27
Faaborg-Midtfyn	430	Bjørnø	5603	2026	26
Faaborg-Midtfyn	430	Millinge	5642	2010	1248
Faaborg-Midtfyn	430	Millinge	5642	2011	1255
Faaborg-Midtfyn	430	Millinge	5642	2012	1232
Faaborg-Midtfyn	430	Millinge	5642	2013	1211
Faaborg-Midtfyn	430	Millinge	5642	2014	1210
Faaborg-Midtfyn	430	Millinge	5642	2015	1168
Faaborg-Midtfyn	430	Millinge	5642	2016	1170
Faaborg-Midtfyn	430	Millinge	5642	2017	1181
Faaborg-Midtfyn	430	Millinge	5642	2018	1171
Faaborg-Midtfyn	430	Millinge	5642	2019	1170
Faaborg-Midtfyn	430	Millinge	5642	2020	1158
Faaborg-Midtfyn	430	Millinge	5642	2021	1139
Faaborg-Midtfyn	430	Millinge	5642	2022	1134
Faaborg-Midtfyn	430	Millinge	5642	2023	1103
Faaborg-Midtfyn	430	Millinge	5642	2024	1085
Faaborg-Midtfyn	430	Millinge	5642	2025	1090
Faaborg-Midtfyn	430	Millinge	5642	2026	1067
Faaborg-Midtfyn	430	Broby	5672	2010	6328
Faaborg-Midtfyn	430	Broby	5672	2011	6293
Faaborg-Midtfyn	430	Broby	5672	2012	6239
Faaborg-Midtfyn	430	Broby	5672	2013	6206
Faaborg-Midtfyn	430	Broby	5672	2014	6132
Faaborg-Midtfyn	430	Broby	5672	2015	6128
Faaborg-Midtfyn	430	Broby	5672	2016	6141
Faaborg-Midtfyn	430	Broby	5672	2017	6155
Faaborg-Midtfyn	430	Broby	5672	2018	6166
Faaborg-Midtfyn	430	Broby	5672	2019	6203
Faaborg-Midtfyn	430	Broby	5672	2020	6132
Faaborg-Midtfyn	430	Broby	5672	2021	6092
Faaborg-Midtfyn	430	Broby	5672	2022	6024
Faaborg-Midtfyn	430	Broby	5672	2023	6046
Faaborg-Midtfyn	430	Broby	5672	2024	6037
Faaborg-Midtfyn	430	Broby	5672	2025	6032
Faaborg-Midtfyn	430	Broby	5672	2026	5984
Faaborg-Midtfyn	430	Ringe	5750	2010	11952
Faaborg-Midtfyn	430	Ringe	5750	2011	11992
Faaborg-Midtfyn	430	Ringe	5750	2012	11938
Faaborg-Midtfyn	430	Ringe	5750	2013	11859
Faaborg-Midtfyn	430	Ringe	5750	2014	11908
Faaborg-Midtfyn	430	Ringe	5750	2015	11950
Faaborg-Midtfyn	430	Ringe	5750	2016	12090
Faaborg-Midtfyn	430	Ringe	5750	2017	12095
Faaborg-Midtfyn	430	Ringe	5750	2018	12213
Faaborg-Midtfyn	430	Ringe	5750	2019	12380
Faaborg-Midtfyn	430	Ringe	5750	2020	12424
Faaborg-Midtfyn	430	Ringe	5750	2021	12454
Faaborg-Midtfyn	430	Ringe	5750	2022	12719
Faaborg-Midtfyn	430	Ringe	5750	2023	12909
Faaborg-Midtfyn	430	Ringe	5750	2024	12913
Faaborg-Midtfyn	430	Ringe	5750	2025	12952
Faaborg-Midtfyn	430	Ringe	5750	2026	12986
Faaborg-Midtfyn	430	Vester Skerninge	5762	2010	6
Faaborg-Midtfyn	430	Vester Skerninge	5762	2011	6
Faaborg-Midtfyn	430	Vester Skerninge	5762	2012	5
Faaborg-Midtfyn	430	Vester Skerninge	5762	2013	6
Faaborg-Midtfyn	430	Vester Skerninge	5762	2014	7
Faaborg-Midtfyn	430	Vester Skerninge	5762	2015	5
Faaborg-Midtfyn	430	Vester Skerninge	5762	2016	5
Faaborg-Midtfyn	430	Vester Skerninge	5762	2017	4
Faaborg-Midtfyn	430	Vester Skerninge	5762	2018	5
Faaborg-Midtfyn	430	Vester Skerninge	5762	2019	5
Faaborg-Midtfyn	430	Vester Skerninge	5762	2020	6
Faaborg-Midtfyn	430	Vester Skerninge	5762	2021	5
Faaborg-Midtfyn	430	Vester Skerninge	5762	2022	5
Faaborg-Midtfyn	430	Vester Skerninge	5762	2023	6
Faaborg-Midtfyn	430	Vester Skerninge	5762	2024	3
Faaborg-Midtfyn	430	Vester Skerninge	5762	2025	3
Faaborg-Midtfyn	430	Vester Skerninge	5762	2026	5
Faaborg-Midtfyn	430	Stenstrup	5771	2010	4
Faaborg-Midtfyn	430	Stenstrup	5771	2011	4
Faaborg-Midtfyn	430	Stenstrup	5771	2012	4
Faaborg-Midtfyn	430	Stenstrup	5771	2013	4
Faaborg-Midtfyn	430	Stenstrup	5771	2014	4
Faaborg-Midtfyn	430	Stenstrup	5771	2015	4
Faaborg-Midtfyn	430	Stenstrup	5771	2016	4
Faaborg-Midtfyn	430	Stenstrup	5771	2017	4
Faaborg-Midtfyn	430	Stenstrup	5771	2018	4
Faaborg-Midtfyn	430	Stenstrup	5771	2019	4
Faaborg-Midtfyn	430	Stenstrup	5771	2020	4
Faaborg-Midtfyn	430	Stenstrup	5771	2021	4
Faaborg-Midtfyn	430	Stenstrup	5771	2022	3
Faaborg-Midtfyn	430	Stenstrup	5771	2023	3
Faaborg-Midtfyn	430	Stenstrup	5771	2024	5
Faaborg-Midtfyn	430	Stenstrup	5771	2025	5
Faaborg-Midtfyn	430	Stenstrup	5771	2026	4
Faaborg-Midtfyn	430	Kværndrup	5772	2010	2562
Faaborg-Midtfyn	430	Kværndrup	5772	2011	2550
Faaborg-Midtfyn	430	Kværndrup	5772	2012	2548
Faaborg-Midtfyn	430	Kværndrup	5772	2013	2581
Faaborg-Midtfyn	430	Kværndrup	5772	2014	2535
Faaborg-Midtfyn	430	Kværndrup	5772	2015	2549
Faaborg-Midtfyn	430	Kværndrup	5772	2016	2594
Faaborg-Midtfyn	430	Kværndrup	5772	2017	2632
Faaborg-Midtfyn	430	Kværndrup	5772	2018	2655
Faaborg-Midtfyn	430	Kværndrup	5772	2019	2647
Faaborg-Midtfyn	430	Kværndrup	5772	2020	2616
Faaborg-Midtfyn	430	Kværndrup	5772	2021	2620
Faaborg-Midtfyn	430	Kværndrup	5772	2022	2588
Faaborg-Midtfyn	430	Kværndrup	5772	2023	2584
Faaborg-Midtfyn	430	Kværndrup	5772	2024	2590
Faaborg-Midtfyn	430	Kværndrup	5772	2025	2572
Faaborg-Midtfyn	430	Kværndrup	5772	2026	2532
Faaborg-Midtfyn	430	Årslev	5792	2010	8247
Faaborg-Midtfyn	430	Årslev	5792	2011	8251
Faaborg-Midtfyn	430	Årslev	5792	2012	8228
Faaborg-Midtfyn	430	Årslev	5792	2013	8195
Faaborg-Midtfyn	430	Årslev	5792	2014	8243
Faaborg-Midtfyn	430	Årslev	5792	2015	8291
Faaborg-Midtfyn	430	Årslev	5792	2016	8354
Faaborg-Midtfyn	430	Årslev	5792	2017	8420
Faaborg-Midtfyn	430	Årslev	5792	2018	8490
Faaborg-Midtfyn	430	Årslev	5792	2019	8687
Faaborg-Midtfyn	430	Årslev	5792	2020	8726
Faaborg-Midtfyn	430	Årslev	5792	2021	8938
Faaborg-Midtfyn	430	Årslev	5792	2022	9036
Faaborg-Midtfyn	430	Årslev	5792	2023	9206
Faaborg-Midtfyn	430	Årslev	5792	2024	9407
Faaborg-Midtfyn	430	Årslev	5792	2025	9434
Faaborg-Midtfyn	430	Årslev	5792	2026	9434
Faaborg-Midtfyn	430	Ørbæk	5853	2010	4
Faaborg-Midtfyn	430	Ørbæk	5853	2011	3
Faaborg-Midtfyn	430	Ørbæk	5853	2012	3
Faaborg-Midtfyn	430	Ørbæk	5853	2013	3
Faaborg-Midtfyn	430	Ørbæk	5853	2014	3
Faaborg-Midtfyn	430	Ørbæk	5853	2015	3
Faaborg-Midtfyn	430	Ørbæk	5853	2016	3
Faaborg-Midtfyn	430	Ørbæk	5853	2017	3
Faaborg-Midtfyn	430	Ørbæk	5853	2018	3
Faaborg-Midtfyn	430	Ørbæk	5853	2019	3
Faaborg-Midtfyn	430	Ørbæk	5853	2020	3
Faaborg-Midtfyn	430	Ørbæk	5853	2021	2
Faaborg-Midtfyn	430	Ørbæk	5853	2022	0
Faaborg-Midtfyn	430	Ørbæk	5853	2023	0
Faaborg-Midtfyn	430	Ørbæk	5853	2024	3
Faaborg-Midtfyn	430	Ørbæk	5853	2025	2
Faaborg-Midtfyn	430	Ørbæk	5853	2026	1
Faaborg-Midtfyn	430	Gislev	5854	2010	2016
Faaborg-Midtfyn	430	Gislev	5854	2011	2011
Faaborg-Midtfyn	430	Gislev	5854	2012	1976
Faaborg-Midtfyn	430	Gislev	5854	2013	1962
Faaborg-Midtfyn	430	Gislev	5854	2014	1936
Faaborg-Midtfyn	430	Gislev	5854	2015	1931
Faaborg-Midtfyn	430	Gislev	5854	2016	1906
Faaborg-Midtfyn	430	Gislev	5854	2017	1913
Faaborg-Midtfyn	430	Gislev	5854	2018	1924
Faaborg-Midtfyn	430	Gislev	5854	2019	1883
Faaborg-Midtfyn	430	Gislev	5854	2020	1863
Faaborg-Midtfyn	430	Gislev	5854	2021	1861
Faaborg-Midtfyn	430	Gislev	5854	2022	1836
Faaborg-Midtfyn	430	Gislev	5854	2023	1850
Faaborg-Midtfyn	430	Gislev	5854	2024	1838
Faaborg-Midtfyn	430	Gislev	5854	2025	1811
Faaborg-Midtfyn	430	Gislev	5854	2026	1813
Faaborg-Midtfyn	430	Ryslinge	5856	2010	2215
Faaborg-Midtfyn	430	Ryslinge	5856	2011	2199
Faaborg-Midtfyn	430	Ryslinge	5856	2012	2207
Faaborg-Midtfyn	430	Ryslinge	5856	2013	2180
Faaborg-Midtfyn	430	Ryslinge	5856	2014	2135
Faaborg-Midtfyn	430	Ryslinge	5856	2015	2111
Faaborg-Midtfyn	430	Ryslinge	5856	2016	2110
Faaborg-Midtfyn	430	Ryslinge	5856	2017	2159
Faaborg-Midtfyn	430	Ryslinge	5856	2018	2125
Faaborg-Midtfyn	430	Ryslinge	5856	2019	2138
Faaborg-Midtfyn	430	Ryslinge	5856	2020	2140
Faaborg-Midtfyn	430	Ryslinge	5856	2021	2139
Faaborg-Midtfyn	430	Ryslinge	5856	2022	2139
Faaborg-Midtfyn	430	Ryslinge	5856	2023	2179
Faaborg-Midtfyn	430	Ryslinge	5856	2024	2252
Faaborg-Midtfyn	430	Ryslinge	5856	2025	2343
Faaborg-Midtfyn	430	Ryslinge	5856	2026	2365
Faaborg-Midtfyn	430	Ferritslev Fyn	5863	2010	1579
Faaborg-Midtfyn	430	Ferritslev Fyn	5863	2011	1601
Faaborg-Midtfyn	430	Ferritslev Fyn	5863	2012	1602
Faaborg-Midtfyn	430	Ferritslev Fyn	5863	2013	1605
Faaborg-Midtfyn	430	Ferritslev Fyn	5863	2014	1601
Faaborg-Midtfyn	430	Ferritslev Fyn	5863	2015	1607
Faaborg-Midtfyn	430	Ferritslev Fyn	5863	2016	1621
Faaborg-Midtfyn	430	Ferritslev Fyn	5863	2017	1632
Faaborg-Midtfyn	430	Ferritslev Fyn	5863	2018	1675
Faaborg-Midtfyn	430	Ferritslev Fyn	5863	2019	1669
Faaborg-Midtfyn	430	Ferritslev Fyn	5863	2020	1690
Faaborg-Midtfyn	430	Ferritslev Fyn	5863	2021	1705
Faaborg-Midtfyn	430	Ferritslev Fyn	5863	2022	1700
Faaborg-Midtfyn	430	Ferritslev Fyn	5863	2023	1720
Faaborg-Midtfyn	430	Ferritslev Fyn	5863	2024	1709
Faaborg-Midtfyn	430	Ferritslev Fyn	5863	2025	1725
Faaborg-Midtfyn	430	Ferritslev Fyn	5863	2026	1711
Faaborg-Midtfyn	430	Ukendt	9999	2010	0
Faaborg-Midtfyn	430	Ukendt	9999	2011	0
Faaborg-Midtfyn	430	Ukendt	9999	2012	1
Faaborg-Midtfyn	430	Ukendt	9999	2013	3
Faaborg-Midtfyn	430	Ukendt	9999	2014	0
Faaborg-Midtfyn	430	Ukendt	9999	2015	0
Faaborg-Midtfyn	430	Ukendt	9999	2016	0
Faaborg-Midtfyn	430	Ukendt	9999	2017	1
Faaborg-Midtfyn	430	Ukendt	9999	2018	1
Faaborg-Midtfyn	430	Ukendt	9999	2019	1
Faaborg-Midtfyn	430	Ukendt	9999	2020	6
Faaborg-Midtfyn	430	Ukendt	9999	2021	6
Faaborg-Midtfyn	430	Ukendt	9999	2022	19
Faaborg-Midtfyn	430	Ukendt	9999	2023	12
Faaborg-Midtfyn	430	Ukendt	9999	2024	11
Faaborg-Midtfyn	430	Ukendt	9999	2025	9
Faaborg-Midtfyn	430	Ukendt	9999	2026	8
Kerteminde	440	Marslev	5290	2010	1337
Kerteminde	440	Marslev	5290	2011	1331
Kerteminde	440	Marslev	5290	2012	1362
Kerteminde	440	Marslev	5290	2013	1378
Kerteminde	440	Marslev	5290	2014	1389
Kerteminde	440	Marslev	5290	2015	1375
Kerteminde	440	Marslev	5290	2016	1376
Kerteminde	440	Marslev	5290	2017	1351
Kerteminde	440	Marslev	5290	2018	1370
Kerteminde	440	Marslev	5290	2019	1340
Kerteminde	440	Marslev	5290	2020	1339
Kerteminde	440	Marslev	5290	2021	1344
Kerteminde	440	Marslev	5290	2022	1328
Kerteminde	440	Marslev	5290	2023	1295
Kerteminde	440	Marslev	5290	2024	1317
Kerteminde	440	Marslev	5290	2025	1294
Kerteminde	440	Marslev	5290	2026	1302
Kerteminde	440	Kerteminde	5300	2010	7842
Kerteminde	440	Kerteminde	5300	2011	7783
Kerteminde	440	Kerteminde	5300	2012	7839
Kerteminde	440	Kerteminde	5300	2013	7920
Kerteminde	440	Kerteminde	5300	2014	7896
Kerteminde	440	Kerteminde	5300	2015	7945
Kerteminde	440	Kerteminde	5300	2016	8052
Kerteminde	440	Kerteminde	5300	2017	7981
Kerteminde	440	Kerteminde	5300	2018	7974
Kerteminde	440	Kerteminde	5300	2019	7984
Kerteminde	440	Kerteminde	5300	2020	8052
Kerteminde	440	Kerteminde	5300	2021	8026
Kerteminde	440	Kerteminde	5300	2022	8068
Kerteminde	440	Kerteminde	5300	2023	8081
Kerteminde	440	Kerteminde	5300	2024	8039
Kerteminde	440	Kerteminde	5300	2025	8089
Kerteminde	440	Kerteminde	5300	2026	8144
Kerteminde	440	Munkebo	5330	2010	5966
Kerteminde	440	Munkebo	5330	2011	6005
Kerteminde	440	Munkebo	5330	2012	6054
Kerteminde	440	Munkebo	5330	2013	6029
Kerteminde	440	Munkebo	5330	2014	5947
Kerteminde	440	Munkebo	5330	2015	5986
Kerteminde	440	Munkebo	5330	2016	6002
Kerteminde	440	Munkebo	5330	2017	5972
Kerteminde	440	Munkebo	5330	2018	5937
Kerteminde	440	Munkebo	5330	2019	5941
Kerteminde	440	Munkebo	5330	2020	5881
Kerteminde	440	Munkebo	5330	2021	5877
Kerteminde	440	Munkebo	5330	2022	5918
Kerteminde	440	Munkebo	5330	2023	5877
Kerteminde	440	Munkebo	5330	2024	5805
Kerteminde	440	Munkebo	5330	2025	5740
Kerteminde	440	Munkebo	5330	2026	5867
Kerteminde	440	Rynkeby	5350	2010	928
Kerteminde	440	Rynkeby	5350	2011	929
Kerteminde	440	Rynkeby	5350	2012	903
Kerteminde	440	Rynkeby	5350	2013	887
Kerteminde	440	Rynkeby	5350	2014	879
Kerteminde	440	Rynkeby	5350	2015	899
Kerteminde	440	Rynkeby	5350	2016	890
Kerteminde	440	Rynkeby	5350	2017	887
Kerteminde	440	Rynkeby	5350	2018	868
Kerteminde	440	Rynkeby	5350	2019	855
Kerteminde	440	Rynkeby	5350	2020	851
Kerteminde	440	Rynkeby	5350	2021	846
Kerteminde	440	Rynkeby	5350	2022	833
Kerteminde	440	Rynkeby	5350	2023	816
Kerteminde	440	Rynkeby	5350	2024	830
Kerteminde	440	Rynkeby	5350	2025	822
Kerteminde	440	Rynkeby	5350	2026	876
Kerteminde	440	Mesinge	5370	2010	1011
Kerteminde	440	Mesinge	5370	2011	1015
Kerteminde	440	Mesinge	5370	2012	993
Kerteminde	440	Mesinge	5370	2013	984
Kerteminde	440	Mesinge	5370	2014	992
Kerteminde	440	Mesinge	5370	2015	977
Kerteminde	440	Mesinge	5370	2016	969
Kerteminde	440	Mesinge	5370	2017	964
Kerteminde	440	Mesinge	5370	2018	954
Kerteminde	440	Mesinge	5370	2019	971
Kerteminde	440	Mesinge	5370	2020	956
Kerteminde	440	Mesinge	5370	2021	948
Kerteminde	440	Mesinge	5370	2022	971
Kerteminde	440	Mesinge	5370	2023	975
Kerteminde	440	Mesinge	5370	2024	945
Kerteminde	440	Mesinge	5370	2025	936
Kerteminde	440	Mesinge	5370	2026	922
Kerteminde	440	Dalby	5380	2010	599
Kerteminde	440	Dalby	5380	2011	607
Kerteminde	440	Dalby	5380	2012	600
Kerteminde	440	Dalby	5380	2013	569
Kerteminde	440	Dalby	5380	2014	569
Kerteminde	440	Dalby	5380	2015	563
Kerteminde	440	Dalby	5380	2016	554
Kerteminde	440	Dalby	5380	2017	547
Kerteminde	440	Dalby	5380	2018	543
Kerteminde	440	Dalby	5380	2019	550
Kerteminde	440	Dalby	5380	2020	554
Kerteminde	440	Dalby	5380	2021	537
Kerteminde	440	Dalby	5380	2022	537
Kerteminde	440	Dalby	5380	2023	517
Kerteminde	440	Dalby	5380	2024	520
Kerteminde	440	Dalby	5380	2025	505
Kerteminde	440	Dalby	5380	2026	510
Kerteminde	440	Martofte	5390	2010	517
Kerteminde	440	Martofte	5390	2011	504
Kerteminde	440	Martofte	5390	2012	507
Kerteminde	440	Martofte	5390	2013	479
Kerteminde	440	Martofte	5390	2014	463
Kerteminde	440	Martofte	5390	2015	449
Kerteminde	440	Martofte	5390	2016	455
Kerteminde	440	Martofte	5390	2017	458
Kerteminde	440	Martofte	5390	2018	464
Kerteminde	440	Martofte	5390	2019	463
Kerteminde	440	Martofte	5390	2020	455
Kerteminde	440	Martofte	5390	2021	455
Kerteminde	440	Martofte	5390	2022	446
Kerteminde	440	Martofte	5390	2023	438
Kerteminde	440	Martofte	5390	2024	426
Kerteminde	440	Martofte	5390	2025	410
Kerteminde	440	Martofte	5390	2026	433
Kerteminde	440	Ullerslev	5540	2010	73
Kerteminde	440	Ullerslev	5540	2011	77
Kerteminde	440	Ullerslev	5540	2012	77
Kerteminde	440	Ullerslev	5540	2013	81
Kerteminde	440	Ullerslev	5540	2014	80
Kerteminde	440	Ullerslev	5540	2015	81
Kerteminde	440	Ullerslev	5540	2016	77
Kerteminde	440	Ullerslev	5540	2017	81
Kerteminde	440	Ullerslev	5540	2018	83
Kerteminde	440	Ullerslev	5540	2019	75
Kerteminde	440	Ullerslev	5540	2020	89
Kerteminde	440	Ullerslev	5540	2021	75
Kerteminde	440	Ullerslev	5540	2022	77
Kerteminde	440	Ullerslev	5540	2023	91
Kerteminde	440	Ullerslev	5540	2024	94
Kerteminde	440	Ullerslev	5540	2025	99
Kerteminde	440	Ullerslev	5540	2026	91
Kerteminde	440	Langeskov	5550	2010	5497
Kerteminde	440	Langeskov	5550	2011	5507
Kerteminde	440	Langeskov	5550	2012	5457
Kerteminde	440	Langeskov	5550	2013	5460
Kerteminde	440	Langeskov	5550	2014	5450
Kerteminde	440	Langeskov	5550	2015	5452
Kerteminde	440	Langeskov	5550	2016	5494
Kerteminde	440	Langeskov	5550	2017	5528
Kerteminde	440	Langeskov	5550	2018	5556
Kerteminde	440	Langeskov	5550	2019	5591
Kerteminde	440	Langeskov	5550	2020	5632
Kerteminde	440	Langeskov	5550	2021	5736
Kerteminde	440	Langeskov	5550	2022	5853
Kerteminde	440	Langeskov	5550	2023	5898
Kerteminde	440	Langeskov	5550	2024	5915
Kerteminde	440	Langeskov	5550	2025	6048
Kerteminde	440	Langeskov	5550	2026	6148
Kerteminde	440	Ukendt	9999	2010	0
Kerteminde	440	Ukendt	9999	2011	0
Kerteminde	440	Ukendt	9999	2012	1
Kerteminde	440	Ukendt	9999	2013	0
Kerteminde	440	Ukendt	9999	2014	0
Kerteminde	440	Ukendt	9999	2015	1
Kerteminde	440	Ukendt	9999	2016	11
Kerteminde	440	Ukendt	9999	2017	5
Kerteminde	440	Ukendt	9999	2018	7
Kerteminde	440	Ukendt	9999	2019	3
Kerteminde	440	Ukendt	9999	2020	3
Kerteminde	440	Ukendt	9999	2021	3
Kerteminde	440	Ukendt	9999	2022	3
Kerteminde	440	Ukendt	9999	2023	3
Kerteminde	440	Ukendt	9999	2024	3
Kerteminde	440	Ukendt	9999	2025	6
Kerteminde	440	Ukendt	9999	2026	6
Nyborg	450	Ullerslev	5540	2010	5399
Nyborg	450	Ullerslev	5540	2011	5353
Nyborg	450	Ullerslev	5540	2012	5305
Nyborg	450	Ullerslev	5540	2013	5302
Nyborg	450	Ullerslev	5540	2014	5239
Nyborg	450	Ullerslev	5540	2015	5233
Nyborg	450	Ullerslev	5540	2016	5264
Nyborg	450	Ullerslev	5540	2017	5297
Nyborg	450	Ullerslev	5540	2018	5231
Nyborg	450	Ullerslev	5540	2019	5242
Nyborg	450	Ullerslev	5540	2020	5147
Nyborg	450	Ullerslev	5540	2021	5036
Nyborg	450	Ullerslev	5540	2022	4994
Nyborg	450	Ullerslev	5540	2023	4990
Nyborg	450	Ullerslev	5540	2024	4964
Nyborg	450	Ullerslev	5540	2025	5034
Nyborg	450	Ullerslev	5540	2026	5070
Nyborg	450	Langeskov	5550	2010	67
Nyborg	450	Langeskov	5550	2011	66
Nyborg	450	Langeskov	5550	2012	62
Nyborg	450	Langeskov	5550	2013	63
Nyborg	450	Langeskov	5550	2014	66
Nyborg	450	Langeskov	5550	2015	65
Nyborg	450	Langeskov	5550	2016	62
Nyborg	450	Langeskov	5550	2017	61
Nyborg	450	Langeskov	5550	2018	63
Nyborg	450	Langeskov	5550	2019	66
Nyborg	450	Langeskov	5550	2020	64
Nyborg	450	Langeskov	5550	2021	63
Nyborg	450	Langeskov	5550	2022	72
Nyborg	450	Langeskov	5550	2023	69
Nyborg	450	Langeskov	5550	2024	68
Nyborg	450	Langeskov	5550	2025	70
Nyborg	450	Langeskov	5550	2026	64
Nyborg	450	Nyborg	5800	2010	19430
Nyborg	450	Nyborg	5800	2011	19299
Nyborg	450	Nyborg	5800	2012	19345
Nyborg	450	Nyborg	5800	2013	19244
Nyborg	450	Nyborg	5800	2014	19250
Nyborg	450	Nyborg	5800	2015	19528
Nyborg	450	Nyborg	5800	2016	19774
Nyborg	450	Nyborg	5800	2017	19982
Nyborg	450	Nyborg	5800	2018	19937
Nyborg	450	Nyborg	5800	2019	19974
Nyborg	450	Nyborg	5800	2020	20070
Nyborg	450	Nyborg	5800	2021	20208
Nyborg	450	Nyborg	5800	2022	20341
Nyborg	450	Nyborg	5800	2023	20630
Nyborg	450	Nyborg	5800	2024	20582
Nyborg	450	Nyborg	5800	2025	20665
Nyborg	450	Nyborg	5800	2026	20735
Nyborg	450	Ørbæk	5853	2010	4810
Nyborg	450	Ørbæk	5853	2011	4784
Nyborg	450	Ørbæk	5853	2012	4812
Nyborg	450	Ørbæk	5853	2013	4819
Nyborg	450	Ørbæk	5853	2014	4832
Nyborg	450	Ørbæk	5853	2015	4811
Nyborg	450	Ørbæk	5853	2016	4827
Nyborg	450	Ørbæk	5853	2017	4849
Nyborg	450	Ørbæk	5853	2018	4841
Nyborg	450	Ørbæk	5853	2019	4820
Nyborg	450	Ørbæk	5853	2020	4829
Nyborg	450	Ørbæk	5853	2021	4765
Nyborg	450	Ørbæk	5853	2022	4809
Nyborg	450	Ørbæk	5853	2023	4709
Nyborg	450	Ørbæk	5853	2024	4724
Nyborg	450	Ørbæk	5853	2025	4726
Nyborg	450	Ørbæk	5853	2026	4690
Nyborg	450	Frørup	5871	2010	1683
Nyborg	450	Frørup	5871	2011	1694
Nyborg	450	Frørup	5871	2012	1664
Nyborg	450	Frørup	5871	2013	1623
Nyborg	450	Frørup	5871	2014	1628
Nyborg	450	Frørup	5871	2015	1643
Nyborg	450	Frørup	5871	2016	1672
Nyborg	450	Frørup	5871	2017	1660
Nyborg	450	Frørup	5871	2018	1663
Nyborg	450	Frørup	5871	2019	1642
Nyborg	450	Frørup	5871	2020	1612
Nyborg	450	Frørup	5871	2021	1573
Nyborg	450	Frørup	5871	2022	1593
Nyborg	450	Frørup	5871	2023	1585
Nyborg	450	Frørup	5871	2024	1570
Nyborg	450	Frørup	5871	2025	1546
Nyborg	450	Frørup	5871	2026	1550
Nyborg	450	Hesselager	5874	2010	301
Nyborg	450	Hesselager	5874	2011	303
Nyborg	450	Hesselager	5874	2012	298
Nyborg	450	Hesselager	5874	2013	297
Nyborg	450	Hesselager	5874	2014	299
Nyborg	450	Hesselager	5874	2015	293
Nyborg	450	Hesselager	5874	2016	287
Nyborg	450	Hesselager	5874	2017	289
Nyborg	450	Hesselager	5874	2018	296
Nyborg	450	Hesselager	5874	2019	297
Nyborg	450	Hesselager	5874	2020	285
Nyborg	450	Hesselager	5874	2021	287
Nyborg	450	Hesselager	5874	2022	287
Nyborg	450	Hesselager	5874	2023	278
Nyborg	450	Hesselager	5874	2024	284
Nyborg	450	Hesselager	5874	2025	288
Nyborg	450	Hesselager	5874	2026	292
Nyborg	450	Ukendt	9999	2010	0
Nyborg	450	Ukendt	9999	2011	0
Nyborg	450	Ukendt	9999	2012	0
Nyborg	450	Ukendt	9999	2013	2
Nyborg	450	Ukendt	9999	2014	0
Nyborg	450	Ukendt	9999	2015	0
Nyborg	450	Ukendt	9999	2016	0
Nyborg	450	Ukendt	9999	2017	4
Nyborg	450	Ukendt	9999	2018	1
Nyborg	450	Ukendt	9999	2019	1
Nyborg	450	Ukendt	9999	2020	2
Nyborg	450	Ukendt	9999	2021	1
Nyborg	450	Ukendt	9999	2022	2
Nyborg	450	Ukendt	9999	2023	1
Nyborg	450	Ukendt	9999	2024	1
Nyborg	450	Ukendt	9999	2025	0
Nyborg	450	Ukendt	9999	2026	0
Odense	461	Odense C	5000	2010	46908
Odense	461	Odense C	5000	2011	47425
Odense	461	Odense C	5000	2012	48102
Odense	461	Odense C	5000	2013	48996
Odense	461	Odense C	5000	2014	50121
Odense	461	Odense C	5000	2015	51156
Odense	461	Odense C	5000	2016	52073
Odense	461	Odense C	5000	2017	53169
Odense	461	Odense C	5000	2018	54186
Odense	461	Odense C	5000	2019	54991
Odense	461	Odense C	5000	2020	55715
Odense	461	Odense C	5000	2021	56265
Odense	461	Odense C	5000	2022	56932
Odense	461	Odense C	5000	2023	57270
Odense	461	Odense C	5000	2024	57127
Odense	461	Odense C	5000	2025	57683
Odense	461	Odense C	5000	2026	58234
Odense	461	Odense V	5200	2010	9450
Odense	461	Odense V	5200	2011	9441
Odense	461	Odense V	5200	2012	9492
Odense	461	Odense V	5200	2013	9549
Odense	461	Odense V	5200	2014	9678
Odense	461	Odense V	5200	2015	9782
Odense	461	Odense V	5200	2016	9902
Odense	461	Odense V	5200	2017	9985
Odense	461	Odense V	5200	2018	10129
Odense	461	Odense V	5200	2019	10030
Odense	461	Odense V	5200	2020	10016
Odense	461	Odense V	5200	2021	10106
Odense	461	Odense V	5200	2022	10632
Odense	461	Odense V	5200	2023	11336
Odense	461	Odense V	5200	2024	12308
Odense	461	Odense V	5200	2025	13018
Odense	461	Odense V	5200	2026	13568
Odense	461	Odense NV	5210	2010	16932
Odense	461	Odense NV	5210	2011	17098
Odense	461	Odense NV	5210	2012	17295
Odense	461	Odense NV	5210	2013	17494
Odense	461	Odense NV	5210	2014	17646
Odense	461	Odense NV	5210	2015	17773
Odense	461	Odense NV	5210	2016	17842
Odense	461	Odense NV	5210	2017	17845
Odense	461	Odense NV	5210	2018	17916
Odense	461	Odense NV	5210	2019	17944
Odense	461	Odense NV	5210	2020	17922
Odense	461	Odense NV	5210	2021	17777
Odense	461	Odense NV	5210	2022	17708
Odense	461	Odense NV	5210	2023	17824
Odense	461	Odense NV	5210	2024	17958
Odense	461	Odense NV	5210	2025	17880
Odense	461	Odense NV	5210	2026	18092
Odense	461	Odense SØ	5220	2010	18054
Odense	461	Odense SØ	5220	2011	18223
Odense	461	Odense SØ	5220	2012	18339
Odense	461	Odense SØ	5220	2013	18340
Odense	461	Odense SØ	5220	2014	18476
Odense	461	Odense SØ	5220	2015	18443
Odense	461	Odense SØ	5220	2016	18204
Odense	461	Odense SØ	5220	2017	18359
Odense	461	Odense SØ	5220	2018	18447
Odense	461	Odense SØ	5220	2019	18835
Odense	461	Odense SØ	5220	2020	18852
Odense	461	Odense SØ	5220	2021	19052
Odense	461	Odense SØ	5220	2022	18837
Odense	461	Odense SØ	5220	2023	18805
Odense	461	Odense SØ	5220	2024	18650
Odense	461	Odense SØ	5220	2025	18535
Odense	461	Odense SØ	5220	2026	18561
Odense	461	Odense M	5230	2010	17754
Odense	461	Odense M	5230	2011	18029
Odense	461	Odense M	5230	2012	18165
Odense	461	Odense M	5230	2013	18288
Odense	461	Odense M	5230	2014	18499
Odense	461	Odense M	5230	2015	18463
Odense	461	Odense M	5230	2016	18670
Odense	461	Odense M	5230	2017	18815
Odense	461	Odense M	5230	2018	19041
Odense	461	Odense M	5230	2019	19207
Odense	461	Odense M	5230	2020	19578
Odense	461	Odense M	5230	2021	19890
Odense	461	Odense M	5230	2022	19641
Odense	461	Odense M	5230	2023	20032
Odense	461	Odense M	5230	2024	20274
Odense	461	Odense M	5230	2025	20389
Odense	461	Odense M	5230	2026	20702
Odense	461	Odense NØ	5240	2010	16558
Odense	461	Odense NØ	5240	2011	16605
Odense	461	Odense NØ	5240	2012	16564
Odense	461	Odense NØ	5240	2013	16644
Odense	461	Odense NØ	5240	2014	16876
Odense	461	Odense NØ	5240	2015	17071
Odense	461	Odense NØ	5240	2016	17278
Odense	461	Odense NØ	5240	2017	17344
Odense	461	Odense NØ	5240	2018	17324
Odense	461	Odense NØ	5240	2019	17425
Odense	461	Odense NØ	5240	2020	17305
Odense	461	Odense NØ	5240	2021	16907
Odense	461	Odense NØ	5240	2022	16275
Odense	461	Odense NØ	5240	2023	15694
Odense	461	Odense NØ	5240	2024	15342
Odense	461	Odense NØ	5240	2025	15023
Odense	461	Odense NØ	5240	2026	14759
Odense	461	Odense SV	5250	2010	22912
Odense	461	Odense SV	5250	2011	23101
Odense	461	Odense SV	5250	2012	23109
Odense	461	Odense SV	5250	2013	23287
Odense	461	Odense SV	5250	2014	23300
Odense	461	Odense SV	5250	2015	23330
Odense	461	Odense SV	5250	2016	23458
Odense	461	Odense SV	5250	2017	23473
Odense	461	Odense SV	5250	2018	23401
Odense	461	Odense SV	5250	2019	23424
Odense	461	Odense SV	5250	2020	23402
Odense	461	Odense SV	5250	2021	23605
Odense	461	Odense SV	5250	2022	23995
Odense	461	Odense SV	5250	2023	24305
Odense	461	Odense SV	5250	2024	24519
Odense	461	Odense SV	5250	2025	24941
Odense	461	Odense SV	5250	2026	25422
Odense	461	Odense S	5260	2010	17211
Odense	461	Odense S	5260	2011	17258
Odense	461	Odense S	5260	2012	17385
Odense	461	Odense S	5260	2013	17647
Odense	461	Odense S	5260	2014	17962
Odense	461	Odense S	5260	2015	18115
Odense	461	Odense S	5260	2016	18169
Odense	461	Odense S	5260	2017	18284
Odense	461	Odense S	5260	2018	18351
Odense	461	Odense S	5260	2019	18570
Odense	461	Odense S	5260	2020	18480
Odense	461	Odense S	5260	2021	18506
Odense	461	Odense S	5260	2022	18394
Odense	461	Odense S	5260	2023	18421
Odense	461	Odense S	5260	2024	18616
Odense	461	Odense S	5260	2025	19057
Odense	461	Odense S	5260	2026	19184
Odense	461	Odense N	5270	2010	18032
Odense	461	Odense N	5270	2011	18099
Odense	461	Odense N	5270	2012	18188
Odense	461	Odense N	5270	2013	18204
Odense	461	Odense N	5270	2014	18255
Odense	461	Odense N	5270	2015	18302
Odense	461	Odense N	5270	2016	18300
Odense	461	Odense N	5270	2017	18260
Odense	461	Odense N	5270	2018	18445
Odense	461	Odense N	5270	2019	18615
Odense	461	Odense N	5270	2020	18516
Odense	461	Odense N	5270	2021	18425
Odense	461	Odense N	5270	2022	18481
Odense	461	Odense N	5270	2023	18598
Odense	461	Odense N	5270	2024	18720
Odense	461	Odense N	5270	2025	18706
Odense	461	Odense N	5270	2026	18729
Odense	461	Agedrup	5320	2010	3246
Odense	461	Agedrup	5320	2011	3265
Odense	461	Agedrup	5320	2012	3242
Odense	461	Agedrup	5320	2013	3245
Odense	461	Agedrup	5320	2014	3227
Odense	461	Agedrup	5320	2015	3228
Odense	461	Agedrup	5320	2016	3215
Odense	461	Agedrup	5320	2017	3223
Odense	461	Agedrup	5320	2018	3257
Odense	461	Agedrup	5320	2019	3282
Odense	461	Agedrup	5320	2020	3283
Odense	461	Agedrup	5320	2021	3243
Odense	461	Agedrup	5320	2022	3333
Odense	461	Agedrup	5320	2023	3664
Odense	461	Agedrup	5320	2024	3769
Odense	461	Agedrup	5320	2025	3860
Odense	461	Agedrup	5320	2026	4124
Odense	461	Munkebo	5330	2010	46
Odense	461	Munkebo	5330	2011	52
Odense	461	Munkebo	5330	2012	53
Odense	461	Munkebo	5330	2013	46
Odense	461	Munkebo	5330	2014	43
Odense	461	Munkebo	5330	2015	43
Odense	461	Munkebo	5330	2016	41
Odense	461	Munkebo	5330	2017	41
Odense	461	Munkebo	5330	2018	39
Odense	461	Munkebo	5330	2019	42
Odense	461	Munkebo	5330	2020	38
Odense	461	Munkebo	5330	2021	41
Odense	461	Munkebo	5330	2022	48
Odense	461	Munkebo	5330	2023	46
Odense	461	Munkebo	5330	2024	52
Odense	461	Munkebo	5330	2025	43
Odense	461	Munkebo	5330	2026	52
Odense	461	Blommenslyst	5491	2010	1325
Odense	461	Blommenslyst	5491	2011	1318
Odense	461	Blommenslyst	5491	2012	1313
Odense	461	Blommenslyst	5491	2013	1305
Odense	461	Blommenslyst	5491	2014	1364
Odense	461	Blommenslyst	5491	2015	1311
Odense	461	Blommenslyst	5491	2016	1365
Odense	461	Blommenslyst	5491	2017	1349
Odense	461	Blommenslyst	5491	2018	1373
Odense	461	Blommenslyst	5491	2019	1397
Odense	461	Blommenslyst	5491	2020	1378
Odense	461	Blommenslyst	5491	2021	1347
Odense	461	Blommenslyst	5491	2022	1362
Odense	461	Blommenslyst	5491	2023	1362
Odense	461	Blommenslyst	5491	2024	1355
Odense	461	Blommenslyst	5491	2025	1311
Odense	461	Blommenslyst	5491	2026	1320
Odense	461	Vissenbjerg	5492	2010	5
Odense	461	Vissenbjerg	5492	2011	5
Odense	461	Vissenbjerg	5492	2012	5
Odense	461	Vissenbjerg	5492	2013	5
Odense	461	Vissenbjerg	5492	2014	6
Odense	461	Vissenbjerg	5492	2015	6
Odense	461	Vissenbjerg	5492	2016	6
Odense	461	Vissenbjerg	5492	2017	6
Odense	461	Vissenbjerg	5492	2018	6
Odense	461	Vissenbjerg	5492	2019	6
Odense	461	Vissenbjerg	5492	2020	6
Odense	461	Vissenbjerg	5492	2021	6
Odense	461	Vissenbjerg	5492	2022	6
Odense	461	Vissenbjerg	5492	2023	6
Odense	461	Vissenbjerg	5492	2024	6
Odense	461	Vissenbjerg	5492	2025	5
Odense	461	Vissenbjerg	5492	2026	5
Odense	461	Ukendt	9999	2010	344
Odense	461	Ukendt	9999	2011	326
Odense	461	Ukendt	9999	2012	358
Odense	461	Ukendt	9999	2013	320
Odense	461	Ukendt	9999	2014	344
Odense	461	Ukendt	9999	2015	457
Odense	461	Ukendt	9999	2016	449
Odense	461	Ukendt	9999	2017	410
Odense	461	Ukendt	9999	2018	433
Odense	461	Ukendt	9999	2019	414
Odense	461	Ukendt	9999	2020	404
Odense	461	Ukendt	9999	2021	339
Odense	461	Ukendt	9999	2022	334
Odense	461	Ukendt	9999	2023	399
Odense	461	Ukendt	9999	2024	382
Odense	461	Ukendt	9999	2025	352
Odense	461	Ukendt	9999	2026	416
Svendborg	479	Svendborg	5700	2010	40440
Svendborg	479	Svendborg	5700	2011	40304
Svendborg	479	Svendborg	5700	2012	40182
Svendborg	479	Svendborg	5700	2013	39992
Svendborg	479	Svendborg	5700	2014	39897
Svendborg	479	Svendborg	5700	2015	40017
Svendborg	479	Svendborg	5700	2016	40286
Svendborg	479	Svendborg	5700	2017	40468
Svendborg	479	Svendborg	5700	2018	40599
Svendborg	479	Svendborg	5700	2019	40525
Svendborg	479	Svendborg	5700	2020	40406
Svendborg	479	Svendborg	5700	2021	40624
Svendborg	479	Svendborg	5700	2022	41090
Svendborg	479	Svendborg	5700	2023	41697
Svendborg	479	Svendborg	5700	2024	41690
Svendborg	479	Svendborg	5700	2025	41896
Svendborg	479	Svendborg	5700	2026	41969
Svendborg	479	Vester Skerninge	5762	2010	4994
Svendborg	479	Vester Skerninge	5762	2011	5000
Svendborg	479	Vester Skerninge	5762	2012	4999
Svendborg	479	Vester Skerninge	5762	2013	4958
Svendborg	479	Vester Skerninge	5762	2014	4896
Svendborg	479	Vester Skerninge	5762	2015	4847
Svendborg	479	Vester Skerninge	5762	2016	4841
Svendborg	479	Vester Skerninge	5762	2017	4909
Svendborg	479	Vester Skerninge	5762	2018	4926
Svendborg	479	Vester Skerninge	5762	2019	4995
Svendborg	479	Vester Skerninge	5762	2020	4907
Svendborg	479	Vester Skerninge	5762	2021	4975
Svendborg	479	Vester Skerninge	5762	2022	5007
Svendborg	479	Vester Skerninge	5762	2023	5051
Svendborg	479	Vester Skerninge	5762	2024	5112
Svendborg	479	Vester Skerninge	5762	2025	5144
Svendborg	479	Vester Skerninge	5762	2026	5138
Svendborg	479	Stenstrup	5771	2010	4233
Svendborg	479	Stenstrup	5771	2011	4178
Svendborg	479	Stenstrup	5771	2012	4174
Svendborg	479	Stenstrup	5771	2013	4131
Svendborg	479	Stenstrup	5771	2014	4033
Svendborg	479	Stenstrup	5771	2015	4036
Svendborg	479	Stenstrup	5771	2016	4027
Svendborg	479	Stenstrup	5771	2017	4086
Svendborg	479	Stenstrup	5771	2018	4089
Svendborg	479	Stenstrup	5771	2019	4051
Svendborg	479	Stenstrup	5771	2020	4052
Svendborg	479	Stenstrup	5771	2021	4047
Svendborg	479	Stenstrup	5771	2022	4098
Svendborg	479	Stenstrup	5771	2023	4096
Svendborg	479	Stenstrup	5771	2024	4036
Svendborg	479	Stenstrup	5771	2025	4020
Svendborg	479	Stenstrup	5771	2026	4042
Svendborg	479	Kværndrup	5772	2010	11
Svendborg	479	Kværndrup	5772	2011	11
Svendborg	479	Kværndrup	5772	2012	7
Svendborg	479	Kværndrup	5772	2013	8
Svendborg	479	Kværndrup	5772	2014	9
Svendborg	479	Kværndrup	5772	2015	9
Svendborg	479	Kværndrup	5772	2016	9
Svendborg	479	Kværndrup	5772	2017	9
Svendborg	479	Kværndrup	5772	2018	9
Svendborg	479	Kværndrup	5772	2019	9
Svendborg	479	Kværndrup	5772	2020	10
Svendborg	479	Kværndrup	5772	2021	12
Svendborg	479	Kværndrup	5772	2022	12
Svendborg	479	Kværndrup	5772	2023	12
Svendborg	479	Kværndrup	5772	2024	12
Svendborg	479	Kværndrup	5772	2025	11
Svendborg	479	Kværndrup	5772	2026	11
Svendborg	479	Hesselager	5874	2010	2065
Svendborg	479	Hesselager	5874	2011	2048
Svendborg	479	Hesselager	5874	2012	2000
Svendborg	479	Hesselager	5874	2013	2018
Svendborg	479	Hesselager	5874	2014	2021
Svendborg	479	Hesselager	5874	2015	1968
Svendborg	479	Hesselager	5874	2016	1967
Svendborg	479	Hesselager	5874	2017	1929
Svendborg	479	Hesselager	5874	2018	2000
Svendborg	479	Hesselager	5874	2019	1980
Svendborg	479	Hesselager	5874	2020	1969
Svendborg	479	Hesselager	5874	2021	1987
Svendborg	479	Hesselager	5874	2022	1998
Svendborg	479	Hesselager	5874	2023	1924
Svendborg	479	Hesselager	5874	2024	1897
Svendborg	479	Hesselager	5874	2025	1903
Svendborg	479	Hesselager	5874	2026	1917
Svendborg	479	Skårup Fyn	5881	2010	2732
Svendborg	479	Skårup Fyn	5881	2011	2758
Svendborg	479	Skårup Fyn	5881	2012	2796
Svendborg	479	Skårup Fyn	5881	2013	2786
Svendborg	479	Skårup Fyn	5881	2014	2812
Svendborg	479	Skårup Fyn	5881	2015	2765
Svendborg	479	Skårup Fyn	5881	2016	2767
Svendborg	479	Skårup Fyn	5881	2017	2789
Svendborg	479	Skårup Fyn	5881	2018	2788
Svendborg	479	Skårup Fyn	5881	2019	2785
Svendborg	479	Skårup Fyn	5881	2020	2765
Svendborg	479	Skårup Fyn	5881	2021	2775
Svendborg	479	Skårup Fyn	5881	2022	2796
Svendborg	479	Skårup Fyn	5881	2023	2805
Svendborg	479	Skårup Fyn	5881	2024	2829
Svendborg	479	Skårup Fyn	5881	2025	2900
Svendborg	479	Skårup Fyn	5881	2026	2876
Svendborg	479	Vejstrup	5882	2010	962
Svendborg	479	Vejstrup	5882	2011	934
Svendborg	479	Vejstrup	5882	2012	917
Svendborg	479	Vejstrup	5882	2013	922
Svendborg	479	Vejstrup	5882	2014	913
Svendborg	479	Vejstrup	5882	2015	901
Svendborg	479	Vejstrup	5882	2016	912
Svendborg	479	Vejstrup	5882	2017	914
Svendborg	479	Vejstrup	5882	2018	908
Svendborg	479	Vejstrup	5882	2019	897
Svendborg	479	Vejstrup	5882	2020	889
Svendborg	479	Vejstrup	5882	2021	885
Svendborg	479	Vejstrup	5882	2022	873
Svendborg	479	Vejstrup	5882	2023	868
Svendborg	479	Vejstrup	5882	2024	855
Svendborg	479	Vejstrup	5882	2025	867
Svendborg	479	Vejstrup	5882	2026	877
Svendborg	479	Oure	5883	2010	1024
Svendborg	479	Oure	5883	2011	966
Svendborg	479	Oure	5883	2012	970
Svendborg	479	Oure	5883	2013	978
Svendborg	479	Oure	5883	2014	951
Svendborg	479	Oure	5883	2015	986
Svendborg	479	Oure	5883	2016	955
Svendborg	479	Oure	5883	2017	963
Svendborg	479	Oure	5883	2018	954
Svendborg	479	Oure	5883	2019	958
Svendborg	479	Oure	5883	2020	953
Svendborg	479	Oure	5883	2021	917
Svendborg	479	Oure	5883	2022	918
Svendborg	479	Oure	5883	2023	925
Svendborg	479	Oure	5883	2024	934
Svendborg	479	Oure	5883	2025	922
Svendborg	479	Oure	5883	2026	893
Svendborg	479	Gudme	5884	2010	1299
Svendborg	479	Gudme	5884	2011	1275
Svendborg	479	Gudme	5884	2012	1274
Svendborg	479	Gudme	5884	2013	1288
Svendborg	479	Gudme	5884	2014	1268
Svendborg	479	Gudme	5884	2015	1242
Svendborg	479	Gudme	5884	2016	1226
Svendborg	479	Gudme	5884	2017	1249
Svendborg	479	Gudme	5884	2018	1227
Svendborg	479	Gudme	5884	2019	1228
Svendborg	479	Gudme	5884	2020	1186
Svendborg	479	Gudme	5884	2021	1210
Svendborg	479	Gudme	5884	2022	1223
Svendborg	479	Gudme	5884	2023	1211
Svendborg	479	Gudme	5884	2024	1226
Svendborg	479	Gudme	5884	2025	1199
Svendborg	479	Gudme	5884	2026	1199
Svendborg	479	Gudbjerg Sydfyn	5892	2010	1166
Svendborg	479	Gudbjerg Sydfyn	5892	2011	1170
Svendborg	479	Gudbjerg Sydfyn	5892	2012	1170
Svendborg	479	Gudbjerg Sydfyn	5892	2013	1172
Svendborg	479	Gudbjerg Sydfyn	5892	2014	1120
Svendborg	479	Gudbjerg Sydfyn	5892	2015	1116
Svendborg	479	Gudbjerg Sydfyn	5892	2016	1105
Svendborg	479	Gudbjerg Sydfyn	5892	2017	1113
Svendborg	479	Gudbjerg Sydfyn	5892	2018	1099
Svendborg	479	Gudbjerg Sydfyn	5892	2019	1063
Svendborg	479	Gudbjerg Sydfyn	5892	2020	1048
Svendborg	479	Gudbjerg Sydfyn	5892	2021	1052
Svendborg	479	Gudbjerg Sydfyn	5892	2022	1046
Svendborg	479	Gudbjerg Sydfyn	5892	2023	1031
Svendborg	479	Gudbjerg Sydfyn	5892	2024	1040
Svendborg	479	Gudbjerg Sydfyn	5892	2025	1038
Svendborg	479	Gudbjerg Sydfyn	5892	2026	1022
Svendborg	479	Ukendt	9999	2010	72
Svendborg	479	Ukendt	9999	2011	69
Svendborg	479	Ukendt	9999	2012	62
Svendborg	479	Ukendt	9999	2013	43
Svendborg	479	Ukendt	9999	2014	59
Svendborg	479	Ukendt	9999	2015	101
Svendborg	479	Ukendt	9999	2016	133
Svendborg	479	Ukendt	9999	2017	81
Svendborg	479	Ukendt	9999	2018	99
Svendborg	479	Ukendt	9999	2019	108
Svendborg	479	Ukendt	9999	2020	111
Svendborg	479	Ukendt	9999	2021	104
Svendborg	479	Ukendt	9999	2022	132
Svendborg	479	Ukendt	9999	2023	115
Svendborg	479	Ukendt	9999	2024	96
Svendborg	479	Ukendt	9999	2025	101
Svendborg	479	Ukendt	9999	2026	83
Nordfyns	480	Odense N	5270	2010	89
Nordfyns	480	Odense N	5270	2011	84
Nordfyns	480	Odense N	5270	2012	86
Nordfyns	480	Odense N	5270	2013	89
Nordfyns	480	Odense N	5270	2014	81
Nordfyns	480	Odense N	5270	2015	76
Nordfyns	480	Odense N	5270	2016	74
Nordfyns	480	Odense N	5270	2017	71
Nordfyns	480	Odense N	5270	2018	76
Nordfyns	480	Odense N	5270	2019	73
Nordfyns	480	Odense N	5270	2020	73
Nordfyns	480	Odense N	5270	2021	82
Nordfyns	480	Odense N	5270	2022	84
Nordfyns	480	Odense N	5270	2023	84
Nordfyns	480	Odense N	5270	2024	80
Nordfyns	480	Odense N	5270	2025	81
Nordfyns	480	Odense N	5270	2026	80
Nordfyns	480	Bogense	5400	2010	6797
Nordfyns	480	Bogense	5400	2011	6724
Nordfyns	480	Bogense	5400	2012	6664
Nordfyns	480	Bogense	5400	2013	6691
Nordfyns	480	Bogense	5400	2014	6627
Nordfyns	480	Bogense	5400	2015	6597
Nordfyns	480	Bogense	5400	2016	6638
Nordfyns	480	Bogense	5400	2017	6614
Nordfyns	480	Bogense	5400	2018	6699
Nordfyns	480	Bogense	5400	2019	6730
Nordfyns	480	Bogense	5400	2020	6760
Nordfyns	480	Bogense	5400	2021	6682
Nordfyns	480	Bogense	5400	2022	6782
Nordfyns	480	Bogense	5400	2023	6713
Nordfyns	480	Bogense	5400	2024	6658
Nordfyns	480	Bogense	5400	2025	6581
Nordfyns	480	Bogense	5400	2026	6466
Nordfyns	480	Otterup	5450	2010	11018
Nordfyns	480	Otterup	5450	2011	11036
Nordfyns	480	Otterup	5450	2012	11019
Nordfyns	480	Otterup	5450	2013	11021
Nordfyns	480	Otterup	5450	2014	10920
Nordfyns	480	Otterup	5450	2015	10909
Nordfyns	480	Otterup	5450	2016	11053
Nordfyns	480	Otterup	5450	2017	11103
Nordfyns	480	Otterup	5450	2018	11067
Nordfyns	480	Otterup	5450	2019	11157
Nordfyns	480	Otterup	5450	2020	11094
Nordfyns	480	Otterup	5450	2021	11074
Nordfyns	480	Otterup	5450	2022	11090
Nordfyns	480	Otterup	5450	2023	11034
Nordfyns	480	Otterup	5450	2024	10988
Nordfyns	480	Otterup	5450	2025	10852
Nordfyns	480	Otterup	5450	2026	10797
Nordfyns	480	Morud	5462	2010	2555
Nordfyns	480	Morud	5462	2011	2550
Nordfyns	480	Morud	5462	2012	2530
Nordfyns	480	Morud	5462	2013	2518
Nordfyns	480	Morud	5462	2014	2518
Nordfyns	480	Morud	5462	2015	2538
Nordfyns	480	Morud	5462	2016	2537
Nordfyns	480	Morud	5462	2017	2618
Nordfyns	480	Morud	5462	2018	2633
Nordfyns	480	Morud	5462	2019	2697
Nordfyns	480	Morud	5462	2020	2735
Nordfyns	480	Morud	5462	2021	2708
Nordfyns	480	Morud	5462	2022	2755
Nordfyns	480	Morud	5462	2023	2864
Nordfyns	480	Morud	5462	2024	2839
Nordfyns	480	Morud	5462	2025	2829
Nordfyns	480	Morud	5462	2026	2830
Nordfyns	480	Søndersø	5471	2010	6995
Nordfyns	480	Søndersø	5471	2011	6984
Nordfyns	480	Søndersø	5471	2012	6912
Nordfyns	480	Søndersø	5471	2013	6815
Nordfyns	480	Søndersø	5471	2014	6821
Nordfyns	480	Søndersø	5471	2015	6831
Nordfyns	480	Søndersø	5471	2016	6908
Nordfyns	480	Søndersø	5471	2017	6984
Nordfyns	480	Søndersø	5471	2018	6986
Nordfyns	480	Søndersø	5471	2019	7001
Nordfyns	480	Søndersø	5471	2020	6975
Nordfyns	480	Søndersø	5471	2021	6974
Nordfyns	480	Søndersø	5471	2022	6953
Nordfyns	480	Søndersø	5471	2023	6962
Nordfyns	480	Søndersø	5471	2024	6982
Nordfyns	480	Søndersø	5471	2025	6972
Nordfyns	480	Søndersø	5471	2026	6983
Nordfyns	480	Veflinge	5474	2010	1291
Nordfyns	480	Veflinge	5474	2011	1259
Nordfyns	480	Veflinge	5474	2012	1265
Nordfyns	480	Veflinge	5474	2013	1259
Nordfyns	480	Veflinge	5474	2014	1266
Nordfyns	480	Veflinge	5474	2015	1247
Nordfyns	480	Veflinge	5474	2016	1238
Nordfyns	480	Veflinge	5474	2017	1237
Nordfyns	480	Veflinge	5474	2018	1244
Nordfyns	480	Veflinge	5474	2019	1234
Nordfyns	480	Veflinge	5474	2020	1215
Nordfyns	480	Veflinge	5474	2021	1221
Nordfyns	480	Veflinge	5474	2022	1247
Nordfyns	480	Veflinge	5474	2023	1239
Nordfyns	480	Veflinge	5474	2024	1250
Nordfyns	480	Veflinge	5474	2025	1222
Nordfyns	480	Veflinge	5474	2026	1221
Nordfyns	480	Skamby	5485	2010	858
Nordfyns	480	Skamby	5485	2011	836
Nordfyns	480	Skamby	5485	2012	821
Nordfyns	480	Skamby	5485	2013	800
Nordfyns	480	Skamby	5485	2014	803
Nordfyns	480	Skamby	5485	2015	798
Nordfyns	480	Skamby	5485	2016	818
Nordfyns	480	Skamby	5485	2017	786
Nordfyns	480	Skamby	5485	2018	777
Nordfyns	480	Skamby	5485	2019	765
Nordfyns	480	Skamby	5485	2020	780
Nordfyns	480	Skamby	5485	2021	776
Nordfyns	480	Skamby	5485	2022	771
Nordfyns	480	Skamby	5485	2023	799
Nordfyns	480	Skamby	5485	2024	777
Nordfyns	480	Skamby	5485	2025	770
Nordfyns	480	Skamby	5485	2026	763
Nordfyns	480	Blommenslyst	5491	2010	6
Nordfyns	480	Blommenslyst	5491	2011	5
Nordfyns	480	Blommenslyst	5491	2012	6
Nordfyns	480	Blommenslyst	5491	2013	5
Nordfyns	480	Blommenslyst	5491	2014	5
Nordfyns	480	Blommenslyst	5491	2015	5
Nordfyns	480	Blommenslyst	5491	2016	5
Nordfyns	480	Blommenslyst	5491	2017	5
Nordfyns	480	Blommenslyst	5491	2018	7
Nordfyns	480	Blommenslyst	5491	2019	7
Nordfyns	480	Blommenslyst	5491	2020	7
Nordfyns	480	Blommenslyst	5491	2021	8
Nordfyns	480	Blommenslyst	5491	2022	8
Nordfyns	480	Blommenslyst	5491	2023	8
Nordfyns	480	Blommenslyst	5491	2024	8
Nordfyns	480	Blommenslyst	5491	2025	8
Nordfyns	480	Blommenslyst	5491	2026	8
Nordfyns	480	Vissenbjerg	5492	2010	12
Nordfyns	480	Vissenbjerg	5492	2011	12
Nordfyns	480	Vissenbjerg	5492	2012	12
Nordfyns	480	Vissenbjerg	5492	2013	12
Nordfyns	480	Vissenbjerg	5492	2014	12
Nordfyns	480	Vissenbjerg	5492	2015	13
Nordfyns	480	Vissenbjerg	5492	2016	12
Nordfyns	480	Vissenbjerg	5492	2017	12
Nordfyns	480	Vissenbjerg	5492	2018	12
Nordfyns	480	Vissenbjerg	5492	2019	14
Nordfyns	480	Vissenbjerg	5492	2020	14
Nordfyns	480	Vissenbjerg	5492	2021	13
Nordfyns	480	Vissenbjerg	5492	2022	14
Nordfyns	480	Vissenbjerg	5492	2023	13
Nordfyns	480	Vissenbjerg	5492	2024	15
Nordfyns	480	Vissenbjerg	5492	2025	15
Nordfyns	480	Vissenbjerg	5492	2026	18
Nordfyns	480	Aarup	5560	2010	17
Nordfyns	480	Aarup	5560	2011	17
Nordfyns	480	Aarup	5560	2012	15
Nordfyns	480	Aarup	5560	2013	14
Nordfyns	480	Aarup	5560	2014	13
Nordfyns	480	Aarup	5560	2015	16
Nordfyns	480	Aarup	5560	2016	15
Nordfyns	480	Aarup	5560	2017	15
Nordfyns	480	Aarup	5560	2018	14
Nordfyns	480	Aarup	5560	2019	14
Nordfyns	480	Aarup	5560	2020	11
Nordfyns	480	Aarup	5560	2021	10
Nordfyns	480	Aarup	5560	2022	9
Nordfyns	480	Aarup	5560	2023	9
Nordfyns	480	Aarup	5560	2024	13
Nordfyns	480	Aarup	5560	2025	12
Nordfyns	480	Aarup	5560	2026	13
Nordfyns	480	Ukendt	9999	2010	0
Nordfyns	480	Ukendt	9999	2011	0
Nordfyns	480	Ukendt	9999	2012	0
Nordfyns	480	Ukendt	9999	2013	0
Nordfyns	480	Ukendt	9999	2014	0
Nordfyns	480	Ukendt	9999	2015	0
Nordfyns	480	Ukendt	9999	2016	0
Nordfyns	480	Ukendt	9999	2017	1
Nordfyns	480	Ukendt	9999	2018	1
Nordfyns	480	Ukendt	9999	2019	1
Nordfyns	480	Ukendt	9999	2020	1
Nordfyns	480	Ukendt	9999	2021	1
Nordfyns	480	Ukendt	9999	2022	1
Nordfyns	480	Ukendt	9999	2023	1
Nordfyns	480	Ukendt	9999	2024	0
Nordfyns	480	Ukendt	9999	2025	0
Nordfyns	480	Ukendt	9999	2026	0
Langeland	482	Rudkøbing	5900	2010	7568
Langeland	482	Rudkøbing	5900	2011	7559
Langeland	482	Rudkøbing	5900	2012	7466
Langeland	482	Rudkøbing	5900	2013	7331
Langeland	482	Rudkøbing	5900	2014	7294
Langeland	482	Rudkøbing	5900	2015	7289
Langeland	482	Rudkøbing	5900	2016	7226
Langeland	482	Rudkøbing	5900	2017	7284
Langeland	482	Rudkøbing	5900	2018	7152
Langeland	482	Rudkøbing	5900	2019	7138
Langeland	482	Rudkøbing	5900	2020	7041
Langeland	482	Rudkøbing	5900	2021	6954
Langeland	482	Rudkøbing	5900	2022	6916
Langeland	482	Rudkøbing	5900	2023	7036
Langeland	482	Rudkøbing	5900	2024	7025
Langeland	482	Rudkøbing	5900	2025	6855
Langeland	482	Rudkøbing	5900	2026	6788
Langeland	482	Humble	5932	2010	1982
Langeland	482	Humble	5932	2011	1942
Langeland	482	Humble	5932	2012	1906
Langeland	482	Humble	5932	2013	1862
Langeland	482	Humble	5932	2014	1828
Langeland	482	Humble	5932	2015	1801
Langeland	482	Humble	5932	2016	1802
Langeland	482	Humble	5932	2017	1797
Langeland	482	Humble	5932	2018	1809
Langeland	482	Humble	5932	2019	1786
Langeland	482	Humble	5932	2020	1807
Langeland	482	Humble	5932	2021	1774
Langeland	482	Humble	5932	2022	1738
Langeland	482	Humble	5932	2023	1740
Langeland	482	Humble	5932	2024	1702
Langeland	482	Humble	5932	2025	1612
Langeland	482	Humble	5932	2026	1612
Langeland	482	Bagenkop	5935	2010	801
Langeland	482	Bagenkop	5935	2011	762
Langeland	482	Bagenkop	5935	2012	760
Langeland	482	Bagenkop	5935	2013	732
Langeland	482	Bagenkop	5935	2014	721
Langeland	482	Bagenkop	5935	2015	722
Langeland	482	Bagenkop	5935	2016	711
Langeland	482	Bagenkop	5935	2017	700
Langeland	482	Bagenkop	5935	2018	682
Langeland	482	Bagenkop	5935	2019	661
Langeland	482	Bagenkop	5935	2020	681
Langeland	482	Bagenkop	5935	2021	689
Langeland	482	Bagenkop	5935	2022	690
Langeland	482	Bagenkop	5935	2023	689
Langeland	482	Bagenkop	5935	2024	678
Langeland	482	Bagenkop	5935	2025	648
Langeland	482	Bagenkop	5935	2026	636
Langeland	482	Strynø	5943	2010	0
Langeland	482	Strynø	5943	2011	0
Langeland	482	Strynø	5943	2012	0
Langeland	482	Strynø	5943	2013	0
Langeland	482	Strynø	5943	2014	0
Langeland	482	Strynø	5943	2015	0
Langeland	482	Strynø	5943	2016	0
Langeland	482	Strynø	5943	2017	0
Langeland	482	Strynø	5943	2018	182
Langeland	482	Strynø	5943	2019	188
Langeland	482	Strynø	5943	2020	197
Langeland	482	Strynø	5943	2021	209
Langeland	482	Strynø	5943	2022	218
Langeland	482	Strynø	5943	2023	219
Langeland	482	Strynø	5943	2024	222
Langeland	482	Strynø	5943	2025	216
Langeland	482	Strynø	5943	2026	215
Langeland	482	Tranekær	5953	2010	3149
Langeland	482	Tranekær	5953	2011	3052
Langeland	482	Tranekær	5953	2012	2952
Langeland	482	Tranekær	5953	2013	2921
Langeland	482	Tranekær	5953	2014	2830
Langeland	482	Tranekær	5953	2015	2827
Langeland	482	Tranekær	5953	2016	2800
Langeland	482	Tranekær	5953	2017	2788
Langeland	482	Tranekær	5953	2018	2805
Langeland	482	Tranekær	5953	2019	2775
Langeland	482	Tranekær	5953	2020	2751
Langeland	482	Tranekær	5953	2021	2721
Langeland	482	Tranekær	5953	2022	2734
Langeland	482	Tranekær	5953	2023	2675
Langeland	482	Tranekær	5953	2024	2608
Langeland	482	Tranekær	5953	2025	2627
Langeland	482	Tranekær	5953	2026	2575
Langeland	482	Ukendt	9999	2010	10
Langeland	482	Ukendt	9999	2011	7
Langeland	482	Ukendt	9999	2012	10
Langeland	482	Ukendt	9999	2013	15
Langeland	482	Ukendt	9999	2014	22
Langeland	482	Ukendt	9999	2015	8
Langeland	482	Ukendt	9999	2016	8
Langeland	482	Ukendt	9999	2017	9
Langeland	482	Ukendt	9999	2018	11
Langeland	482	Ukendt	9999	2019	12
Langeland	482	Ukendt	9999	2020	14
Langeland	482	Ukendt	9999	2021	20
Langeland	482	Ukendt	9999	2022	20
Langeland	482	Ukendt	9999	2023	25
Langeland	482	Ukendt	9999	2024	25
Langeland	482	Ukendt	9999	2025	15
Langeland	482	Ukendt	9999	2026	15
Ærø	492	Marstal	5960	2010	3059
Ærø	492	Marstal	5960	2011	3083
Ærø	492	Marstal	5960	2012	3096
Ærø	492	Marstal	5960	2013	3067
Ærø	492	Marstal	5960	2014	2994
Ærø	492	Marstal	5960	2015	2944
Ærø	492	Marstal	5960	2016	2960
Ærø	492	Marstal	5960	2017	2902
Ærø	492	Marstal	5960	2018	2877
Ærø	492	Marstal	5960	2019	2770
Ærø	492	Marstal	5960	2020	2738
Ærø	492	Marstal	5960	2021	2748
Ærø	492	Marstal	5960	2022	2749
Ærø	492	Marstal	5960	2023	2753
Ærø	492	Marstal	5960	2024	2700
Ærø	492	Marstal	5960	2025	2634
Ærø	492	Marstal	5960	2026	2587
Ærø	492	Birkholm	5965	2010	0
Ærø	492	Birkholm	5965	2011	0
Ærø	492	Birkholm	5965	2012	0
Ærø	492	Birkholm	5965	2013	0
Ærø	492	Birkholm	5965	2014	0
Ærø	492	Birkholm	5965	2015	0
Ærø	492	Birkholm	5965	2016	0
Ærø	492	Birkholm	5965	2017	0
Ærø	492	Birkholm	5965	2018	8
Ærø	492	Birkholm	5965	2019	8
Ærø	492	Birkholm	5965	2020	8
Ærø	492	Birkholm	5965	2021	9
Ærø	492	Birkholm	5965	2022	10
Ærø	492	Birkholm	5965	2023	11
Ærø	492	Birkholm	5965	2024	12
Ærø	492	Birkholm	5965	2025	11
Ærø	492	Birkholm	5965	2026	9
Ærø	492	Ærøskøbing	5970	2010	2648
Ærø	492	Ærøskøbing	5970	2011	2623
Ærø	492	Ærøskøbing	5970	2012	2593
Ærø	492	Ærøskøbing	5970	2013	2536
Ærø	492	Ærøskøbing	5970	2014	2511
Ærø	492	Ærøskøbing	5970	2015	2464
Ærø	492	Ærøskøbing	5970	2016	2483
Ærø	492	Ærøskøbing	5970	2017	2453
Ærø	492	Ærøskøbing	5970	2018	2487
Ærø	492	Ærøskøbing	5970	2019	2459
Ærø	492	Ærøskøbing	5970	2020	2429
Ærø	492	Ærøskøbing	5970	2021	2402
Ærø	492	Ærøskøbing	5970	2022	2432
Ærø	492	Ærøskøbing	5970	2023	2433
Ærø	492	Ærøskøbing	5970	2024	2433
Ærø	492	Ærøskøbing	5970	2025	2447
Ærø	492	Ærøskøbing	5970	2026	2378
Ærø	492	Søby Ærø	5985	2010	972
Ærø	492	Søby Ærø	5985	2011	957
Ærø	492	Søby Ærø	5985	2012	947
Ærø	492	Søby Ærø	5985	2013	924
Ærø	492	Søby Ærø	5985	2014	888
Ærø	492	Søby Ærø	5985	2015	868
Ærø	492	Søby Ærø	5985	2016	847
Ærø	492	Søby Ærø	5985	2017	821
Ærø	492	Søby Ærø	5985	2018	806
Ærø	492	Søby Ærø	5985	2019	821
Ærø	492	Søby Ærø	5985	2020	789
Ærø	492	Søby Ærø	5985	2021	801
Ærø	492	Søby Ærø	5985	2022	834
Ærø	492	Søby Ærø	5985	2023	811
Ærø	492	Søby Ærø	5985	2024	815
Ærø	492	Søby Ærø	5985	2025	789
Ærø	492	Søby Ærø	5985	2026	792
Ærø	492	Ukendt	9999	2010	0
Ærø	492	Ukendt	9999	2011	0
Ærø	492	Ukendt	9999	2012	0
Ærø	492	Ukendt	9999	2013	0
Ærø	492	Ukendt	9999	2014	0
Ærø	492	Ukendt	9999	2015	0
Ærø	492	Ukendt	9999	2016	0
Ærø	492	Ukendt	9999	2017	1
Ærø	492	Ukendt	9999	2018	0
Ærø	492	Ukendt	9999	2019	0
Ærø	492	Ukendt	9999	2020	0
Ærø	492	Ukendt	9999	2021	0
Ærø	492	Ukendt	9999	2022	0
Ærø	492	Ukendt	9999	2023	0
Ærø	492	Ukendt	9999	2024	0
Ærø	492	Ukendt	9999	2025	0
Ærø	492	Ukendt	9999	2026	0
Haderslev	510	Christiansfeld	6070	2010	265
Haderslev	510	Christiansfeld	6070	2011	259
Haderslev	510	Christiansfeld	6070	2012	270
Haderslev	510	Christiansfeld	6070	2013	262
Haderslev	510	Christiansfeld	6070	2014	255
Haderslev	510	Christiansfeld	6070	2015	248
Haderslev	510	Christiansfeld	6070	2016	249
Haderslev	510	Christiansfeld	6070	2017	242
Haderslev	510	Christiansfeld	6070	2018	249
Haderslev	510	Christiansfeld	6070	2019	244
Haderslev	510	Christiansfeld	6070	2020	229
Haderslev	510	Christiansfeld	6070	2021	229
Haderslev	510	Christiansfeld	6070	2022	232
Haderslev	510	Christiansfeld	6070	2023	227
Haderslev	510	Christiansfeld	6070	2024	240
Haderslev	510	Christiansfeld	6070	2025	249
Haderslev	510	Christiansfeld	6070	2026	247
Haderslev	510	Hejls	6094	2010	0
Haderslev	510	Hejls	6094	2011	0
Haderslev	510	Hejls	6094	2012	2
Haderslev	510	Hejls	6094	2013	2
Haderslev	510	Hejls	6094	2014	2
Haderslev	510	Hejls	6094	2015	2
Haderslev	510	Hejls	6094	2016	2
Haderslev	510	Hejls	6094	2017	2
Haderslev	510	Hejls	6094	2018	2
Haderslev	510	Hejls	6094	2019	2
Haderslev	510	Hejls	6094	2020	2
Haderslev	510	Hejls	6094	2021	2
Haderslev	510	Hejls	6094	2022	2
Haderslev	510	Hejls	6094	2023	4
Haderslev	510	Hejls	6094	2024	4
Haderslev	510	Hejls	6094	2025	4
Haderslev	510	Hejls	6094	2026	4
Haderslev	510	Haderslev	6100	2010	33273
Haderslev	510	Haderslev	6100	2011	33232
Haderslev	510	Haderslev	6100	2012	33399
Haderslev	510	Haderslev	6100	2013	33451
Haderslev	510	Haderslev	6100	2014	33397
Haderslev	510	Haderslev	6100	2015	33405
Haderslev	510	Haderslev	6100	2016	33595
Haderslev	510	Haderslev	6100	2017	33630
Haderslev	510	Haderslev	6100	2018	33664
Haderslev	510	Haderslev	6100	2019	33662
Haderslev	510	Haderslev	6100	2020	33613
Haderslev	510	Haderslev	6100	2021	33491
Haderslev	510	Haderslev	6100	2022	33506
Haderslev	510	Haderslev	6100	2023	33607
Haderslev	510	Haderslev	6100	2024	33722
Haderslev	510	Haderslev	6100	2025	33822
Haderslev	510	Haderslev	6100	2026	33790
Haderslev	510	Vojens	6500	2010	14582
Haderslev	510	Vojens	6500	2011	14501
Haderslev	510	Vojens	6500	2012	14454
Haderslev	510	Vojens	6500	2013	14326
Haderslev	510	Vojens	6500	2014	14310
Haderslev	510	Vojens	6500	2015	14306
Haderslev	510	Vojens	6500	2016	14222
Haderslev	510	Vojens	6500	2017	14203
Haderslev	510	Vojens	6500	2018	14051
Haderslev	510	Vojens	6500	2019	13956
Haderslev	510	Vojens	6500	2020	13884
Haderslev	510	Vojens	6500	2021	13868
Haderslev	510	Vojens	6500	2022	13829
Haderslev	510	Vojens	6500	2023	13805
Haderslev	510	Vojens	6500	2024	13863
Haderslev	510	Vojens	6500	2025	13696
Haderslev	510	Vojens	6500	2026	13634
Haderslev	510	Gram	6510	2010	4711
Haderslev	510	Gram	6510	2011	4688
Haderslev	510	Gram	6510	2012	4655
Haderslev	510	Gram	6510	2013	4666
Haderslev	510	Gram	6510	2014	4654
Haderslev	510	Gram	6510	2015	4645
Haderslev	510	Gram	6510	2016	4659
Haderslev	510	Gram	6510	2017	4664
Haderslev	510	Gram	6510	2018	4693
Haderslev	510	Gram	6510	2019	4682
Haderslev	510	Gram	6510	2020	4653
Haderslev	510	Gram	6510	2021	4555
Haderslev	510	Gram	6510	2022	4527
Haderslev	510	Gram	6510	2023	4486
Haderslev	510	Gram	6510	2024	4390
Haderslev	510	Gram	6510	2025	4410
Haderslev	510	Gram	6510	2026	4408
Haderslev	510	Toftlund	6520	2010	39
Haderslev	510	Toftlund	6520	2011	37
Haderslev	510	Toftlund	6520	2012	35
Haderslev	510	Toftlund	6520	2013	36
Haderslev	510	Toftlund	6520	2014	34
Haderslev	510	Toftlund	6520	2015	29
Haderslev	510	Toftlund	6520	2016	26
Haderslev	510	Toftlund	6520	2017	27
Haderslev	510	Toftlund	6520	2018	26
Haderslev	510	Toftlund	6520	2019	28
Haderslev	510	Toftlund	6520	2020	27
Haderslev	510	Toftlund	6520	2021	27
Haderslev	510	Toftlund	6520	2022	30
Haderslev	510	Toftlund	6520	2023	29
Haderslev	510	Toftlund	6520	2024	31
Haderslev	510	Toftlund	6520	2025	31
Haderslev	510	Toftlund	6520	2026	29
Haderslev	510	Agerskov	6534	2010	25
Haderslev	510	Agerskov	6534	2011	23
Haderslev	510	Agerskov	6534	2012	22
Haderslev	510	Agerskov	6534	2013	22
Haderslev	510	Agerskov	6534	2014	23
Haderslev	510	Agerskov	6534	2015	24
Haderslev	510	Agerskov	6534	2016	26
Haderslev	510	Agerskov	6534	2017	28
Haderslev	510	Agerskov	6534	2018	27
Haderslev	510	Agerskov	6534	2019	27
Haderslev	510	Agerskov	6534	2020	28
Haderslev	510	Agerskov	6534	2021	31
Haderslev	510	Agerskov	6534	2022	28
Haderslev	510	Agerskov	6534	2023	26
Haderslev	510	Agerskov	6534	2024	32
Haderslev	510	Agerskov	6534	2025	34
Haderslev	510	Agerskov	6534	2026	30
Haderslev	510	Bevtoft	6541	2010	1136
Haderslev	510	Bevtoft	6541	2011	1103
Haderslev	510	Bevtoft	6541	2012	1086
Haderslev	510	Bevtoft	6541	2013	1085
Haderslev	510	Bevtoft	6541	2014	1043
Haderslev	510	Bevtoft	6541	2015	1020
Haderslev	510	Bevtoft	6541	2016	1022
Haderslev	510	Bevtoft	6541	2017	1020
Haderslev	510	Bevtoft	6541	2018	1015
Haderslev	510	Bevtoft	6541	2019	1043
Haderslev	510	Bevtoft	6541	2020	1005
Haderslev	510	Bevtoft	6541	2021	1013
Haderslev	510	Bevtoft	6541	2022	998
Haderslev	510	Bevtoft	6541	2023	999
Haderslev	510	Bevtoft	6541	2024	1000
Haderslev	510	Bevtoft	6541	2025	985
Haderslev	510	Bevtoft	6541	2026	995
Haderslev	510	Sommersted	6560	2010	2249
Haderslev	510	Sommersted	6560	2011	2218
Haderslev	510	Sommersted	6560	2012	2206
Haderslev	510	Sommersted	6560	2013	2150
Haderslev	510	Sommersted	6560	2014	2126
Haderslev	510	Sommersted	6560	2015	2156
Haderslev	510	Sommersted	6560	2016	2149
Haderslev	510	Sommersted	6560	2017	2154
Haderslev	510	Sommersted	6560	2018	2145
Haderslev	510	Sommersted	6560	2019	2129
Haderslev	510	Sommersted	6560	2020	2161
Haderslev	510	Sommersted	6560	2021	2088
Haderslev	510	Sommersted	6560	2022	2104
Haderslev	510	Sommersted	6560	2023	2090
Haderslev	510	Sommersted	6560	2024	2071
Haderslev	510	Sommersted	6560	2025	2034
Haderslev	510	Sommersted	6560	2026	2002
Haderslev	510	Rødding	6630	2010	9
Haderslev	510	Rødding	6630	2011	9
Haderslev	510	Rødding	6630	2012	10
Haderslev	510	Rødding	6630	2013	13
Haderslev	510	Rødding	6630	2014	13
Haderslev	510	Rødding	6630	2015	11
Haderslev	510	Rødding	6630	2016	8
Haderslev	510	Rødding	6630	2017	9
Haderslev	510	Rødding	6630	2018	9
Haderslev	510	Rødding	6630	2019	9
Haderslev	510	Rødding	6630	2020	5
Haderslev	510	Rødding	6630	2021	5
Haderslev	510	Rødding	6630	2022	4
Haderslev	510	Rødding	6630	2023	5
Haderslev	510	Rødding	6630	2024	5
Haderslev	510	Rødding	6630	2025	5
Haderslev	510	Rødding	6630	2026	4
Haderslev	510	Ukendt	9999	2010	57
Haderslev	510	Ukendt	9999	2011	47
Haderslev	510	Ukendt	9999	2012	49
Haderslev	510	Ukendt	9999	2013	38
Haderslev	510	Ukendt	9999	2014	49
Haderslev	510	Ukendt	9999	2015	42
Haderslev	510	Ukendt	9999	2016	71
Haderslev	510	Ukendt	9999	2017	66
Haderslev	510	Ukendt	9999	2018	82
Haderslev	510	Ukendt	9999	2019	75
Haderslev	510	Ukendt	9999	2020	63
Haderslev	510	Ukendt	9999	2021	67
Haderslev	510	Ukendt	9999	2022	80
Haderslev	510	Ukendt	9999	2023	75
Haderslev	510	Ukendt	9999	2024	80
Haderslev	510	Ukendt	9999	2025	84
Haderslev	510	Ukendt	9999	2026	75
Billund	530	Vorbasse	6623	2010	2111
Billund	530	Vorbasse	6623	2011	2112
Billund	530	Vorbasse	6623	2012	2128
Billund	530	Vorbasse	6623	2013	2138
Billund	530	Vorbasse	6623	2014	2065
Billund	530	Vorbasse	6623	2015	2063
Billund	530	Vorbasse	6623	2016	2134
Billund	530	Vorbasse	6623	2017	2125
Billund	530	Vorbasse	6623	2018	2065
Billund	530	Vorbasse	6623	2019	2034
Billund	530	Vorbasse	6623	2020	2053
Billund	530	Vorbasse	6623	2021	2051
Billund	530	Vorbasse	6623	2022	2051
Billund	530	Vorbasse	6623	2023	2082
Billund	530	Vorbasse	6623	2024	2015
Billund	530	Vorbasse	6623	2025	2031
Billund	530	Vorbasse	6623	2026	2002
Billund	530	Ansager	6823	2010	11
Billund	530	Ansager	6823	2011	11
Billund	530	Ansager	6823	2012	12
Billund	530	Ansager	6823	2013	13
Billund	530	Ansager	6823	2014	11
Billund	530	Ansager	6823	2015	11
Billund	530	Ansager	6823	2016	10
Billund	530	Ansager	6823	2017	9
Billund	530	Ansager	6823	2018	7
Billund	530	Ansager	6823	2019	6
Billund	530	Ansager	6823	2020	9
Billund	530	Ansager	6823	2021	12
Billund	530	Ansager	6823	2022	10
Billund	530	Ansager	6823	2023	13
Billund	530	Ansager	6823	2024	12
Billund	530	Ansager	6823	2025	12
Billund	530	Ansager	6823	2026	12
Billund	530	Billund	7190	2010	6543
Billund	530	Billund	7190	2011	6627
Billund	530	Billund	7190	2012	6608
Billund	530	Billund	7190	2013	6589
Billund	530	Billund	7190	2014	6661
Billund	530	Billund	7190	2015	6700
Billund	530	Billund	7190	2016	6728
Billund	530	Billund	7190	2017	6783
Billund	530	Billund	7190	2018	6900
Billund	530	Billund	7190	2019	7034
Billund	530	Billund	7190	2020	7095
Billund	530	Billund	7190	2021	7098
Billund	530	Billund	7190	2022	7179
Billund	530	Billund	7190	2023	7486
Billund	530	Billund	7190	2024	7733
Billund	530	Billund	7190	2025	7911
Billund	530	Billund	7190	2026	7880
Billund	530	Grindsted	7200	2010	12940
Billund	530	Grindsted	7200	2011	12889
Billund	530	Grindsted	7200	2012	12940
Billund	530	Grindsted	7200	2013	13101
Billund	530	Grindsted	7200	2014	13106
Billund	530	Grindsted	7200	2015	13079
Billund	530	Grindsted	7200	2016	13116
Billund	530	Grindsted	7200	2017	13076
Billund	530	Grindsted	7200	2018	13058
Billund	530	Grindsted	7200	2019	13082
Billund	530	Grindsted	7200	2020	13032
Billund	530	Grindsted	7200	2021	13010
Billund	530	Grindsted	7200	2022	12999
Billund	530	Grindsted	7200	2023	13060
Billund	530	Grindsted	7200	2024	13029
Billund	530	Grindsted	7200	2025	12944
Billund	530	Grindsted	7200	2026	13004
Billund	530	Hejnsvig	7250	2010	2132
Billund	530	Hejnsvig	7250	2011	2109
Billund	530	Hejnsvig	7250	2012	2106
Billund	530	Hejnsvig	7250	2013	2106
Billund	530	Hejnsvig	7250	2014	2103
Billund	530	Hejnsvig	7250	2015	2085
Billund	530	Hejnsvig	7250	2016	2099
Billund	530	Hejnsvig	7250	2017	2082
Billund	530	Hejnsvig	7250	2018	2079
Billund	530	Hejnsvig	7250	2019	2057
Billund	530	Hejnsvig	7250	2020	2040
Billund	530	Hejnsvig	7250	2021	1995
Billund	530	Hejnsvig	7250	2022	1976
Billund	530	Hejnsvig	7250	2023	1965
Billund	530	Hejnsvig	7250	2024	1950
Billund	530	Hejnsvig	7250	2025	1916
Billund	530	Hejnsvig	7250	2026	1932
Billund	530	Sønder Omme	7260	2010	2423
Billund	530	Sønder Omme	7260	2011	2404
Billund	530	Sønder Omme	7260	2012	2421
Billund	530	Sønder Omme	7260	2013	2398
Billund	530	Sønder Omme	7260	2014	2357
Billund	530	Sønder Omme	7260	2015	2323
Billund	530	Sønder Omme	7260	2016	2327
Billund	530	Sønder Omme	7260	2017	2367
Billund	530	Sønder Omme	7260	2018	2350
Billund	530	Sønder Omme	7260	2019	2376
Billund	530	Sønder Omme	7260	2020	2350
Billund	530	Sønder Omme	7260	2021	2361
Billund	530	Sønder Omme	7260	2022	2396
Billund	530	Sønder Omme	7260	2023	2392
Billund	530	Sønder Omme	7260	2024	2363
Billund	530	Sønder Omme	7260	2025	2334
Billund	530	Sønder Omme	7260	2026	2347
Billund	530	Stakroge	7270	2010	0
Billund	530	Stakroge	7270	2011	1
Billund	530	Stakroge	7270	2012	1
Billund	530	Stakroge	7270	2013	0
Billund	530	Stakroge	7270	2014	1
Billund	530	Stakroge	7270	2015	1
Billund	530	Stakroge	7270	2016	0
Billund	530	Stakroge	7270	2017	0
Billund	530	Stakroge	7270	2018	0
Billund	530	Stakroge	7270	2019	2
Billund	530	Stakroge	7270	2020	2
Billund	530	Stakroge	7270	2021	2
Billund	530	Stakroge	7270	2022	2
Billund	530	Stakroge	7270	2023	2
Billund	530	Stakroge	7270	2024	2
Billund	530	Stakroge	7270	2025	2
Billund	530	Stakroge	7270	2026	0
Billund	530	Ukendt	9999	2010	0
Billund	530	Ukendt	9999	2011	2
Billund	530	Ukendt	9999	2012	4
Billund	530	Ukendt	9999	2013	12
Billund	530	Ukendt	9999	2014	14
Billund	530	Ukendt	9999	2015	23
Billund	530	Ukendt	9999	2016	20
Billund	530	Ukendt	9999	2017	39
Billund	530	Ukendt	9999	2018	23
Billund	530	Ukendt	9999	2019	38
Billund	530	Ukendt	9999	2020	27
Billund	530	Ukendt	9999	2021	22
Billund	530	Ukendt	9999	2022	18
Billund	530	Ukendt	9999	2023	21
Billund	530	Ukendt	9999	2024	15
Billund	530	Ukendt	9999	2025	18
Billund	530	Ukendt	9999	2026	23
Sønderborg	540	Gråsten	6300	2010	7453
Sønderborg	540	Gråsten	6300	2011	7398
Sønderborg	540	Gråsten	6300	2012	7370
Sønderborg	540	Gråsten	6300	2013	7378
Sønderborg	540	Gråsten	6300	2014	7375
Sønderborg	540	Gråsten	6300	2015	7398
Sønderborg	540	Gråsten	6300	2016	7351
Sønderborg	540	Gråsten	6300	2017	7362
Sønderborg	540	Gråsten	6300	2018	7387
Sønderborg	540	Gråsten	6300	2019	7469
Sønderborg	540	Gråsten	6300	2020	7437
Sønderborg	540	Gråsten	6300	2021	7322
Sønderborg	540	Gråsten	6300	2022	7330
Sønderborg	540	Gråsten	6300	2023	7430
Sønderborg	540	Gråsten	6300	2024	7430
Sønderborg	540	Gråsten	6300	2025	7387
Sønderborg	540	Gråsten	6300	2026	7380
Sønderborg	540	Broager	6310	2010	4751
Sønderborg	540	Broager	6310	2011	4753
Sønderborg	540	Broager	6310	2012	4792
Sønderborg	540	Broager	6310	2013	4746
Sønderborg	540	Broager	6310	2014	4701
Sønderborg	540	Broager	6310	2015	4679
Sønderborg	540	Broager	6310	2016	4640
Sønderborg	540	Broager	6310	2017	4669
Sønderborg	540	Broager	6310	2018	4651
Sønderborg	540	Broager	6310	2019	4664
Sønderborg	540	Broager	6310	2020	4616
Sønderborg	540	Broager	6310	2021	4615
Sønderborg	540	Broager	6310	2022	4597
Sønderborg	540	Broager	6310	2023	4644
Sønderborg	540	Broager	6310	2024	4568
Sønderborg	540	Broager	6310	2025	4550
Sønderborg	540	Broager	6310	2026	4514
Sønderborg	540	Egernsund	6320	2010	1628
Sønderborg	540	Egernsund	6320	2011	1602
Sønderborg	540	Egernsund	6320	2012	1594
Sønderborg	540	Egernsund	6320	2013	1615
Sønderborg	540	Egernsund	6320	2014	1574
Sønderborg	540	Egernsund	6320	2015	1542
Sønderborg	540	Egernsund	6320	2016	1546
Sønderborg	540	Egernsund	6320	2017	1555
Sønderborg	540	Egernsund	6320	2018	1559
Sønderborg	540	Egernsund	6320	2019	1539
Sønderborg	540	Egernsund	6320	2020	1509
Sønderborg	540	Egernsund	6320	2021	1533
Sønderborg	540	Egernsund	6320	2022	1540
Sønderborg	540	Egernsund	6320	2023	1539
Sønderborg	540	Egernsund	6320	2024	1512
Sønderborg	540	Egernsund	6320	2025	1496
Sønderborg	540	Egernsund	6320	2026	1485
Sønderborg	540	Sønderborg	6400	2010	35907
Sønderborg	540	Sønderborg	6400	2011	35962
Sønderborg	540	Sønderborg	6400	2012	36128
Sønderborg	540	Sønderborg	6400	2013	36198
Sønderborg	540	Sønderborg	6400	2014	36185
Sønderborg	540	Sønderborg	6400	2015	36090
Sønderborg	540	Sønderborg	6400	2016	36302
Sønderborg	540	Sønderborg	6400	2017	36509
Sønderborg	540	Sønderborg	6400	2018	36465
Sønderborg	540	Sønderborg	6400	2019	36346
Sønderborg	540	Sønderborg	6400	2020	36336
Sønderborg	540	Sønderborg	6400	2021	36230
Sønderborg	540	Sønderborg	6400	2022	36257
Sønderborg	540	Sønderborg	6400	2023	36665
Sønderborg	540	Sønderborg	6400	2024	36808
Sønderborg	540	Sønderborg	6400	2025	36846
Sønderborg	540	Sønderborg	6400	2026	37038
Sønderborg	540	Nordborg	6430	2010	13454
Sønderborg	540	Nordborg	6430	2011	13236
Sønderborg	540	Nordborg	6430	2012	13094
Sønderborg	540	Nordborg	6430	2013	12765
Sønderborg	540	Nordborg	6430	2014	12529
Sønderborg	540	Nordborg	6430	2015	12402
Sønderborg	540	Nordborg	6430	2016	12143
Sønderborg	540	Nordborg	6430	2017	12060
Sønderborg	540	Nordborg	6430	2018	11872
Sønderborg	540	Nordborg	6430	2019	11849
Sønderborg	540	Nordborg	6430	2020	11693
Sønderborg	540	Nordborg	6430	2021	11579
Sønderborg	540	Nordborg	6430	2022	11467
Sønderborg	540	Nordborg	6430	2023	11566
Sønderborg	540	Nordborg	6430	2024	11422
Sønderborg	540	Nordborg	6430	2025	11365
Sønderborg	540	Nordborg	6430	2026	11321
Sønderborg	540	Augustenborg	6440	2010	6577
Sønderborg	540	Augustenborg	6440	2011	6575
Sønderborg	540	Augustenborg	6440	2012	6481
Sønderborg	540	Augustenborg	6440	2013	6485
Sønderborg	540	Augustenborg	6440	2014	6415
Sønderborg	540	Augustenborg	6440	2015	6356
Sønderborg	540	Augustenborg	6440	2016	6339
Sønderborg	540	Augustenborg	6440	2017	6258
Sønderborg	540	Augustenborg	6440	2018	6272
Sønderborg	540	Augustenborg	6440	2019	6254
Sønderborg	540	Augustenborg	6440	2020	6182
Sønderborg	540	Augustenborg	6440	2021	6150
Sønderborg	540	Augustenborg	6440	2022	6076
Sønderborg	540	Augustenborg	6440	2023	6012
Sønderborg	540	Augustenborg	6440	2024	6004
Sønderborg	540	Augustenborg	6440	2025	5944
Sønderborg	540	Augustenborg	6440	2026	5947
Sønderborg	540	Sydals	6470	2010	6669
Sønderborg	540	Sydals	6470	2011	6667
Sønderborg	540	Sydals	6470	2012	6622
Sønderborg	540	Sydals	6470	2013	6545
Sønderborg	540	Sydals	6470	2014	6485
Sønderborg	540	Sydals	6470	2015	6470
Sønderborg	540	Sydals	6470	2016	6416
Sønderborg	540	Sydals	6470	2017	6388
Sønderborg	540	Sydals	6470	2018	6444
Sønderborg	540	Sydals	6470	2019	6392
Sønderborg	540	Sydals	6470	2020	6386
Sønderborg	540	Sydals	6470	2021	6323
Sønderborg	540	Sydals	6470	2022	6371
Sønderborg	540	Sydals	6470	2023	6441
Sønderborg	540	Sydals	6470	2024	6398
Sønderborg	540	Sydals	6470	2025	6381
Sønderborg	540	Sydals	6470	2026	6332
Sønderborg	540	Ukendt	9999	2010	0
Sønderborg	540	Ukendt	9999	2011	0
Sønderborg	540	Ukendt	9999	2012	13
Sønderborg	540	Ukendt	9999	2013	0
Sønderborg	540	Ukendt	9999	2014	0
Sønderborg	540	Ukendt	9999	2015	0
Sønderborg	540	Ukendt	9999	2016	0
Sønderborg	540	Ukendt	9999	2017	0
Sønderborg	540	Ukendt	9999	2018	0
Sønderborg	540	Ukendt	9999	2019	48
Sønderborg	540	Ukendt	9999	2020	61
Sønderborg	540	Ukendt	9999	2021	79
Sønderborg	540	Ukendt	9999	2022	73
Sønderborg	540	Ukendt	9999	2023	83
Sønderborg	540	Ukendt	9999	2024	91
Sønderborg	540	Ukendt	9999	2025	127
Sønderborg	540	Ukendt	9999	2026	106
Tønder	550	Løgumkloster	6240	2010	6749
Tønder	550	Løgumkloster	6240	2011	6657
Tønder	550	Løgumkloster	6240	2012	6637
Tønder	550	Løgumkloster	6240	2013	6579
Tønder	550	Løgumkloster	6240	2014	6422
Tønder	550	Løgumkloster	6240	2015	6410
Tønder	550	Løgumkloster	6240	2016	6453
Tønder	550	Løgumkloster	6240	2017	6442
Tønder	550	Løgumkloster	6240	2018	6430
Tønder	550	Løgumkloster	6240	2019	6413
Tønder	550	Løgumkloster	6240	2020	6375
Tønder	550	Løgumkloster	6240	2021	6327
Tønder	550	Løgumkloster	6240	2022	6248
Tønder	550	Løgumkloster	6240	2023	6201
Tønder	550	Løgumkloster	6240	2024	6217
Tønder	550	Løgumkloster	6240	2025	6251
Tønder	550	Løgumkloster	6240	2026	6198
Tønder	550	Bredebro	6261	2010	3483
Tønder	550	Bredebro	6261	2011	3444
Tønder	550	Bredebro	6261	2012	3363
Tønder	550	Bredebro	6261	2013	3314
Tønder	550	Bredebro	6261	2014	3312
Tønder	550	Bredebro	6261	2015	3263
Tønder	550	Bredebro	6261	2016	3213
Tønder	550	Bredebro	6261	2017	3199
Tønder	550	Bredebro	6261	2018	3191
Tønder	550	Bredebro	6261	2019	3176
Tønder	550	Bredebro	6261	2020	3154
Tønder	550	Bredebro	6261	2021	3137
Tønder	550	Bredebro	6261	2022	3072
Tønder	550	Bredebro	6261	2023	3067
Tønder	550	Bredebro	6261	2024	3019
Tønder	550	Bredebro	6261	2025	3027
Tønder	550	Bredebro	6261	2026	3004
Tønder	550	Tønder	6270	2010	11975
Tønder	550	Tønder	6270	2011	11889
Tønder	550	Tønder	6270	2012	11806
Tønder	550	Tønder	6270	2013	11674
Tønder	550	Tønder	6270	2014	11659
Tønder	550	Tønder	6270	2015	11551
Tønder	550	Tønder	6270	2016	11499
Tønder	550	Tønder	6270	2017	11571
Tønder	550	Tønder	6270	2018	11534
Tønder	550	Tønder	6270	2019	11475
Tønder	550	Tønder	6270	2020	11413
Tønder	550	Tønder	6270	2021	11283
Tønder	550	Tønder	6270	2022	11231
Tønder	550	Tønder	6270	2023	11313
Tønder	550	Tønder	6270	2024	11185
Tønder	550	Tønder	6270	2025	11067
Tønder	550	Tønder	6270	2026	11035
Tønder	550	Højer	6280	2010	2630
Tønder	550	Højer	6280	2011	2596
Tønder	550	Højer	6280	2012	2526
Tønder	550	Højer	6280	2013	2478
Tønder	550	Højer	6280	2014	2455
Tønder	550	Højer	6280	2015	2428
Tønder	550	Højer	6280	2016	2396
Tønder	550	Højer	6280	2017	2363
Tønder	550	Højer	6280	2018	2315
Tønder	550	Højer	6280	2019	2286
Tønder	550	Højer	6280	2020	2263
Tønder	550	Højer	6280	2021	2237
Tønder	550	Højer	6280	2022	2226
Tønder	550	Højer	6280	2023	2173
Tønder	550	Højer	6280	2024	2172
Tønder	550	Højer	6280	2025	2137
Tønder	550	Højer	6280	2026	2083
Tønder	550	Toftlund	6520	2010	4887
Tønder	550	Toftlund	6520	2011	4923
Tønder	550	Toftlund	6520	2012	4916
Tønder	550	Toftlund	6520	2013	4868
Tønder	550	Toftlund	6520	2014	4867
Tønder	550	Toftlund	6520	2015	4786
Tønder	550	Toftlund	6520	2016	4839
Tønder	550	Toftlund	6520	2017	4823
Tønder	550	Toftlund	6520	2018	4833
Tønder	550	Toftlund	6520	2019	4816
Tønder	550	Toftlund	6520	2020	4798
Tønder	550	Toftlund	6520	2021	4770
Tønder	550	Toftlund	6520	2022	4767
Tønder	550	Toftlund	6520	2023	4814
Tønder	550	Toftlund	6520	2024	4787
Tønder	550	Toftlund	6520	2025	4746
Tønder	550	Toftlund	6520	2026	4741
Tønder	550	Agerskov	6534	2010	1930
Tønder	550	Agerskov	6534	2011	1946
Tønder	550	Agerskov	6534	2012	1883
Tønder	550	Agerskov	6534	2013	1862
Tønder	550	Agerskov	6534	2014	1848
Tønder	550	Agerskov	6534	2015	1873
Tønder	550	Agerskov	6534	2016	1841
Tønder	550	Agerskov	6534	2017	1853
Tønder	550	Agerskov	6534	2018	1839
Tønder	550	Agerskov	6534	2019	1831
Tønder	550	Agerskov	6534	2020	1791
Tønder	550	Agerskov	6534	2021	1814
Tønder	550	Agerskov	6534	2022	1825
Tønder	550	Agerskov	6534	2023	1807
Tønder	550	Agerskov	6534	2024	1801
Tønder	550	Agerskov	6534	2025	1781
Tønder	550	Agerskov	6534	2026	1758
Tønder	550	Branderup J	6535	2010	709
Tønder	550	Branderup J	6535	2011	731
Tønder	550	Branderup J	6535	2012	714
Tønder	550	Branderup J	6535	2013	703
Tønder	550	Branderup J	6535	2014	704
Tønder	550	Branderup J	6535	2015	685
Tønder	550	Branderup J	6535	2016	697
Tønder	550	Branderup J	6535	2017	695
Tønder	550	Branderup J	6535	2018	690
Tønder	550	Branderup J	6535	2019	695
Tønder	550	Branderup J	6535	2020	685
Tønder	550	Branderup J	6535	2021	660
Tønder	550	Branderup J	6535	2022	674
Tønder	550	Branderup J	6535	2023	653
Tønder	550	Branderup J	6535	2024	664
Tønder	550	Branderup J	6535	2025	645
Tønder	550	Branderup J	6535	2026	624
Tønder	550	Bevtoft	6541	2010	258
Tønder	550	Bevtoft	6541	2011	247
Tønder	550	Bevtoft	6541	2012	242
Tønder	550	Bevtoft	6541	2013	236
Tønder	550	Bevtoft	6541	2014	223
Tønder	550	Bevtoft	6541	2015	231
Tønder	550	Bevtoft	6541	2016	229
Tønder	550	Bevtoft	6541	2017	231
Tønder	550	Bevtoft	6541	2018	221
Tønder	550	Bevtoft	6541	2019	220
Tønder	550	Bevtoft	6541	2020	209
Tønder	550	Bevtoft	6541	2021	215
Tønder	550	Bevtoft	6541	2022	226
Tønder	550	Bevtoft	6541	2023	213
Tønder	550	Bevtoft	6541	2024	220
Tønder	550	Bevtoft	6541	2025	222
Tønder	550	Bevtoft	6541	2026	215
Tønder	550	Skærbæk	6780	2010	6409
Tønder	550	Skærbæk	6780	2011	6381
Tønder	550	Skærbæk	6780	2012	6349
Tønder	550	Skærbæk	6780	2013	6354
Tønder	550	Skærbæk	6780	2014	6208
Tønder	550	Skærbæk	6780	2015	6189
Tønder	550	Skærbæk	6780	2016	6146
Tønder	550	Skærbæk	6780	2017	6167
Tønder	550	Skærbæk	6780	2018	6149
Tønder	550	Skærbæk	6780	2019	6111
Tønder	550	Skærbæk	6780	2020	6118
Tønder	550	Skærbæk	6780	2021	6044
Tønder	550	Skærbæk	6780	2022	6019
Tønder	550	Skærbæk	6780	2023	6072
Tønder	550	Skærbæk	6780	2024	6014
Tønder	550	Skærbæk	6780	2025	5965
Tønder	550	Skærbæk	6780	2026	5977
Tønder	550	Rømø	6792	2010	680
Tønder	550	Rømø	6792	2011	650
Tønder	550	Rømø	6792	2012	647
Tønder	550	Rømø	6792	2013	618
Tønder	550	Rømø	6792	2014	618
Tønder	550	Rømø	6792	2015	594
Tønder	550	Rømø	6792	2016	591
Tønder	550	Rømø	6792	2017	584
Tønder	550	Rømø	6792	2018	575
Tønder	550	Rømø	6792	2019	564
Tønder	550	Rømø	6792	2020	559
Tønder	550	Rømø	6792	2021	559
Tønder	550	Rømø	6792	2022	559
Tønder	550	Rømø	6792	2023	562
Tønder	550	Rømø	6792	2024	569
Tønder	550	Rømø	6792	2025	557
Tønder	550	Rømø	6792	2026	538
Tønder	550	Ukendt	9999	2010	0
Tønder	550	Ukendt	9999	2011	0
Tønder	550	Ukendt	9999	2012	0
Tønder	550	Ukendt	9999	2013	0
Tønder	550	Ukendt	9999	2014	0
Tønder	550	Ukendt	9999	2015	0
Tønder	550	Ukendt	9999	2016	0
Tønder	550	Ukendt	9999	2017	0
Tønder	550	Ukendt	9999	2018	0
Tønder	550	Ukendt	9999	2019	0
Tønder	550	Ukendt	9999	2020	1
Tønder	550	Ukendt	9999	2021	4
Tønder	550	Ukendt	9999	2022	2
Tønder	550	Ukendt	9999	2023	3
Tønder	550	Ukendt	9999	2024	3
Tønder	550	Ukendt	9999	2025	1
Tønder	550	Ukendt	9999	2026	1
Esbjerg	561	Gram	6510	2010	0
Esbjerg	561	Gram	6510	2011	0
Esbjerg	561	Gram	6510	2012	0
Esbjerg	561	Gram	6510	2013	0
Esbjerg	561	Gram	6510	2014	0
Esbjerg	561	Gram	6510	2015	0
Esbjerg	561	Gram	6510	2016	0
Esbjerg	561	Gram	6510	2017	0
Esbjerg	561	Gram	6510	2018	0
Esbjerg	561	Gram	6510	2019	0
Esbjerg	561	Gram	6510	2020	0
Esbjerg	561	Gram	6510	2021	0
Esbjerg	561	Gram	6510	2022	0
Esbjerg	561	Gram	6510	2023	0
Esbjerg	561	Gram	6510	2024	0
Esbjerg	561	Gram	6510	2025	0
Esbjerg	561	Gram	6510	2026	0
Esbjerg	561	Holsted	6670	2010	10
Esbjerg	561	Holsted	6670	2011	8
Esbjerg	561	Holsted	6670	2012	8
Esbjerg	561	Holsted	6670	2013	8
Esbjerg	561	Holsted	6670	2014	7
Esbjerg	561	Holsted	6670	2015	8
Esbjerg	561	Holsted	6670	2016	8
Esbjerg	561	Holsted	6670	2017	7
Esbjerg	561	Holsted	6670	2018	8
Esbjerg	561	Holsted	6670	2019	7
Esbjerg	561	Holsted	6670	2020	7
Esbjerg	561	Holsted	6670	2021	7
Esbjerg	561	Holsted	6670	2022	8
Esbjerg	561	Holsted	6670	2023	7
Esbjerg	561	Holsted	6670	2024	7
Esbjerg	561	Holsted	6670	2025	6
Esbjerg	561	Holsted	6670	2026	7
Esbjerg	561	Føvling	6683	2010	9
Esbjerg	561	Føvling	6683	2011	9
Esbjerg	561	Føvling	6683	2012	8
Esbjerg	561	Føvling	6683	2013	10
Esbjerg	561	Føvling	6683	2014	8
Esbjerg	561	Føvling	6683	2015	8
Esbjerg	561	Føvling	6683	2016	8
Esbjerg	561	Føvling	6683	2017	9
Esbjerg	561	Føvling	6683	2018	12
Esbjerg	561	Føvling	6683	2019	8
Esbjerg	561	Føvling	6683	2020	8
Esbjerg	561	Føvling	6683	2021	8
Esbjerg	561	Føvling	6683	2022	5
Esbjerg	561	Føvling	6683	2023	7
Esbjerg	561	Føvling	6683	2024	5
Esbjerg	561	Føvling	6683	2025	2
Esbjerg	561	Føvling	6683	2026	3
Esbjerg	561	Gørding	6690	2010	2584
Esbjerg	561	Gørding	6690	2011	2543
Esbjerg	561	Gørding	6690	2012	2525
Esbjerg	561	Gørding	6690	2013	2512
Esbjerg	561	Gørding	6690	2014	2516
Esbjerg	561	Gørding	6690	2015	2486
Esbjerg	561	Gørding	6690	2016	2465
Esbjerg	561	Gørding	6690	2017	2512
Esbjerg	561	Gørding	6690	2018	2494
Esbjerg	561	Gørding	6690	2019	2481
Esbjerg	561	Gørding	6690	2020	2438
Esbjerg	561	Gørding	6690	2021	2427
Esbjerg	561	Gørding	6690	2022	2462
Esbjerg	561	Gørding	6690	2023	2460
Esbjerg	561	Gørding	6690	2024	2465
Esbjerg	561	Gørding	6690	2025	2459
Esbjerg	561	Gørding	6690	2026	2476
Esbjerg	561	Esbjerg	6700	2010	28689
Esbjerg	561	Esbjerg	6700	2011	28837
Esbjerg	561	Esbjerg	6700	2012	28809
Esbjerg	561	Esbjerg	6700	2013	28964
Esbjerg	561	Esbjerg	6700	2014	29189
Esbjerg	561	Esbjerg	6700	2015	29424
Esbjerg	561	Esbjerg	6700	2016	29407
Esbjerg	561	Esbjerg	6700	2017	29548
Esbjerg	561	Esbjerg	6700	2018	29597
Esbjerg	561	Esbjerg	6700	2019	29626
Esbjerg	561	Esbjerg	6700	2020	29759
Esbjerg	561	Esbjerg	6700	2021	29698
Esbjerg	561	Esbjerg	6700	2022	29596
Esbjerg	561	Esbjerg	6700	2023	29812
Esbjerg	561	Esbjerg	6700	2024	29694
Esbjerg	561	Esbjerg	6700	2025	29494
Esbjerg	561	Esbjerg	6700	2026	29336
Esbjerg	561	Esbjerg Ø	6705	2010	15159
Esbjerg	561	Esbjerg Ø	6705	2011	15086
Esbjerg	561	Esbjerg Ø	6705	2012	15186
Esbjerg	561	Esbjerg Ø	6705	2013	15169
Esbjerg	561	Esbjerg Ø	6705	2014	15075
Esbjerg	561	Esbjerg Ø	6705	2015	15185
Esbjerg	561	Esbjerg Ø	6705	2016	15289
Esbjerg	561	Esbjerg Ø	6705	2017	15206
Esbjerg	561	Esbjerg Ø	6705	2018	15154
Esbjerg	561	Esbjerg Ø	6705	2019	15067
Esbjerg	561	Esbjerg Ø	6705	2020	14910
Esbjerg	561	Esbjerg Ø	6705	2021	14982
Esbjerg	561	Esbjerg Ø	6705	2022	14582
Esbjerg	561	Esbjerg Ø	6705	2023	14365
Esbjerg	561	Esbjerg Ø	6705	2024	14183
Esbjerg	561	Esbjerg Ø	6705	2025	14047
Esbjerg	561	Esbjerg Ø	6705	2026	14703
Esbjerg	561	Esbjerg V	6710	2010	23478
Esbjerg	561	Esbjerg V	6710	2011	23578
Esbjerg	561	Esbjerg V	6710	2012	23561
Esbjerg	561	Esbjerg V	6710	2013	23551
Esbjerg	561	Esbjerg V	6710	2014	23635
Esbjerg	561	Esbjerg V	6710	2015	23665
Esbjerg	561	Esbjerg V	6710	2016	23684
Esbjerg	561	Esbjerg V	6710	2017	23773
Esbjerg	561	Esbjerg V	6710	2018	23917
Esbjerg	561	Esbjerg V	6710	2019	23790
Esbjerg	561	Esbjerg V	6710	2020	23757
Esbjerg	561	Esbjerg V	6710	2021	23881
Esbjerg	561	Esbjerg V	6710	2022	23952
Esbjerg	561	Esbjerg V	6710	2023	24150
Esbjerg	561	Esbjerg V	6710	2024	24093
Esbjerg	561	Esbjerg V	6710	2025	24146
Esbjerg	561	Esbjerg V	6710	2026	24074
Esbjerg	561	Esbjerg N	6715	2010	11554
Esbjerg	561	Esbjerg N	6715	2011	11582
Esbjerg	561	Esbjerg N	6715	2012	11601
Esbjerg	561	Esbjerg N	6715	2013	11564
Esbjerg	561	Esbjerg N	6715	2014	11483
Esbjerg	561	Esbjerg N	6715	2015	11553
Esbjerg	561	Esbjerg N	6715	2016	11549
Esbjerg	561	Esbjerg N	6715	2017	11538
Esbjerg	561	Esbjerg N	6715	2018	11525
Esbjerg	561	Esbjerg N	6715	2019	11479
Esbjerg	561	Esbjerg N	6715	2020	11459
Esbjerg	561	Esbjerg N	6715	2021	11335
Esbjerg	561	Esbjerg N	6715	2022	11457
Esbjerg	561	Esbjerg N	6715	2023	11531
Esbjerg	561	Esbjerg N	6715	2024	11505
Esbjerg	561	Esbjerg N	6715	2025	11681
Esbjerg	561	Esbjerg N	6715	2026	11710
Esbjerg	561	Tjæreborg	6731	2010	3185
Esbjerg	561	Tjæreborg	6731	2011	3218
Esbjerg	561	Tjæreborg	6731	2012	3198
Esbjerg	561	Tjæreborg	6731	2013	3213
Esbjerg	561	Tjæreborg	6731	2014	3278
Esbjerg	561	Tjæreborg	6731	2015	3314
Esbjerg	561	Tjæreborg	6731	2016	3307
Esbjerg	561	Tjæreborg	6731	2017	3310
Esbjerg	561	Tjæreborg	6731	2018	3359
Esbjerg	561	Tjæreborg	6731	2019	3373
Esbjerg	561	Tjæreborg	6731	2020	3434
Esbjerg	561	Tjæreborg	6731	2021	3536
Esbjerg	561	Tjæreborg	6731	2022	3562
Esbjerg	561	Tjæreborg	6731	2023	3621
Esbjerg	561	Tjæreborg	6731	2024	3621
Esbjerg	561	Tjæreborg	6731	2025	3591
Esbjerg	561	Tjæreborg	6731	2026	3600
Esbjerg	561	Bramming	6740	2010	11645
Esbjerg	561	Bramming	6740	2011	11627
Esbjerg	561	Bramming	6740	2012	11555
Esbjerg	561	Bramming	6740	2013	11498
Esbjerg	561	Bramming	6740	2014	11449
Esbjerg	561	Bramming	6740	2015	11388
Esbjerg	561	Bramming	6740	2016	11464
Esbjerg	561	Bramming	6740	2017	11470
Esbjerg	561	Bramming	6740	2018	11471
Esbjerg	561	Bramming	6740	2019	11358
Esbjerg	561	Bramming	6740	2020	11364
Esbjerg	561	Bramming	6740	2021	11441
Esbjerg	561	Bramming	6740	2022	11508
Esbjerg	561	Bramming	6740	2023	11492
Esbjerg	561	Bramming	6740	2024	11551
Esbjerg	561	Bramming	6740	2025	11511
Esbjerg	561	Bramming	6740	2026	11474
Esbjerg	561	Ribe	6760	2010	15313
Esbjerg	561	Ribe	6760	2011	15277
Esbjerg	561	Ribe	6760	2012	15249
Esbjerg	561	Ribe	6760	2013	15175
Esbjerg	561	Ribe	6760	2014	15052
Esbjerg	561	Ribe	6760	2015	14999
Esbjerg	561	Ribe	6760	2016	15100
Esbjerg	561	Ribe	6760	2017	15106
Esbjerg	561	Ribe	6760	2018	15076
Esbjerg	561	Ribe	6760	2019	15073
Esbjerg	561	Ribe	6760	2020	15010
Esbjerg	561	Ribe	6760	2021	14951
Esbjerg	561	Ribe	6760	2022	15018
Esbjerg	561	Ribe	6760	2023	14994
Esbjerg	561	Ribe	6760	2024	14974
Esbjerg	561	Ribe	6760	2025	14919
Esbjerg	561	Ribe	6760	2026	14949
Esbjerg	561	Gredstedbro	6771	2010	2556
Esbjerg	561	Gredstedbro	6771	2011	2553
Esbjerg	561	Gredstedbro	6771	2012	2536
Esbjerg	561	Gredstedbro	6771	2013	2515
Esbjerg	561	Gredstedbro	6771	2014	2532
Esbjerg	561	Gredstedbro	6771	2015	2534
Esbjerg	561	Gredstedbro	6771	2016	2561
Esbjerg	561	Gredstedbro	6771	2017	2575
Esbjerg	561	Gredstedbro	6771	2018	2571
Esbjerg	561	Gredstedbro	6771	2019	2552
Esbjerg	561	Gredstedbro	6771	2020	2535
Esbjerg	561	Gredstedbro	6771	2021	2528
Esbjerg	561	Gredstedbro	6771	2022	2540
Esbjerg	561	Gredstedbro	6771	2023	2519
Esbjerg	561	Gredstedbro	6771	2024	2514
Esbjerg	561	Gredstedbro	6771	2025	2505
Esbjerg	561	Gredstedbro	6771	2026	2465
Esbjerg	561	Årre	6818	2010	703
Esbjerg	561	Årre	6818	2011	708
Esbjerg	561	Årre	6818	2012	700
Esbjerg	561	Årre	6818	2013	689
Esbjerg	561	Årre	6818	2014	691
Esbjerg	561	Årre	6818	2015	695
Esbjerg	561	Årre	6818	2016	700
Esbjerg	561	Årre	6818	2017	680
Esbjerg	561	Årre	6818	2018	693
Esbjerg	561	Årre	6818	2019	693
Esbjerg	561	Årre	6818	2020	673
Esbjerg	561	Årre	6818	2021	650
Esbjerg	561	Årre	6818	2022	650
Esbjerg	561	Årre	6818	2023	649
Esbjerg	561	Årre	6818	2024	666
Esbjerg	561	Årre	6818	2025	646
Esbjerg	561	Årre	6818	2026	1
Esbjerg	561	Ukendt	9999	2010	229
Esbjerg	561	Ukendt	9999	2011	158
Esbjerg	561	Ukendt	9999	2012	176
Esbjerg	561	Ukendt	9999	2013	183
Esbjerg	561	Ukendt	9999	2014	180
Esbjerg	561	Ukendt	9999	2015	187
Esbjerg	561	Ukendt	9999	2016	206
Esbjerg	561	Ukendt	9999	2017	171
Esbjerg	561	Ukendt	9999	2018	155
Esbjerg	561	Ukendt	9999	2019	145
Esbjerg	561	Ukendt	9999	2020	129
Esbjerg	561	Ukendt	9999	2021	135
Esbjerg	561	Ukendt	9999	2022	119
Esbjerg	561	Ukendt	9999	2023	151
Esbjerg	561	Ukendt	9999	2024	145
Esbjerg	561	Ukendt	9999	2025	150
Esbjerg	561	Ukendt	9999	2026	149
Fanø	563	Fanø	6720	2010	3219
Fanø	563	Fanø	6720	2011	3213
Fanø	563	Fanø	6720	2012	3251
Fanø	563	Fanø	6720	2013	3237
Fanø	563	Fanø	6720	2014	3264
Fanø	563	Fanø	6720	2015	3263
Fanø	563	Fanø	6720	2016	3290
Fanø	563	Fanø	6720	2017	3345
Fanø	563	Fanø	6720	2018	3401
Fanø	563	Fanø	6720	2019	3404
Fanø	563	Fanø	6720	2020	3488
Fanø	563	Fanø	6720	2021	3456
Fanø	563	Fanø	6720	2022	3427
Fanø	563	Fanø	6720	2023	3426
Fanø	563	Fanø	6720	2024	3357
Fanø	563	Fanø	6720	2025	3270
Fanø	563	Fanø	6720	2026	3332
Fanø	563	Ukendt	9999	2010	0
Fanø	563	Ukendt	9999	2011	0
Fanø	563	Ukendt	9999	2012	0
Fanø	563	Ukendt	9999	2013	0
Fanø	563	Ukendt	9999	2014	0
Fanø	563	Ukendt	9999	2015	0
Fanø	563	Ukendt	9999	2016	0
Fanø	563	Ukendt	9999	2017	0
Fanø	563	Ukendt	9999	2018	0
Fanø	563	Ukendt	9999	2019	0
Fanø	563	Ukendt	9999	2020	0
Fanø	563	Ukendt	9999	2021	0
Fanø	563	Ukendt	9999	2022	0
Fanø	563	Ukendt	9999	2023	0
Fanø	563	Ukendt	9999	2024	0
Fanø	563	Ukendt	9999	2025	0
Fanø	563	Ukendt	9999	2026	0
Varde	573	Hovborg	6682	2010	4
Varde	573	Hovborg	6682	2011	4
Varde	573	Hovborg	6682	2012	3
Varde	573	Hovborg	6682	2013	2
Varde	573	Hovborg	6682	2014	3
Varde	573	Hovborg	6682	2015	5
Varde	573	Hovborg	6682	2016	3
Varde	573	Hovborg	6682	2017	2
Varde	573	Hovborg	6682	2018	1
Varde	573	Hovborg	6682	2019	0
Varde	573	Hovborg	6682	2020	4
Varde	573	Hovborg	6682	2021	4
Varde	573	Hovborg	6682	2022	4
Varde	573	Hovborg	6682	2023	1
Varde	573	Hovborg	6682	2024	1
Varde	573	Hovborg	6682	2025	2
Varde	573	Hovborg	6682	2026	2
Varde	573	Agerbæk	6753	2010	1663
Varde	573	Agerbæk	6753	2011	1638
Varde	573	Agerbæk	6753	2012	1648
Varde	573	Agerbæk	6753	2013	1621
Varde	573	Agerbæk	6753	2014	1633
Varde	573	Agerbæk	6753	2015	1654
Varde	573	Agerbæk	6753	2016	1627
Varde	573	Agerbæk	6753	2017	1643
Varde	573	Agerbæk	6753	2018	1649
Varde	573	Agerbæk	6753	2019	1637
Varde	573	Agerbæk	6753	2020	1628
Varde	573	Agerbæk	6753	2021	1608
Varde	573	Agerbæk	6753	2022	1596
Varde	573	Agerbæk	6753	2023	1596
Varde	573	Agerbæk	6753	2024	1603
Varde	573	Agerbæk	6753	2025	1567
Varde	573	Agerbæk	6753	2026	1579
Varde	573	Varde	6800	2010	21393
Varde	573	Varde	6800	2011	21569
Varde	573	Varde	6800	2012	21655
Varde	573	Varde	6800	2013	21693
Varde	573	Varde	6800	2014	21830
Varde	573	Varde	6800	2015	22007
Varde	573	Varde	6800	2016	22054
Varde	573	Varde	6800	2017	22223
Varde	573	Varde	6800	2018	22174
Varde	573	Varde	6800	2019	22229
Varde	573	Varde	6800	2020	22215
Varde	573	Varde	6800	2021	22157
Varde	573	Varde	6800	2022	22218
Varde	573	Varde	6800	2023	22408
Varde	573	Varde	6800	2024	22354
Varde	573	Varde	6800	2025	22332
Varde	573	Varde	6800	2026	22356
Varde	573	Årre	6818	2010	2373
Varde	573	Årre	6818	2011	2407
Varde	573	Årre	6818	2012	2376
Varde	573	Årre	6818	2013	2402
Varde	573	Årre	6818	2014	2372
Varde	573	Årre	6818	2015	2405
Varde	573	Årre	6818	2016	2440
Varde	573	Årre	6818	2017	2418
Varde	573	Årre	6818	2018	2392
Varde	573	Årre	6818	2019	2353
Varde	573	Årre	6818	2020	2296
Varde	573	Årre	6818	2021	2291
Varde	573	Årre	6818	2022	2314
Varde	573	Årre	6818	2023	2302
Varde	573	Årre	6818	2024	2291
Varde	573	Årre	6818	2025	2268
Varde	573	Årre	6818	2026	2268
Varde	573	Ansager	6823	2010	2891
Varde	573	Ansager	6823	2011	2895
Varde	573	Ansager	6823	2012	2838
Varde	573	Ansager	6823	2013	2803
Varde	573	Ansager	6823	2014	2791
Varde	573	Ansager	6823	2015	2759
Varde	573	Ansager	6823	2016	2824
Varde	573	Ansager	6823	2017	2796
Varde	573	Ansager	6823	2018	2780
Varde	573	Ansager	6823	2019	2758
Varde	573	Ansager	6823	2020	2714
Varde	573	Ansager	6823	2021	2702
Varde	573	Ansager	6823	2022	2743
Varde	573	Ansager	6823	2023	2743
Varde	573	Ansager	6823	2024	2751
Varde	573	Ansager	6823	2025	2728
Varde	573	Ansager	6823	2026	2711
Varde	573	Nørre Nebel	6830	2010	3441
Varde	573	Nørre Nebel	6830	2011	3424
Varde	573	Nørre Nebel	6830	2012	3367
Varde	573	Nørre Nebel	6830	2013	3383
Varde	573	Nørre Nebel	6830	2014	3310
Varde	573	Nørre Nebel	6830	2015	3342
Varde	573	Nørre Nebel	6830	2016	3311
Varde	573	Nørre Nebel	6830	2017	3317
Varde	573	Nørre Nebel	6830	2018	3224
Varde	573	Nørre Nebel	6830	2019	3189
Varde	573	Nørre Nebel	6830	2020	3239
Varde	573	Nørre Nebel	6830	2021	3226
Varde	573	Nørre Nebel	6830	2022	3154
Varde	573	Nørre Nebel	6830	2023	3134
Varde	573	Nørre Nebel	6830	2024	3116
Varde	573	Nørre Nebel	6830	2025	3056
Varde	573	Nørre Nebel	6830	2026	3097
Varde	573	Oksbøl	6840	2010	3753
Varde	573	Oksbøl	6840	2011	3721
Varde	573	Oksbøl	6840	2012	3734
Varde	573	Oksbøl	6840	2013	3687
Varde	573	Oksbøl	6840	2014	3692
Varde	573	Oksbøl	6840	2015	3657
Varde	573	Oksbøl	6840	2016	3648
Varde	573	Oksbøl	6840	2017	3681
Varde	573	Oksbøl	6840	2018	3683
Varde	573	Oksbøl	6840	2019	3696
Varde	573	Oksbøl	6840	2020	3678
Varde	573	Oksbøl	6840	2021	3676
Varde	573	Oksbøl	6840	2022	3679
Varde	573	Oksbøl	6840	2023	3751
Varde	573	Oksbøl	6840	2024	3731
Varde	573	Oksbøl	6840	2025	3740
Varde	573	Oksbøl	6840	2026	3735
Varde	573	Janderup Vestj	6851	2010	1376
Varde	573	Janderup Vestj	6851	2011	1358
Varde	573	Janderup Vestj	6851	2012	1344
Varde	573	Janderup Vestj	6851	2013	1315
Varde	573	Janderup Vestj	6851	2014	1351
Varde	573	Janderup Vestj	6851	2015	1349
Varde	573	Janderup Vestj	6851	2016	1352
Varde	573	Janderup Vestj	6851	2017	1337
Varde	573	Janderup Vestj	6851	2018	1332
Varde	573	Janderup Vestj	6851	2019	1322
Varde	573	Janderup Vestj	6851	2020	1304
Varde	573	Janderup Vestj	6851	2021	1270
Varde	573	Janderup Vestj	6851	2022	1303
Varde	573	Janderup Vestj	6851	2023	1298
Varde	573	Janderup Vestj	6851	2024	1296
Varde	573	Janderup Vestj	6851	2025	1282
Varde	573	Janderup Vestj	6851	2026	1277
Varde	573	Billum	6852	2010	883
Varde	573	Billum	6852	2011	874
Varde	573	Billum	6852	2012	877
Varde	573	Billum	6852	2013	844
Varde	573	Billum	6852	2014	863
Varde	573	Billum	6852	2015	847
Varde	573	Billum	6852	2016	856
Varde	573	Billum	6852	2017	853
Varde	573	Billum	6852	2018	858
Varde	573	Billum	6852	2019	820
Varde	573	Billum	6852	2020	850
Varde	573	Billum	6852	2021	841
Varde	573	Billum	6852	2022	853
Varde	573	Billum	6852	2023	858
Varde	573	Billum	6852	2024	818
Varde	573	Billum	6852	2025	823
Varde	573	Billum	6852	2026	823
Varde	573	Vejers Strand	6853	2010	67
Varde	573	Vejers Strand	6853	2011	67
Varde	573	Vejers Strand	6853	2012	67
Varde	573	Vejers Strand	6853	2013	73
Varde	573	Vejers Strand	6853	2014	71
Varde	573	Vejers Strand	6853	2015	71
Varde	573	Vejers Strand	6853	2016	75
Varde	573	Vejers Strand	6853	2017	77
Varde	573	Vejers Strand	6853	2018	75
Varde	573	Vejers Strand	6853	2019	75
Varde	573	Vejers Strand	6853	2020	86
Varde	573	Vejers Strand	6853	2021	80
Varde	573	Vejers Strand	6853	2022	91
Varde	573	Vejers Strand	6853	2023	94
Varde	573	Vejers Strand	6853	2024	101
Varde	573	Vejers Strand	6853	2025	88
Varde	573	Vejers Strand	6853	2026	88
Varde	573	Henne	6854	2010	684
Varde	573	Henne	6854	2011	671
Varde	573	Henne	6854	2012	662
Varde	573	Henne	6854	2013	647
Varde	573	Henne	6854	2014	637
Varde	573	Henne	6854	2015	647
Varde	573	Henne	6854	2016	680
Varde	573	Henne	6854	2017	668
Varde	573	Henne	6854	2018	648
Varde	573	Henne	6854	2019	664
Varde	573	Henne	6854	2020	665
Varde	573	Henne	6854	2021	657
Varde	573	Henne	6854	2022	656
Varde	573	Henne	6854	2023	638
Varde	573	Henne	6854	2024	627
Varde	573	Henne	6854	2025	621
Varde	573	Henne	6854	2026	605
Varde	573	Outrup	6855	2010	1810
Varde	573	Outrup	6855	2011	1788
Varde	573	Outrup	6855	2012	1764
Varde	573	Outrup	6855	2013	1756
Varde	573	Outrup	6855	2014	1758
Varde	573	Outrup	6855	2015	1753
Varde	573	Outrup	6855	2016	1787
Varde	573	Outrup	6855	2017	1732
Varde	573	Outrup	6855	2018	1745
Varde	573	Outrup	6855	2019	1737
Varde	573	Outrup	6855	2020	1737
Varde	573	Outrup	6855	2021	1681
Varde	573	Outrup	6855	2022	1696
Varde	573	Outrup	6855	2023	1707
Varde	573	Outrup	6855	2024	1670
Varde	573	Outrup	6855	2025	1656
Varde	573	Outrup	6855	2026	1647
Varde	573	Blåvand	6857	2010	553
Varde	573	Blåvand	6857	2011	537
Varde	573	Blåvand	6857	2012	522
Varde	573	Blåvand	6857	2013	522
Varde	573	Blåvand	6857	2014	521
Varde	573	Blåvand	6857	2015	526
Varde	573	Blåvand	6857	2016	535
Varde	573	Blåvand	6857	2017	539
Varde	573	Blåvand	6857	2018	557
Varde	573	Blåvand	6857	2019	599
Varde	573	Blåvand	6857	2020	550
Varde	573	Blåvand	6857	2021	533
Varde	573	Blåvand	6857	2022	511
Varde	573	Blåvand	6857	2023	531
Varde	573	Blåvand	6857	2024	530
Varde	573	Blåvand	6857	2025	491
Varde	573	Blåvand	6857	2026	498
Varde	573	Tistrup	6862	2010	2070
Varde	573	Tistrup	6862	2011	2074
Varde	573	Tistrup	6862	2012	2065
Varde	573	Tistrup	6862	2013	2033
Varde	573	Tistrup	6862	2014	2021
Varde	573	Tistrup	6862	2015	2000
Varde	573	Tistrup	6862	2016	2018
Varde	573	Tistrup	6862	2017	2022
Varde	573	Tistrup	6862	2018	2048
Varde	573	Tistrup	6862	2019	2029
Varde	573	Tistrup	6862	2020	2040
Varde	573	Tistrup	6862	2021	2027
Varde	573	Tistrup	6862	2022	2021
Varde	573	Tistrup	6862	2023	2040
Varde	573	Tistrup	6862	2024	2027
Varde	573	Tistrup	6862	2025	1990
Varde	573	Tistrup	6862	2026	1980
Varde	573	Ølgod	6870	2010	6217
Varde	573	Ølgod	6870	2011	6146
Varde	573	Ølgod	6870	2012	6111
Varde	573	Ølgod	6870	2013	6054
Varde	573	Ølgod	6870	2014	5968
Varde	573	Ølgod	6870	2015	5991
Varde	573	Ølgod	6870	2016	5978
Varde	573	Ølgod	6870	2017	6025
Varde	573	Ølgod	6870	2018	6026
Varde	573	Ølgod	6870	2019	5921
Varde	573	Ølgod	6870	2020	5871
Varde	573	Ølgod	6870	2021	5790
Varde	573	Ølgod	6870	2022	5710
Varde	573	Ølgod	6870	2023	5765
Varde	573	Ølgod	6870	2024	5735
Varde	573	Ølgod	6870	2025	5653
Varde	573	Ølgod	6870	2026	5678
Varde	573	Tarm	6880	2010	5
Varde	573	Tarm	6880	2011	5
Varde	573	Tarm	6880	2012	3
Varde	573	Tarm	6880	2013	7
Varde	573	Tarm	6880	2014	7
Varde	573	Tarm	6880	2015	7
Varde	573	Tarm	6880	2016	7
Varde	573	Tarm	6880	2017	7
Varde	573	Tarm	6880	2018	7
Varde	573	Tarm	6880	2019	7
Varde	573	Tarm	6880	2020	7
Varde	573	Tarm	6880	2021	7
Varde	573	Tarm	6880	2022	7
Varde	573	Tarm	6880	2023	7
Varde	573	Tarm	6880	2024	6
Varde	573	Tarm	6880	2025	6
Varde	573	Tarm	6880	2026	6
Varde	573	Grindsted	7200	2010	1178
Varde	573	Grindsted	7200	2011	1161
Varde	573	Grindsted	7200	2012	1150
Varde	573	Grindsted	7200	2013	1120
Varde	573	Grindsted	7200	2014	1123
Varde	573	Grindsted	7200	2015	1094
Varde	573	Grindsted	7200	2016	1086
Varde	573	Grindsted	7200	2017	1100
Varde	573	Grindsted	7200	2018	1095
Varde	573	Grindsted	7200	2019	1081
Varde	573	Grindsted	7200	2020	1059
Varde	573	Grindsted	7200	2021	1059
Varde	573	Grindsted	7200	2022	1083
Varde	573	Grindsted	7200	2023	1095
Varde	573	Grindsted	7200	2024	1111
Varde	573	Grindsted	7200	2025	1083
Varde	573	Grindsted	7200	2026	1093
Varde	573	Ukendt	9999	2010	17
Varde	573	Ukendt	9999	2011	12
Varde	573	Ukendt	9999	2012	7
Varde	573	Ukendt	9999	2013	7
Varde	573	Ukendt	9999	2014	7
Varde	573	Ukendt	9999	2015	8
Varde	573	Ukendt	9999	2016	8
Varde	573	Ukendt	9999	2017	12
Varde	573	Ukendt	9999	2018	7
Varde	573	Ukendt	9999	2019	12
Varde	573	Ukendt	9999	2020	18
Varde	573	Ukendt	9999	2021	19
Varde	573	Ukendt	9999	2022	25
Varde	573	Ukendt	9999	2023	27
Varde	573	Ukendt	9999	2024	30
Varde	573	Ukendt	9999	2025	24
Varde	573	Ukendt	9999	2026	25
Vejen	575	Gram	6510	2010	0
Vejen	575	Gram	6510	2011	0
Vejen	575	Gram	6510	2012	0
Vejen	575	Gram	6510	2013	0
Vejen	575	Gram	6510	2014	0
Vejen	575	Gram	6510	2015	0
Vejen	575	Gram	6510	2016	0
Vejen	575	Gram	6510	2017	0
Vejen	575	Gram	6510	2018	0
Vejen	575	Gram	6510	2019	0
Vejen	575	Gram	6510	2020	0
Vejen	575	Gram	6510	2021	0
Vejen	575	Gram	6510	2022	0
Vejen	575	Gram	6510	2023	0
Vejen	575	Gram	6510	2024	0
Vejen	575	Gram	6510	2025	0
Vejen	575	Gram	6510	2026	0
Vejen	575	Vejen	6600	2010	14642
Vejen	575	Vejen	6600	2011	14796
Vejen	575	Vejen	6600	2012	14871
Vejen	575	Vejen	6600	2013	14994
Vejen	575	Vejen	6600	2014	15034
Vejen	575	Vejen	6600	2015	15006
Vejen	575	Vejen	6600	2016	15163
Vejen	575	Vejen	6600	2017	15286
Vejen	575	Vejen	6600	2018	15312
Vejen	575	Vejen	6600	2019	15378
Vejen	575	Vejen	6600	2020	15420
Vejen	575	Vejen	6600	2021	15516
Vejen	575	Vejen	6600	2022	15574
Vejen	575	Vejen	6600	2023	15762
Vejen	575	Vejen	6600	2024	15922
Vejen	575	Vejen	6600	2025	15999
Vejen	575	Vejen	6600	2026	16053
Vejen	575	Gesten	6621	2010	1349
Vejen	575	Gesten	6621	2011	1348
Vejen	575	Gesten	6621	2012	1328
Vejen	575	Gesten	6621	2013	1337
Vejen	575	Gesten	6621	2014	1346
Vejen	575	Gesten	6621	2015	1336
Vejen	575	Gesten	6621	2016	1353
Vejen	575	Gesten	6621	2017	1362
Vejen	575	Gesten	6621	2018	1358
Vejen	575	Gesten	6621	2019	1372
Vejen	575	Gesten	6621	2020	1354
Vejen	575	Gesten	6621	2021	1337
Vejen	575	Gesten	6621	2022	1324
Vejen	575	Gesten	6621	2023	1318
Vejen	575	Gesten	6621	2024	1301
Vejen	575	Gesten	6621	2025	1265
Vejen	575	Gesten	6621	2026	1256
Vejen	575	Bække	6622	2010	1845
Vejen	575	Bække	6622	2011	1856
Vejen	575	Bække	6622	2012	1867
Vejen	575	Bække	6622	2013	1847
Vejen	575	Bække	6622	2014	1862
Vejen	575	Bække	6622	2015	1830
Vejen	575	Bække	6622	2016	1828
Vejen	575	Bække	6622	2017	1830
Vejen	575	Bække	6622	2018	1825
Vejen	575	Bække	6622	2019	1833
Vejen	575	Bække	6622	2020	1815
Vejen	575	Bække	6622	2021	1822
Vejen	575	Bække	6622	2022	1785
Vejen	575	Bække	6622	2023	1747
Vejen	575	Bække	6622	2024	1713
Vejen	575	Bække	6622	2025	1712
Vejen	575	Bække	6622	2026	1716
Vejen	575	Vorbasse	6623	2010	1
Vejen	575	Vorbasse	6623	2011	1
Vejen	575	Vorbasse	6623	2012	1
Vejen	575	Vorbasse	6623	2013	1
Vejen	575	Vorbasse	6623	2014	1
Vejen	575	Vorbasse	6623	2015	1
Vejen	575	Vorbasse	6623	2016	0
Vejen	575	Vorbasse	6623	2017	3
Vejen	575	Vorbasse	6623	2018	3
Vejen	575	Vorbasse	6623	2019	3
Vejen	575	Vorbasse	6623	2020	3
Vejen	575	Vorbasse	6623	2021	3
Vejen	575	Vorbasse	6623	2022	2
Vejen	575	Vorbasse	6623	2023	2
Vejen	575	Vorbasse	6623	2024	2
Vejen	575	Vorbasse	6623	2025	2
Vejen	575	Vorbasse	6623	2026	2
Vejen	575	Rødding	6630	2010	10497
Vejen	575	Rødding	6630	2011	10392
Vejen	575	Rødding	6630	2012	10397
Vejen	575	Rødding	6630	2013	10290
Vejen	575	Rødding	6630	2014	10284
Vejen	575	Rødding	6630	2015	10255
Vejen	575	Rødding	6630	2016	10306
Vejen	575	Rødding	6630	2017	10295
Vejen	575	Rødding	6630	2018	10284
Vejen	575	Rødding	6630	2019	10246
Vejen	575	Rødding	6630	2020	10188
Vejen	575	Rødding	6630	2021	10141
Vejen	575	Rødding	6630	2022	10069
Vejen	575	Rødding	6630	2023	10189
Vejen	575	Rødding	6630	2024	10124
Vejen	575	Rødding	6630	2025	10033
Vejen	575	Rødding	6630	2026	10000
Vejen	575	Brørup	6650	2010	6658
Vejen	575	Brørup	6650	2011	6580
Vejen	575	Brørup	6650	2012	6604
Vejen	575	Brørup	6650	2013	6614
Vejen	575	Brørup	6650	2014	6553
Vejen	575	Brørup	6650	2015	6599
Vejen	575	Brørup	6650	2016	6642
Vejen	575	Brørup	6650	2017	6555
Vejen	575	Brørup	6650	2018	6569
Vejen	575	Brørup	6650	2019	6543
Vejen	575	Brørup	6650	2020	6496
Vejen	575	Brørup	6650	2021	6555
Vejen	575	Brørup	6650	2022	6466
Vejen	575	Brørup	6650	2023	6582
Vejen	575	Brørup	6650	2024	6514
Vejen	575	Brørup	6650	2025	6453
Vejen	575	Brørup	6650	2026	6456
Vejen	575	Lintrup	6660	2010	769
Vejen	575	Lintrup	6660	2011	754
Vejen	575	Lintrup	6660	2012	758
Vejen	575	Lintrup	6660	2013	738
Vejen	575	Lintrup	6660	2014	744
Vejen	575	Lintrup	6660	2015	736
Vejen	575	Lintrup	6660	2016	728
Vejen	575	Lintrup	6660	2017	727
Vejen	575	Lintrup	6660	2018	716
Vejen	575	Lintrup	6660	2019	722
Vejen	575	Lintrup	6660	2020	707
Vejen	575	Lintrup	6660	2021	710
Vejen	575	Lintrup	6660	2022	692
Vejen	575	Lintrup	6660	2023	685
Vejen	575	Lintrup	6660	2024	653
Vejen	575	Lintrup	6660	2025	644
Vejen	575	Lintrup	6660	2026	660
Vejen	575	Holsted	6670	2010	3959
Vejen	575	Holsted	6670	2011	3907
Vejen	575	Holsted	6670	2012	3912
Vejen	575	Holsted	6670	2013	3870
Vejen	575	Holsted	6670	2014	3842
Vejen	575	Holsted	6670	2015	3855
Vejen	575	Holsted	6670	2016	3877
Vejen	575	Holsted	6670	2017	3846
Vejen	575	Holsted	6670	2018	3874
Vejen	575	Holsted	6670	2019	3867
Vejen	575	Holsted	6670	2020	3852
Vejen	575	Holsted	6670	2021	3832
Vejen	575	Holsted	6670	2022	3789
Vejen	575	Holsted	6670	2023	3819
Vejen	575	Holsted	6670	2024	3744
Vejen	575	Holsted	6670	2025	3772
Vejen	575	Holsted	6670	2026	3744
Vejen	575	Hovborg	6682	2010	589
Vejen	575	Hovborg	6682	2011	598
Vejen	575	Hovborg	6682	2012	588
Vejen	575	Hovborg	6682	2013	583
Vejen	575	Hovborg	6682	2014	584
Vejen	575	Hovborg	6682	2015	561
Vejen	575	Hovborg	6682	2016	560
Vejen	575	Hovborg	6682	2017	567
Vejen	575	Hovborg	6682	2018	547
Vejen	575	Hovborg	6682	2019	557
Vejen	575	Hovborg	6682	2020	563
Vejen	575	Hovborg	6682	2021	563
Vejen	575	Hovborg	6682	2022	570
Vejen	575	Hovborg	6682	2023	555
Vejen	575	Hovborg	6682	2024	567
Vejen	575	Hovborg	6682	2025	564
Vejen	575	Hovborg	6682	2026	540
Vejen	575	Føvling	6683	2010	1092
Vejen	575	Føvling	6683	2011	1071
Vejen	575	Føvling	6683	2012	1081
Vejen	575	Føvling	6683	2013	1073
Vejen	575	Føvling	6683	2014	1075
Vejen	575	Føvling	6683	2015	1074
Vejen	575	Føvling	6683	2016	1068
Vejen	575	Føvling	6683	2017	1038
Vejen	575	Føvling	6683	2018	1029
Vejen	575	Føvling	6683	2019	1043
Vejen	575	Føvling	6683	2020	1057
Vejen	575	Føvling	6683	2021	1050
Vejen	575	Føvling	6683	2022	1054
Vejen	575	Føvling	6683	2023	1014
Vejen	575	Føvling	6683	2024	1006
Vejen	575	Føvling	6683	2025	1035
Vejen	575	Føvling	6683	2026	1004
Vejen	575	Gørding	6690	2010	47
Vejen	575	Gørding	6690	2011	44
Vejen	575	Gørding	6690	2012	41
Vejen	575	Gørding	6690	2013	40
Vejen	575	Gørding	6690	2014	39
Vejen	575	Gørding	6690	2015	36
Vejen	575	Gørding	6690	2016	39
Vejen	575	Gørding	6690	2017	34
Vejen	575	Gørding	6690	2018	31
Vejen	575	Gørding	6690	2019	32
Vejen	575	Gørding	6690	2020	31
Vejen	575	Gørding	6690	2021	37
Vejen	575	Gørding	6690	2022	39
Vejen	575	Gørding	6690	2023	43
Vejen	575	Gørding	6690	2024	41
Vejen	575	Gørding	6690	2025	40
Vejen	575	Gørding	6690	2026	41
Vejen	575	Glejbjerg	6752	2010	1311
Vejen	575	Glejbjerg	6752	2011	1329
Vejen	575	Glejbjerg	6752	2012	1328
Vejen	575	Glejbjerg	6752	2013	1304
Vejen	575	Glejbjerg	6752	2014	1297
Vejen	575	Glejbjerg	6752	2015	1302
Vejen	575	Glejbjerg	6752	2016	1295
Vejen	575	Glejbjerg	6752	2017	1270
Vejen	575	Glejbjerg	6752	2018	1287
Vejen	575	Glejbjerg	6752	2019	1259
Vejen	575	Glejbjerg	6752	2020	1245
Vejen	575	Glejbjerg	6752	2021	1214
Vejen	575	Glejbjerg	6752	2022	1218
Vejen	575	Glejbjerg	6752	2023	1195
Vejen	575	Glejbjerg	6752	2024	1196
Vejen	575	Glejbjerg	6752	2025	1167
Vejen	575	Glejbjerg	6752	2026	1161
Vejen	575	Agerbæk	6753	2010	2
Vejen	575	Agerbæk	6753	2011	2
Vejen	575	Agerbæk	6753	2012	2
Vejen	575	Agerbæk	6753	2013	2
Vejen	575	Agerbæk	6753	2014	3
Vejen	575	Agerbæk	6753	2015	3
Vejen	575	Agerbæk	6753	2016	3
Vejen	575	Agerbæk	6753	2017	4
Vejen	575	Agerbæk	6753	2018	4
Vejen	575	Agerbæk	6753	2019	4
Vejen	575	Agerbæk	6753	2020	4
Vejen	575	Agerbæk	6753	2021	4
Vejen	575	Agerbæk	6753	2022	4
Vejen	575	Agerbæk	6753	2023	4
Vejen	575	Agerbæk	6753	2024	4
Vejen	575	Agerbæk	6753	2025	4
Vejen	575	Agerbæk	6753	2026	4
Vejen	575	Ukendt	9999	2010	7
Vejen	575	Ukendt	9999	2011	5
Vejen	575	Ukendt	9999	2012	7
Vejen	575	Ukendt	9999	2013	7
Vejen	575	Ukendt	9999	2014	3
Vejen	575	Ukendt	9999	2015	7
Vejen	575	Ukendt	9999	2016	7
Vejen	575	Ukendt	9999	2017	5
Vejen	575	Ukendt	9999	2018	5
Vejen	575	Ukendt	9999	2019	4
Vejen	575	Ukendt	9999	2020	7
Vejen	575	Ukendt	9999	2021	6
Vejen	575	Ukendt	9999	2022	10
Vejen	575	Ukendt	9999	2023	9
Vejen	575	Ukendt	9999	2024	13
Vejen	575	Ukendt	9999	2025	12
Vejen	575	Ukendt	9999	2026	4
Aabenraa	580	Aabenraa	6200	2010	28068
Aabenraa	580	Aabenraa	6200	2011	28052
Aabenraa	580	Aabenraa	6200	2012	28081
Aabenraa	580	Aabenraa	6200	2013	27968
Aabenraa	580	Aabenraa	6200	2014	27913
Aabenraa	580	Aabenraa	6200	2015	27914
Aabenraa	580	Aabenraa	6200	2016	27960
Aabenraa	580	Aabenraa	6200	2017	28188
Aabenraa	580	Aabenraa	6200	2018	28296
Aabenraa	580	Aabenraa	6200	2019	28375
Aabenraa	580	Aabenraa	6200	2020	28330
Aabenraa	580	Aabenraa	6200	2021	28322
Aabenraa	580	Aabenraa	6200	2022	28468
Aabenraa	580	Aabenraa	6200	2023	28649
Aabenraa	580	Aabenraa	6200	2024	28343
Aabenraa	580	Aabenraa	6200	2025	28436
Aabenraa	580	Aabenraa	6200	2026	28379
Aabenraa	580	Barsø	6210	2010	0
Aabenraa	580	Barsø	6210	2011	0
Aabenraa	580	Barsø	6210	2012	0
Aabenraa	580	Barsø	6210	2013	0
Aabenraa	580	Barsø	6210	2014	0
Aabenraa	580	Barsø	6210	2015	0
Aabenraa	580	Barsø	6210	2016	0
Aabenraa	580	Barsø	6210	2017	0
Aabenraa	580	Barsø	6210	2018	15
Aabenraa	580	Barsø	6210	2019	15
Aabenraa	580	Barsø	6210	2020	15
Aabenraa	580	Barsø	6210	2021	15
Aabenraa	580	Barsø	6210	2022	13
Aabenraa	580	Barsø	6210	2023	13
Aabenraa	580	Barsø	6210	2024	10
Aabenraa	580	Barsø	6210	2025	10
Aabenraa	580	Barsø	6210	2026	10
Aabenraa	580	Rødekro	6230	2010	12004
Aabenraa	580	Rødekro	6230	2011	11971
Aabenraa	580	Rødekro	6230	2012	11850
Aabenraa	580	Rødekro	6230	2013	11826
Aabenraa	580	Rødekro	6230	2014	11841
Aabenraa	580	Rødekro	6230	2015	11836
Aabenraa	580	Rødekro	6230	2016	11779
Aabenraa	580	Rødekro	6230	2017	11730
Aabenraa	580	Rødekro	6230	2018	11783
Aabenraa	580	Rødekro	6230	2019	11731
Aabenraa	580	Rødekro	6230	2020	11624
Aabenraa	580	Rødekro	6230	2021	11559
Aabenraa	580	Rødekro	6230	2022	11573
Aabenraa	580	Rødekro	6230	2023	11685
Aabenraa	580	Rødekro	6230	2024	11763
Aabenraa	580	Rødekro	6230	2025	11664
Aabenraa	580	Rødekro	6230	2026	11574
Aabenraa	580	Padborg	6330	2010	5509
Aabenraa	580	Padborg	6330	2011	5437
Aabenraa	580	Padborg	6330	2012	5425
Aabenraa	580	Padborg	6330	2013	5387
Aabenraa	580	Padborg	6330	2014	5389
Aabenraa	580	Padborg	6330	2015	5328
Aabenraa	580	Padborg	6330	2016	5275
Aabenraa	580	Padborg	6330	2017	5277
Aabenraa	580	Padborg	6330	2018	5229
Aabenraa	580	Padborg	6330	2019	5244
Aabenraa	580	Padborg	6330	2020	5208
Aabenraa	580	Padborg	6330	2021	5179
Aabenraa	580	Padborg	6330	2022	5157
Aabenraa	580	Padborg	6330	2023	5171
Aabenraa	580	Padborg	6330	2024	5110
Aabenraa	580	Padborg	6330	2025	5154
Aabenraa	580	Padborg	6330	2026	5085
Aabenraa	580	Kruså	6340	2010	4458
Aabenraa	580	Kruså	6340	2011	4460
Aabenraa	580	Kruså	6340	2012	4397
Aabenraa	580	Kruså	6340	2013	4359
Aabenraa	580	Kruså	6340	2014	4318
Aabenraa	580	Kruså	6340	2015	4297
Aabenraa	580	Kruså	6340	2016	4290
Aabenraa	580	Kruså	6340	2017	4290
Aabenraa	580	Kruså	6340	2018	4269
Aabenraa	580	Kruså	6340	2019	4241
Aabenraa	580	Kruså	6340	2020	4239
Aabenraa	580	Kruså	6340	2021	4279
Aabenraa	580	Kruså	6340	2022	4315
Aabenraa	580	Kruså	6340	2023	4304
Aabenraa	580	Kruså	6340	2024	4282
Aabenraa	580	Kruså	6340	2025	4223
Aabenraa	580	Kruså	6340	2026	4307
Aabenraa	580	Tinglev	6360	2010	4646
Aabenraa	580	Tinglev	6360	2011	4580
Aabenraa	580	Tinglev	6360	2012	4553
Aabenraa	580	Tinglev	6360	2013	4511
Aabenraa	580	Tinglev	6360	2014	4432
Aabenraa	580	Tinglev	6360	2015	4447
Aabenraa	580	Tinglev	6360	2016	4436
Aabenraa	580	Tinglev	6360	2017	4462
Aabenraa	580	Tinglev	6360	2018	4443
Aabenraa	580	Tinglev	6360	2019	4434
Aabenraa	580	Tinglev	6360	2020	4386
Aabenraa	580	Tinglev	6360	2021	4322
Aabenraa	580	Tinglev	6360	2022	4340
Aabenraa	580	Tinglev	6360	2023	4343
Aabenraa	580	Tinglev	6360	2024	4356
Aabenraa	580	Tinglev	6360	2025	4387
Aabenraa	580	Tinglev	6360	2026	4302
Aabenraa	580	Bylderup-Bov	6372	2010	3477
Aabenraa	580	Bylderup-Bov	6372	2011	3472
Aabenraa	580	Bylderup-Bov	6372	2012	3473
Aabenraa	580	Bylderup-Bov	6372	2013	3372
Aabenraa	580	Bylderup-Bov	6372	2014	3312
Aabenraa	580	Bylderup-Bov	6372	2015	3334
Aabenraa	580	Bylderup-Bov	6372	2016	3321
Aabenraa	580	Bylderup-Bov	6372	2017	3284
Aabenraa	580	Bylderup-Bov	6372	2018	3298
Aabenraa	580	Bylderup-Bov	6372	2019	3274
Aabenraa	580	Bylderup-Bov	6372	2020	3239
Aabenraa	580	Bylderup-Bov	6372	2021	3181
Aabenraa	580	Bylderup-Bov	6372	2022	3162
Aabenraa	580	Bylderup-Bov	6372	2023	3181
Aabenraa	580	Bylderup-Bov	6372	2024	3153
Aabenraa	580	Bylderup-Bov	6372	2025	3102
Aabenraa	580	Bylderup-Bov	6372	2026	3079
Aabenraa	580	Bolderslev	6392	2010	1812
Aabenraa	580	Bolderslev	6392	2011	1817
Aabenraa	580	Bolderslev	6392	2012	1814
Aabenraa	580	Bolderslev	6392	2013	1779
Aabenraa	580	Bolderslev	6392	2014	1761
Aabenraa	580	Bolderslev	6392	2015	1745
Aabenraa	580	Bolderslev	6392	2016	1801
Aabenraa	580	Bolderslev	6392	2017	1763
Aabenraa	580	Bolderslev	6392	2018	1748
Aabenraa	580	Bolderslev	6392	2019	1711
Aabenraa	580	Bolderslev	6392	2020	1712
Aabenraa	580	Bolderslev	6392	2021	1655
Aabenraa	580	Bolderslev	6392	2022	1650
Aabenraa	580	Bolderslev	6392	2023	1647
Aabenraa	580	Bolderslev	6392	2024	1635
Aabenraa	580	Bolderslev	6392	2025	1636
Aabenraa	580	Bolderslev	6392	2026	1660
Aabenraa	580	Agerskov	6534	2010	4
Aabenraa	580	Agerskov	6534	2011	4
Aabenraa	580	Agerskov	6534	2012	4
Aabenraa	580	Agerskov	6534	2013	4
Aabenraa	580	Agerskov	6534	2014	4
Aabenraa	580	Agerskov	6534	2015	3
Aabenraa	580	Agerskov	6534	2016	3
Aabenraa	580	Agerskov	6534	2017	3
Aabenraa	580	Agerskov	6534	2018	2
Aabenraa	580	Agerskov	6534	2019	2
Aabenraa	580	Agerskov	6534	2020	2
Aabenraa	580	Agerskov	6534	2021	2
Aabenraa	580	Agerskov	6534	2022	2
Aabenraa	580	Agerskov	6534	2023	2
Aabenraa	580	Agerskov	6534	2024	2
Aabenraa	580	Agerskov	6534	2025	2
Aabenraa	580	Agerskov	6534	2026	2
Aabenraa	580	Ukendt	9999	2010	0
Aabenraa	580	Ukendt	9999	2011	2
Aabenraa	580	Ukendt	9999	2012	3
Aabenraa	580	Ukendt	9999	2013	2
Aabenraa	580	Ukendt	9999	2014	0
Aabenraa	580	Ukendt	9999	2015	0
Aabenraa	580	Ukendt	9999	2016	4
Aabenraa	580	Ukendt	9999	2017	6
Aabenraa	580	Ukendt	9999	2018	6
Aabenraa	580	Ukendt	9999	2019	8
Aabenraa	580	Ukendt	9999	2020	6
Aabenraa	580	Ukendt	9999	2021	12
Aabenraa	580	Ukendt	9999	2022	13
Aabenraa	580	Ukendt	9999	2023	7
Aabenraa	580	Ukendt	9999	2024	3
Aabenraa	580	Ukendt	9999	2025	7
Aabenraa	580	Ukendt	9999	2026	7
Fredericia	607	Kolding	6000	2010	0
Fredericia	607	Kolding	6000	2011	0
Fredericia	607	Kolding	6000	2012	0
Fredericia	607	Kolding	6000	2013	0
Fredericia	607	Kolding	6000	2014	0
Fredericia	607	Kolding	6000	2015	0
Fredericia	607	Kolding	6000	2016	0
Fredericia	607	Kolding	6000	2017	0
Fredericia	607	Kolding	6000	2018	0
Fredericia	607	Kolding	6000	2019	0
Fredericia	607	Kolding	6000	2020	0
Fredericia	607	Kolding	6000	2021	2
Fredericia	607	Kolding	6000	2022	2
Fredericia	607	Kolding	6000	2023	2
Fredericia	607	Kolding	6000	2024	0
Fredericia	607	Kolding	6000	2025	0
Fredericia	607	Kolding	6000	2026	0
Fredericia	607	Fredericia	7000	2010	49765
Fredericia	607	Fredericia	7000	2011	50000
Fredericia	607	Fredericia	7000	2012	50102
Fredericia	607	Fredericia	7000	2013	50253
Fredericia	607	Fredericia	7000	2014	50228
Fredericia	607	Fredericia	7000	2015	50330
Fredericia	607	Fredericia	7000	2016	50576
Fredericia	607	Fredericia	7000	2017	50762
Fredericia	607	Fredericia	7000	2018	51213
Fredericia	607	Fredericia	7000	2019	51299
Fredericia	607	Fredericia	7000	2020	51257
Fredericia	607	Fredericia	7000	2021	51137
Fredericia	607	Fredericia	7000	2022	51482
Fredericia	607	Fredericia	7000	2023	52022
Fredericia	607	Fredericia	7000	2024	52352
Fredericia	607	Fredericia	7000	2025	52506
Fredericia	607	Fredericia	7000	2026	52835
Fredericia	607	Ukendt	9999	2010	84
Fredericia	607	Ukendt	9999	2011	104
Fredericia	607	Ukendt	9999	2012	91
Fredericia	607	Ukendt	9999	2013	121
Fredericia	607	Ukendt	9999	2014	96
Fredericia	607	Ukendt	9999	2015	99
Fredericia	607	Ukendt	9999	2016	113
Fredericia	607	Ukendt	9999	2017	106
Fredericia	607	Ukendt	9999	2018	113
Fredericia	607	Ukendt	9999	2019	128
Fredericia	607	Ukendt	9999	2020	120
Fredericia	607	Ukendt	9999	2021	136
Fredericia	607	Ukendt	9999	2022	122
Fredericia	607	Ukendt	9999	2023	149
Fredericia	607	Ukendt	9999	2024	133
Fredericia	607	Ukendt	9999	2025	110
Fredericia	607	Ukendt	9999	2026	104
Horsens	615	Odder	8300	2010	0
Horsens	615	Odder	8300	2011	0
Horsens	615	Odder	8300	2012	0
Horsens	615	Odder	8300	2013	0
Horsens	615	Odder	8300	2014	0
Horsens	615	Odder	8300	2015	0
Horsens	615	Odder	8300	2016	0
Horsens	615	Odder	8300	2017	0
Horsens	615	Odder	8300	2018	0
Horsens	615	Odder	8300	2019	0
Horsens	615	Odder	8300	2020	0
Horsens	615	Odder	8300	2021	0
Horsens	615	Odder	8300	2022	0
Horsens	615	Odder	8300	2023	0
Horsens	615	Odder	8300	2024	0
Horsens	615	Odder	8300	2025	0
Horsens	615	Odder	8300	2026	0
Horsens	615	Bryrup	8654	2010	19
Horsens	615	Bryrup	8654	2011	16
Horsens	615	Bryrup	8654	2012	20
Horsens	615	Bryrup	8654	2013	24
Horsens	615	Bryrup	8654	2014	24
Horsens	615	Bryrup	8654	2015	26
Horsens	615	Bryrup	8654	2016	26
Horsens	615	Bryrup	8654	2017	26
Horsens	615	Bryrup	8654	2018	25
Horsens	615	Bryrup	8654	2019	25
Horsens	615	Bryrup	8654	2020	25
Horsens	615	Bryrup	8654	2021	27
Horsens	615	Bryrup	8654	2022	17
Horsens	615	Bryrup	8654	2023	18
Horsens	615	Bryrup	8654	2024	18
Horsens	615	Bryrup	8654	2025	20
Horsens	615	Bryrup	8654	2026	20
Horsens	615	Skanderborg	8660	2010	288
Horsens	615	Skanderborg	8660	2011	274
Horsens	615	Skanderborg	8660	2012	282
Horsens	615	Skanderborg	8660	2013	281
Horsens	615	Skanderborg	8660	2014	297
Horsens	615	Skanderborg	8660	2015	295
Horsens	615	Skanderborg	8660	2016	302
Horsens	615	Skanderborg	8660	2017	300
Horsens	615	Skanderborg	8660	2018	294
Horsens	615	Skanderborg	8660	2019	296
Horsens	615	Skanderborg	8660	2020	295
Horsens	615	Skanderborg	8660	2021	294
Horsens	615	Skanderborg	8660	2022	309
Horsens	615	Skanderborg	8660	2023	298
Horsens	615	Skanderborg	8660	2024	293
Horsens	615	Skanderborg	8660	2025	291
Horsens	615	Skanderborg	8660	2026	300
Horsens	615	Ry	8680	2010	5
Horsens	615	Ry	8680	2011	5
Horsens	615	Ry	8680	2012	5
Horsens	615	Ry	8680	2013	5
Horsens	615	Ry	8680	2014	5
Horsens	615	Ry	8680	2015	5
Horsens	615	Ry	8680	2016	5
Horsens	615	Ry	8680	2017	5
Horsens	615	Ry	8680	2018	5
Horsens	615	Ry	8680	2019	3
Horsens	615	Ry	8680	2020	3
Horsens	615	Ry	8680	2021	3
Horsens	615	Ry	8680	2022	2
Horsens	615	Ry	8680	2023	2
Horsens	615	Ry	8680	2024	3
Horsens	615	Ry	8680	2025	3
Horsens	615	Ry	8680	2026	3
Horsens	615	Horsens	8700	2010	64067
Horsens	615	Horsens	8700	2011	64894
Horsens	615	Horsens	8700	2012	65593
Horsens	615	Horsens	8700	2013	66692
Horsens	615	Horsens	8700	2014	67350
Horsens	615	Horsens	8700	2015	68071
Horsens	615	Horsens	8700	2016	69231
Horsens	615	Horsens	8700	2017	70423
Horsens	615	Horsens	8700	2018	70759
Horsens	615	Horsens	8700	2019	71518
Horsens	615	Horsens	8700	2020	72187
Horsens	615	Horsens	8700	2021	73279
Horsens	615	Horsens	8700	2022	75127
Horsens	615	Horsens	8700	2023	76776
Horsens	615	Horsens	8700	2024	77655
Horsens	615	Horsens	8700	2025	78340
Horsens	615	Horsens	8700	2026	79280
Horsens	615	Hovedgård	8732	2010	3280
Horsens	615	Hovedgård	8732	2011	3324
Horsens	615	Hovedgård	8732	2012	3343
Horsens	615	Hovedgård	8732	2013	3352
Horsens	615	Hovedgård	8732	2014	3353
Horsens	615	Hovedgård	8732	2015	3323
Horsens	615	Hovedgård	8732	2016	3341
Horsens	615	Hovedgård	8732	2017	3378
Horsens	615	Hovedgård	8732	2018	3366
Horsens	615	Hovedgård	8732	2019	3368
Horsens	615	Hovedgård	8732	2020	3381
Horsens	615	Hovedgård	8732	2021	3428
Horsens	615	Hovedgård	8732	2022	3420
Horsens	615	Hovedgård	8732	2023	3487
Horsens	615	Hovedgård	8732	2024	3508
Horsens	615	Hovedgård	8732	2025	3423
Horsens	615	Hovedgård	8732	2026	3442
Horsens	615	Brædstrup	8740	2010	8057
Horsens	615	Brædstrup	8740	2011	8079
Horsens	615	Brædstrup	8740	2012	8057
Horsens	615	Brædstrup	8740	2013	8086
Horsens	615	Brædstrup	8740	2014	8099
Horsens	615	Brædstrup	8740	2015	8082
Horsens	615	Brædstrup	8740	2016	8184
Horsens	615	Brædstrup	8740	2017	8177
Horsens	615	Brædstrup	8740	2018	8150
Horsens	615	Brædstrup	8740	2019	8100
Horsens	615	Brædstrup	8740	2020	8029
Horsens	615	Brædstrup	8740	2021	8106
Horsens	615	Brædstrup	8740	2022	8345
Horsens	615	Brædstrup	8740	2023	8363
Horsens	615	Brædstrup	8740	2024	8427
Horsens	615	Brædstrup	8740	2025	8325
Horsens	615	Brædstrup	8740	2026	8212
Horsens	615	Gedved	8751	2010	2369
Horsens	615	Gedved	8751	2011	2363
Horsens	615	Gedved	8751	2012	2404
Horsens	615	Gedved	8751	2013	2467
Horsens	615	Gedved	8751	2014	2536
Horsens	615	Gedved	8751	2015	2562
Horsens	615	Gedved	8751	2016	2619
Horsens	615	Gedved	8751	2017	2660
Horsens	615	Gedved	8751	2018	2716
Horsens	615	Gedved	8751	2019	2775
Horsens	615	Gedved	8751	2020	2754
Horsens	615	Gedved	8751	2021	2776
Horsens	615	Gedved	8751	2022	2780
Horsens	615	Gedved	8751	2023	2899
Horsens	615	Gedved	8751	2024	2901
Horsens	615	Gedved	8751	2025	2888
Horsens	615	Gedved	8751	2026	2901
Horsens	615	Østbirk	8752	2010	3549
Horsens	615	Østbirk	8752	2011	3580
Horsens	615	Østbirk	8752	2012	3589
Horsens	615	Østbirk	8752	2013	3645
Horsens	615	Østbirk	8752	2014	3656
Horsens	615	Østbirk	8752	2015	3656
Horsens	615	Østbirk	8752	2016	3661
Horsens	615	Østbirk	8752	2017	3730
Horsens	615	Østbirk	8752	2018	3776
Horsens	615	Østbirk	8752	2019	3795
Horsens	615	Østbirk	8752	2020	3772
Horsens	615	Østbirk	8752	2021	3821
Horsens	615	Østbirk	8752	2022	3947
Horsens	615	Østbirk	8752	2023	4161
Horsens	615	Østbirk	8752	2024	4129
Horsens	615	Østbirk	8752	2025	4163
Horsens	615	Østbirk	8752	2026	4175
Horsens	615	Flemming	8762	2010	1
Horsens	615	Flemming	8762	2011	0
Horsens	615	Flemming	8762	2012	0
Horsens	615	Flemming	8762	2013	0
Horsens	615	Flemming	8762	2014	0
Horsens	615	Flemming	8762	2015	0
Horsens	615	Flemming	8762	2016	0
Horsens	615	Flemming	8762	2017	1
Horsens	615	Flemming	8762	2018	1
Horsens	615	Flemming	8762	2019	1
Horsens	615	Flemming	8762	2020	1
Horsens	615	Flemming	8762	2021	1
Horsens	615	Flemming	8762	2022	1
Horsens	615	Flemming	8762	2023	3
Horsens	615	Flemming	8762	2024	3
Horsens	615	Flemming	8762	2025	3
Horsens	615	Flemming	8762	2026	3
Horsens	615	Klovborg	8765	2010	9
Horsens	615	Klovborg	8765	2011	9
Horsens	615	Klovborg	8765	2012	11
Horsens	615	Klovborg	8765	2013	10
Horsens	615	Klovborg	8765	2014	8
Horsens	615	Klovborg	8765	2015	13
Horsens	615	Klovborg	8765	2016	13
Horsens	615	Klovborg	8765	2017	13
Horsens	615	Klovborg	8765	2018	13
Horsens	615	Klovborg	8765	2019	15
Horsens	615	Klovborg	8765	2020	11
Horsens	615	Klovborg	8765	2021	11
Horsens	615	Klovborg	8765	2022	11
Horsens	615	Klovborg	8765	2023	12
Horsens	615	Klovborg	8765	2024	12
Horsens	615	Klovborg	8765	2025	13
Horsens	615	Klovborg	8765	2026	11
Horsens	615	Stenderup	8781	2010	178
Horsens	615	Stenderup	8781	2011	155
Horsens	615	Stenderup	8781	2012	165
Horsens	615	Stenderup	8781	2013	158
Horsens	615	Stenderup	8781	2014	157
Horsens	615	Stenderup	8781	2015	154
Horsens	615	Stenderup	8781	2016	160
Horsens	615	Stenderup	8781	2017	147
Horsens	615	Stenderup	8781	2018	156
Horsens	615	Stenderup	8781	2019	152
Horsens	615	Stenderup	8781	2020	149
Horsens	615	Stenderup	8781	2021	154
Horsens	615	Stenderup	8781	2022	152
Horsens	615	Stenderup	8781	2023	163
Horsens	615	Stenderup	8781	2024	154
Horsens	615	Stenderup	8781	2025	164
Horsens	615	Stenderup	8781	2026	170
Horsens	615	Hornsyld	8783	2010	9
Horsens	615	Hornsyld	8783	2011	13
Horsens	615	Hornsyld	8783	2012	11
Horsens	615	Hornsyld	8783	2013	9
Horsens	615	Hornsyld	8783	2014	8
Horsens	615	Hornsyld	8783	2015	9
Horsens	615	Hornsyld	8783	2016	9
Horsens	615	Hornsyld	8783	2017	10
Horsens	615	Hornsyld	8783	2018	8
Horsens	615	Hornsyld	8783	2019	10
Horsens	615	Hornsyld	8783	2020	12
Horsens	615	Hornsyld	8783	2021	11
Horsens	615	Hornsyld	8783	2022	13
Horsens	615	Hornsyld	8783	2023	13
Horsens	615	Hornsyld	8783	2024	12
Horsens	615	Hornsyld	8783	2025	16
Horsens	615	Hornsyld	8783	2026	13
Horsens	615	Endelave	8789	2010	0
Horsens	615	Endelave	8789	2011	0
Horsens	615	Endelave	8789	2012	0
Horsens	615	Endelave	8789	2013	0
Horsens	615	Endelave	8789	2014	0
Horsens	615	Endelave	8789	2015	0
Horsens	615	Endelave	8789	2016	0
Horsens	615	Endelave	8789	2017	0
Horsens	615	Endelave	8789	2018	151
Horsens	615	Endelave	8789	2019	156
Horsens	615	Endelave	8789	2020	155
Horsens	615	Endelave	8789	2021	154
Horsens	615	Endelave	8789	2022	165
Horsens	615	Endelave	8789	2023	151
Horsens	615	Endelave	8789	2024	150
Horsens	615	Endelave	8789	2025	147
Horsens	615	Endelave	8789	2026	149
Horsens	615	Ukendt	9999	2010	126
Horsens	615	Ukendt	9999	2011	123
Horsens	615	Ukendt	9999	2012	118
Horsens	615	Ukendt	9999	2013	142
Horsens	615	Ukendt	9999	2014	169
Horsens	615	Ukendt	9999	2015	165
Horsens	615	Ukendt	9999	2016	185
Horsens	615	Ukendt	9999	2017	160
Horsens	615	Ukendt	9999	2018	178
Horsens	615	Ukendt	9999	2019	156
Horsens	615	Ukendt	9999	2020	192
Horsens	615	Ukendt	9999	2021	164
Horsens	615	Ukendt	9999	2022	154
Horsens	615	Ukendt	9999	2023	134
Horsens	615	Ukendt	9999	2024	127
Horsens	615	Ukendt	9999	2025	125
Horsens	615	Ukendt	9999	2026	127
Kolding	621	Kolding	6000	2010	58967
Kolding	621	Kolding	6000	2011	59095
Kolding	621	Kolding	6000	2012	59442
Kolding	621	Kolding	6000	2013	59641
Kolding	621	Kolding	6000	2014	60150
Kolding	621	Kolding	6000	2015	60857
Kolding	621	Kolding	6000	2016	61646
Kolding	621	Kolding	6000	2017	62271
Kolding	621	Kolding	6000	2018	62406
Kolding	621	Kolding	6000	2019	62751
Kolding	621	Kolding	6000	2020	63053
Kolding	621	Kolding	6000	2021	63143
Kolding	621	Kolding	6000	2022	63596
Kolding	621	Kolding	6000	2023	64423
Kolding	621	Kolding	6000	2024	64737
Kolding	621	Kolding	6000	2025	65602
Kolding	621	Kolding	6000	2026	65909
Kolding	621	Egtved	6040	2010	1927
Kolding	621	Egtved	6040	2011	1945
Kolding	621	Egtved	6040	2012	1938
Kolding	621	Egtved	6040	2013	1920
Kolding	621	Egtved	6040	2014	1968
Kolding	621	Egtved	6040	2015	2011
Kolding	621	Egtved	6040	2016	2028
Kolding	621	Egtved	6040	2017	2075
Kolding	621	Egtved	6040	2018	2091
Kolding	621	Egtved	6040	2019	2149
Kolding	621	Egtved	6040	2020	2203
Kolding	621	Egtved	6040	2021	2280
Kolding	621	Egtved	6040	2022	2274
Kolding	621	Egtved	6040	2023	2300
Kolding	621	Egtved	6040	2024	2297
Kolding	621	Egtved	6040	2025	2293
Kolding	621	Egtved	6040	2026	2271
Kolding	621	Almind	6051	2010	2017
Kolding	621	Almind	6051	2011	2033
Kolding	621	Almind	6051	2012	2053
Kolding	621	Almind	6051	2013	2019
Kolding	621	Almind	6051	2014	2103
Kolding	621	Almind	6051	2015	2067
Kolding	621	Almind	6051	2016	2055
Kolding	621	Almind	6051	2017	2056
Kolding	621	Almind	6051	2018	2076
Kolding	621	Almind	6051	2019	2043
Kolding	621	Almind	6051	2020	2024
Kolding	621	Almind	6051	2021	2008
Kolding	621	Almind	6051	2022	2034
Kolding	621	Almind	6051	2023	2063
Kolding	621	Almind	6051	2024	2059
Kolding	621	Almind	6051	2025	2094
Kolding	621	Almind	6051	2026	2086
Kolding	621	Viuf	6052	2010	909
Kolding	621	Viuf	6052	2011	903
Kolding	621	Viuf	6052	2012	904
Kolding	621	Viuf	6052	2013	911
Kolding	621	Viuf	6052	2014	911
Kolding	621	Viuf	6052	2015	908
Kolding	621	Viuf	6052	2016	915
Kolding	621	Viuf	6052	2017	913
Kolding	621	Viuf	6052	2018	932
Kolding	621	Viuf	6052	2019	932
Kolding	621	Viuf	6052	2020	930
Kolding	621	Viuf	6052	2021	923
Kolding	621	Viuf	6052	2022	912
Kolding	621	Viuf	6052	2023	905
Kolding	621	Viuf	6052	2024	889
Kolding	621	Viuf	6052	2025	890
Kolding	621	Viuf	6052	2026	912
Kolding	621	Jordrup	6064	2010	1396
Kolding	621	Jordrup	6064	2011	1382
Kolding	621	Jordrup	6064	2012	1395
Kolding	621	Jordrup	6064	2013	1378
Kolding	621	Jordrup	6064	2014	1373
Kolding	621	Jordrup	6064	2015	1350
Kolding	621	Jordrup	6064	2016	1354
Kolding	621	Jordrup	6064	2017	1321
Kolding	621	Jordrup	6064	2018	1338
Kolding	621	Jordrup	6064	2019	1302
Kolding	621	Jordrup	6064	2020	1283
Kolding	621	Jordrup	6064	2021	1256
Kolding	621	Jordrup	6064	2022	1251
Kolding	621	Jordrup	6064	2023	1230
Kolding	621	Jordrup	6064	2024	1239
Kolding	621	Jordrup	6064	2025	1236
Kolding	621	Jordrup	6064	2026	1219
Kolding	621	Christiansfeld	6070	2010	5922
Kolding	621	Christiansfeld	6070	2011	5930
Kolding	621	Christiansfeld	6070	2012	5847
Kolding	621	Christiansfeld	6070	2013	5863
Kolding	621	Christiansfeld	6070	2014	5792
Kolding	621	Christiansfeld	6070	2015	5785
Kolding	621	Christiansfeld	6070	2016	5842
Kolding	621	Christiansfeld	6070	2017	5815
Kolding	621	Christiansfeld	6070	2018	5797
Kolding	621	Christiansfeld	6070	2019	5838
Kolding	621	Christiansfeld	6070	2020	5840
Kolding	621	Christiansfeld	6070	2021	5839
Kolding	621	Christiansfeld	6070	2022	5782
Kolding	621	Christiansfeld	6070	2023	5788
Kolding	621	Christiansfeld	6070	2024	5784
Kolding	621	Christiansfeld	6070	2025	5797
Kolding	621	Christiansfeld	6070	2026	5805
Kolding	621	Bjert	6091	2010	2653
Kolding	621	Bjert	6091	2011	2656
Kolding	621	Bjert	6091	2012	2615
Kolding	621	Bjert	6091	2013	2608
Kolding	621	Bjert	6091	2014	2560
Kolding	621	Bjert	6091	2015	2596
Kolding	621	Bjert	6091	2016	2641
Kolding	621	Bjert	6091	2017	2593
Kolding	621	Bjert	6091	2018	2611
Kolding	621	Bjert	6091	2019	2642
Kolding	621	Bjert	6091	2020	2656
Kolding	621	Bjert	6091	2021	2645
Kolding	621	Bjert	6091	2022	2677
Kolding	621	Bjert	6091	2023	2715
Kolding	621	Bjert	6091	2024	2893
Kolding	621	Bjert	6091	2025	2932
Kolding	621	Bjert	6091	2026	2953
Kolding	621	Sønder Stenderup	6092	2010	909
Kolding	621	Sønder Stenderup	6092	2011	892
Kolding	621	Sønder Stenderup	6092	2012	893
Kolding	621	Sønder Stenderup	6092	2013	898
Kolding	621	Sønder Stenderup	6092	2014	881
Kolding	621	Sønder Stenderup	6092	2015	873
Kolding	621	Sønder Stenderup	6092	2016	857
Kolding	621	Sønder Stenderup	6092	2017	857
Kolding	621	Sønder Stenderup	6092	2018	858
Kolding	621	Sønder Stenderup	6092	2019	853
Kolding	621	Sønder Stenderup	6092	2020	848
Kolding	621	Sønder Stenderup	6092	2021	847
Kolding	621	Sønder Stenderup	6092	2022	842
Kolding	621	Sønder Stenderup	6092	2023	845
Kolding	621	Sønder Stenderup	6092	2024	840
Kolding	621	Sønder Stenderup	6092	2025	800
Kolding	621	Sønder Stenderup	6092	2026	805
Kolding	621	Sjølund	6093	2010	1048
Kolding	621	Sjølund	6093	2011	1039
Kolding	621	Sjølund	6093	2012	1032
Kolding	621	Sjølund	6093	2013	1061
Kolding	621	Sjølund	6093	2014	1069
Kolding	621	Sjølund	6093	2015	1082
Kolding	621	Sjølund	6093	2016	1077
Kolding	621	Sjølund	6093	2017	1085
Kolding	621	Sjølund	6093	2018	1083
Kolding	621	Sjølund	6093	2019	1096
Kolding	621	Sjølund	6093	2020	1077
Kolding	621	Sjølund	6093	2021	1081
Kolding	621	Sjølund	6093	2022	1081
Kolding	621	Sjølund	6093	2023	1052
Kolding	621	Sjølund	6093	2024	1021
Kolding	621	Sjølund	6093	2025	1023
Kolding	621	Sjølund	6093	2026	1022
Kolding	621	Hejls	6094	2010	1054
Kolding	621	Hejls	6094	2011	1023
Kolding	621	Hejls	6094	2012	993
Kolding	621	Hejls	6094	2013	1008
Kolding	621	Hejls	6094	2014	1028
Kolding	621	Hejls	6094	2015	1009
Kolding	621	Hejls	6094	2016	1070
Kolding	621	Hejls	6094	2017	1078
Kolding	621	Hejls	6094	2018	1102
Kolding	621	Hejls	6094	2019	1098
Kolding	621	Hejls	6094	2020	1083
Kolding	621	Hejls	6094	2021	1051
Kolding	621	Hejls	6094	2022	1081
Kolding	621	Hejls	6094	2023	1069
Kolding	621	Hejls	6094	2024	1059
Kolding	621	Hejls	6094	2025	1055
Kolding	621	Hejls	6094	2026	1021
Kolding	621	Haderslev	6100	2010	13
Kolding	621	Haderslev	6100	2011	15
Kolding	621	Haderslev	6100	2012	14
Kolding	621	Haderslev	6100	2013	13
Kolding	621	Haderslev	6100	2014	12
Kolding	621	Haderslev	6100	2015	11
Kolding	621	Haderslev	6100	2016	10
Kolding	621	Haderslev	6100	2017	8
Kolding	621	Haderslev	6100	2018	11
Kolding	621	Haderslev	6100	2019	8
Kolding	621	Haderslev	6100	2020	9
Kolding	621	Haderslev	6100	2021	8
Kolding	621	Haderslev	6100	2022	8
Kolding	621	Haderslev	6100	2023	11
Kolding	621	Haderslev	6100	2024	11
Kolding	621	Haderslev	6100	2025	10
Kolding	621	Haderslev	6100	2026	10
Kolding	621	Sommersted	6560	2010	70
Kolding	621	Sommersted	6560	2011	67
Kolding	621	Sommersted	6560	2012	69
Kolding	621	Sommersted	6560	2013	54
Kolding	621	Sommersted	6560	2014	56
Kolding	621	Sommersted	6560	2015	60
Kolding	621	Sommersted	6560	2016	57
Kolding	621	Sommersted	6560	2017	63
Kolding	621	Sommersted	6560	2018	61
Kolding	621	Sommersted	6560	2019	64
Kolding	621	Sommersted	6560	2020	62
Kolding	621	Sommersted	6560	2021	59
Kolding	621	Sommersted	6560	2022	63
Kolding	621	Sommersted	6560	2023	63
Kolding	621	Sommersted	6560	2024	64
Kolding	621	Sommersted	6560	2025	65
Kolding	621	Sommersted	6560	2026	66
Kolding	621	Vamdrup	6580	2010	7697
Kolding	621	Vamdrup	6580	2011	7708
Kolding	621	Vamdrup	6580	2012	7652
Kolding	621	Vamdrup	6580	2013	7609
Kolding	621	Vamdrup	6580	2014	7586
Kolding	621	Vamdrup	6580	2015	7592
Kolding	621	Vamdrup	6580	2016	7519
Kolding	621	Vamdrup	6580	2017	7516
Kolding	621	Vamdrup	6580	2018	7486
Kolding	621	Vamdrup	6580	2019	7507
Kolding	621	Vamdrup	6580	2020	7438
Kolding	621	Vamdrup	6580	2021	7370
Kolding	621	Vamdrup	6580	2022	7312
Kolding	621	Vamdrup	6580	2023	7375
Kolding	621	Vamdrup	6580	2024	7369
Kolding	621	Vamdrup	6580	2025	7431
Kolding	621	Vamdrup	6580	2026	7403
Kolding	621	Lunderskov	6640	2010	4484
Kolding	621	Lunderskov	6640	2011	4520
Kolding	621	Lunderskov	6640	2012	4557
Kolding	621	Lunderskov	6640	2013	4561
Kolding	621	Lunderskov	6640	2014	4555
Kolding	621	Lunderskov	6640	2015	4569
Kolding	621	Lunderskov	6640	2016	4593
Kolding	621	Lunderskov	6640	2017	4604
Kolding	621	Lunderskov	6640	2018	4639
Kolding	621	Lunderskov	6640	2019	4595
Kolding	621	Lunderskov	6640	2020	4655
Kolding	621	Lunderskov	6640	2021	4626
Kolding	621	Lunderskov	6640	2022	4598
Kolding	621	Lunderskov	6640	2023	4642
Kolding	621	Lunderskov	6640	2024	4626
Kolding	621	Lunderskov	6640	2025	4617
Kolding	621	Lunderskov	6640	2026	4671
Kolding	621	Ukendt	9999	2010	5
Kolding	621	Ukendt	9999	2011	2
Kolding	621	Ukendt	9999	2012	8
Kolding	621	Ukendt	9999	2013	12
Kolding	621	Ukendt	9999	2014	22
Kolding	621	Ukendt	9999	2015	24
Kolding	621	Ukendt	9999	2016	31
Kolding	621	Ukendt	9999	2017	27
Kolding	621	Ukendt	9999	2018	24
Kolding	621	Ukendt	9999	2019	15
Kolding	621	Ukendt	9999	2020	14
Kolding	621	Ukendt	9999	2021	25
Kolding	621	Ukendt	9999	2022	33
Kolding	621	Ukendt	9999	2023	47
Kolding	621	Ukendt	9999	2024	44
Kolding	621	Ukendt	9999	2025	52
Kolding	621	Ukendt	9999	2026	61
Vejle	630	Egtved	6040	2010	5507
Vejle	630	Egtved	6040	2011	5494
Vejle	630	Egtved	6040	2012	5548
Vejle	630	Egtved	6040	2013	5613
Vejle	630	Egtved	6040	2014	5569
Vejle	630	Egtved	6040	2015	5520
Vejle	630	Egtved	6040	2016	5547
Vejle	630	Egtved	6040	2017	5543
Vejle	630	Egtved	6040	2018	5664
Vejle	630	Egtved	6040	2019	5649
Vejle	630	Egtved	6040	2020	5662
Vejle	630	Egtved	6040	2021	5617
Vejle	630	Egtved	6040	2022	5674
Vejle	630	Egtved	6040	2023	5704
Vejle	630	Egtved	6040	2024	5692
Vejle	630	Egtved	6040	2025	5677
Vejle	630	Egtved	6040	2026	5670
Vejle	630	Viuf	6052	2010	91
Vejle	630	Viuf	6052	2011	95
Vejle	630	Viuf	6052	2012	97
Vejle	630	Viuf	6052	2013	68
Vejle	630	Viuf	6052	2014	65
Vejle	630	Viuf	6052	2015	68
Vejle	630	Viuf	6052	2016	67
Vejle	630	Viuf	6052	2017	70
Vejle	630	Viuf	6052	2018	72
Vejle	630	Viuf	6052	2019	69
Vejle	630	Viuf	6052	2020	69
Vejle	630	Viuf	6052	2021	63
Vejle	630	Viuf	6052	2022	65
Vejle	630	Viuf	6052	2023	66
Vejle	630	Viuf	6052	2024	66
Vejle	630	Viuf	6052	2025	63
Vejle	630	Viuf	6052	2026	57
Vejle	630	Vorbasse	6623	2010	1
Vejle	630	Vorbasse	6623	2011	1
Vejle	630	Vorbasse	6623	2012	1
Vejle	630	Vorbasse	6623	2013	1
Vejle	630	Vorbasse	6623	2014	1
Vejle	630	Vorbasse	6623	2015	1
Vejle	630	Vorbasse	6623	2016	1
Vejle	630	Vorbasse	6623	2017	1
Vejle	630	Vorbasse	6623	2018	2
Vejle	630	Vorbasse	6623	2019	3
Vejle	630	Vorbasse	6623	2020	3
Vejle	630	Vorbasse	6623	2021	3
Vejle	630	Vorbasse	6623	2022	4
Vejle	630	Vorbasse	6623	2023	4
Vejle	630	Vorbasse	6623	2024	4
Vejle	630	Vorbasse	6623	2025	5
Vejle	630	Vorbasse	6623	2026	4
Vejle	630	Fredericia	7000	2010	1739
Vejle	630	Fredericia	7000	2011	1741
Vejle	630	Fredericia	7000	2012	1783
Vejle	630	Fredericia	7000	2013	1766
Vejle	630	Fredericia	7000	2014	1734
Vejle	630	Fredericia	7000	2015	1714
Vejle	630	Fredericia	7000	2016	1721
Vejle	630	Fredericia	7000	2017	1735
Vejle	630	Fredericia	7000	2018	1703
Vejle	630	Fredericia	7000	2019	1714
Vejle	630	Fredericia	7000	2020	1734
Vejle	630	Fredericia	7000	2021	1722
Vejle	630	Fredericia	7000	2022	1742
Vejle	630	Fredericia	7000	2023	1790
Vejle	630	Fredericia	7000	2024	1772
Vejle	630	Fredericia	7000	2025	1750
Vejle	630	Fredericia	7000	2026	1776
Vejle	630	Børkop	7080	2010	10947
Vejle	630	Børkop	7080	2011	11167
Vejle	630	Børkop	7080	2012	11267
Vejle	630	Børkop	7080	2013	11433
Vejle	630	Børkop	7080	2014	11564
Vejle	630	Børkop	7080	2015	11736
Vejle	630	Børkop	7080	2016	12067
Vejle	630	Børkop	7080	2017	12190
Vejle	630	Børkop	7080	2018	12281
Vejle	630	Børkop	7080	2019	12510
Vejle	630	Børkop	7080	2020	12655
Vejle	630	Børkop	7080	2021	12859
Vejle	630	Børkop	7080	2022	13114
Vejle	630	Børkop	7080	2023	13382
Vejle	630	Børkop	7080	2024	13442
Vejle	630	Børkop	7080	2025	13581
Vejle	630	Børkop	7080	2026	13849
Vejle	630	Vejle	7100	2010	52765
Vejle	630	Vejle	7100	2011	53308
Vejle	630	Vejle	7100	2012	53837
Vejle	630	Vejle	7100	2013	54167
Vejle	630	Vejle	7100	2014	54868
Vejle	630	Vejle	7100	2015	55552
Vejle	630	Vejle	7100	2016	56258
Vejle	630	Vejle	7100	2017	57145
Vejle	630	Vejle	7100	2018	57725
Vejle	630	Vejle	7100	2019	58150
Vejle	630	Vejle	7100	2020	58586
Vejle	630	Vejle	7100	2021	59479
Vejle	630	Vejle	7100	2022	60719
Vejle	630	Vejle	7100	2023	61707
Vejle	630	Vejle	7100	2024	62003
Vejle	630	Vejle	7100	2025	62212
Vejle	630	Vejle	7100	2026	62433
Vejle	630	Vejle Øst	7120	2010	9420
Vejle	630	Vejle Øst	7120	2011	9508
Vejle	630	Vejle Øst	7120	2012	9624
Vejle	630	Vejle Øst	7120	2013	9848
Vejle	630	Vejle Øst	7120	2014	9927
Vejle	630	Vejle Øst	7120	2015	10003
Vejle	630	Vejle Øst	7120	2016	10091
Vejle	630	Vejle Øst	7120	2017	10378
Vejle	630	Vejle Øst	7120	2018	10571
Vejle	630	Vejle Øst	7120	2019	10753
Vejle	630	Vejle Øst	7120	2020	11152
Vejle	630	Vejle Øst	7120	2021	11475
Vejle	630	Vejle Øst	7120	2022	11891
Vejle	630	Vejle Øst	7120	2023	12252
Vejle	630	Vejle Øst	7120	2024	12462
Vejle	630	Vejle Øst	7120	2025	12567
Vejle	630	Vejle Øst	7120	2026	12720
Vejle	630	Tørring	7160	2010	100
Vejle	630	Tørring	7160	2011	103
Vejle	630	Tørring	7160	2012	102
Vejle	630	Tørring	7160	2013	112
Vejle	630	Tørring	7160	2014	113
Vejle	630	Tørring	7160	2015	112
Vejle	630	Tørring	7160	2016	107
Vejle	630	Tørring	7160	2017	110
Vejle	630	Tørring	7160	2018	114
Vejle	630	Tørring	7160	2019	104
Vejle	630	Tørring	7160	2020	106
Vejle	630	Tørring	7160	2021	102
Vejle	630	Tørring	7160	2022	98
Vejle	630	Tørring	7160	2023	94
Vejle	630	Tørring	7160	2024	97
Vejle	630	Tørring	7160	2025	91
Vejle	630	Tørring	7160	2026	85
Vejle	630	Vonge	7173	2010	1098
Vejle	630	Vonge	7173	2011	1109
Vejle	630	Vonge	7173	2012	1091
Vejle	630	Vonge	7173	2013	1091
Vejle	630	Vonge	7173	2014	1077
Vejle	630	Vonge	7173	2015	1075
Vejle	630	Vonge	7173	2016	1091
Vejle	630	Vonge	7173	2017	1088
Vejle	630	Vonge	7173	2018	1079
Vejle	630	Vonge	7173	2019	1076
Vejle	630	Vonge	7173	2020	1045
Vejle	630	Vonge	7173	2021	1035
Vejle	630	Vonge	7173	2022	1015
Vejle	630	Vonge	7173	2023	982
Vejle	630	Vonge	7173	2024	982
Vejle	630	Vonge	7173	2025	984
Vejle	630	Vonge	7173	2026	1011
Vejle	630	Bredsten	7182	2010	3353
Vejle	630	Bredsten	7182	2011	3358
Vejle	630	Bredsten	7182	2012	3381
Vejle	630	Bredsten	7182	2013	3395
Vejle	630	Bredsten	7182	2014	3390
Vejle	630	Bredsten	7182	2015	3354
Vejle	630	Bredsten	7182	2016	3341
Vejle	630	Bredsten	7182	2017	3361
Vejle	630	Bredsten	7182	2018	3304
Vejle	630	Bredsten	7182	2019	3265
Vejle	630	Bredsten	7182	2020	3268
Vejle	630	Bredsten	7182	2021	3272
Vejle	630	Bredsten	7182	2022	3310
Vejle	630	Bredsten	7182	2023	3393
Vejle	630	Bredsten	7182	2024	3526
Vejle	630	Bredsten	7182	2025	3551
Vejle	630	Bredsten	7182	2026	3565
Vejle	630	Randbøl	7183	2010	1183
Vejle	630	Randbøl	7183	2011	1164
Vejle	630	Randbøl	7183	2012	1170
Vejle	630	Randbøl	7183	2013	1166
Vejle	630	Randbøl	7183	2014	1133
Vejle	630	Randbøl	7183	2015	1155
Vejle	630	Randbøl	7183	2016	1166
Vejle	630	Randbøl	7183	2017	1149
Vejle	630	Randbøl	7183	2018	1131
Vejle	630	Randbøl	7183	2019	1133
Vejle	630	Randbøl	7183	2020	1135
Vejle	630	Randbøl	7183	2021	1134
Vejle	630	Randbøl	7183	2022	1118
Vejle	630	Randbøl	7183	2023	1089
Vejle	630	Randbøl	7183	2024	1093
Vejle	630	Randbøl	7183	2025	1077
Vejle	630	Randbøl	7183	2026	1106
Vejle	630	Vandel	7184	2010	1092
Vejle	630	Vandel	7184	2011	1077
Vejle	630	Vandel	7184	2012	1048
Vejle	630	Vandel	7184	2013	1025
Vejle	630	Vandel	7184	2014	1045
Vejle	630	Vandel	7184	2015	1044
Vejle	630	Vandel	7184	2016	1050
Vejle	630	Vandel	7184	2017	1062
Vejle	630	Vandel	7184	2018	1084
Vejle	630	Vandel	7184	2019	1045
Vejle	630	Vandel	7184	2020	1032
Vejle	630	Vandel	7184	2021	1032
Vejle	630	Vandel	7184	2022	1043
Vejle	630	Vandel	7184	2023	1031
Vejle	630	Vandel	7184	2024	1017
Vejle	630	Vandel	7184	2025	1036
Vejle	630	Vandel	7184	2026	1009
Vejle	630	Billund	7190	2010	104
Vejle	630	Billund	7190	2011	91
Vejle	630	Billund	7190	2012	92
Vejle	630	Billund	7190	2013	101
Vejle	630	Billund	7190	2014	96
Vejle	630	Billund	7190	2015	102
Vejle	630	Billund	7190	2016	105
Vejle	630	Billund	7190	2017	96
Vejle	630	Billund	7190	2018	104
Vejle	630	Billund	7190	2019	97
Vejle	630	Billund	7190	2020	87
Vejle	630	Billund	7190	2021	85
Vejle	630	Billund	7190	2022	87
Vejle	630	Billund	7190	2023	86
Vejle	630	Billund	7190	2024	83
Vejle	630	Billund	7190	2025	84
Vejle	630	Billund	7190	2026	84
Vejle	630	Grindsted	7200	2010	2
Vejle	630	Grindsted	7200	2011	2
Vejle	630	Grindsted	7200	2012	2
Vejle	630	Grindsted	7200	2013	2
Vejle	630	Grindsted	7200	2014	3
Vejle	630	Grindsted	7200	2015	3
Vejle	630	Grindsted	7200	2016	3
Vejle	630	Grindsted	7200	2017	4
Vejle	630	Grindsted	7200	2018	4
Vejle	630	Grindsted	7200	2019	4
Vejle	630	Grindsted	7200	2020	4
Vejle	630	Grindsted	7200	2021	4
Vejle	630	Grindsted	7200	2022	4
Vejle	630	Grindsted	7200	2023	4
Vejle	630	Grindsted	7200	2024	4
Vejle	630	Grindsted	7200	2025	3
Vejle	630	Grindsted	7200	2026	3
Vejle	630	Jelling	7300	2010	6087
Vejle	630	Jelling	7300	2011	6078
Vejle	630	Jelling	7300	2012	6079
Vejle	630	Jelling	7300	2013	6158
Vejle	630	Jelling	7300	2014	6100
Vejle	630	Jelling	7300	2015	6072
Vejle	630	Jelling	7300	2016	6141
Vejle	630	Jelling	7300	2017	6178
Vejle	630	Jelling	7300	2018	6190
Vejle	630	Jelling	7300	2019	6207
Vejle	630	Jelling	7300	2020	6239
Vejle	630	Jelling	7300	2021	6238
Vejle	630	Jelling	7300	2022	6321
Vejle	630	Jelling	7300	2023	6364
Vejle	630	Jelling	7300	2024	6459
Vejle	630	Jelling	7300	2025	6586
Vejle	630	Jelling	7300	2026	6554
Vejle	630	Gadbjerg	7321	2010	1485
Vejle	630	Gadbjerg	7321	2011	1503
Vejle	630	Gadbjerg	7321	2012	1481
Vejle	630	Gadbjerg	7321	2013	1470
Vejle	630	Gadbjerg	7321	2014	1525
Vejle	630	Gadbjerg	7321	2015	1521
Vejle	630	Gadbjerg	7321	2016	1536
Vejle	630	Gadbjerg	7321	2017	1565
Vejle	630	Gadbjerg	7321	2018	1572
Vejle	630	Gadbjerg	7321	2019	1570
Vejle	630	Gadbjerg	7321	2020	1586
Vejle	630	Gadbjerg	7321	2021	1570
Vejle	630	Gadbjerg	7321	2022	1595
Vejle	630	Gadbjerg	7321	2023	1597
Vejle	630	Gadbjerg	7321	2024	1552
Vejle	630	Gadbjerg	7321	2025	1561
Vejle	630	Gadbjerg	7321	2026	1515
Vejle	630	Give	7323	2010	11377
Vejle	630	Give	7323	2011	11388
Vejle	630	Give	7323	2012	11386
Vejle	630	Give	7323	2013	11382
Vejle	630	Give	7323	2014	11406
Vejle	630	Give	7323	2015	11405
Vejle	630	Give	7323	2016	11425
Vejle	630	Give	7323	2017	11537
Vejle	630	Give	7323	2018	11514
Vejle	630	Give	7323	2019	11458
Vejle	630	Give	7323	2020	11358
Vejle	630	Give	7323	2021	11279
Vejle	630	Give	7323	2022	11229
Vejle	630	Give	7323	2023	11379
Vejle	630	Give	7323	2024	11416
Vejle	630	Give	7323	2025	11579
Vejle	630	Give	7323	2026	11783
Vejle	630	Brande	7330	2010	17
Vejle	630	Brande	7330	2011	17
Vejle	630	Brande	7330	2012	18
Vejle	630	Brande	7330	2013	14
Vejle	630	Brande	7330	2014	14
Vejle	630	Brande	7330	2015	17
Vejle	630	Brande	7330	2016	15
Vejle	630	Brande	7330	2017	17
Vejle	630	Brande	7330	2018	18
Vejle	630	Brande	7330	2019	17
Vejle	630	Brande	7330	2020	18
Vejle	630	Brande	7330	2021	11
Vejle	630	Brande	7330	2022	12
Vejle	630	Brande	7330	2023	12
Vejle	630	Brande	7330	2024	12
Vejle	630	Brande	7330	2025	10
Vejle	630	Brande	7330	2026	8
Vejle	630	Ejstrupholm	7361	2010	12
Vejle	630	Ejstrupholm	7361	2011	11
Vejle	630	Ejstrupholm	7361	2012	11
Vejle	630	Ejstrupholm	7361	2013	11
Vejle	630	Ejstrupholm	7361	2014	12
Vejle	630	Ejstrupholm	7361	2015	12
Vejle	630	Ejstrupholm	7361	2016	9
Vejle	630	Ejstrupholm	7361	2017	8
Vejle	630	Ejstrupholm	7361	2018	5
Vejle	630	Ejstrupholm	7361	2019	4
Vejle	630	Ejstrupholm	7361	2020	6
Vejle	630	Ejstrupholm	7361	2021	8
Vejle	630	Ejstrupholm	7361	2022	13
Vejle	630	Ejstrupholm	7361	2023	11
Vejle	630	Ejstrupholm	7361	2024	11
Vejle	630	Ejstrupholm	7361	2025	12
Vejle	630	Ejstrupholm	7361	2026	11
Vejle	630	Daugård	8721	2010	3
Vejle	630	Daugård	8721	2011	3
Vejle	630	Daugård	8721	2012	3
Vejle	630	Daugård	8721	2013	0
Vejle	630	Daugård	8721	2014	1
Vejle	630	Daugård	8721	2015	2
Vejle	630	Daugård	8721	2016	2
Vejle	630	Daugård	8721	2017	0
Vejle	630	Daugård	8721	2018	2
Vejle	630	Daugård	8721	2019	2
Vejle	630	Daugård	8721	2020	2
Vejle	630	Daugård	8721	2021	2
Vejle	630	Daugård	8721	2022	2
Vejle	630	Daugård	8721	2023	2
Vejle	630	Daugård	8721	2024	2
Vejle	630	Daugård	8721	2025	3
Vejle	630	Daugård	8721	2026	3
Vejle	630	Hedensted	8722	2010	0
Vejle	630	Hedensted	8722	2011	0
Vejle	630	Hedensted	8722	2012	0
Vejle	630	Hedensted	8722	2013	0
Vejle	630	Hedensted	8722	2014	0
Vejle	630	Hedensted	8722	2015	0
Vejle	630	Hedensted	8722	2016	0
Vejle	630	Hedensted	8722	2017	0
Vejle	630	Hedensted	8722	2018	0
Vejle	630	Hedensted	8722	2019	0
Vejle	630	Hedensted	8722	2020	0
Vejle	630	Hedensted	8722	2021	0
Vejle	630	Hedensted	8722	2022	0
Vejle	630	Hedensted	8722	2023	0
Vejle	630	Hedensted	8722	2024	0
Vejle	630	Hedensted	8722	2025	0
Vejle	630	Hedensted	8722	2026	0
Vejle	630	Ukendt	9999	2010	0
Vejle	630	Ukendt	9999	2011	0
Vejle	630	Ukendt	9999	2012	0
Vejle	630	Ukendt	9999	2013	3
Vejle	630	Ukendt	9999	2014	9
Vejle	630	Ukendt	9999	2015	3
Vejle	630	Ukendt	9999	2016	0
Vejle	630	Ukendt	9999	2017	6
Vejle	630	Ukendt	9999	2018	1
Vejle	630	Ukendt	9999	2019	0
Vejle	630	Ukendt	9999	2020	1
Vejle	630	Ukendt	9999	2021	2
Vejle	630	Ukendt	9999	2022	4
Vejle	630	Ukendt	9999	2023	0
Vejle	630	Ukendt	9999	2024	1
Vejle	630	Ukendt	9999	2025	1
Vejle	630	Ukendt	9999	2026	4
Herning	657	Kibæk	6933	2010	4547
Herning	657	Kibæk	6933	2011	4558
Herning	657	Kibæk	6933	2012	4541
Herning	657	Kibæk	6933	2013	4541
Herning	657	Kibæk	6933	2014	4488
Herning	657	Kibæk	6933	2015	4459
Herning	657	Kibæk	6933	2016	4464
Herning	657	Kibæk	6933	2017	4441
Herning	657	Kibæk	6933	2018	4424
Herning	657	Kibæk	6933	2019	4462
Herning	657	Kibæk	6933	2020	4438
Herning	657	Kibæk	6933	2021	4412
Herning	657	Kibæk	6933	2022	4382
Herning	657	Kibæk	6933	2023	4338
Herning	657	Kibæk	6933	2024	4285
Herning	657	Kibæk	6933	2025	4300
Herning	657	Kibæk	6933	2026	4261
Herning	657	Ørnhøj	6973	2010	1322
Herning	657	Ørnhøj	6973	2011	1277
Herning	657	Ørnhøj	6973	2012	1265
Herning	657	Ørnhøj	6973	2013	1234
Herning	657	Ørnhøj	6973	2014	1279
Herning	657	Ørnhøj	6973	2015	1249
Herning	657	Ørnhøj	6973	2016	1263
Herning	657	Ørnhøj	6973	2017	1263
Herning	657	Ørnhøj	6973	2018	1228
Herning	657	Ørnhøj	6973	2019	1221
Herning	657	Ørnhøj	6973	2020	1238
Herning	657	Ørnhøj	6973	2021	1209
Herning	657	Ørnhøj	6973	2022	1217
Herning	657	Ørnhøj	6973	2023	1236
Herning	657	Ørnhøj	6973	2024	1235
Herning	657	Ørnhøj	6973	2025	1216
Herning	657	Ørnhøj	6973	2026	1223
Herning	657	Ulfborg	6990	2010	11
Herning	657	Ulfborg	6990	2011	12
Herning	657	Ulfborg	6990	2012	10
Herning	657	Ulfborg	6990	2013	12
Herning	657	Ulfborg	6990	2014	12
Herning	657	Ulfborg	6990	2015	12
Herning	657	Ulfborg	6990	2016	12
Herning	657	Ulfborg	6990	2017	12
Herning	657	Ulfborg	6990	2018	12
Herning	657	Ulfborg	6990	2019	11
Herning	657	Ulfborg	6990	2020	12
Herning	657	Ulfborg	6990	2021	12
Herning	657	Ulfborg	6990	2022	12
Herning	657	Ulfborg	6990	2023	15
Herning	657	Ulfborg	6990	2024	16
Herning	657	Ulfborg	6990	2025	15
Herning	657	Ulfborg	6990	2026	15
Herning	657	Sønder Omme	7260	2010	2
Herning	657	Sønder Omme	7260	2011	2
Herning	657	Sønder Omme	7260	2012	2
Herning	657	Sønder Omme	7260	2013	1
Herning	657	Sønder Omme	7260	2014	1
Herning	657	Sønder Omme	7260	2015	1
Herning	657	Sønder Omme	7260	2016	1
Herning	657	Sønder Omme	7260	2017	1
Herning	657	Sønder Omme	7260	2018	1
Herning	657	Sønder Omme	7260	2019	1
Herning	657	Sønder Omme	7260	2020	3
Herning	657	Sønder Omme	7260	2021	2
Herning	657	Sønder Omme	7260	2022	2
Herning	657	Sønder Omme	7260	2023	2
Herning	657	Sønder Omme	7260	2024	2
Herning	657	Sønder Omme	7260	2025	2
Herning	657	Sønder Omme	7260	2026	2
Herning	657	Stakroge	7270	2010	476
Herning	657	Stakroge	7270	2011	466
Herning	657	Stakroge	7270	2012	467
Herning	657	Stakroge	7270	2013	444
Herning	657	Stakroge	7270	2014	459
Herning	657	Stakroge	7270	2015	446
Herning	657	Stakroge	7270	2016	436
Herning	657	Stakroge	7270	2017	456
Herning	657	Stakroge	7270	2018	446
Herning	657	Stakroge	7270	2019	446
Herning	657	Stakroge	7270	2020	430
Herning	657	Stakroge	7270	2021	412
Herning	657	Stakroge	7270	2022	396
Herning	657	Stakroge	7270	2023	396
Herning	657	Stakroge	7270	2024	399
Herning	657	Stakroge	7270	2025	402
Herning	657	Stakroge	7270	2026	385
Herning	657	Sønder Felding	7280	2010	1980
Herning	657	Sønder Felding	7280	2011	1985
Herning	657	Sønder Felding	7280	2012	1963
Herning	657	Sønder Felding	7280	2013	1938
Herning	657	Sønder Felding	7280	2014	1925
Herning	657	Sønder Felding	7280	2015	1923
Herning	657	Sønder Felding	7280	2016	1934
Herning	657	Sønder Felding	7280	2017	1903
Herning	657	Sønder Felding	7280	2018	1904
Herning	657	Sønder Felding	7280	2019	1875
Herning	657	Sønder Felding	7280	2020	1835
Herning	657	Sønder Felding	7280	2021	1810
Herning	657	Sønder Felding	7280	2022	1815
Herning	657	Sønder Felding	7280	2023	1806
Herning	657	Sønder Felding	7280	2024	1779
Herning	657	Sønder Felding	7280	2025	1755
Herning	657	Sønder Felding	7280	2026	1740
Herning	657	Brande	7330	2010	481
Herning	657	Brande	7330	2011	463
Herning	657	Brande	7330	2012	456
Herning	657	Brande	7330	2013	452
Herning	657	Brande	7330	2014	463
Herning	657	Brande	7330	2015	445
Herning	657	Brande	7330	2016	439
Herning	657	Brande	7330	2017	444
Herning	657	Brande	7330	2018	445
Herning	657	Brande	7330	2019	449
Herning	657	Brande	7330	2020	449
Herning	657	Brande	7330	2021	445
Herning	657	Brande	7330	2022	440
Herning	657	Brande	7330	2023	441
Herning	657	Brande	7330	2024	430
Herning	657	Brande	7330	2025	417
Herning	657	Brande	7330	2026	411
Herning	657	Herning	7400	2010	54833
Herning	657	Herning	7400	2011	55087
Herning	657	Herning	7400	2012	55614
Herning	657	Herning	7400	2013	55952
Herning	657	Herning	7400	2014	56315
Herning	657	Herning	7400	2015	56470
Herning	657	Herning	7400	2016	57078
Herning	657	Herning	7400	2017	57829
Herning	657	Herning	7400	2018	58209
Herning	657	Herning	7400	2019	58515
Herning	657	Herning	7400	2020	58782
Herning	657	Herning	7400	2021	58982
Herning	657	Herning	7400	2022	59054
Herning	657	Herning	7400	2023	59649
Herning	657	Herning	7400	2024	59696
Herning	657	Herning	7400	2025	60068
Herning	657	Herning	7400	2026	60625
Herning	657	Sunds	7451	2010	5989
Herning	657	Sunds	7451	2011	5996
Herning	657	Sunds	7451	2012	6024
Herning	657	Sunds	7451	2013	6037
Herning	657	Sunds	7451	2014	5999
Herning	657	Sunds	7451	2015	5902
Herning	657	Sunds	7451	2016	5975
Herning	657	Sunds	7451	2017	6004
Herning	657	Sunds	7451	2018	6019
Herning	657	Sunds	7451	2019	5976
Herning	657	Sunds	7451	2020	6063
Herning	657	Sunds	7451	2021	6121
Herning	657	Sunds	7451	2022	6074
Herning	657	Sunds	7451	2023	6141
Herning	657	Sunds	7451	2024	6135
Herning	657	Sunds	7451	2025	6061
Herning	657	Sunds	7451	2026	6141
Herning	657	Karup J	7470	2010	104
Herning	657	Karup J	7470	2011	110
Herning	657	Karup J	7470	2012	108
Herning	657	Karup J	7470	2013	108
Herning	657	Karup J	7470	2014	97
Herning	657	Karup J	7470	2015	100
Herning	657	Karup J	7470	2016	95
Herning	657	Karup J	7470	2017	106
Herning	657	Karup J	7470	2018	92
Herning	657	Karup J	7470	2019	87
Herning	657	Karup J	7470	2020	85
Herning	657	Karup J	7470	2021	87
Herning	657	Karup J	7470	2022	89
Herning	657	Karup J	7470	2023	94
Herning	657	Karup J	7470	2024	97
Herning	657	Karup J	7470	2025	92
Herning	657	Karup J	7470	2026	100
Herning	657	Vildbjerg	7480	2010	6736
Herning	657	Vildbjerg	7480	2011	6804
Herning	657	Vildbjerg	7480	2012	6810
Herning	657	Vildbjerg	7480	2013	6809
Herning	657	Vildbjerg	7480	2014	6793
Herning	657	Vildbjerg	7480	2015	6877
Herning	657	Vildbjerg	7480	2016	6859
Herning	657	Vildbjerg	7480	2017	6832
Herning	657	Vildbjerg	7480	2018	6870
Herning	657	Vildbjerg	7480	2019	6833
Herning	657	Vildbjerg	7480	2020	6771
Herning	657	Vildbjerg	7480	2021	6768
Herning	657	Vildbjerg	7480	2022	6791
Herning	657	Vildbjerg	7480	2023	6818
Herning	657	Vildbjerg	7480	2024	6832
Herning	657	Vildbjerg	7480	2025	6837
Herning	657	Vildbjerg	7480	2026	6831
Herning	657	Aulum	7490	2010	4818
Herning	657	Aulum	7490	2011	4874
Herning	657	Aulum	7490	2012	4857
Herning	657	Aulum	7490	2013	4852
Herning	657	Aulum	7490	2014	4828
Herning	657	Aulum	7490	2015	4810
Herning	657	Aulum	7490	2016	4862
Herning	657	Aulum	7490	2017	4914
Herning	657	Aulum	7490	2018	4909
Herning	657	Aulum	7490	2019	4936
Herning	657	Aulum	7490	2020	4948
Herning	657	Aulum	7490	2021	4897
Herning	657	Aulum	7490	2022	4892
Herning	657	Aulum	7490	2023	4918
Herning	657	Aulum	7490	2024	4919
Herning	657	Aulum	7490	2025	4879
Herning	657	Aulum	7490	2026	4863
Herning	657	Holstebro	7500	2010	565
Herning	657	Holstebro	7500	2011	558
Herning	657	Holstebro	7500	2012	562
Herning	657	Holstebro	7500	2013	564
Herning	657	Holstebro	7500	2014	558
Herning	657	Holstebro	7500	2015	554
Herning	657	Holstebro	7500	2016	535
Herning	657	Holstebro	7500	2017	538
Herning	657	Holstebro	7500	2018	547
Herning	657	Holstebro	7500	2019	524
Herning	657	Holstebro	7500	2020	506
Herning	657	Holstebro	7500	2021	504
Herning	657	Holstebro	7500	2022	502
Herning	657	Holstebro	7500	2023	495
Herning	657	Holstebro	7500	2024	491
Herning	657	Holstebro	7500	2025	471
Herning	657	Holstebro	7500	2026	461
Herning	657	Haderup	7540	2010	1942
Herning	657	Haderup	7540	2011	1912
Herning	657	Haderup	7540	2012	1926
Herning	657	Haderup	7540	2013	1920
Herning	657	Haderup	7540	2014	1902
Herning	657	Haderup	7540	2015	1910
Herning	657	Haderup	7540	2016	1941
Herning	657	Haderup	7540	2017	1929
Herning	657	Haderup	7540	2018	1937
Herning	657	Haderup	7540	2019	1903
Herning	657	Haderup	7540	2020	1876
Herning	657	Haderup	7540	2021	1885
Herning	657	Haderup	7540	2022	1851
Herning	657	Haderup	7540	2023	1891
Herning	657	Haderup	7540	2024	1838
Herning	657	Haderup	7540	2025	1820
Herning	657	Haderup	7540	2026	1810
Herning	657	Sørvad	7550	2010	1733
Herning	657	Sørvad	7550	2011	1741
Herning	657	Sørvad	7550	2012	1735
Herning	657	Sørvad	7550	2013	1724
Herning	657	Sørvad	7550	2014	1716
Herning	657	Sørvad	7550	2015	1693
Herning	657	Sørvad	7550	2016	1682
Herning	657	Sørvad	7550	2017	1695
Herning	657	Sørvad	7550	2018	1673
Herning	657	Sørvad	7550	2019	1661
Herning	657	Sørvad	7550	2020	1681
Herning	657	Sørvad	7550	2021	1675
Herning	657	Sørvad	7550	2022	1689
Herning	657	Sørvad	7550	2023	1700
Herning	657	Sørvad	7550	2024	1683
Herning	657	Sørvad	7550	2025	1663
Herning	657	Sørvad	7550	2026	1664
Herning	657	Ukendt	9999	2010	9
Herning	657	Ukendt	9999	2011	7
Herning	657	Ukendt	9999	2012	8
Herning	657	Ukendt	9999	2013	7
Herning	657	Ukendt	9999	2014	7
Herning	657	Ukendt	9999	2015	13
Herning	657	Ukendt	9999	2016	17
Herning	657	Ukendt	9999	2017	19
Herning	657	Ukendt	9999	2018	17
Herning	657	Ukendt	9999	2019	17
Herning	657	Ukendt	9999	2020	10
Herning	657	Ukendt	9999	2021	17
Herning	657	Ukendt	9999	2022	24
Herning	657	Ukendt	9999	2023	12
Herning	657	Ukendt	9999	2024	11
Herning	657	Ukendt	9999	2025	8
Herning	657	Ukendt	9999	2026	14
Holstebro	661	Ulfborg	6990	2010	4729
Holstebro	661	Ulfborg	6990	2011	4723
Holstebro	661	Ulfborg	6990	2012	4659
Holstebro	661	Ulfborg	6990	2013	4583
Holstebro	661	Ulfborg	6990	2014	4537
Holstebro	661	Ulfborg	6990	2015	4492
Holstebro	661	Ulfborg	6990	2016	4458
Holstebro	661	Ulfborg	6990	2017	4464
Holstebro	661	Ulfborg	6990	2018	4451
Holstebro	661	Ulfborg	6990	2019	4415
Holstebro	661	Ulfborg	6990	2020	4418
Holstebro	661	Ulfborg	6990	2021	4333
Holstebro	661	Ulfborg	6990	2022	4299
Holstebro	661	Ulfborg	6990	2023	4321
Holstebro	661	Ulfborg	6990	2024	4218
Holstebro	661	Ulfborg	6990	2025	4163
Holstebro	661	Ulfborg	6990	2026	4143
Holstebro	661	Holstebro	7500	2010	42121
Holstebro	661	Holstebro	7500	2011	42286
Holstebro	661	Holstebro	7500	2012	42410
Holstebro	661	Holstebro	7500	2013	42673
Holstebro	661	Holstebro	7500	2014	42872
Holstebro	661	Holstebro	7500	2015	43066
Holstebro	661	Holstebro	7500	2016	43265
Holstebro	661	Holstebro	7500	2017	43767
Holstebro	661	Holstebro	7500	2018	44140
Holstebro	661	Holstebro	7500	2019	44281
Holstebro	661	Holstebro	7500	2020	44469
Holstebro	661	Holstebro	7500	2021	44685
Holstebro	661	Holstebro	7500	2022	44616
Holstebro	661	Holstebro	7500	2023	45098
Holstebro	661	Holstebro	7500	2024	45356
Holstebro	661	Holstebro	7500	2025	45623
Holstebro	661	Holstebro	7500	2026	45753
Holstebro	661	Haderup	7540	2010	20
Holstebro	661	Haderup	7540	2011	20
Holstebro	661	Haderup	7540	2012	22
Holstebro	661	Haderup	7540	2013	22
Holstebro	661	Haderup	7540	2014	21
Holstebro	661	Haderup	7540	2015	18
Holstebro	661	Haderup	7540	2016	22
Holstebro	661	Haderup	7540	2017	24
Holstebro	661	Haderup	7540	2018	16
Holstebro	661	Haderup	7540	2019	16
Holstebro	661	Haderup	7540	2020	18
Holstebro	661	Haderup	7540	2021	17
Holstebro	661	Haderup	7540	2022	17
Holstebro	661	Haderup	7540	2023	20
Holstebro	661	Haderup	7540	2024	19
Holstebro	661	Haderup	7540	2025	20
Holstebro	661	Haderup	7540	2026	15
Holstebro	661	Hjerm	7560	2010	6
Holstebro	661	Hjerm	7560	2011	6
Holstebro	661	Hjerm	7560	2012	6
Holstebro	661	Hjerm	7560	2013	3
Holstebro	661	Hjerm	7560	2014	6
Holstebro	661	Hjerm	7560	2015	7
Holstebro	661	Hjerm	7560	2016	7
Holstebro	661	Hjerm	7560	2017	6
Holstebro	661	Hjerm	7560	2018	6
Holstebro	661	Hjerm	7560	2019	4
Holstebro	661	Hjerm	7560	2020	5
Holstebro	661	Hjerm	7560	2021	8
Holstebro	661	Hjerm	7560	2022	8
Holstebro	661	Hjerm	7560	2023	4
Holstebro	661	Hjerm	7560	2024	6
Holstebro	661	Hjerm	7560	2025	5
Holstebro	661	Hjerm	7560	2026	5
Holstebro	661	Vemb	7570	2010	2181
Holstebro	661	Vemb	7570	2011	2166
Holstebro	661	Vemb	7570	2012	2178
Holstebro	661	Vemb	7570	2013	2155
Holstebro	661	Vemb	7570	2014	2136
Holstebro	661	Vemb	7570	2015	2142
Holstebro	661	Vemb	7570	2016	2140
Holstebro	661	Vemb	7570	2017	2128
Holstebro	661	Vemb	7570	2018	2101
Holstebro	661	Vemb	7570	2019	2048
Holstebro	661	Vemb	7570	2020	2025
Holstebro	661	Vemb	7570	2021	2036
Holstebro	661	Vemb	7570	2022	2035
Holstebro	661	Vemb	7570	2023	1993
Holstebro	661	Vemb	7570	2024	1950
Holstebro	661	Vemb	7570	2025	1927
Holstebro	661	Vemb	7570	2026	1916
Holstebro	661	Struer	7600	2010	2
Holstebro	661	Struer	7600	2011	2
Holstebro	661	Struer	7600	2012	2
Holstebro	661	Struer	7600	2013	2
Holstebro	661	Struer	7600	2014	2
Holstebro	661	Struer	7600	2015	2
Holstebro	661	Struer	7600	2016	2
Holstebro	661	Struer	7600	2017	2
Holstebro	661	Struer	7600	2018	2
Holstebro	661	Struer	7600	2019	2
Holstebro	661	Struer	7600	2020	2
Holstebro	661	Struer	7600	2021	2
Holstebro	661	Struer	7600	2022	2
Holstebro	661	Struer	7600	2023	2
Holstebro	661	Struer	7600	2024	2
Holstebro	661	Struer	7600	2025	0
Holstebro	661	Struer	7600	2026	2
Holstebro	661	Skive	7800	2010	464
Holstebro	661	Skive	7800	2011	485
Holstebro	661	Skive	7800	2012	470
Holstebro	661	Skive	7800	2013	463
Holstebro	661	Skive	7800	2014	462
Holstebro	661	Skive	7800	2015	454
Holstebro	661	Skive	7800	2016	441
Holstebro	661	Skive	7800	2017	439
Holstebro	661	Skive	7800	2018	454
Holstebro	661	Skive	7800	2019	452
Holstebro	661	Skive	7800	2020	443
Holstebro	661	Skive	7800	2021	433
Holstebro	661	Skive	7800	2022	442
Holstebro	661	Skive	7800	2023	445
Holstebro	661	Skive	7800	2024	417
Holstebro	661	Skive	7800	2025	403
Holstebro	661	Skive	7800	2026	406
Holstebro	661	Vinderup	7830	2010	7514
Holstebro	661	Vinderup	7830	2011	7465
Holstebro	661	Vinderup	7830	2012	7400
Holstebro	661	Vinderup	7830	2013	7344
Holstebro	661	Vinderup	7830	2014	7293
Holstebro	661	Vinderup	7830	2015	7301
Holstebro	661	Vinderup	7830	2016	7311
Holstebro	661	Vinderup	7830	2017	7286
Holstebro	661	Vinderup	7830	2018	7233
Holstebro	661	Vinderup	7830	2019	7265
Holstebro	661	Vinderup	7830	2020	7199
Holstebro	661	Vinderup	7830	2021	7138
Holstebro	661	Vinderup	7830	2022	7124
Holstebro	661	Vinderup	7830	2023	7084
Holstebro	661	Vinderup	7830	2024	7034
Holstebro	661	Vinderup	7830	2025	7037
Holstebro	661	Vinderup	7830	2026	7063
Holstebro	661	Ukendt	9999	2010	19
Holstebro	661	Ukendt	9999	2011	8
Holstebro	661	Ukendt	9999	2012	6
Holstebro	661	Ukendt	9999	2013	9
Holstebro	661	Ukendt	9999	2014	9
Holstebro	661	Ukendt	9999	2015	12
Holstebro	661	Ukendt	9999	2016	15
Holstebro	661	Ukendt	9999	2017	9
Holstebro	661	Ukendt	9999	2018	15
Holstebro	661	Ukendt	9999	2019	21
Holstebro	661	Ukendt	9999	2020	12
Holstebro	661	Ukendt	9999	2021	10
Holstebro	661	Ukendt	9999	2022	10
Holstebro	661	Ukendt	9999	2023	11
Holstebro	661	Ukendt	9999	2024	14
Holstebro	661	Ukendt	9999	2025	23
Holstebro	661	Ukendt	9999	2026	21
Lemvig	665	Ulfborg	6990	2010	9
Lemvig	665	Ulfborg	6990	2011	8
Lemvig	665	Ulfborg	6990	2012	8
Lemvig	665	Ulfborg	6990	2013	8
Lemvig	665	Ulfborg	6990	2014	8
Lemvig	665	Ulfborg	6990	2015	8
Lemvig	665	Ulfborg	6990	2016	7
Lemvig	665	Ulfborg	6990	2017	7
Lemvig	665	Ulfborg	6990	2018	6
Lemvig	665	Ulfborg	6990	2019	6
Lemvig	665	Ulfborg	6990	2020	6
Lemvig	665	Ulfborg	6990	2021	6
Lemvig	665	Ulfborg	6990	2022	6
Lemvig	665	Ulfborg	6990	2023	5
Lemvig	665	Ulfborg	6990	2024	4
Lemvig	665	Ulfborg	6990	2025	4
Lemvig	665	Ulfborg	6990	2026	4
Lemvig	665	Vemb	7570	2010	458
Lemvig	665	Vemb	7570	2011	456
Lemvig	665	Vemb	7570	2012	444
Lemvig	665	Vemb	7570	2013	426
Lemvig	665	Vemb	7570	2014	411
Lemvig	665	Vemb	7570	2015	402
Lemvig	665	Vemb	7570	2016	382
Lemvig	665	Vemb	7570	2017	379
Lemvig	665	Vemb	7570	2018	383
Lemvig	665	Vemb	7570	2019	386
Lemvig	665	Vemb	7570	2020	398
Lemvig	665	Vemb	7570	2021	386
Lemvig	665	Vemb	7570	2022	376
Lemvig	665	Vemb	7570	2023	382
Lemvig	665	Vemb	7570	2024	353
Lemvig	665	Vemb	7570	2025	349
Lemvig	665	Vemb	7570	2026	333
Lemvig	665	Struer	7600	2010	4
Lemvig	665	Struer	7600	2011	4
Lemvig	665	Struer	7600	2012	4
Lemvig	665	Struer	7600	2013	4
Lemvig	665	Struer	7600	2014	5
Lemvig	665	Struer	7600	2015	4
Lemvig	665	Struer	7600	2016	2
Lemvig	665	Struer	7600	2017	2
Lemvig	665	Struer	7600	2018	2
Lemvig	665	Struer	7600	2019	2
Lemvig	665	Struer	7600	2020	2
Lemvig	665	Struer	7600	2021	2
Lemvig	665	Struer	7600	2022	2
Lemvig	665	Struer	7600	2023	2
Lemvig	665	Struer	7600	2024	2
Lemvig	665	Struer	7600	2025	2
Lemvig	665	Struer	7600	2026	1
Lemvig	665	Lemvig	7620	2010	14472
Lemvig	665	Lemvig	7620	2011	14328
Lemvig	665	Lemvig	7620	2012	14239
Lemvig	665	Lemvig	7620	2013	14247
Lemvig	665	Lemvig	7620	2014	14029
Lemvig	665	Lemvig	7620	2015	13871
Lemvig	665	Lemvig	7620	2016	13722
Lemvig	665	Lemvig	7620	2017	13663
Lemvig	665	Lemvig	7620	2018	13563
Lemvig	665	Lemvig	7620	2019	13476
Lemvig	665	Lemvig	7620	2020	13326
Lemvig	665	Lemvig	7620	2021	13258
Lemvig	665	Lemvig	7620	2022	13169
Lemvig	665	Lemvig	7620	2023	13109
Lemvig	665	Lemvig	7620	2024	13022
Lemvig	665	Lemvig	7620	2025	12895
Lemvig	665	Lemvig	7620	2026	12811
Lemvig	665	Bøvlingbjerg	7650	2010	1166
Lemvig	665	Bøvlingbjerg	7650	2011	1129
Lemvig	665	Bøvlingbjerg	7650	2012	1125
Lemvig	665	Bøvlingbjerg	7650	2013	1064
Lemvig	665	Bøvlingbjerg	7650	2014	1098
Lemvig	665	Bøvlingbjerg	7650	2015	1046
Lemvig	665	Bøvlingbjerg	7650	2016	1027
Lemvig	665	Bøvlingbjerg	7650	2017	1028
Lemvig	665	Bøvlingbjerg	7650	2018	1002
Lemvig	665	Bøvlingbjerg	7650	2019	997
Lemvig	665	Bøvlingbjerg	7650	2020	951
Lemvig	665	Bøvlingbjerg	7650	2021	957
Lemvig	665	Bøvlingbjerg	7650	2022	937
Lemvig	665	Bøvlingbjerg	7650	2023	937
Lemvig	665	Bøvlingbjerg	7650	2024	948
Lemvig	665	Bøvlingbjerg	7650	2025	922
Lemvig	665	Bøvlingbjerg	7650	2026	901
Lemvig	665	Bækmarksbro	7660	2010	1489
Lemvig	665	Bækmarksbro	7660	2011	1484
Lemvig	665	Bækmarksbro	7660	2012	1464
Lemvig	665	Bækmarksbro	7660	2013	1456
Lemvig	665	Bækmarksbro	7660	2014	1441
Lemvig	665	Bækmarksbro	7660	2015	1424
Lemvig	665	Bækmarksbro	7660	2016	1399
Lemvig	665	Bækmarksbro	7660	2017	1394
Lemvig	665	Bækmarksbro	7660	2018	1398
Lemvig	665	Bækmarksbro	7660	2019	1402
Lemvig	665	Bækmarksbro	7660	2020	1388
Lemvig	665	Bækmarksbro	7660	2021	1382
Lemvig	665	Bækmarksbro	7660	2022	1368
Lemvig	665	Bækmarksbro	7660	2023	1386
Lemvig	665	Bækmarksbro	7660	2024	1365
Lemvig	665	Bækmarksbro	7660	2025	1345
Lemvig	665	Bækmarksbro	7660	2026	1317
Lemvig	665	Harboøre	7673	2010	1930
Lemvig	665	Harboøre	7673	2011	1904
Lemvig	665	Harboøre	7673	2012	1900
Lemvig	665	Harboøre	7673	2013	1853
Lemvig	665	Harboøre	7673	2014	1822
Lemvig	665	Harboøre	7673	2015	1798
Lemvig	665	Harboøre	7673	2016	1768
Lemvig	665	Harboøre	7673	2017	1749
Lemvig	665	Harboøre	7673	2018	1744
Lemvig	665	Harboøre	7673	2019	1722
Lemvig	665	Harboøre	7673	2020	1686
Lemvig	665	Harboøre	7673	2021	1680
Lemvig	665	Harboøre	7673	2022	1647
Lemvig	665	Harboøre	7673	2023	1647
Lemvig	665	Harboøre	7673	2024	1595
Lemvig	665	Harboøre	7673	2025	1538
Lemvig	665	Harboøre	7673	2026	1505
Lemvig	665	Thyborøn	7680	2010	2262
Lemvig	665	Thyborøn	7680	2011	2241
Lemvig	665	Thyborøn	7680	2012	2200
Lemvig	665	Thyborøn	7680	2013	2165
Lemvig	665	Thyborøn	7680	2014	2119
Lemvig	665	Thyborøn	7680	2015	2104
Lemvig	665	Thyborøn	7680	2016	2092
Lemvig	665	Thyborøn	7680	2017	2069
Lemvig	665	Thyborøn	7680	2018	2035
Lemvig	665	Thyborøn	7680	2019	2007
Lemvig	665	Thyborøn	7680	2020	1965
Lemvig	665	Thyborøn	7680	2021	1936
Lemvig	665	Thyborøn	7680	2022	1890
Lemvig	665	Thyborøn	7680	2023	1898
Lemvig	665	Thyborøn	7680	2024	1816
Lemvig	665	Thyborøn	7680	2025	1740
Lemvig	665	Thyborøn	7680	2026	1719
Lemvig	665	Ukendt	9999	2010	0
Lemvig	665	Ukendt	9999	2011	0
Lemvig	665	Ukendt	9999	2012	0
Lemvig	665	Ukendt	9999	2013	0
Lemvig	665	Ukendt	9999	2014	0
Lemvig	665	Ukendt	9999	2015	0
Lemvig	665	Ukendt	9999	2016	0
Lemvig	665	Ukendt	9999	2017	0
Lemvig	665	Ukendt	9999	2018	0
Lemvig	665	Ukendt	9999	2019	0
Lemvig	665	Ukendt	9999	2020	0
Lemvig	665	Ukendt	9999	2021	0
Lemvig	665	Ukendt	9999	2022	3
Lemvig	665	Ukendt	9999	2023	5
Lemvig	665	Ukendt	9999	2024	5
Lemvig	665	Ukendt	9999	2025	5
Lemvig	665	Ukendt	9999	2026	5
Struer	671	Holstebro	7500	2010	6
Struer	671	Holstebro	7500	2011	6
Struer	671	Holstebro	7500	2012	5
Struer	671	Holstebro	7500	2013	4
Struer	671	Holstebro	7500	2014	4
Struer	671	Holstebro	7500	2015	4
Struer	671	Holstebro	7500	2016	5
Struer	671	Holstebro	7500	2017	4
Struer	671	Holstebro	7500	2018	4
Struer	671	Holstebro	7500	2019	4
Struer	671	Holstebro	7500	2020	4
Struer	671	Holstebro	7500	2021	4
Struer	671	Holstebro	7500	2022	5
Struer	671	Holstebro	7500	2023	5
Struer	671	Holstebro	7500	2024	5
Struer	671	Holstebro	7500	2025	6
Struer	671	Holstebro	7500	2026	6
Struer	671	Hjerm	7560	2010	1808
Struer	671	Hjerm	7560	2011	1802
Struer	671	Hjerm	7560	2012	1800
Struer	671	Hjerm	7560	2013	1809
Struer	671	Hjerm	7560	2014	1812
Struer	671	Hjerm	7560	2015	1793
Struer	671	Hjerm	7560	2016	1732
Struer	671	Hjerm	7560	2017	1721
Struer	671	Hjerm	7560	2018	1691
Struer	671	Hjerm	7560	2019	1690
Struer	671	Hjerm	7560	2020	1680
Struer	671	Hjerm	7560	2021	1682
Struer	671	Hjerm	7560	2022	1685
Struer	671	Hjerm	7560	2023	1684
Struer	671	Hjerm	7560	2024	1680
Struer	671	Hjerm	7560	2025	1638
Struer	671	Hjerm	7560	2026	1663
Struer	671	Struer	7600	2010	17141
Struer	671	Struer	7600	2011	16897
Struer	671	Struer	7600	2012	16864
Struer	671	Struer	7600	2013	16684
Struer	671	Struer	7600	2014	16425
Struer	671	Struer	7600	2015	16444
Struer	671	Struer	7600	2016	16545
Struer	671	Struer	7600	2017	16433
Struer	671	Struer	7600	2018	16379
Struer	671	Struer	7600	2019	16295
Struer	671	Struer	7600	2020	16239
Struer	671	Struer	7600	2021	16036
Struer	671	Struer	7600	2022	16054
Struer	671	Struer	7600	2023	16074
Struer	671	Struer	7600	2024	15930
Struer	671	Struer	7600	2025	15681
Struer	671	Struer	7600	2026	15565
Struer	671	Bækmarksbro	7660	2010	2
Struer	671	Bækmarksbro	7660	2011	2
Struer	671	Bækmarksbro	7660	2012	2
Struer	671	Bækmarksbro	7660	2013	2
Struer	671	Bækmarksbro	7660	2014	2
Struer	671	Bækmarksbro	7660	2015	2
Struer	671	Bækmarksbro	7660	2016	2
Struer	671	Bækmarksbro	7660	2017	2
Struer	671	Bækmarksbro	7660	2018	2
Struer	671	Bækmarksbro	7660	2019	2
Struer	671	Bækmarksbro	7660	2020	2
Struer	671	Bækmarksbro	7660	2021	2
Struer	671	Bækmarksbro	7660	2022	2
Struer	671	Bækmarksbro	7660	2023	2
Struer	671	Bækmarksbro	7660	2024	2
Struer	671	Bækmarksbro	7660	2025	2
Struer	671	Bækmarksbro	7660	2026	2
Struer	671	Hurup Thy	7760	2010	1
Struer	671	Hurup Thy	7760	2011	0
Struer	671	Hurup Thy	7760	2012	0
Struer	671	Hurup Thy	7760	2013	0
Struer	671	Hurup Thy	7760	2014	0
Struer	671	Hurup Thy	7760	2015	0
Struer	671	Hurup Thy	7760	2016	1
Struer	671	Hurup Thy	7760	2017	2
Struer	671	Hurup Thy	7760	2018	0
Struer	671	Hurup Thy	7760	2019	0
Struer	671	Hurup Thy	7760	2020	0
Struer	671	Hurup Thy	7760	2021	0
Struer	671	Hurup Thy	7760	2022	0
Struer	671	Hurup Thy	7760	2023	0
Struer	671	Hurup Thy	7760	2024	0
Struer	671	Hurup Thy	7760	2025	0
Struer	671	Hurup Thy	7760	2026	0
Struer	671	Thyholm	7790	2010	3467
Struer	671	Thyholm	7790	2011	3424
Struer	671	Thyholm	7790	2012	3364
Struer	671	Thyholm	7790	2013	3290
Struer	671	Thyholm	7790	2014	3231
Struer	671	Thyholm	7790	2015	3142
Struer	671	Thyholm	7790	2016	3135
Struer	671	Thyholm	7790	2017	3123
Struer	671	Thyholm	7790	2018	3136
Struer	671	Thyholm	7790	2019	3096
Struer	671	Thyholm	7790	2020	3042
Struer	671	Thyholm	7790	2021	3022
Struer	671	Thyholm	7790	2022	2988
Struer	671	Thyholm	7790	2023	2967
Struer	671	Thyholm	7790	2024	2919
Struer	671	Thyholm	7790	2025	2840
Struer	671	Thyholm	7790	2026	2826
Struer	671	Vinderup	7830	2010	58
Struer	671	Vinderup	7830	2011	59
Struer	671	Vinderup	7830	2012	63
Struer	671	Vinderup	7830	2013	57
Struer	671	Vinderup	7830	2014	59
Struer	671	Vinderup	7830	2015	54
Struer	671	Vinderup	7830	2016	54
Struer	671	Vinderup	7830	2017	61
Struer	671	Vinderup	7830	2018	58
Struer	671	Vinderup	7830	2019	56
Struer	671	Vinderup	7830	2020	68
Struer	671	Vinderup	7830	2021	59
Struer	671	Vinderup	7830	2022	65
Struer	671	Vinderup	7830	2023	59
Struer	671	Vinderup	7830	2024	55
Struer	671	Vinderup	7830	2025	59
Struer	671	Vinderup	7830	2026	57
Struer	671	Ukendt	9999	2010	0
Struer	671	Ukendt	9999	2011	0
Struer	671	Ukendt	9999	2012	0
Struer	671	Ukendt	9999	2013	0
Struer	671	Ukendt	9999	2014	0
Struer	671	Ukendt	9999	2015	0
Struer	671	Ukendt	9999	2016	0
Struer	671	Ukendt	9999	2017	1
Struer	671	Ukendt	9999	2018	0
Struer	671	Ukendt	9999	2019	0
Struer	671	Ukendt	9999	2020	1
Struer	671	Ukendt	9999	2021	3
Struer	671	Ukendt	9999	2022	3
Struer	671	Ukendt	9999	2023	3
Struer	671	Ukendt	9999	2024	3
Struer	671	Ukendt	9999	2025	3
Struer	671	Ukendt	9999	2026	3
Syddjurs	706	Hadsten	8370	2010	0
Syddjurs	706	Hadsten	8370	2011	0
Syddjurs	706	Hadsten	8370	2012	0
Syddjurs	706	Hadsten	8370	2013	0
Syddjurs	706	Hadsten	8370	2014	0
Syddjurs	706	Hadsten	8370	2015	0
Syddjurs	706	Hadsten	8370	2016	0
Syddjurs	706	Hadsten	8370	2017	0
Syddjurs	706	Hadsten	8370	2018	0
Syddjurs	706	Hadsten	8370	2019	0
Syddjurs	706	Hadsten	8370	2020	0
Syddjurs	706	Hadsten	8370	2021	0
Syddjurs	706	Hadsten	8370	2022	0
Syddjurs	706	Hadsten	8370	2023	0
Syddjurs	706	Hadsten	8370	2024	0
Syddjurs	706	Hadsten	8370	2025	0
Syddjurs	706	Hadsten	8370	2026	0
Syddjurs	706	Ebeltoft	8400	2010	10711
Syddjurs	706	Ebeltoft	8400	2011	10687
Syddjurs	706	Ebeltoft	8400	2012	10762
Syddjurs	706	Ebeltoft	8400	2013	10800
Syddjurs	706	Ebeltoft	8400	2014	10615
Syddjurs	706	Ebeltoft	8400	2015	10532
Syddjurs	706	Ebeltoft	8400	2016	10517
Syddjurs	706	Ebeltoft	8400	2017	10523
Syddjurs	706	Ebeltoft	8400	2018	10529
Syddjurs	706	Ebeltoft	8400	2019	10524
Syddjurs	706	Ebeltoft	8400	2020	10430
Syddjurs	706	Ebeltoft	8400	2021	10498
Syddjurs	706	Ebeltoft	8400	2022	10492
Syddjurs	706	Ebeltoft	8400	2023	10580
Syddjurs	706	Ebeltoft	8400	2024	10466
Syddjurs	706	Ebeltoft	8400	2025	10503
Syddjurs	706	Ebeltoft	8400	2026	10647
Syddjurs	706	Rønde	8410	2010	7676
Syddjurs	706	Rønde	8410	2011	7776
Syddjurs	706	Rønde	8410	2012	7817
Syddjurs	706	Rønde	8410	2013	7884
Syddjurs	706	Rønde	8410	2014	7901
Syddjurs	706	Rønde	8410	2015	7908
Syddjurs	706	Rønde	8410	2016	7950
Syddjurs	706	Rønde	8410	2017	8080
Syddjurs	706	Rønde	8410	2018	8174
Syddjurs	706	Rønde	8410	2019	8231
Syddjurs	706	Rønde	8410	2020	8401
Syddjurs	706	Rønde	8410	2021	8442
Syddjurs	706	Rønde	8410	2022	8595
Syddjurs	706	Rønde	8410	2023	8768
Syddjurs	706	Rønde	8410	2024	8744
Syddjurs	706	Rønde	8410	2025	8768
Syddjurs	706	Rønde	8410	2026	8881
Syddjurs	706	Knebel	8420	2010	3266
Syddjurs	706	Knebel	8420	2011	3269
Syddjurs	706	Knebel	8420	2012	3270
Syddjurs	706	Knebel	8420	2013	3209
Syddjurs	706	Knebel	8420	2014	3191
Syddjurs	706	Knebel	8420	2015	3190
Syddjurs	706	Knebel	8420	2016	3150
Syddjurs	706	Knebel	8420	2017	3158
Syddjurs	706	Knebel	8420	2018	3133
Syddjurs	706	Knebel	8420	2019	3166
Syddjurs	706	Knebel	8420	2020	3185
Syddjurs	706	Knebel	8420	2021	3194
Syddjurs	706	Knebel	8420	2022	3239
Syddjurs	706	Knebel	8420	2023	3276
Syddjurs	706	Knebel	8420	2024	3289
Syddjurs	706	Knebel	8420	2025	3268
Syddjurs	706	Knebel	8420	2026	3274
Syddjurs	706	Balle	8444	2010	851
Syddjurs	706	Balle	8444	2011	861
Syddjurs	706	Balle	8444	2012	866
Syddjurs	706	Balle	8444	2013	829
Syddjurs	706	Balle	8444	2014	847
Syddjurs	706	Balle	8444	2015	813
Syddjurs	706	Balle	8444	2016	834
Syddjurs	706	Balle	8444	2017	808
Syddjurs	706	Balle	8444	2018	838
Syddjurs	706	Balle	8444	2019	835
Syddjurs	706	Balle	8444	2020	858
Syddjurs	706	Balle	8444	2021	854
Syddjurs	706	Balle	8444	2022	821
Syddjurs	706	Balle	8444	2023	824
Syddjurs	706	Balle	8444	2024	821
Syddjurs	706	Balle	8444	2025	795
Syddjurs	706	Balle	8444	2026	765
Syddjurs	706	Hornslet	8543	2010	7178
Syddjurs	706	Hornslet	8543	2011	7224
Syddjurs	706	Hornslet	8543	2012	7199
Syddjurs	706	Hornslet	8543	2013	7261
Syddjurs	706	Hornslet	8543	2014	7261
Syddjurs	706	Hornslet	8543	2015	7312
Syddjurs	706	Hornslet	8543	2016	7362
Syddjurs	706	Hornslet	8543	2017	7452
Syddjurs	706	Hornslet	8543	2018	7729
Syddjurs	706	Hornslet	8543	2019	7836
Syddjurs	706	Hornslet	8543	2020	7956
Syddjurs	706	Hornslet	8543	2021	8099
Syddjurs	706	Hornslet	8543	2022	8241
Syddjurs	706	Hornslet	8543	2023	8428
Syddjurs	706	Hornslet	8543	2024	8421
Syddjurs	706	Hornslet	8543	2025	8470
Syddjurs	706	Hornslet	8543	2026	8496
Syddjurs	706	Mørke	8544	2010	3620
Syddjurs	706	Mørke	8544	2011	3671
Syddjurs	706	Mørke	8544	2012	3679
Syddjurs	706	Mørke	8544	2013	3736
Syddjurs	706	Mørke	8544	2014	3706
Syddjurs	706	Mørke	8544	2015	3658
Syddjurs	706	Mørke	8544	2016	3701
Syddjurs	706	Mørke	8544	2017	3626
Syddjurs	706	Mørke	8544	2018	3690
Syddjurs	706	Mørke	8544	2019	3731
Syddjurs	706	Mørke	8544	2020	3736
Syddjurs	706	Mørke	8544	2021	3707
Syddjurs	706	Mørke	8544	2022	3770
Syddjurs	706	Mørke	8544	2023	3766
Syddjurs	706	Mørke	8544	2024	3760
Syddjurs	706	Mørke	8544	2025	3731
Syddjurs	706	Mørke	8544	2026	3745
Syddjurs	706	Ryomgård	8550	2010	3820
Syddjurs	706	Ryomgård	8550	2011	3904
Syddjurs	706	Ryomgård	8550	2012	3851
Syddjurs	706	Ryomgård	8550	2013	3853
Syddjurs	706	Ryomgård	8550	2014	3882
Syddjurs	706	Ryomgård	8550	2015	3898
Syddjurs	706	Ryomgård	8550	2016	3941
Syddjurs	706	Ryomgård	8550	2017	3944
Syddjurs	706	Ryomgård	8550	2018	3938
Syddjurs	706	Ryomgård	8550	2019	3964
Syddjurs	706	Ryomgård	8550	2020	3966
Syddjurs	706	Ryomgård	8550	2021	3952
Syddjurs	706	Ryomgård	8550	2022	3994
Syddjurs	706	Ryomgård	8550	2023	4103
Syddjurs	706	Ryomgård	8550	2024	4134
Syddjurs	706	Ryomgård	8550	2025	4164
Syddjurs	706	Ryomgård	8550	2026	4212
Syddjurs	706	Kolind	8560	2010	3164
Syddjurs	706	Kolind	8560	2011	3205
Syddjurs	706	Kolind	8560	2012	3224
Syddjurs	706	Kolind	8560	2013	3216
Syddjurs	706	Kolind	8560	2014	3217
Syddjurs	706	Kolind	8560	2015	3229
Syddjurs	706	Kolind	8560	2016	3277
Syddjurs	706	Kolind	8560	2017	3266
Syddjurs	706	Kolind	8560	2018	3261
Syddjurs	706	Kolind	8560	2019	3323
Syddjurs	706	Kolind	8560	2020	3317
Syddjurs	706	Kolind	8560	2021	3302
Syddjurs	706	Kolind	8560	2022	3328
Syddjurs	706	Kolind	8560	2023	3345
Syddjurs	706	Kolind	8560	2024	3303
Syddjurs	706	Kolind	8560	2025	3304
Syddjurs	706	Kolind	8560	2026	3301
Syddjurs	706	Trustrup	8570	2010	19
Syddjurs	706	Trustrup	8570	2011	19
Syddjurs	706	Trustrup	8570	2012	16
Syddjurs	706	Trustrup	8570	2013	15
Syddjurs	706	Trustrup	8570	2014	26
Syddjurs	706	Trustrup	8570	2015	21
Syddjurs	706	Trustrup	8570	2016	21
Syddjurs	706	Trustrup	8570	2017	21
Syddjurs	706	Trustrup	8570	2018	22
Syddjurs	706	Trustrup	8570	2019	22
Syddjurs	706	Trustrup	8570	2020	21
Syddjurs	706	Trustrup	8570	2021	21
Syddjurs	706	Trustrup	8570	2022	18
Syddjurs	706	Trustrup	8570	2023	18
Syddjurs	706	Trustrup	8570	2024	17
Syddjurs	706	Trustrup	8570	2025	13
Syddjurs	706	Trustrup	8570	2026	11
Syddjurs	706	Nimtofte	8581	2010	1029
Syddjurs	706	Nimtofte	8581	2011	1058
Syddjurs	706	Nimtofte	8581	2012	1074
Syddjurs	706	Nimtofte	8581	2013	1030
Syddjurs	706	Nimtofte	8581	2014	1011
Syddjurs	706	Nimtofte	8581	2015	1014
Syddjurs	706	Nimtofte	8581	2016	1035
Syddjurs	706	Nimtofte	8581	2017	1047
Syddjurs	706	Nimtofte	8581	2018	1044
Syddjurs	706	Nimtofte	8581	2019	1007
Syddjurs	706	Nimtofte	8581	2020	975
Syddjurs	706	Nimtofte	8581	2021	978
Syddjurs	706	Nimtofte	8581	2022	983
Syddjurs	706	Nimtofte	8581	2023	983
Syddjurs	706	Nimtofte	8581	2024	980
Syddjurs	706	Nimtofte	8581	2025	962
Syddjurs	706	Nimtofte	8581	2026	942
Syddjurs	706	Auning	8963	2010	34
Syddjurs	706	Auning	8963	2011	35
Syddjurs	706	Auning	8963	2012	36
Syddjurs	706	Auning	8963	2013	36
Syddjurs	706	Auning	8963	2014	38
Syddjurs	706	Auning	8963	2015	43
Syddjurs	706	Auning	8963	2016	43
Syddjurs	706	Auning	8963	2017	46
Syddjurs	706	Auning	8963	2018	45
Syddjurs	706	Auning	8963	2019	47
Syddjurs	706	Auning	8963	2020	44
Syddjurs	706	Auning	8963	2021	42
Syddjurs	706	Auning	8963	2022	45
Syddjurs	706	Auning	8963	2023	44
Syddjurs	706	Auning	8963	2024	40
Syddjurs	706	Auning	8963	2025	36
Syddjurs	706	Auning	8963	2026	35
Syddjurs	706	Ukendt	9999	2010	24
Syddjurs	706	Ukendt	9999	2011	25
Syddjurs	706	Ukendt	9999	2012	21
Syddjurs	706	Ukendt	9999	2013	25
Syddjurs	706	Ukendt	9999	2014	24
Syddjurs	706	Ukendt	9999	2015	34
Syddjurs	706	Ukendt	9999	2016	58
Syddjurs	706	Ukendt	9999	2017	50
Syddjurs	706	Ukendt	9999	2018	65
Syddjurs	706	Ukendt	9999	2019	82
Syddjurs	706	Ukendt	9999	2020	73
Syddjurs	706	Ukendt	9999	2021	79
Syddjurs	706	Ukendt	9999	2022	70
Syddjurs	706	Ukendt	9999	2023	72
Syddjurs	706	Ukendt	9999	2024	101
Syddjurs	706	Ukendt	9999	2025	87
Syddjurs	706	Ukendt	9999	2026	85
Norddjurs	707	Balle	8444	2010	244
Norddjurs	707	Balle	8444	2011	237
Norddjurs	707	Balle	8444	2012	241
Norddjurs	707	Balle	8444	2013	241
Norddjurs	707	Balle	8444	2014	231
Norddjurs	707	Balle	8444	2015	213
Norddjurs	707	Balle	8444	2016	216
Norddjurs	707	Balle	8444	2017	221
Norddjurs	707	Balle	8444	2018	217
Norddjurs	707	Balle	8444	2019	206
Norddjurs	707	Balle	8444	2020	210
Norddjurs	707	Balle	8444	2021	219
Norddjurs	707	Balle	8444	2022	211
Norddjurs	707	Balle	8444	2023	218
Norddjurs	707	Balle	8444	2024	220
Norddjurs	707	Balle	8444	2025	216
Norddjurs	707	Balle	8444	2026	217
Norddjurs	707	Grenaa	8500	2010	18654
Norddjurs	707	Grenaa	8500	2011	18624
Norddjurs	707	Grenaa	8500	2012	18553
Norddjurs	707	Grenaa	8500	2013	18632
Norddjurs	707	Grenaa	8500	2014	18673
Norddjurs	707	Grenaa	8500	2015	18745
Norddjurs	707	Grenaa	8500	2016	18870
Norddjurs	707	Grenaa	8500	2017	18828
Norddjurs	707	Grenaa	8500	2018	18807
Norddjurs	707	Grenaa	8500	2019	18512
Norddjurs	707	Grenaa	8500	2020	18258
Norddjurs	707	Grenaa	8500	2021	18215
Norddjurs	707	Grenaa	8500	2022	18152
Norddjurs	707	Grenaa	8500	2023	18120
Norddjurs	707	Grenaa	8500	2024	18016
Norddjurs	707	Grenaa	8500	2025	18020
Norddjurs	707	Grenaa	8500	2026	17867
Norddjurs	707	Mørke	8544	2010	33
Norddjurs	707	Mørke	8544	2011	36
Norddjurs	707	Mørke	8544	2012	40
Norddjurs	707	Mørke	8544	2013	41
Norddjurs	707	Mørke	8544	2014	0
Norddjurs	707	Mørke	8544	2015	0
Norddjurs	707	Mørke	8544	2016	0
Norddjurs	707	Mørke	8544	2017	0
Norddjurs	707	Mørke	8544	2018	0
Norddjurs	707	Mørke	8544	2019	0
Norddjurs	707	Mørke	8544	2020	0
Norddjurs	707	Mørke	8544	2021	0
Norddjurs	707	Mørke	8544	2022	0
Norddjurs	707	Mørke	8544	2023	0
Norddjurs	707	Mørke	8544	2024	0
Norddjurs	707	Mørke	8544	2025	0
Norddjurs	707	Mørke	8544	2026	0
Norddjurs	707	Ryomgård	8550	2010	20
Norddjurs	707	Ryomgård	8550	2011	19
Norddjurs	707	Ryomgård	8550	2012	20
Norddjurs	707	Ryomgård	8550	2013	23
Norddjurs	707	Ryomgård	8550	2014	24
Norddjurs	707	Ryomgård	8550	2015	22
Norddjurs	707	Ryomgård	8550	2016	24
Norddjurs	707	Ryomgård	8550	2017	23
Norddjurs	707	Ryomgård	8550	2018	23
Norddjurs	707	Ryomgård	8550	2019	25
Norddjurs	707	Ryomgård	8550	2020	27
Norddjurs	707	Ryomgård	8550	2021	25
Norddjurs	707	Ryomgård	8550	2022	22
Norddjurs	707	Ryomgård	8550	2023	24
Norddjurs	707	Ryomgård	8550	2024	24
Norddjurs	707	Ryomgård	8550	2025	22
Norddjurs	707	Ryomgård	8550	2026	22
Norddjurs	707	Kolind	8560	2010	235
Norddjurs	707	Kolind	8560	2011	241
Norddjurs	707	Kolind	8560	2012	232
Norddjurs	707	Kolind	8560	2013	223
Norddjurs	707	Kolind	8560	2014	214
Norddjurs	707	Kolind	8560	2015	216
Norddjurs	707	Kolind	8560	2016	211
Norddjurs	707	Kolind	8560	2017	205
Norddjurs	707	Kolind	8560	2018	193
Norddjurs	707	Kolind	8560	2019	190
Norddjurs	707	Kolind	8560	2020	205
Norddjurs	707	Kolind	8560	2021	200
Norddjurs	707	Kolind	8560	2022	192
Norddjurs	707	Kolind	8560	2023	184
Norddjurs	707	Kolind	8560	2024	181
Norddjurs	707	Kolind	8560	2025	175
Norddjurs	707	Kolind	8560	2026	172
Norddjurs	707	Trustrup	8570	2010	1951
Norddjurs	707	Trustrup	8570	2011	1941
Norddjurs	707	Trustrup	8570	2012	1908
Norddjurs	707	Trustrup	8570	2013	1881
Norddjurs	707	Trustrup	8570	2014	1851
Norddjurs	707	Trustrup	8570	2015	1832
Norddjurs	707	Trustrup	8570	2016	1840
Norddjurs	707	Trustrup	8570	2017	1851
Norddjurs	707	Trustrup	8570	2018	1845
Norddjurs	707	Trustrup	8570	2019	1856
Norddjurs	707	Trustrup	8570	2020	1782
Norddjurs	707	Trustrup	8570	2021	1772
Norddjurs	707	Trustrup	8570	2022	1788
Norddjurs	707	Trustrup	8570	2023	1737
Norddjurs	707	Trustrup	8570	2024	1741
Norddjurs	707	Trustrup	8570	2025	1686
Norddjurs	707	Trustrup	8570	2026	1683
Norddjurs	707	Nimtofte	8581	2010	152
Norddjurs	707	Nimtofte	8581	2011	132
Norddjurs	707	Nimtofte	8581	2012	137
Norddjurs	707	Nimtofte	8581	2013	141
Norddjurs	707	Nimtofte	8581	2014	143
Norddjurs	707	Nimtofte	8581	2015	143
Norddjurs	707	Nimtofte	8581	2016	176
Norddjurs	707	Nimtofte	8581	2017	189
Norddjurs	707	Nimtofte	8581	2018	214
Norddjurs	707	Nimtofte	8581	2019	218
Norddjurs	707	Nimtofte	8581	2020	196
Norddjurs	707	Nimtofte	8581	2021	182
Norddjurs	707	Nimtofte	8581	2022	182
Norddjurs	707	Nimtofte	8581	2023	192
Norddjurs	707	Nimtofte	8581	2024	197
Norddjurs	707	Nimtofte	8581	2025	199
Norddjurs	707	Nimtofte	8581	2026	231
Norddjurs	707	Glesborg	8585	2010	2871
Norddjurs	707	Glesborg	8585	2011	2899
Norddjurs	707	Glesborg	8585	2012	2929
Norddjurs	707	Glesborg	8585	2013	2896
Norddjurs	707	Glesborg	8585	2014	2869
Norddjurs	707	Glesborg	8585	2015	2867
Norddjurs	707	Glesborg	8585	2016	2868
Norddjurs	707	Glesborg	8585	2017	2843
Norddjurs	707	Glesborg	8585	2018	2920
Norddjurs	707	Glesborg	8585	2019	2835
Norddjurs	707	Glesborg	8585	2020	2792
Norddjurs	707	Glesborg	8585	2021	2749
Norddjurs	707	Glesborg	8585	2022	2768
Norddjurs	707	Glesborg	8585	2023	2776
Norddjurs	707	Glesborg	8585	2024	2766
Norddjurs	707	Glesborg	8585	2025	2768
Norddjurs	707	Glesborg	8585	2026	2708
Norddjurs	707	Ørum Djurs	8586	2010	2000
Norddjurs	707	Ørum Djurs	8586	2011	2003
Norddjurs	707	Ørum Djurs	8586	2012	1967
Norddjurs	707	Ørum Djurs	8586	2013	1996
Norddjurs	707	Ørum Djurs	8586	2014	1961
Norddjurs	707	Ørum Djurs	8586	2015	1929
Norddjurs	707	Ørum Djurs	8586	2016	1950
Norddjurs	707	Ørum Djurs	8586	2017	1926
Norddjurs	707	Ørum Djurs	8586	2018	1895
Norddjurs	707	Ørum Djurs	8586	2019	1881
Norddjurs	707	Ørum Djurs	8586	2020	1861
Norddjurs	707	Ørum Djurs	8586	2021	1858
Norddjurs	707	Ørum Djurs	8586	2022	1858
Norddjurs	707	Ørum Djurs	8586	2023	1841
Norddjurs	707	Ørum Djurs	8586	2024	1817
Norddjurs	707	Ørum Djurs	8586	2025	1801
Norddjurs	707	Ørum Djurs	8586	2026	1772
Norddjurs	707	Anholt	8592	2010	171
Norddjurs	707	Anholt	8592	2011	154
Norddjurs	707	Anholt	8592	2012	151
Norddjurs	707	Anholt	8592	2013	169
Norddjurs	707	Anholt	8592	2014	154
Norddjurs	707	Anholt	8592	2015	146
Norddjurs	707	Anholt	8592	2016	145
Norddjurs	707	Anholt	8592	2017	137
Norddjurs	707	Anholt	8592	2018	132
Norddjurs	707	Anholt	8592	2019	127
Norddjurs	707	Anholt	8592	2020	138
Norddjurs	707	Anholt	8592	2021	136
Norddjurs	707	Anholt	8592	2022	150
Norddjurs	707	Anholt	8592	2023	143
Norddjurs	707	Anholt	8592	2024	127
Norddjurs	707	Anholt	8592	2025	127
Norddjurs	707	Anholt	8592	2026	131
Norddjurs	707	Ørsted	8950	2010	3351
Norddjurs	707	Ørsted	8950	2011	3311
Norddjurs	707	Ørsted	8950	2012	3236
Norddjurs	707	Ørsted	8950	2013	3221
Norddjurs	707	Ørsted	8950	2014	3189
Norddjurs	707	Ørsted	8950	2015	3201
Norddjurs	707	Ørsted	8950	2016	3172
Norddjurs	707	Ørsted	8950	2017	3206
Norddjurs	707	Ørsted	8950	2018	3203
Norddjurs	707	Ørsted	8950	2019	3175
Norddjurs	707	Ørsted	8950	2020	3105
Norddjurs	707	Ørsted	8950	2021	3047
Norddjurs	707	Ørsted	8950	2022	3002
Norddjurs	707	Ørsted	8950	2023	2978
Norddjurs	707	Ørsted	8950	2024	2895
Norddjurs	707	Ørsted	8950	2025	2867
Norddjurs	707	Ørsted	8950	2026	2816
Norddjurs	707	Allingåbro	8961	2010	4401
Norddjurs	707	Allingåbro	8961	2011	4353
Norddjurs	707	Allingåbro	8961	2012	4301
Norddjurs	707	Allingåbro	8961	2013	4287
Norddjurs	707	Allingåbro	8961	2014	4225
Norddjurs	707	Allingåbro	8961	2015	4223
Norddjurs	707	Allingåbro	8961	2016	4277
Norddjurs	707	Allingåbro	8961	2017	4311
Norddjurs	707	Allingåbro	8961	2018	4323
Norddjurs	707	Allingåbro	8961	2019	4265
Norddjurs	707	Allingåbro	8961	2020	4190
Norddjurs	707	Allingåbro	8961	2021	4178
Norddjurs	707	Allingåbro	8961	2022	4181
Norddjurs	707	Allingåbro	8961	2023	4243
Norddjurs	707	Allingåbro	8961	2024	4193
Norddjurs	707	Allingåbro	8961	2025	4155
Norddjurs	707	Allingåbro	8961	2026	4145
Norddjurs	707	Auning	8963	2010	4065
Norddjurs	707	Auning	8963	2011	4079
Norddjurs	707	Auning	8963	2012	4161
Norddjurs	707	Auning	8963	2013	4274
Norddjurs	707	Auning	8963	2014	4391
Norddjurs	707	Auning	8963	2015	4356
Norddjurs	707	Auning	8963	2016	4383
Norddjurs	707	Auning	8963	2017	4347
Norddjurs	707	Auning	8963	2018	4402
Norddjurs	707	Auning	8963	2019	4349
Norddjurs	707	Auning	8963	2020	4311
Norddjurs	707	Auning	8963	2021	4345
Norddjurs	707	Auning	8963	2022	4403
Norddjurs	707	Auning	8963	2023	4510
Norddjurs	707	Auning	8963	2024	4584
Norddjurs	707	Auning	8963	2025	4614
Norddjurs	707	Auning	8963	2026	4695
Norddjurs	707	Ukendt	9999	2010	0
Norddjurs	707	Ukendt	9999	2011	0
Norddjurs	707	Ukendt	9999	2012	0
Norddjurs	707	Ukendt	9999	2013	10
Norddjurs	707	Ukendt	9999	2014	0
Norddjurs	707	Ukendt	9999	2015	5
Norddjurs	707	Ukendt	9999	2016	12
Norddjurs	707	Ukendt	9999	2017	12
Norddjurs	707	Ukendt	9999	2018	23
Norddjurs	707	Ukendt	9999	2019	41
Norddjurs	707	Ukendt	9999	2020	14
Norddjurs	707	Ukendt	9999	2021	17
Norddjurs	707	Ukendt	9999	2022	12
Norddjurs	707	Ukendt	9999	2023	12
Norddjurs	707	Ukendt	9999	2024	12
Norddjurs	707	Ukendt	9999	2025	8
Norddjurs	707	Ukendt	9999	2026	18
Favrskov	710	Hadsten	8370	2010	12749
Favrskov	710	Hadsten	8370	2011	12922
Favrskov	710	Hadsten	8370	2012	13002
Favrskov	710	Hadsten	8370	2013	12951
Favrskov	710	Hadsten	8370	2014	12944
Favrskov	710	Hadsten	8370	2015	13029
Favrskov	710	Hadsten	8370	2016	13043
Favrskov	710	Hadsten	8370	2017	13158
Favrskov	710	Hadsten	8370	2018	13165
Favrskov	710	Hadsten	8370	2019	13167
Favrskov	710	Hadsten	8370	2020	13306
Favrskov	710	Hadsten	8370	2021	13173
Favrskov	710	Hadsten	8370	2022	13282
Favrskov	710	Hadsten	8370	2023	13368
Favrskov	710	Hadsten	8370	2024	13453
Favrskov	710	Hadsten	8370	2025	13511
Favrskov	710	Hadsten	8370	2026	13571
Favrskov	710	Trige	8380	2010	21
Favrskov	710	Trige	8380	2011	16
Favrskov	710	Trige	8380	2012	19
Favrskov	710	Trige	8380	2013	21
Favrskov	710	Trige	8380	2014	20
Favrskov	710	Trige	8380	2015	18
Favrskov	710	Trige	8380	2016	17
Favrskov	710	Trige	8380	2017	17
Favrskov	710	Trige	8380	2018	17
Favrskov	710	Trige	8380	2019	18
Favrskov	710	Trige	8380	2020	13
Favrskov	710	Trige	8380	2021	13
Favrskov	710	Trige	8380	2022	17
Favrskov	710	Trige	8380	2023	18
Favrskov	710	Trige	8380	2024	16
Favrskov	710	Trige	8380	2025	15
Favrskov	710	Trige	8380	2026	15
Favrskov	710	Hinnerup	8382	2010	12798
Favrskov	710	Hinnerup	8382	2011	12901
Favrskov	710	Hinnerup	8382	2012	12996
Favrskov	710	Hinnerup	8382	2013	13058
Favrskov	710	Hinnerup	8382	2014	13217
Favrskov	710	Hinnerup	8382	2015	13408
Favrskov	710	Hinnerup	8382	2016	13484
Favrskov	710	Hinnerup	8382	2017	13719
Favrskov	710	Hinnerup	8382	2018	13899
Favrskov	710	Hinnerup	8382	2019	14082
Favrskov	710	Hinnerup	8382	2020	14137
Favrskov	710	Hinnerup	8382	2021	14324
Favrskov	710	Hinnerup	8382	2022	14763
Favrskov	710	Hinnerup	8382	2023	14921
Favrskov	710	Hinnerup	8382	2024	14991
Favrskov	710	Hinnerup	8382	2025	15061
Favrskov	710	Hinnerup	8382	2026	15255
Favrskov	710	Hammel	8450	2010	9415
Favrskov	710	Hammel	8450	2011	9507
Favrskov	710	Hammel	8450	2012	9571
Favrskov	710	Hammel	8450	2013	9559
Favrskov	710	Hammel	8450	2014	9580
Favrskov	710	Hammel	8450	2015	9697
Favrskov	710	Hammel	8450	2016	9753
Favrskov	710	Hammel	8450	2017	9715
Favrskov	710	Hammel	8450	2018	9877
Favrskov	710	Hammel	8450	2019	9850
Favrskov	710	Hammel	8450	2020	9731
Favrskov	710	Hammel	8450	2021	9694
Favrskov	710	Hammel	8450	2022	9650
Favrskov	710	Hammel	8450	2023	9870
Favrskov	710	Hammel	8450	2024	9815
Favrskov	710	Hammel	8450	2025	9778
Favrskov	710	Hammel	8450	2026	9927
Favrskov	710	Galten	8464	2010	0
Favrskov	710	Galten	8464	2011	0
Favrskov	710	Galten	8464	2012	0
Favrskov	710	Galten	8464	2013	0
Favrskov	710	Galten	8464	2014	0
Favrskov	710	Galten	8464	2015	0
Favrskov	710	Galten	8464	2016	0
Favrskov	710	Galten	8464	2017	0
Favrskov	710	Galten	8464	2018	0
Favrskov	710	Galten	8464	2019	0
Favrskov	710	Galten	8464	2020	0
Favrskov	710	Galten	8464	2021	0
Favrskov	710	Galten	8464	2022	0
Favrskov	710	Galten	8464	2023	0
Favrskov	710	Galten	8464	2024	0
Favrskov	710	Galten	8464	2025	0
Favrskov	710	Galten	8464	2026	0
Favrskov	710	Sabro	8471	2010	1152
Favrskov	710	Sabro	8471	2011	1186
Favrskov	710	Sabro	8471	2012	1194
Favrskov	710	Sabro	8471	2013	1183
Favrskov	710	Sabro	8471	2014	1190
Favrskov	710	Sabro	8471	2015	1167
Favrskov	710	Sabro	8471	2016	1155
Favrskov	710	Sabro	8471	2017	1149
Favrskov	710	Sabro	8471	2018	1162
Favrskov	710	Sabro	8471	2019	1203
Favrskov	710	Sabro	8471	2020	1213
Favrskov	710	Sabro	8471	2021	1225
Favrskov	710	Sabro	8471	2022	1342
Favrskov	710	Sabro	8471	2023	1417
Favrskov	710	Sabro	8471	2024	1401
Favrskov	710	Sabro	8471	2025	1366
Favrskov	710	Sabro	8471	2026	1367
Favrskov	710	Sporup	8472	2010	833
Favrskov	710	Sporup	8472	2011	845
Favrskov	710	Sporup	8472	2012	849
Favrskov	710	Sporup	8472	2013	842
Favrskov	710	Sporup	8472	2014	831
Favrskov	710	Sporup	8472	2015	819
Favrskov	710	Sporup	8472	2016	814
Favrskov	710	Sporup	8472	2017	816
Favrskov	710	Sporup	8472	2018	825
Favrskov	710	Sporup	8472	2019	817
Favrskov	710	Sporup	8472	2020	816
Favrskov	710	Sporup	8472	2021	793
Favrskov	710	Sporup	8472	2022	810
Favrskov	710	Sporup	8472	2023	809
Favrskov	710	Sporup	8472	2024	802
Favrskov	710	Sporup	8472	2025	813
Favrskov	710	Sporup	8472	2026	815
Favrskov	710	Sorring	8641	2010	19
Favrskov	710	Sorring	8641	2011	21
Favrskov	710	Sorring	8641	2012	21
Favrskov	710	Sorring	8641	2013	22
Favrskov	710	Sorring	8641	2014	22
Favrskov	710	Sorring	8641	2015	18
Favrskov	710	Sorring	8641	2016	18
Favrskov	710	Sorring	8641	2017	18
Favrskov	710	Sorring	8641	2018	17
Favrskov	710	Sorring	8641	2019	19
Favrskov	710	Sorring	8641	2020	16
Favrskov	710	Sorring	8641	2021	18
Favrskov	710	Sorring	8641	2022	14
Favrskov	710	Sorring	8641	2023	15
Favrskov	710	Sorring	8641	2024	14
Favrskov	710	Sorring	8641	2025	14
Favrskov	710	Sorring	8641	2026	14
Favrskov	710	Bjerringbro	8850	2010	396
Favrskov	710	Bjerringbro	8850	2011	382
Favrskov	710	Bjerringbro	8850	2012	380
Favrskov	710	Bjerringbro	8850	2013	385
Favrskov	710	Bjerringbro	8850	2014	364
Favrskov	710	Bjerringbro	8850	2015	357
Favrskov	710	Bjerringbro	8850	2016	364
Favrskov	710	Bjerringbro	8850	2017	349
Favrskov	710	Bjerringbro	8850	2018	354
Favrskov	710	Bjerringbro	8850	2019	357
Favrskov	710	Bjerringbro	8850	2020	375
Favrskov	710	Bjerringbro	8850	2021	374
Favrskov	710	Bjerringbro	8850	2022	376
Favrskov	710	Bjerringbro	8850	2023	363
Favrskov	710	Bjerringbro	8850	2024	364
Favrskov	710	Bjerringbro	8850	2025	354
Favrskov	710	Bjerringbro	8850	2026	355
Favrskov	710	Ulstrup	8860	2010	4033
Favrskov	710	Ulstrup	8860	2011	4018
Favrskov	710	Ulstrup	8860	2012	4011
Favrskov	710	Ulstrup	8860	2013	3994
Favrskov	710	Ulstrup	8860	2014	3923
Favrskov	710	Ulstrup	8860	2015	3945
Favrskov	710	Ulstrup	8860	2016	3924
Favrskov	710	Ulstrup	8860	2017	3920
Favrskov	710	Ulstrup	8860	2018	3911
Favrskov	710	Ulstrup	8860	2019	3873
Favrskov	710	Ulstrup	8860	2020	3849
Favrskov	710	Ulstrup	8860	2021	3866
Favrskov	710	Ulstrup	8860	2022	3818
Favrskov	710	Ulstrup	8860	2023	3835
Favrskov	710	Ulstrup	8860	2024	3752
Favrskov	710	Ulstrup	8860	2025	3712
Favrskov	710	Ulstrup	8860	2026	3705
Favrskov	710	Langå	8870	2010	2194
Favrskov	710	Langå	8870	2011	2149
Favrskov	710	Langå	8870	2012	2145
Favrskov	710	Langå	8870	2013	2174
Favrskov	710	Langå	8870	2014	2138
Favrskov	710	Langå	8870	2015	2121
Favrskov	710	Langå	8870	2016	2104
Favrskov	710	Langå	8870	2017	2076
Favrskov	710	Langå	8870	2018	2082
Favrskov	710	Langå	8870	2019	2058
Favrskov	710	Langå	8870	2020	2039
Favrskov	710	Langå	8870	2021	2005
Favrskov	710	Langå	8870	2022	1958
Favrskov	710	Langå	8870	2023	1926
Favrskov	710	Langå	8870	2024	1928
Favrskov	710	Langå	8870	2025	1915
Favrskov	710	Langå	8870	2026	1921
Favrskov	710	Thorsø	8881	2010	2841
Favrskov	710	Thorsø	8881	2011	2872
Favrskov	710	Thorsø	8881	2012	2850
Favrskov	710	Thorsø	8881	2013	2878
Favrskov	710	Thorsø	8881	2014	2836
Favrskov	710	Thorsø	8881	2015	2829
Favrskov	710	Thorsø	8881	2016	2860
Favrskov	710	Thorsø	8881	2017	2878
Favrskov	710	Thorsø	8881	2018	2874
Favrskov	710	Thorsø	8881	2019	2848
Favrskov	710	Thorsø	8881	2020	2812
Favrskov	710	Thorsø	8881	2021	2800
Favrskov	710	Thorsø	8881	2022	2778
Favrskov	710	Thorsø	8881	2023	2776
Favrskov	710	Thorsø	8881	2024	2753
Favrskov	710	Thorsø	8881	2025	2729
Favrskov	710	Thorsø	8881	2026	2725
Favrskov	710	Fårvang	8882	2010	26
Favrskov	710	Fårvang	8882	2011	27
Favrskov	710	Fårvang	8882	2012	27
Favrskov	710	Fårvang	8882	2013	27
Favrskov	710	Fårvang	8882	2014	28
Favrskov	710	Fårvang	8882	2015	27
Favrskov	710	Fårvang	8882	2016	25
Favrskov	710	Fårvang	8882	2017	24
Favrskov	710	Fårvang	8882	2018	22
Favrskov	710	Fårvang	8882	2019	25
Favrskov	710	Fårvang	8882	2020	24
Favrskov	710	Fårvang	8882	2021	22
Favrskov	710	Fårvang	8882	2022	25
Favrskov	710	Fårvang	8882	2023	26
Favrskov	710	Fårvang	8882	2024	28
Favrskov	710	Fårvang	8882	2025	29
Favrskov	710	Fårvang	8882	2026	25
Favrskov	710	Randers C	8900	2010	0
Favrskov	710	Randers C	8900	2011	0
Favrskov	710	Randers C	8900	2012	0
Favrskov	710	Randers C	8900	2013	0
Favrskov	710	Randers C	8900	2014	0
Favrskov	710	Randers C	8900	2015	0
Favrskov	710	Randers C	8900	2016	0
Favrskov	710	Randers C	8900	2017	0
Favrskov	710	Randers C	8900	2018	0
Favrskov	710	Randers C	8900	2019	0
Favrskov	710	Randers C	8900	2020	0
Favrskov	710	Randers C	8900	2021	0
Favrskov	710	Randers C	8900	2022	0
Favrskov	710	Randers C	8900	2023	0
Favrskov	710	Randers C	8900	2024	0
Favrskov	710	Randers C	8900	2025	0
Favrskov	710	Randers C	8900	2026	0
Favrskov	710	Randers SV	8940	2010	17
Favrskov	710	Randers SV	8940	2011	14
Favrskov	710	Randers SV	8940	2012	19
Favrskov	710	Randers SV	8940	2013	14
Favrskov	710	Randers SV	8940	2014	16
Favrskov	710	Randers SV	8940	2015	19
Favrskov	710	Randers SV	8940	2016	21
Favrskov	710	Randers SV	8940	2017	17
Favrskov	710	Randers SV	8940	2018	17
Favrskov	710	Randers SV	8940	2019	15
Favrskov	710	Randers SV	8940	2020	15
Favrskov	710	Randers SV	8940	2021	17
Favrskov	710	Randers SV	8940	2022	17
Favrskov	710	Randers SV	8940	2023	17
Favrskov	710	Randers SV	8940	2024	19
Favrskov	710	Randers SV	8940	2025	19
Favrskov	710	Randers SV	8940	2026	19
Favrskov	710	Randers SØ	8960	2010	1
Favrskov	710	Randers SØ	8960	2011	1
Favrskov	710	Randers SØ	8960	2012	1
Favrskov	710	Randers SØ	8960	2013	1
Favrskov	710	Randers SØ	8960	2014	1
Favrskov	710	Randers SØ	8960	2015	1
Favrskov	710	Randers SØ	8960	2016	1
Favrskov	710	Randers SØ	8960	2017	1
Favrskov	710	Randers SØ	8960	2018	1
Favrskov	710	Randers SØ	8960	2019	1
Favrskov	710	Randers SØ	8960	2020	1
Favrskov	710	Randers SØ	8960	2021	1
Favrskov	710	Randers SØ	8960	2022	3
Favrskov	710	Randers SØ	8960	2023	1
Favrskov	710	Randers SØ	8960	2024	1
Favrskov	710	Randers SØ	8960	2025	0
Favrskov	710	Randers SØ	8960	2026	0
Favrskov	710	Ukendt	9999	2010	34
Favrskov	710	Ukendt	9999	2011	33
Favrskov	710	Ukendt	9999	2012	32
Favrskov	710	Ukendt	9999	2013	47
Favrskov	710	Ukendt	9999	2014	53
Favrskov	710	Ukendt	9999	2015	68
Favrskov	710	Ukendt	9999	2016	72
Favrskov	710	Ukendt	9999	2017	58
Favrskov	710	Ukendt	9999	2018	48
Favrskov	710	Ukendt	9999	2019	41
Favrskov	710	Ukendt	9999	2020	50
Favrskov	710	Ukendt	9999	2021	56
Favrskov	710	Ukendt	9999	2022	27
Favrskov	710	Ukendt	9999	2023	46
Favrskov	710	Ukendt	9999	2024	40
Favrskov	710	Ukendt	9999	2025	43
Favrskov	710	Ukendt	9999	2026	59
Odder	727	Odder	8300	2010	20320
Odder	727	Odder	8300	2011	20461
Odder	727	Odder	8300	2012	20391
Odder	727	Odder	8300	2013	20444
Odder	727	Odder	8300	2014	20428
Odder	727	Odder	8300	2015	20594
Odder	727	Odder	8300	2016	20776
Odder	727	Odder	8300	2017	20977
Odder	727	Odder	8300	2018	21177
Odder	727	Odder	8300	2019	21249
Odder	727	Odder	8300	2020	21448
Odder	727	Odder	8300	2021	21593
Odder	727	Odder	8300	2022	21887
Odder	727	Odder	8300	2023	22203
Odder	727	Odder	8300	2024	22509
Odder	727	Odder	8300	2025	22703
Odder	727	Odder	8300	2026	22940
Odder	727	Malling	8340	2010	1
Odder	727	Malling	8340	2011	2
Odder	727	Malling	8340	2012	3
Odder	727	Malling	8340	2013	3
Odder	727	Malling	8340	2014	2
Odder	727	Malling	8340	2015	2
Odder	727	Malling	8340	2016	2
Odder	727	Malling	8340	2017	2
Odder	727	Malling	8340	2018	2
Odder	727	Malling	8340	2019	2
Odder	727	Malling	8340	2020	2
Odder	727	Malling	8340	2021	2
Odder	727	Malling	8340	2022	2
Odder	727	Malling	8340	2023	2
Odder	727	Malling	8340	2024	2
Odder	727	Malling	8340	2025	2
Odder	727	Malling	8340	2026	2
Odder	727	Hundslund	8350	2010	1392
Odder	727	Hundslund	8350	2011	1380
Odder	727	Hundslund	8350	2012	1346
Odder	727	Hundslund	8350	2013	1346
Odder	727	Hundslund	8350	2014	1340
Odder	727	Hundslund	8350	2015	1329
Odder	727	Hundslund	8350	2016	1347
Odder	727	Hundslund	8350	2017	1347
Odder	727	Hundslund	8350	2018	1326
Odder	727	Hundslund	8350	2019	1304
Odder	727	Hundslund	8350	2020	1279
Odder	727	Hundslund	8350	2021	1279
Odder	727	Hundslund	8350	2022	1306
Odder	727	Hundslund	8350	2023	1342
Odder	727	Hundslund	8350	2024	1304
Odder	727	Hundslund	8350	2025	1296
Odder	727	Hundslund	8350	2026	1289
Odder	727	Skanderborg	8660	2010	6
Odder	727	Skanderborg	8660	2011	7
Odder	727	Skanderborg	8660	2012	7
Odder	727	Skanderborg	8660	2013	7
Odder	727	Skanderborg	8660	2014	3
Odder	727	Skanderborg	8660	2015	3
Odder	727	Skanderborg	8660	2016	4
Odder	727	Skanderborg	8660	2017	3
Odder	727	Skanderborg	8660	2018	5
Odder	727	Skanderborg	8660	2019	5
Odder	727	Skanderborg	8660	2020	5
Odder	727	Skanderborg	8660	2021	4
Odder	727	Skanderborg	8660	2022	5
Odder	727	Skanderborg	8660	2023	5
Odder	727	Skanderborg	8660	2024	3
Odder	727	Skanderborg	8660	2025	3
Odder	727	Skanderborg	8660	2026	4
Odder	727	Tunø	8799	2010	0
Odder	727	Tunø	8799	2011	0
Odder	727	Tunø	8799	2012	0
Odder	727	Tunø	8799	2013	0
Odder	727	Tunø	8799	2014	0
Odder	727	Tunø	8799	2015	0
Odder	727	Tunø	8799	2016	0
Odder	727	Tunø	8799	2017	0
Odder	727	Tunø	8799	2018	112
Odder	727	Tunø	8799	2019	111
Odder	727	Tunø	8799	2020	105
Odder	727	Tunø	8799	2021	96
Odder	727	Tunø	8799	2022	89
Odder	727	Tunø	8799	2023	71
Odder	727	Tunø	8799	2024	75
Odder	727	Tunø	8799	2025	74
Odder	727	Tunø	8799	2026	70
Odder	727	Ukendt	9999	2010	2
Odder	727	Ukendt	9999	2011	2
Odder	727	Ukendt	9999	2012	2
Odder	727	Ukendt	9999	2013	0
Odder	727	Ukendt	9999	2014	0
Odder	727	Ukendt	9999	2015	0
Odder	727	Ukendt	9999	2016	2
Odder	727	Ukendt	9999	2017	2
Odder	727	Ukendt	9999	2018	4
Odder	727	Ukendt	9999	2019	4
Odder	727	Ukendt	9999	2020	5
Odder	727	Ukendt	9999	2021	5
Odder	727	Ukendt	9999	2022	15
Odder	727	Ukendt	9999	2023	3
Odder	727	Ukendt	9999	2024	3
Odder	727	Ukendt	9999	2025	5
Odder	727	Ukendt	9999	2026	5
Randers	730	Ulstrup	8860	2010	196
Randers	730	Ulstrup	8860	2011	191
Randers	730	Ulstrup	8860	2012	191
Randers	730	Ulstrup	8860	2013	192
Randers	730	Ulstrup	8860	2014	189
Randers	730	Ulstrup	8860	2015	181
Randers	730	Ulstrup	8860	2016	177
Randers	730	Ulstrup	8860	2017	181
Randers	730	Ulstrup	8860	2018	186
Randers	730	Ulstrup	8860	2019	180
Randers	730	Ulstrup	8860	2020	177
Randers	730	Ulstrup	8860	2021	187
Randers	730	Ulstrup	8860	2022	179
Randers	730	Ulstrup	8860	2023	180
Randers	730	Ulstrup	8860	2024	169
Randers	730	Ulstrup	8860	2025	166
Randers	730	Ulstrup	8860	2026	168
Randers	730	Langå	8870	2010	5409
Randers	730	Langå	8870	2011	5544
Randers	730	Langå	8870	2012	5525
Randers	730	Langå	8870	2013	5524
Randers	730	Langå	8870	2014	5538
Randers	730	Langå	8870	2015	5578
Randers	730	Langå	8870	2016	5697
Randers	730	Langå	8870	2017	5836
Randers	730	Langå	8870	2018	5933
Randers	730	Langå	8870	2019	5897
Randers	730	Langå	8870	2020	5957
Randers	730	Langå	8870	2021	5981
Randers	730	Langå	8870	2022	6151
Randers	730	Langå	8870	2023	6229
Randers	730	Langå	8870	2024	6378
Randers	730	Langå	8870	2025	6418
Randers	730	Langå	8870	2026	6378
Randers	730	Randers C	8900	2010	12839
Randers	730	Randers C	8900	2011	13086
Randers	730	Randers C	8900	2012	13091
Randers	730	Randers C	8900	2013	13287
Randers	730	Randers C	8900	2014	13421
Randers	730	Randers C	8900	2015	13635
Randers	730	Randers C	8900	2016	14040
Randers	730	Randers C	8900	2017	14052
Randers	730	Randers C	8900	2018	14034
Randers	730	Randers C	8900	2019	13860
Randers	730	Randers C	8900	2020	13698
Randers	730	Randers C	8900	2021	13495
Randers	730	Randers C	8900	2022	13243
Randers	730	Randers C	8900	2023	13486
Randers	730	Randers C	8900	2024	13462
Randers	730	Randers C	8900	2025	13539
Randers	730	Randers C	8900	2026	13824
Randers	730	Randers NV	8920	2010	22034
Randers	730	Randers NV	8920	2011	22075
Randers	730	Randers NV	8920	2012	22252
Randers	730	Randers NV	8920	2013	22325
Randers	730	Randers NV	8920	2014	22333
Randers	730	Randers NV	8920	2015	22473
Randers	730	Randers NV	8920	2016	22696
Randers	730	Randers NV	8920	2017	22797
Randers	730	Randers NV	8920	2018	23018
Randers	730	Randers NV	8920	2019	22977
Randers	730	Randers NV	8920	2020	22856
Randers	730	Randers NV	8920	2021	22805
Randers	730	Randers NV	8920	2022	23325
Randers	730	Randers NV	8920	2023	23556
Randers	730	Randers NV	8920	2024	23459
Randers	730	Randers NV	8920	2025	23482
Randers	730	Randers NV	8920	2026	23567
Randers	730	Randers NØ	8930	2010	17652
Randers	730	Randers NØ	8930	2011	17714
Randers	730	Randers NØ	8930	2012	17835
Randers	730	Randers NØ	8930	2013	17900
Randers	730	Randers NØ	8930	2014	17993
Randers	730	Randers NØ	8930	2015	18152
Randers	730	Randers NØ	8930	2016	18130
Randers	730	Randers NØ	8930	2017	18215
Randers	730	Randers NØ	8930	2018	18268
Randers	730	Randers NØ	8930	2019	18238
Randers	730	Randers NØ	8930	2020	18258
Randers	730	Randers NØ	8930	2021	18469
Randers	730	Randers NØ	8930	2022	18476
Randers	730	Randers NØ	8930	2023	18702
Randers	730	Randers NØ	8930	2024	18687
Randers	730	Randers NØ	8930	2025	18842
Randers	730	Randers NØ	8930	2026	18811
Randers	730	Randers SV	8940	2010	8887
Randers	730	Randers SV	8940	2011	8879
Randers	730	Randers SV	8940	2012	8874
Randers	730	Randers SV	8940	2013	8915
Randers	730	Randers SV	8940	2014	8859
Randers	730	Randers SV	8940	2015	8789
Randers	730	Randers SV	8940	2016	8793
Randers	730	Randers SV	8940	2017	8790
Randers	730	Randers SV	8940	2018	8692
Randers	730	Randers SV	8940	2019	8722
Randers	730	Randers SV	8940	2020	8880
Randers	730	Randers SV	8940	2021	8971
Randers	730	Randers SV	8940	2022	8951
Randers	730	Randers SV	8940	2023	9056
Randers	730	Randers SV	8940	2024	9193
Randers	730	Randers SV	8940	2025	9179
Randers	730	Randers SV	8940	2026	9316
Randers	730	Randers SØ	8960	2010	13868
Randers	730	Randers SØ	8960	2011	14024
Randers	730	Randers SØ	8960	2012	14262
Randers	730	Randers SØ	8960	2013	14347
Randers	730	Randers SØ	8960	2014	14447
Randers	730	Randers SØ	8960	2015	14532
Randers	730	Randers SØ	8960	2016	14572
Randers	730	Randers SØ	8960	2017	14751
Randers	730	Randers SØ	8960	2018	14743
Randers	730	Randers SØ	8960	2019	14826
Randers	730	Randers SØ	8960	2020	14983
Randers	730	Randers SØ	8960	2021	15268
Randers	730	Randers SØ	8960	2022	15579
Randers	730	Randers SØ	8960	2023	15646
Randers	730	Randers SØ	8960	2024	15835
Randers	730	Randers SØ	8960	2025	15946
Randers	730	Randers SØ	8960	2026	15854
Randers	730	Havndal	8970	2010	3149
Randers	730	Havndal	8970	2011	3097
Randers	730	Havndal	8970	2012	3105
Randers	730	Havndal	8970	2013	2968
Randers	730	Havndal	8970	2014	2967
Randers	730	Havndal	8970	2015	2948
Randers	730	Havndal	8970	2016	2925
Randers	730	Havndal	8970	2017	2929
Randers	730	Havndal	8970	2018	2924
Randers	730	Havndal	8970	2019	2899
Randers	730	Havndal	8970	2020	2829
Randers	730	Havndal	8970	2021	2821
Randers	730	Havndal	8970	2022	2811
Randers	730	Havndal	8970	2023	2752
Randers	730	Havndal	8970	2024	2685
Randers	730	Havndal	8970	2025	2648
Randers	730	Havndal	8970	2026	2611
Randers	730	Spentrup	8981	2010	4785
Randers	730	Spentrup	8981	2011	4747
Randers	730	Spentrup	8981	2012	4753
Randers	730	Spentrup	8981	2013	4712
Randers	730	Spentrup	8981	2014	4691
Randers	730	Spentrup	8981	2015	4647
Randers	730	Spentrup	8981	2016	4641
Randers	730	Spentrup	8981	2017	4643
Randers	730	Spentrup	8981	2018	4614
Randers	730	Spentrup	8981	2019	4581
Randers	730	Spentrup	8981	2020	4547
Randers	730	Spentrup	8981	2021	4486
Randers	730	Spentrup	8981	2022	4480
Randers	730	Spentrup	8981	2023	4431
Randers	730	Spentrup	8981	2024	4372
Randers	730	Spentrup	8981	2025	4420
Randers	730	Spentrup	8981	2026	4450
Randers	730	Gjerlev J	8983	2010	3406
Randers	730	Gjerlev J	8983	2011	3410
Randers	730	Gjerlev J	8983	2012	3330
Randers	730	Gjerlev J	8983	2013	3290
Randers	730	Gjerlev J	8983	2014	3331
Randers	730	Gjerlev J	8983	2015	3257
Randers	730	Gjerlev J	8983	2016	3228
Randers	730	Gjerlev J	8983	2017	3239
Randers	730	Gjerlev J	8983	2018	3256
Randers	730	Gjerlev J	8983	2019	3192
Randers	730	Gjerlev J	8983	2020	3148
Randers	730	Gjerlev J	8983	2021	3156
Randers	730	Gjerlev J	8983	2022	3141
Randers	730	Gjerlev J	8983	2023	3176
Randers	730	Gjerlev J	8983	2024	3155
Randers	730	Gjerlev J	8983	2025	3148
Randers	730	Gjerlev J	8983	2026	3082
Randers	730	Fårup	8990	2010	2388
Randers	730	Fårup	8990	2011	2418
Randers	730	Fårup	8990	2012	2409
Randers	730	Fårup	8990	2013	2403
Randers	730	Fårup	8990	2014	2374
Randers	730	Fårup	8990	2015	2358
Randers	730	Fårup	8990	2016	2367
Randers	730	Fårup	8990	2017	2349
Randers	730	Fårup	8990	2018	2337
Randers	730	Fårup	8990	2019	2321
Randers	730	Fårup	8990	2020	2267
Randers	730	Fårup	8990	2021	2318
Randers	730	Fårup	8990	2022	2395
Randers	730	Fårup	8990	2023	2401
Randers	730	Fårup	8990	2024	2373
Randers	730	Fårup	8990	2025	2366
Randers	730	Fårup	8990	2026	2324
Randers	730	Mariager	9550	2010	11
Randers	730	Mariager	9550	2011	14
Randers	730	Mariager	9550	2012	9
Randers	730	Mariager	9550	2013	10
Randers	730	Mariager	9550	2014	11
Randers	730	Mariager	9550	2015	10
Randers	730	Mariager	9550	2016	18
Randers	730	Mariager	9550	2017	12
Randers	730	Mariager	9550	2018	10
Randers	730	Mariager	9550	2019	12
Randers	730	Mariager	9550	2020	13
Randers	730	Mariager	9550	2021	11
Randers	730	Mariager	9550	2022	12
Randers	730	Mariager	9550	2023	10
Randers	730	Mariager	9550	2024	10
Randers	730	Mariager	9550	2025	9
Randers	730	Mariager	9550	2026	10
Randers	730	Ukendt	9999	2010	126
Randers	730	Ukendt	9999	2011	119
Randers	730	Ukendt	9999	2012	120
Randers	730	Ukendt	9999	2013	134
Randers	730	Ukendt	9999	2014	189
Randers	730	Ukendt	9999	2015	240
Randers	730	Ukendt	9999	2016	236
Randers	730	Ukendt	9999	2017	324
Randers	730	Ukendt	9999	2018	250
Randers	730	Ukendt	9999	2019	204
Randers	730	Ukendt	9999	2020	192
Randers	730	Ukendt	9999	2021	222
Randers	730	Ukendt	9999	2022	245
Randers	730	Ukendt	9999	2023	306
Randers	730	Ukendt	9999	2024	196
Randers	730	Ukendt	9999	2025	193
Randers	730	Ukendt	9999	2026	169
Silkeborg	740	Hampen	7362	2010	274
Silkeborg	740	Hampen	7362	2011	266
Silkeborg	740	Hampen	7362	2012	268
Silkeborg	740	Hampen	7362	2013	259
Silkeborg	740	Hampen	7362	2014	283
Silkeborg	740	Hampen	7362	2015	266
Silkeborg	740	Hampen	7362	2016	256
Silkeborg	740	Hampen	7362	2017	270
Silkeborg	740	Hampen	7362	2018	251
Silkeborg	740	Hampen	7362	2019	270
Silkeborg	740	Hampen	7362	2020	261
Silkeborg	740	Hampen	7362	2021	247
Silkeborg	740	Hampen	7362	2022	246
Silkeborg	740	Hampen	7362	2023	247
Silkeborg	740	Hampen	7362	2024	240
Silkeborg	740	Hampen	7362	2025	220
Silkeborg	740	Hampen	7362	2026	219
Silkeborg	740	Bording	7441	2010	7
Silkeborg	740	Bording	7441	2011	8
Silkeborg	740	Bording	7441	2012	6
Silkeborg	740	Bording	7441	2013	7
Silkeborg	740	Bording	7441	2014	8
Silkeborg	740	Bording	7441	2015	11
Silkeborg	740	Bording	7441	2016	7
Silkeborg	740	Bording	7441	2017	5
Silkeborg	740	Bording	7441	2018	7
Silkeborg	740	Bording	7441	2019	7
Silkeborg	740	Bording	7441	2020	8
Silkeborg	740	Bording	7441	2021	4
Silkeborg	740	Bording	7441	2022	4
Silkeborg	740	Bording	7441	2023	4
Silkeborg	740	Bording	7441	2024	4
Silkeborg	740	Bording	7441	2025	4
Silkeborg	740	Bording	7441	2026	6
Silkeborg	740	Engesvang	7442	2010	182
Silkeborg	740	Engesvang	7442	2011	180
Silkeborg	740	Engesvang	7442	2012	174
Silkeborg	740	Engesvang	7442	2013	174
Silkeborg	740	Engesvang	7442	2014	175
Silkeborg	740	Engesvang	7442	2015	162
Silkeborg	740	Engesvang	7442	2016	166
Silkeborg	740	Engesvang	7442	2017	166
Silkeborg	740	Engesvang	7442	2018	177
Silkeborg	740	Engesvang	7442	2019	181
Silkeborg	740	Engesvang	7442	2020	183
Silkeborg	740	Engesvang	7442	2021	178
Silkeborg	740	Engesvang	7442	2022	170
Silkeborg	740	Engesvang	7442	2023	155
Silkeborg	740	Engesvang	7442	2024	162
Silkeborg	740	Engesvang	7442	2025	159
Silkeborg	740	Engesvang	7442	2026	156
Silkeborg	740	Karup J	7470	2010	14
Silkeborg	740	Karup J	7470	2011	16
Silkeborg	740	Karup J	7470	2012	17
Silkeborg	740	Karup J	7470	2013	17
Silkeborg	740	Karup J	7470	2014	16
Silkeborg	740	Karup J	7470	2015	15
Silkeborg	740	Karup J	7470	2016	19
Silkeborg	740	Karup J	7470	2017	18
Silkeborg	740	Karup J	7470	2018	24
Silkeborg	740	Karup J	7470	2019	25
Silkeborg	740	Karup J	7470	2020	19
Silkeborg	740	Karup J	7470	2021	16
Silkeborg	740	Karup J	7470	2022	15
Silkeborg	740	Karup J	7470	2023	19
Silkeborg	740	Karup J	7470	2024	15
Silkeborg	740	Karup J	7470	2025	17
Silkeborg	740	Karup J	7470	2026	14
Silkeborg	740	Hammel	8450	2010	31
Silkeborg	740	Hammel	8450	2011	30
Silkeborg	740	Hammel	8450	2012	33
Silkeborg	740	Hammel	8450	2013	33
Silkeborg	740	Hammel	8450	2014	32
Silkeborg	740	Hammel	8450	2015	35
Silkeborg	740	Hammel	8450	2016	31
Silkeborg	740	Hammel	8450	2017	33
Silkeborg	740	Hammel	8450	2018	34
Silkeborg	740	Hammel	8450	2019	36
Silkeborg	740	Hammel	8450	2020	37
Silkeborg	740	Hammel	8450	2021	36
Silkeborg	740	Hammel	8450	2022	35
Silkeborg	740	Hammel	8450	2023	34
Silkeborg	740	Hammel	8450	2024	33
Silkeborg	740	Hammel	8450	2025	29
Silkeborg	740	Hammel	8450	2026	29
Silkeborg	740	Sporup	8472	2010	204
Silkeborg	740	Sporup	8472	2011	199
Silkeborg	740	Sporup	8472	2012	196
Silkeborg	740	Sporup	8472	2013	185
Silkeborg	740	Sporup	8472	2014	192
Silkeborg	740	Sporup	8472	2015	193
Silkeborg	740	Sporup	8472	2016	197
Silkeborg	740	Sporup	8472	2017	194
Silkeborg	740	Sporup	8472	2018	192
Silkeborg	740	Sporup	8472	2019	203
Silkeborg	740	Sporup	8472	2020	199
Silkeborg	740	Sporup	8472	2021	188
Silkeborg	740	Sporup	8472	2022	191
Silkeborg	740	Sporup	8472	2023	189
Silkeborg	740	Sporup	8472	2024	180
Silkeborg	740	Sporup	8472	2025	176
Silkeborg	740	Sporup	8472	2026	187
Silkeborg	740	Silkeborg	8600	2010	59829
Silkeborg	740	Silkeborg	8600	2011	60132
Silkeborg	740	Silkeborg	8600	2012	60458
Silkeborg	740	Silkeborg	8600	2013	60530
Silkeborg	740	Silkeborg	8600	2014	60798
Silkeborg	740	Silkeborg	8600	2015	61212
Silkeborg	740	Silkeborg	8600	2016	61756
Silkeborg	740	Silkeborg	8600	2017	62269
Silkeborg	740	Silkeborg	8600	2018	63199
Silkeborg	740	Silkeborg	8600	2019	64424
Silkeborg	740	Silkeborg	8600	2020	65336
Silkeborg	740	Silkeborg	8600	2021	67065
Silkeborg	740	Silkeborg	8600	2022	68922
Silkeborg	740	Silkeborg	8600	2023	70572
Silkeborg	740	Silkeborg	8600	2024	71834
Silkeborg	740	Silkeborg	8600	2025	72759
Silkeborg	740	Silkeborg	8600	2026	73792
Silkeborg	740	Kjellerup	8620	2010	11823
Silkeborg	740	Kjellerup	8620	2011	11856
Silkeborg	740	Kjellerup	8620	2012	11791
Silkeborg	740	Kjellerup	8620	2013	11759
Silkeborg	740	Kjellerup	8620	2014	11754
Silkeborg	740	Kjellerup	8620	2015	11747
Silkeborg	740	Kjellerup	8620	2016	11759
Silkeborg	740	Kjellerup	8620	2017	11883
Silkeborg	740	Kjellerup	8620	2018	11773
Silkeborg	740	Kjellerup	8620	2019	11730
Silkeborg	740	Kjellerup	8620	2020	11664
Silkeborg	740	Kjellerup	8620	2021	11518
Silkeborg	740	Kjellerup	8620	2022	11450
Silkeborg	740	Kjellerup	8620	2023	11674
Silkeborg	740	Kjellerup	8620	2024	11643
Silkeborg	740	Kjellerup	8620	2025	11614
Silkeborg	740	Kjellerup	8620	2026	11601
Silkeborg	740	Lemming	8632	2010	1127
Silkeborg	740	Lemming	8632	2011	1128
Silkeborg	740	Lemming	8632	2012	1154
Silkeborg	740	Lemming	8632	2013	1154
Silkeborg	740	Lemming	8632	2014	1158
Silkeborg	740	Lemming	8632	2015	1131
Silkeborg	740	Lemming	8632	2016	1140
Silkeborg	740	Lemming	8632	2017	1139
Silkeborg	740	Lemming	8632	2018	1141
Silkeborg	740	Lemming	8632	2019	1114
Silkeborg	740	Lemming	8632	2020	1113
Silkeborg	740	Lemming	8632	2021	1121
Silkeborg	740	Lemming	8632	2022	1104
Silkeborg	740	Lemming	8632	2023	1085
Silkeborg	740	Lemming	8632	2024	1085
Silkeborg	740	Lemming	8632	2025	1068
Silkeborg	740	Lemming	8632	2026	1094
Silkeborg	740	Sorring	8641	2010	1525
Silkeborg	740	Sorring	8641	2011	1553
Silkeborg	740	Sorring	8641	2012	1579
Silkeborg	740	Sorring	8641	2013	1581
Silkeborg	740	Sorring	8641	2014	1581
Silkeborg	740	Sorring	8641	2015	1581
Silkeborg	740	Sorring	8641	2016	1603
Silkeborg	740	Sorring	8641	2017	1566
Silkeborg	740	Sorring	8641	2018	1585
Silkeborg	740	Sorring	8641	2019	1576
Silkeborg	740	Sorring	8641	2020	1582
Silkeborg	740	Sorring	8641	2021	1596
Silkeborg	740	Sorring	8641	2022	1578
Silkeborg	740	Sorring	8641	2023	1562
Silkeborg	740	Sorring	8641	2024	1595
Silkeborg	740	Sorring	8641	2025	1595
Silkeborg	740	Sorring	8641	2026	1619
Silkeborg	740	Ans By	8643	2010	2703
Silkeborg	740	Ans By	8643	2011	2713
Silkeborg	740	Ans By	8643	2012	2787
Silkeborg	740	Ans By	8643	2013	2791
Silkeborg	740	Ans By	8643	2014	2824
Silkeborg	740	Ans By	8643	2015	2863
Silkeborg	740	Ans By	8643	2016	2874
Silkeborg	740	Ans By	8643	2017	2863
Silkeborg	740	Ans By	8643	2018	2853
Silkeborg	740	Ans By	8643	2019	2827
Silkeborg	740	Ans By	8643	2020	2848
Silkeborg	740	Ans By	8643	2021	2790
Silkeborg	740	Ans By	8643	2022	2851
Silkeborg	740	Ans By	8643	2023	2864
Silkeborg	740	Ans By	8643	2024	2834
Silkeborg	740	Ans By	8643	2025	2810
Silkeborg	740	Ans By	8643	2026	2814
Silkeborg	740	Them	8653	2010	3890
Silkeborg	740	Them	8653	2011	3931
Silkeborg	740	Them	8653	2012	3931
Silkeborg	740	Them	8653	2013	3910
Silkeborg	740	Them	8653	2014	3890
Silkeborg	740	Them	8653	2015	3855
Silkeborg	740	Them	8653	2016	3872
Silkeborg	740	Them	8653	2017	3847
Silkeborg	740	Them	8653	2018	3843
Silkeborg	740	Them	8653	2019	3879
Silkeborg	740	Them	8653	2020	3933
Silkeborg	740	Them	8653	2021	3931
Silkeborg	740	Them	8653	2022	3995
Silkeborg	740	Them	8653	2023	4038
Silkeborg	740	Them	8653	2024	4058
Silkeborg	740	Them	8653	2025	4131
Silkeborg	740	Them	8653	2026	4140
Silkeborg	740	Bryrup	8654	2010	2474
Silkeborg	740	Bryrup	8654	2011	2484
Silkeborg	740	Bryrup	8654	2012	2516
Silkeborg	740	Bryrup	8654	2013	2495
Silkeborg	740	Bryrup	8654	2014	2436
Silkeborg	740	Bryrup	8654	2015	2393
Silkeborg	740	Bryrup	8654	2016	2409
Silkeborg	740	Bryrup	8654	2017	2396
Silkeborg	740	Bryrup	8654	2018	2369
Silkeborg	740	Bryrup	8654	2019	2348
Silkeborg	740	Bryrup	8654	2020	2374
Silkeborg	740	Bryrup	8654	2021	2379
Silkeborg	740	Bryrup	8654	2022	2374
Silkeborg	740	Bryrup	8654	2023	2441
Silkeborg	740	Bryrup	8654	2024	2508
Silkeborg	740	Bryrup	8654	2025	2462
Silkeborg	740	Bryrup	8654	2026	2493
Silkeborg	740	Ry	8680	2010	14
Silkeborg	740	Ry	8680	2011	11
Silkeborg	740	Ry	8680	2012	16
Silkeborg	740	Ry	8680	2013	15
Silkeborg	740	Ry	8680	2014	21
Silkeborg	740	Ry	8680	2015	16
Silkeborg	740	Ry	8680	2016	22
Silkeborg	740	Ry	8680	2017	22
Silkeborg	740	Ry	8680	2018	20
Silkeborg	740	Ry	8680	2019	24
Silkeborg	740	Ry	8680	2020	24
Silkeborg	740	Ry	8680	2021	25
Silkeborg	740	Ry	8680	2022	22
Silkeborg	740	Ry	8680	2023	14
Silkeborg	740	Ry	8680	2024	11
Silkeborg	740	Ry	8680	2025	12
Silkeborg	740	Ry	8680	2026	12
Silkeborg	740	Brædstrup	8740	2010	51
Silkeborg	740	Brædstrup	8740	2011	52
Silkeborg	740	Brædstrup	8740	2012	55
Silkeborg	740	Brædstrup	8740	2013	52
Silkeborg	740	Brædstrup	8740	2014	39
Silkeborg	740	Brædstrup	8740	2015	44
Silkeborg	740	Brædstrup	8740	2016	40
Silkeborg	740	Brædstrup	8740	2017	36
Silkeborg	740	Brædstrup	8740	2018	40
Silkeborg	740	Brædstrup	8740	2019	37
Silkeborg	740	Brædstrup	8740	2020	34
Silkeborg	740	Brædstrup	8740	2021	32
Silkeborg	740	Brædstrup	8740	2022	33
Silkeborg	740	Brædstrup	8740	2023	40
Silkeborg	740	Brædstrup	8740	2024	40
Silkeborg	740	Brædstrup	8740	2025	35
Silkeborg	740	Brædstrup	8740	2026	36
Silkeborg	740	Viborg	8800	2010	16
Silkeborg	740	Viborg	8800	2011	15
Silkeborg	740	Viborg	8800	2012	14
Silkeborg	740	Viborg	8800	2013	15
Silkeborg	740	Viborg	8800	2014	17
Silkeborg	740	Viborg	8800	2015	14
Silkeborg	740	Viborg	8800	2016	14
Silkeborg	740	Viborg	8800	2017	12
Silkeborg	740	Viborg	8800	2018	13
Silkeborg	740	Viborg	8800	2019	12
Silkeborg	740	Viborg	8800	2020	12
Silkeborg	740	Viborg	8800	2021	13
Silkeborg	740	Viborg	8800	2022	12
Silkeborg	740	Viborg	8800	2023	11
Silkeborg	740	Viborg	8800	2024	12
Silkeborg	740	Viborg	8800	2025	14
Silkeborg	740	Viborg	8800	2026	14
Silkeborg	740	Rødkærsbro	8840	2010	91
Silkeborg	740	Rødkærsbro	8840	2011	89
Silkeborg	740	Rødkærsbro	8840	2012	88
Silkeborg	740	Rødkærsbro	8840	2013	98
Silkeborg	740	Rødkærsbro	8840	2014	89
Silkeborg	740	Rødkærsbro	8840	2015	92
Silkeborg	740	Rødkærsbro	8840	2016	82
Silkeborg	740	Rødkærsbro	8840	2017	84
Silkeborg	740	Rødkærsbro	8840	2018	74
Silkeborg	740	Rødkærsbro	8840	2019	83
Silkeborg	740	Rødkærsbro	8840	2020	77
Silkeborg	740	Rødkærsbro	8840	2021	80
Silkeborg	740	Rødkærsbro	8840	2022	73
Silkeborg	740	Rødkærsbro	8840	2023	75
Silkeborg	740	Rødkærsbro	8840	2024	75
Silkeborg	740	Rødkærsbro	8840	2025	70
Silkeborg	740	Rødkærsbro	8840	2026	73
Silkeborg	740	Thorsø	8881	2010	2
Silkeborg	740	Thorsø	8881	2011	0
Silkeborg	740	Thorsø	8881	2012	3
Silkeborg	740	Thorsø	8881	2013	3
Silkeborg	740	Thorsø	8881	2014	3
Silkeborg	740	Thorsø	8881	2015	3
Silkeborg	740	Thorsø	8881	2016	3
Silkeborg	740	Thorsø	8881	2017	3
Silkeborg	740	Thorsø	8881	2018	2
Silkeborg	740	Thorsø	8881	2019	2
Silkeborg	740	Thorsø	8881	2020	2
Silkeborg	740	Thorsø	8881	2021	2
Silkeborg	740	Thorsø	8881	2022	3
Silkeborg	740	Thorsø	8881	2023	3
Silkeborg	740	Thorsø	8881	2024	3
Silkeborg	740	Thorsø	8881	2025	3
Silkeborg	740	Thorsø	8881	2026	3
Silkeborg	740	Fårvang	8882	2010	2119
Silkeborg	740	Fårvang	8882	2011	2129
Silkeborg	740	Fårvang	8882	2012	2131
Silkeborg	740	Fårvang	8882	2013	2112
Silkeborg	740	Fårvang	8882	2014	2147
Silkeborg	740	Fårvang	8882	2015	2187
Silkeborg	740	Fårvang	8882	2016	2219
Silkeborg	740	Fårvang	8882	2017	2246
Silkeborg	740	Fårvang	8882	2018	2218
Silkeborg	740	Fårvang	8882	2019	2164
Silkeborg	740	Fårvang	8882	2020	2216
Silkeborg	740	Fårvang	8882	2021	2200
Silkeborg	740	Fårvang	8882	2022	2196
Silkeborg	740	Fårvang	8882	2023	2245
Silkeborg	740	Fårvang	8882	2024	2267
Silkeborg	740	Fårvang	8882	2025	2238
Silkeborg	740	Fårvang	8882	2026	2287
Silkeborg	740	Gjern	8883	2010	2022
Silkeborg	740	Gjern	8883	2011	2008
Silkeborg	740	Gjern	8883	2012	2025
Silkeborg	740	Gjern	8883	2013	2035
Silkeborg	740	Gjern	8883	2014	2048
Silkeborg	740	Gjern	8883	2015	2049
Silkeborg	740	Gjern	8883	2016	2073
Silkeborg	740	Gjern	8883	2017	2049
Silkeborg	740	Gjern	8883	2018	2073
Silkeborg	740	Gjern	8883	2019	2075
Silkeborg	740	Gjern	8883	2020	2071
Silkeborg	740	Gjern	8883	2021	2043
Silkeborg	740	Gjern	8883	2022	2032
Silkeborg	740	Gjern	8883	2023	2087
Silkeborg	740	Gjern	8883	2024	2109
Silkeborg	740	Gjern	8883	2025	2101
Silkeborg	740	Gjern	8883	2026	2126
Silkeborg	740	Ukendt	9999	2010	83
Silkeborg	740	Ukendt	9999	2011	113
Silkeborg	740	Ukendt	9999	2012	86
Silkeborg	740	Ukendt	9999	2013	121
Silkeborg	740	Ukendt	9999	2014	122
Silkeborg	740	Ukendt	9999	2015	147
Silkeborg	740	Ukendt	9999	2016	177
Silkeborg	740	Ukendt	9999	2017	136
Silkeborg	740	Ukendt	9999	2018	136
Silkeborg	740	Ukendt	9999	2019	37
Silkeborg	740	Ukendt	9999	2020	33
Silkeborg	740	Ukendt	9999	2021	24
Silkeborg	740	Ukendt	9999	2022	52
Silkeborg	740	Ukendt	9999	2023	41
Silkeborg	740	Ukendt	9999	2024	39
Silkeborg	740	Ukendt	9999	2025	57
Silkeborg	740	Ukendt	9999	2026	38
Samsø	741	Samsø	8305	2010	4006
Samsø	741	Samsø	8305	2011	3882
Samsø	741	Samsø	8305	2012	3885
Samsø	741	Samsø	8305	2013	3802
Samsø	741	Samsø	8305	2014	3764
Samsø	741	Samsø	8305	2015	3730
Samsø	741	Samsø	8305	2016	3708
Samsø	741	Samsø	8305	2017	3722
Samsø	741	Samsø	8305	2018	3719
Samsø	741	Samsø	8305	2019	3684
Samsø	741	Samsø	8305	2020	3657
Samsø	741	Samsø	8305	2021	3682
Samsø	741	Samsø	8305	2022	3716
Samsø	741	Samsø	8305	2023	3775
Samsø	741	Samsø	8305	2024	3694
Samsø	741	Samsø	8305	2025	3656
Samsø	741	Samsø	8305	2026	3617
Samsø	741	Ukendt	9999	2010	4
Samsø	741	Ukendt	9999	2011	3
Samsø	741	Ukendt	9999	2012	4
Samsø	741	Ukendt	9999	2013	4
Samsø	741	Ukendt	9999	2014	3
Samsø	741	Ukendt	9999	2015	3
Samsø	741	Ukendt	9999	2016	2
Samsø	741	Ukendt	9999	2017	2
Samsø	741	Ukendt	9999	2018	1
Samsø	741	Ukendt	9999	2019	0
Samsø	741	Ukendt	9999	2020	0
Samsø	741	Ukendt	9999	2021	0
Samsø	741	Ukendt	9999	2022	0
Samsø	741	Ukendt	9999	2023	0
Samsø	741	Ukendt	9999	2024	0
Samsø	741	Ukendt	9999	2025	0
Samsø	741	Ukendt	9999	2026	0
Skanderborg	746	Hørning	8362	2010	7865
Skanderborg	746	Hørning	8362	2011	8077
Skanderborg	746	Hørning	8362	2012	8158
Skanderborg	746	Hørning	8362	2013	8179
Skanderborg	746	Hørning	8362	2014	8154
Skanderborg	746	Hørning	8362	2015	8315
Skanderborg	746	Hørning	8362	2016	8484
Skanderborg	746	Hørning	8362	2017	8800
Skanderborg	746	Hørning	8362	2018	9103
Skanderborg	746	Hørning	8362	2019	9203
Skanderborg	746	Hørning	8362	2020	9237
Skanderborg	746	Hørning	8362	2021	9266
Skanderborg	746	Hørning	8362	2022	9380
Skanderborg	746	Hørning	8362	2023	9450
Skanderborg	746	Hørning	8362	2024	9438
Skanderborg	746	Hørning	8362	2025	9518
Skanderborg	746	Hørning	8362	2026	9531
Skanderborg	746	Galten	8464	2010	11617
Skanderborg	746	Galten	8464	2011	11643
Skanderborg	746	Galten	8464	2012	11660
Skanderborg	746	Galten	8464	2013	11583
Skanderborg	746	Galten	8464	2014	11616
Skanderborg	746	Galten	8464	2015	11747
Skanderborg	746	Galten	8464	2016	11846
Skanderborg	746	Galten	8464	2017	12116
Skanderborg	746	Galten	8464	2018	12334
Skanderborg	746	Galten	8464	2019	12566
Skanderborg	746	Galten	8464	2020	12797
Skanderborg	746	Galten	8464	2021	13060
Skanderborg	746	Galten	8464	2022	13146
Skanderborg	746	Galten	8464	2023	13284
Skanderborg	746	Galten	8464	2024	13279
Skanderborg	746	Galten	8464	2025	13412
Skanderborg	746	Galten	8464	2026	13523
Skanderborg	746	Sabro	8471	2010	30
Skanderborg	746	Sabro	8471	2011	30
Skanderborg	746	Sabro	8471	2012	29
Skanderborg	746	Sabro	8471	2013	30
Skanderborg	746	Sabro	8471	2014	29
Skanderborg	746	Sabro	8471	2015	30
Skanderborg	746	Sabro	8471	2016	26
Skanderborg	746	Sabro	8471	2017	26
Skanderborg	746	Sabro	8471	2018	27
Skanderborg	746	Sabro	8471	2019	28
Skanderborg	746	Sabro	8471	2020	28
Skanderborg	746	Sabro	8471	2021	29
Skanderborg	746	Sabro	8471	2022	32
Skanderborg	746	Sabro	8471	2023	31
Skanderborg	746	Sabro	8471	2024	33
Skanderborg	746	Sabro	8471	2025	33
Skanderborg	746	Sabro	8471	2026	29
Skanderborg	746	Sporup	8472	2010	2
Skanderborg	746	Sporup	8472	2011	2
Skanderborg	746	Sporup	8472	2012	2
Skanderborg	746	Sporup	8472	2013	1
Skanderborg	746	Sporup	8472	2014	1
Skanderborg	746	Sporup	8472	2015	1
Skanderborg	746	Sporup	8472	2016	1
Skanderborg	746	Sporup	8472	2017	1
Skanderborg	746	Sporup	8472	2018	1
Skanderborg	746	Sporup	8472	2019	0
Skanderborg	746	Sporup	8472	2020	2
Skanderborg	746	Sporup	8472	2021	2
Skanderborg	746	Sporup	8472	2022	2
Skanderborg	746	Sporup	8472	2023	2
Skanderborg	746	Sporup	8472	2024	2
Skanderborg	746	Sporup	8472	2025	2
Skanderborg	746	Sporup	8472	2026	2
Skanderborg	746	Silkeborg	8600	2010	11
Skanderborg	746	Silkeborg	8600	2011	14
Skanderborg	746	Silkeborg	8600	2012	12
Skanderborg	746	Silkeborg	8600	2013	12
Skanderborg	746	Silkeborg	8600	2014	15
Skanderborg	746	Silkeborg	8600	2015	18
Skanderborg	746	Silkeborg	8600	2016	15
Skanderborg	746	Silkeborg	8600	2017	19
Skanderborg	746	Silkeborg	8600	2018	18
Skanderborg	746	Silkeborg	8600	2019	16
Skanderborg	746	Silkeborg	8600	2020	14
Skanderborg	746	Silkeborg	8600	2021	15
Skanderborg	746	Silkeborg	8600	2022	15
Skanderborg	746	Silkeborg	8600	2023	18
Skanderborg	746	Silkeborg	8600	2024	16
Skanderborg	746	Silkeborg	8600	2025	14
Skanderborg	746	Silkeborg	8600	2026	13
Skanderborg	746	Skanderborg	8660	2010	26749
Skanderborg	746	Skanderborg	8660	2011	26876
Skanderborg	746	Skanderborg	8660	2012	26974
Skanderborg	746	Skanderborg	8660	2013	26998
Skanderborg	746	Skanderborg	8660	2014	27010
Skanderborg	746	Skanderborg	8660	2015	27214
Skanderborg	746	Skanderborg	8660	2016	27280
Skanderborg	746	Skanderborg	8660	2017	27453
Skanderborg	746	Skanderborg	8660	2018	27481
Skanderborg	746	Skanderborg	8660	2019	27745
Skanderborg	746	Skanderborg	8660	2020	28114
Skanderborg	746	Skanderborg	8660	2021	28254
Skanderborg	746	Skanderborg	8660	2022	28692
Skanderborg	746	Skanderborg	8660	2023	28914
Skanderborg	746	Skanderborg	8660	2024	28933
Skanderborg	746	Skanderborg	8660	2025	29219
Skanderborg	746	Skanderborg	8660	2026	29393
Skanderborg	746	Låsby	8670	2010	2361
Skanderborg	746	Låsby	8670	2011	2375
Skanderborg	746	Låsby	8670	2012	2377
Skanderborg	746	Låsby	8670	2013	2391
Skanderborg	746	Låsby	8670	2014	2392
Skanderborg	746	Låsby	8670	2015	2422
Skanderborg	746	Låsby	8670	2016	2451
Skanderborg	746	Låsby	8670	2017	2481
Skanderborg	746	Låsby	8670	2018	2494
Skanderborg	746	Låsby	8670	2019	2494
Skanderborg	746	Låsby	8670	2020	2495
Skanderborg	746	Låsby	8670	2021	2500
Skanderborg	746	Låsby	8670	2022	2483
Skanderborg	746	Låsby	8670	2023	2498
Skanderborg	746	Låsby	8670	2024	2521
Skanderborg	746	Låsby	8670	2025	2552
Skanderborg	746	Låsby	8670	2026	2562
Skanderborg	746	Ry	8680	2010	8635
Skanderborg	746	Ry	8680	2011	8667
Skanderborg	746	Ry	8680	2012	8765
Skanderborg	746	Ry	8680	2013	8866
Skanderborg	746	Ry	8680	2014	8920
Skanderborg	746	Ry	8680	2015	9008
Skanderborg	746	Ry	8680	2016	9349
Skanderborg	746	Ry	8680	2017	9473
Skanderborg	746	Ry	8680	2018	9676
Skanderborg	746	Ry	8680	2019	9887
Skanderborg	746	Ry	8680	2020	9960
Skanderborg	746	Ry	8680	2021	10232
Skanderborg	746	Ry	8680	2022	10537
Skanderborg	746	Ry	8680	2023	10909
Skanderborg	746	Ry	8680	2024	10966
Skanderborg	746	Ry	8680	2025	10993
Skanderborg	746	Ry	8680	2026	11275
Skanderborg	746	Gedved	8751	2010	1
Skanderborg	746	Gedved	8751	2011	1
Skanderborg	746	Gedved	8751	2012	1
Skanderborg	746	Gedved	8751	2013	1
Skanderborg	746	Gedved	8751	2014	2
Skanderborg	746	Gedved	8751	2015	3
Skanderborg	746	Gedved	8751	2016	3
Skanderborg	746	Gedved	8751	2017	3
Skanderborg	746	Gedved	8751	2018	3
Skanderborg	746	Gedved	8751	2019	4
Skanderborg	746	Gedved	8751	2020	3
Skanderborg	746	Gedved	8751	2021	3
Skanderborg	746	Gedved	8751	2022	3
Skanderborg	746	Gedved	8751	2023	3
Skanderborg	746	Gedved	8751	2024	0
Skanderborg	746	Gedved	8751	2025	1
Skanderborg	746	Gedved	8751	2026	1
Skanderborg	746	Ukendt	9999	2010	32
Skanderborg	746	Ukendt	9999	2011	32
Skanderborg	746	Ukendt	9999	2012	30
Skanderborg	746	Ukendt	9999	2013	33
Skanderborg	746	Ukendt	9999	2014	37
Skanderborg	746	Ukendt	9999	2015	24
Skanderborg	746	Ukendt	9999	2016	26
Skanderborg	746	Ukendt	9999	2017	29
Skanderborg	746	Ukendt	9999	2018	21
Skanderborg	746	Ukendt	9999	2019	31
Skanderborg	746	Ukendt	9999	2020	28
Skanderborg	746	Ukendt	9999	2021	29
Skanderborg	746	Ukendt	9999	2022	28
Skanderborg	746	Ukendt	9999	2023	29
Skanderborg	746	Ukendt	9999	2024	17
Skanderborg	746	Ukendt	9999	2025	16
Skanderborg	746	Ukendt	9999	2026	23
Århus	751	Aarhus C	8000	2010	57849
Århus	751	Aarhus C	8000	2011	58695
Århus	751	Aarhus C	8000	2012	59645
Århus	751	Aarhus C	8000	2013	61528
Århus	751	Aarhus C	8000	2014	62882
Århus	751	Aarhus C	8000	2015	64322
Århus	751	Aarhus C	8000	2016	66199
Århus	751	Aarhus C	8000	2017	68325
Århus	751	Aarhus C	8000	2018	70348
Århus	751	Aarhus C	8000	2019	72294
Århus	751	Aarhus C	8000	2020	73988
Århus	751	Aarhus C	8000	2021	74222
Århus	751	Aarhus C	8000	2022	74450
Århus	751	Aarhus C	8000	2023	76714
Århus	751	Aarhus C	8000	2024	79129
Århus	751	Aarhus C	8000	2025	80224
Århus	751	Aarhus C	8000	2026	81105
Århus	751	Aarhus N	8200	2010	28773
Århus	751	Aarhus N	8200	2011	29145
Århus	751	Aarhus N	8200	2012	29394
Århus	751	Aarhus N	8200	2013	29705
Århus	751	Aarhus N	8200	2014	30204
Århus	751	Aarhus N	8200	2015	30586
Århus	751	Aarhus N	8200	2016	30910
Århus	751	Aarhus N	8200	2017	31361
Århus	751	Aarhus N	8200	2018	31485
Århus	751	Aarhus N	8200	2019	32125
Århus	751	Aarhus N	8200	2020	32543
Århus	751	Aarhus N	8200	2021	32978
Århus	751	Aarhus N	8200	2022	32852
Århus	751	Aarhus N	8200	2023	34317
Århus	751	Aarhus N	8200	2024	35629
Århus	751	Aarhus N	8200	2025	37415
Århus	751	Aarhus N	8200	2026	38501
Århus	751	Aarhus V	8210	2010	25155
Århus	751	Aarhus V	8210	2011	25437
Århus	751	Aarhus V	8210	2012	25374
Århus	751	Aarhus V	8210	2013	25421
Århus	751	Aarhus V	8210	2014	25593
Århus	751	Aarhus V	8210	2015	25597
Århus	751	Aarhus V	8210	2016	25756
Århus	751	Aarhus V	8210	2017	26077
Århus	751	Aarhus V	8210	2018	26098
Århus	751	Aarhus V	8210	2019	26167
Århus	751	Aarhus V	8210	2020	25891
Århus	751	Aarhus V	8210	2021	25533
Århus	751	Aarhus V	8210	2022	25186
Århus	751	Aarhus V	8210	2023	25305
Århus	751	Aarhus V	8210	2024	25165
Århus	751	Aarhus V	8210	2025	25231
Århus	751	Aarhus V	8210	2026	25471
Århus	751	Brabrand	8220	2010	20639
Århus	751	Brabrand	8220	2011	20966
Århus	751	Brabrand	8220	2012	21249
Århus	751	Brabrand	8220	2013	21228
Århus	751	Brabrand	8220	2014	21057
Århus	751	Brabrand	8220	2015	20745
Århus	751	Brabrand	8220	2016	20467
Århus	751	Brabrand	8220	2017	20201
Århus	751	Brabrand	8220	2018	19843
Århus	751	Brabrand	8220	2019	19385
Århus	751	Brabrand	8220	2020	19664
Århus	751	Brabrand	8220	2021	20086
Århus	751	Brabrand	8220	2022	20156
Århus	751	Brabrand	8220	2023	20218
Århus	751	Brabrand	8220	2024	19808
Århus	751	Brabrand	8220	2025	19885
Århus	751	Brabrand	8220	2026	20061
Århus	751	Åbyhøj	8230	2010	10698
Århus	751	Åbyhøj	8230	2011	10792
Århus	751	Åbyhøj	8230	2012	10882
Århus	751	Åbyhøj	8230	2013	10994
Århus	751	Åbyhøj	8230	2014	11026
Århus	751	Åbyhøj	8230	2015	11039
Århus	751	Åbyhøj	8230	2016	11106
Århus	751	Åbyhøj	8230	2017	11202
Århus	751	Åbyhøj	8230	2018	11606
Århus	751	Åbyhøj	8230	2019	12183
Århus	751	Åbyhøj	8230	2020	12321
Århus	751	Åbyhøj	8230	2021	12755
Århus	751	Åbyhøj	8230	2022	13025
Århus	751	Åbyhøj	8230	2023	13342
Århus	751	Åbyhøj	8230	2024	13285
Århus	751	Åbyhøj	8230	2025	13491
Århus	751	Åbyhøj	8230	2026	13851
Århus	751	Risskov	8240	2010	24382
Århus	751	Risskov	8240	2011	24464
Århus	751	Risskov	8240	2012	24510
Århus	751	Risskov	8240	2013	24661
Århus	751	Risskov	8240	2014	24898
Århus	751	Risskov	8240	2015	25010
Århus	751	Risskov	8240	2016	25044
Århus	751	Risskov	8240	2017	25126
Århus	751	Risskov	8240	2018	26024
Århus	751	Risskov	8240	2019	26614
Århus	751	Risskov	8240	2020	27425
Århus	751	Risskov	8240	2021	28908
Århus	751	Risskov	8240	2022	30907
Århus	751	Risskov	8240	2023	32290
Århus	751	Risskov	8240	2024	33851
Århus	751	Risskov	8240	2025	35695
Århus	751	Risskov	8240	2026	36614
Århus	751	Egå	8250	2010	9392
Århus	751	Egå	8250	2011	9378
Århus	751	Egå	8250	2012	9483
Århus	751	Egå	8250	2013	9511
Århus	751	Egå	8250	2014	9629
Århus	751	Egå	8250	2015	9590
Århus	751	Egå	8250	2016	9693
Århus	751	Egå	8250	2017	9991
Århus	751	Egå	8250	2018	10173
Århus	751	Egå	8250	2019	10393
Århus	751	Egå	8250	2020	10483
Århus	751	Egå	8250	2021	10848
Århus	751	Egå	8250	2022	11100
Århus	751	Egå	8250	2023	11235
Århus	751	Egå	8250	2024	11360
Århus	751	Egå	8250	2025	11465
Århus	751	Egå	8250	2026	11688
Århus	751	Viby J	8260	2010	26061
Århus	751	Viby J	8260	2011	26489
Århus	751	Viby J	8260	2012	26996
Århus	751	Viby J	8260	2013	27519
Århus	751	Viby J	8260	2014	28047
Århus	751	Viby J	8260	2015	28216
Århus	751	Viby J	8260	2016	28469
Århus	751	Viby J	8260	2017	28709
Århus	751	Viby J	8260	2018	29474
Århus	751	Viby J	8260	2019	29699
Århus	751	Viby J	8260	2020	29641
Århus	751	Viby J	8260	2021	29340
Århus	751	Viby J	8260	2022	29021
Århus	751	Viby J	8260	2023	29015
Århus	751	Viby J	8260	2024	29081
Århus	751	Viby J	8260	2025	29358
Århus	751	Viby J	8260	2026	29500
Århus	751	Højbjerg	8270	2010	21874
Århus	751	Højbjerg	8270	2011	22035
Århus	751	Højbjerg	8270	2012	22118
Århus	751	Højbjerg	8270	2013	22380
Århus	751	Højbjerg	8270	2014	22565
Århus	751	Højbjerg	8270	2015	22716
Århus	751	Højbjerg	8270	2016	22862
Århus	751	Højbjerg	8270	2017	22894
Århus	751	Højbjerg	8270	2018	22725
Århus	751	Højbjerg	8270	2019	22671
Århus	751	Højbjerg	8270	2020	22569
Århus	751	Højbjerg	8270	2021	22364
Århus	751	Højbjerg	8270	2022	22320
Århus	751	Højbjerg	8270	2023	22420
Århus	751	Højbjerg	8270	2024	22318
Århus	751	Højbjerg	8270	2025	22249
Århus	751	Højbjerg	8270	2026	22421
Århus	751	Odder	8300	2010	158
Århus	751	Odder	8300	2011	161
Århus	751	Odder	8300	2012	156
Århus	751	Odder	8300	2013	155
Århus	751	Odder	8300	2014	158
Århus	751	Odder	8300	2015	156
Århus	751	Odder	8300	2016	155
Århus	751	Odder	8300	2017	149
Århus	751	Odder	8300	2018	145
Århus	751	Odder	8300	2019	140
Århus	751	Odder	8300	2020	142
Århus	751	Odder	8300	2021	144
Århus	751	Odder	8300	2022	140
Århus	751	Odder	8300	2023	143
Århus	751	Odder	8300	2024	137
Århus	751	Odder	8300	2025	130
Århus	751	Odder	8300	2026	134
Århus	751	Tranbjerg J	8310	2010	8012
Århus	751	Tranbjerg J	8310	2011	8191
Århus	751	Tranbjerg J	8310	2012	8231
Århus	751	Tranbjerg J	8310	2013	8382
Århus	751	Tranbjerg J	8310	2014	8485
Århus	751	Tranbjerg J	8310	2015	8523
Århus	751	Tranbjerg J	8310	2016	8603
Århus	751	Tranbjerg J	8310	2017	8554
Århus	751	Tranbjerg J	8310	2018	8734
Århus	751	Tranbjerg J	8310	2019	8997
Århus	751	Tranbjerg J	8310	2020	9192
Århus	751	Tranbjerg J	8310	2021	9181
Århus	751	Tranbjerg J	8310	2022	9084
Århus	751	Tranbjerg J	8310	2023	8969
Århus	751	Tranbjerg J	8310	2024	9035
Århus	751	Tranbjerg J	8310	2025	9047
Århus	751	Tranbjerg J	8310	2026	9101
Århus	751	Mårslet	8320	2010	5124
Århus	751	Mårslet	8320	2011	5218
Århus	751	Mårslet	8320	2012	5297
Århus	751	Mårslet	8320	2013	5499
Århus	751	Mårslet	8320	2014	5547
Århus	751	Mårslet	8320	2015	5650
Århus	751	Mårslet	8320	2016	5839
Århus	751	Mårslet	8320	2017	6094
Århus	751	Mårslet	8320	2018	6277
Århus	751	Mårslet	8320	2019	6328
Århus	751	Mårslet	8320	2020	6377
Århus	751	Mårslet	8320	2021	6389
Århus	751	Mårslet	8320	2022	6374
Århus	751	Mårslet	8320	2023	6471
Århus	751	Mårslet	8320	2024	6442
Århus	751	Mårslet	8320	2025	6447
Århus	751	Mårslet	8320	2026	6482
Århus	751	Beder	8330	2010	4836
Århus	751	Beder	8330	2011	4870
Århus	751	Beder	8330	2012	4873
Århus	751	Beder	8330	2013	4832
Århus	751	Beder	8330	2014	4792
Århus	751	Beder	8330	2015	4852
Århus	751	Beder	8330	2016	4854
Århus	751	Beder	8330	2017	4873
Århus	751	Beder	8330	2018	4845
Århus	751	Beder	8330	2019	4902
Århus	751	Beder	8330	2020	4888
Århus	751	Beder	8330	2021	4868
Århus	751	Beder	8330	2022	4850
Århus	751	Beder	8330	2023	4808
Århus	751	Beder	8330	2024	4804
Århus	751	Beder	8330	2025	4805
Århus	751	Beder	8330	2026	4821
Århus	751	Malling	8340	2010	4550
Århus	751	Malling	8340	2011	4641
Århus	751	Malling	8340	2012	4785
Århus	751	Malling	8340	2013	4863
Århus	751	Malling	8340	2014	4956
Århus	751	Malling	8340	2015	5066
Århus	751	Malling	8340	2016	5130
Århus	751	Malling	8340	2017	5118
Århus	751	Malling	8340	2018	5182
Århus	751	Malling	8340	2019	5294
Århus	751	Malling	8340	2020	5602
Århus	751	Malling	8340	2021	5769
Århus	751	Malling	8340	2022	5850
Århus	751	Malling	8340	2023	6053
Århus	751	Malling	8340	2024	6214
Århus	751	Malling	8340	2025	6256
Århus	751	Malling	8340	2026	6365
Århus	751	Solbjerg	8355	2010	3947
Århus	751	Solbjerg	8355	2011	3961
Århus	751	Solbjerg	8355	2012	4076
Århus	751	Solbjerg	8355	2013	4220
Århus	751	Solbjerg	8355	2014	4272
Århus	751	Solbjerg	8355	2015	4370
Århus	751	Solbjerg	8355	2016	4411
Århus	751	Solbjerg	8355	2017	4530
Århus	751	Solbjerg	8355	2018	4751
Århus	751	Solbjerg	8355	2019	4982
Århus	751	Solbjerg	8355	2020	5246
Århus	751	Solbjerg	8355	2021	5332
Århus	751	Solbjerg	8355	2022	5373
Århus	751	Solbjerg	8355	2023	5459
Århus	751	Solbjerg	8355	2024	5529
Århus	751	Solbjerg	8355	2025	5588
Århus	751	Solbjerg	8355	2026	5551
Århus	751	Hasselager	8361	2010	6310
Århus	751	Hasselager	8361	2011	6335
Århus	751	Hasselager	8361	2012	6370
Århus	751	Hasselager	8361	2013	6422
Århus	751	Hasselager	8361	2014	6976
Århus	751	Hasselager	8361	2015	7257
Århus	751	Hasselager	8361	2016	7430
Århus	751	Hasselager	8361	2017	7700
Århus	751	Hasselager	8361	2018	7855
Århus	751	Hasselager	8361	2019	7817
Århus	751	Hasselager	8361	2020	7949
Århus	751	Hasselager	8361	2021	7843
Århus	751	Hasselager	8361	2022	7879
Århus	751	Hasselager	8361	2023	7933
Århus	751	Hasselager	8361	2024	7989
Århus	751	Hasselager	8361	2025	8156
Århus	751	Hasselager	8361	2026	8241
Århus	751	Hørning	8362	2010	141
Århus	751	Hørning	8362	2011	138
Århus	751	Hørning	8362	2012	148
Århus	751	Hørning	8362	2013	152
Århus	751	Hørning	8362	2014	145
Århus	751	Hørning	8362	2015	164
Århus	751	Hørning	8362	2016	171
Århus	751	Hørning	8362	2017	155
Århus	751	Hørning	8362	2018	165
Århus	751	Hørning	8362	2019	162
Århus	751	Hørning	8362	2020	161
Århus	751	Hørning	8362	2021	144
Århus	751	Hørning	8362	2022	148
Århus	751	Hørning	8362	2023	151
Århus	751	Hørning	8362	2024	136
Århus	751	Hørning	8362	2025	132
Århus	751	Hørning	8362	2026	133
Århus	751	Trige	8380	2010	4275
Århus	751	Trige	8380	2011	4316
Århus	751	Trige	8380	2012	4324
Århus	751	Trige	8380	2013	4366
Århus	751	Trige	8380	2014	4451
Århus	751	Trige	8380	2015	4460
Århus	751	Trige	8380	2016	4494
Århus	751	Trige	8380	2017	4514
Århus	751	Trige	8380	2018	4530
Århus	751	Trige	8380	2019	4465
Århus	751	Trige	8380	2020	4738
Århus	751	Trige	8380	2021	4849
Århus	751	Trige	8380	2022	4885
Århus	751	Trige	8380	2023	4927
Århus	751	Trige	8380	2024	4996
Århus	751	Trige	8380	2025	5300
Århus	751	Trige	8380	2026	5629
Århus	751	Tilst	8381	2010	11144
Århus	751	Tilst	8381	2011	11350
Århus	751	Tilst	8381	2012	11526
Århus	751	Tilst	8381	2013	11643
Århus	751	Tilst	8381	2014	11830
Århus	751	Tilst	8381	2015	11668
Århus	751	Tilst	8381	2016	11799
Århus	751	Tilst	8381	2017	12253
Århus	751	Tilst	8381	2018	12158
Århus	751	Tilst	8381	2019	12250
Århus	751	Tilst	8381	2020	12432
Århus	751	Tilst	8381	2021	12530
Århus	751	Tilst	8381	2022	12993
Århus	751	Tilst	8381	2023	12962
Århus	751	Tilst	8381	2024	13370
Århus	751	Tilst	8381	2025	13617
Århus	751	Tilst	8381	2026	13723
Århus	751	Hinnerup	8382	2010	2
Århus	751	Hinnerup	8382	2011	2
Århus	751	Hinnerup	8382	2012	2
Århus	751	Hinnerup	8382	2013	2
Århus	751	Hinnerup	8382	2014	2
Århus	751	Hinnerup	8382	2015	2
Århus	751	Hinnerup	8382	2016	2
Århus	751	Hinnerup	8382	2017	2
Århus	751	Hinnerup	8382	2018	2
Århus	751	Hinnerup	8382	2019	2
Århus	751	Hinnerup	8382	2020	2
Århus	751	Hinnerup	8382	2021	2
Århus	751	Hinnerup	8382	2022	2
Århus	751	Hinnerup	8382	2023	2
Århus	751	Hinnerup	8382	2024	2
Århus	751	Hinnerup	8382	2025	2
Århus	751	Hinnerup	8382	2026	2
Århus	751	Harlev J	8462	2010	4532
Århus	751	Harlev J	8462	2011	4606
Århus	751	Harlev J	8462	2012	4666
Århus	751	Harlev J	8462	2013	4689
Århus	751	Harlev J	8462	2014	4693
Århus	751	Harlev J	8462	2015	4728
Århus	751	Harlev J	8462	2016	4714
Århus	751	Harlev J	8462	2017	4782
Århus	751	Harlev J	8462	2018	4773
Århus	751	Harlev J	8462	2019	4803
Århus	751	Harlev J	8462	2020	4909
Århus	751	Harlev J	8462	2021	5012
Århus	751	Harlev J	8462	2022	5032
Århus	751	Harlev J	8462	2023	5029
Århus	751	Harlev J	8462	2024	5008
Århus	751	Harlev J	8462	2025	5026
Århus	751	Harlev J	8462	2026	5141
Århus	751	Galten	8464	2010	3
Århus	751	Galten	8464	2011	5
Århus	751	Galten	8464	2012	5
Århus	751	Galten	8464	2013	5
Århus	751	Galten	8464	2014	5
Århus	751	Galten	8464	2015	5
Århus	751	Galten	8464	2016	5
Århus	751	Galten	8464	2017	5
Århus	751	Galten	8464	2018	5
Århus	751	Galten	8464	2019	4
Århus	751	Galten	8464	2020	4
Århus	751	Galten	8464	2021	4
Århus	751	Galten	8464	2022	4
Århus	751	Galten	8464	2023	3
Århus	751	Galten	8464	2024	7
Århus	751	Galten	8464	2025	7
Århus	751	Galten	8464	2026	7
Århus	751	Sabro	8471	2010	3777
Århus	751	Sabro	8471	2011	3797
Århus	751	Sabro	8471	2012	3960
Århus	751	Sabro	8471	2013	4053
Århus	751	Sabro	8471	2014	4105
Århus	751	Sabro	8471	2015	4148
Århus	751	Sabro	8471	2016	4256
Århus	751	Sabro	8471	2017	4320
Århus	751	Sabro	8471	2018	4317
Århus	751	Sabro	8471	2019	4549
Århus	751	Sabro	8471	2020	4621
Århus	751	Sabro	8471	2021	4622
Århus	751	Sabro	8471	2022	4642
Århus	751	Sabro	8471	2023	4628
Århus	751	Sabro	8471	2024	4696
Århus	751	Sabro	8471	2025	4842
Århus	751	Sabro	8471	2026	4909
Århus	751	Lystrup	8520	2010	11230
Århus	751	Lystrup	8520	2011	11621
Århus	751	Lystrup	8520	2012	11664
Århus	751	Lystrup	8520	2013	11638
Århus	751	Lystrup	8520	2014	11715
Århus	751	Lystrup	8520	2015	11637
Århus	751	Lystrup	8520	2016	11705
Århus	751	Lystrup	8520	2017	11860
Århus	751	Lystrup	8520	2018	11948
Århus	751	Lystrup	8520	2019	11933
Århus	751	Lystrup	8520	2020	11928
Århus	751	Lystrup	8520	2021	11891
Århus	751	Lystrup	8520	2022	11781
Århus	751	Lystrup	8520	2023	11718
Århus	751	Lystrup	8520	2024	11776
Århus	751	Lystrup	8520	2025	11692
Århus	751	Lystrup	8520	2026	11640
Århus	751	Hjortshøj	8530	2010	4977
Århus	751	Hjortshøj	8530	2011	5008
Århus	751	Hjortshøj	8530	2012	5161
Århus	751	Hjortshøj	8530	2013	5179
Århus	751	Hjortshøj	8530	2014	5441
Århus	751	Hjortshøj	8530	2015	5602
Århus	751	Hjortshøj	8530	2016	5771
Århus	751	Hjortshøj	8530	2017	5775
Århus	751	Hjortshøj	8530	2018	5836
Århus	751	Hjortshøj	8530	2019	5874
Århus	751	Hjortshøj	8530	2020	5867
Århus	751	Hjortshøj	8530	2021	5784
Århus	751	Hjortshøj	8530	2022	5766
Århus	751	Hjortshøj	8530	2023	5829
Århus	751	Hjortshøj	8530	2024	5882
Århus	751	Hjortshøj	8530	2025	5884
Århus	751	Hjortshøj	8530	2026	5870
Århus	751	Skødstrup	8541	2010	7675
Århus	751	Skødstrup	8541	2011	7891
Århus	751	Skødstrup	8541	2012	8164
Århus	751	Skødstrup	8541	2013	8405
Århus	751	Skødstrup	8541	2014	8488
Århus	751	Skødstrup	8541	2015	8763
Århus	751	Skødstrup	8541	2016	9151
Århus	751	Skødstrup	8541	2017	9364
Århus	751	Skødstrup	8541	2018	9446
Århus	751	Skødstrup	8541	2019	9721
Århus	751	Skødstrup	8541	2020	9986
Århus	751	Skødstrup	8541	2021	10028
Århus	751	Skødstrup	8541	2022	10050
Århus	751	Skødstrup	8541	2023	10012
Århus	751	Skødstrup	8541	2024	9933
Århus	751	Skødstrup	8541	2025	9916
Århus	751	Skødstrup	8541	2026	9927
Århus	751	Hornslet	8543	2010	54
Århus	751	Hornslet	8543	2011	55
Århus	751	Hornslet	8543	2012	53
Århus	751	Hornslet	8543	2013	54
Århus	751	Hornslet	8543	2014	52
Århus	751	Hornslet	8543	2015	51
Århus	751	Hornslet	8543	2016	52
Århus	751	Hornslet	8543	2017	52
Århus	751	Hornslet	8543	2018	53
Århus	751	Hornslet	8543	2019	53
Århus	751	Hornslet	8543	2020	50
Århus	751	Hornslet	8543	2021	49
Århus	751	Hornslet	8543	2022	50
Århus	751	Hornslet	8543	2023	52
Århus	751	Hornslet	8543	2024	50
Århus	751	Hornslet	8543	2025	47
Århus	751	Hornslet	8543	2026	48
Århus	751	Skanderborg	8660	2010	33
Århus	751	Skanderborg	8660	2011	35
Århus	751	Skanderborg	8660	2012	42
Århus	751	Skanderborg	8660	2013	38
Århus	751	Skanderborg	8660	2014	34
Århus	751	Skanderborg	8660	2015	28
Århus	751	Skanderborg	8660	2016	34
Århus	751	Skanderborg	8660	2017	35
Århus	751	Skanderborg	8660	2018	36
Århus	751	Skanderborg	8660	2019	35
Århus	751	Skanderborg	8660	2020	40
Århus	751	Skanderborg	8660	2021	38
Århus	751	Skanderborg	8660	2022	36
Århus	751	Skanderborg	8660	2023	32
Århus	751	Skanderborg	8660	2024	27
Århus	751	Skanderborg	8660	2025	31
Århus	751	Skanderborg	8660	2026	24
Århus	751	Ukendt	9999	2010	1047
Århus	751	Ukendt	9999	2011	1354
Århus	751	Ukendt	9999	2012	1391
Århus	751	Ukendt	9999	2013	1550
Århus	751	Ukendt	9999	2014	1845
Århus	751	Ukendt	9999	2015	1295
Århus	751	Ukendt	9999	2016	1557
Århus	751	Ukendt	9999	2017	1663
Århus	751	Ukendt	9999	2018	1587
Århus	751	Ukendt	9999	2019	1490
Århus	751	Ukendt	9999	2020	1324
Århus	751	Ukendt	9999	2021	1238
Århus	751	Ukendt	9999	2022	1282
Århus	751	Ukendt	9999	2023	1507
Århus	751	Ukendt	9999	2024	1436
Århus	751	Ukendt	9999	2025	1450
Århus	751	Ukendt	9999	2026	1401
Ikast-Brande	756	Give	7323	2010	0
Ikast-Brande	756	Give	7323	2011	0
Ikast-Brande	756	Give	7323	2012	0
Ikast-Brande	756	Give	7323	2013	0
Ikast-Brande	756	Give	7323	2014	0
Ikast-Brande	756	Give	7323	2015	0
Ikast-Brande	756	Give	7323	2016	5
Ikast-Brande	756	Give	7323	2017	5
Ikast-Brande	756	Give	7323	2018	5
Ikast-Brande	756	Give	7323	2019	0
Ikast-Brande	756	Give	7323	2020	0
Ikast-Brande	756	Give	7323	2021	0
Ikast-Brande	756	Give	7323	2022	0
Ikast-Brande	756	Give	7323	2023	0
Ikast-Brande	756	Give	7323	2024	0
Ikast-Brande	756	Give	7323	2025	0
Ikast-Brande	756	Give	7323	2026	0
Ikast-Brande	756	Brande	7330	2010	9422
Ikast-Brande	756	Brande	7330	2011	9506
Ikast-Brande	756	Brande	7330	2012	9493
Ikast-Brande	756	Brande	7330	2013	9414
Ikast-Brande	756	Brande	7330	2014	9484
Ikast-Brande	756	Brande	7330	2015	9511
Ikast-Brande	756	Brande	7330	2016	9538
Ikast-Brande	756	Brande	7330	2017	9612
Ikast-Brande	756	Brande	7330	2018	9682
Ikast-Brande	756	Brande	7330	2019	9664
Ikast-Brande	756	Brande	7330	2020	9731
Ikast-Brande	756	Brande	7330	2021	9730
Ikast-Brande	756	Brande	7330	2022	9769
Ikast-Brande	756	Brande	7330	2023	9917
Ikast-Brande	756	Brande	7330	2024	9778
Ikast-Brande	756	Brande	7330	2025	9728
Ikast-Brande	756	Brande	7330	2026	9737
Ikast-Brande	756	Ejstrupholm	7361	2010	3107
Ikast-Brande	756	Ejstrupholm	7361	2011	3070
Ikast-Brande	756	Ejstrupholm	7361	2012	3051
Ikast-Brande	756	Ejstrupholm	7361	2013	3016
Ikast-Brande	756	Ejstrupholm	7361	2014	2999
Ikast-Brande	756	Ejstrupholm	7361	2015	2991
Ikast-Brande	756	Ejstrupholm	7361	2016	3034
Ikast-Brande	756	Ejstrupholm	7361	2017	2989
Ikast-Brande	756	Ejstrupholm	7361	2018	3010
Ikast-Brande	756	Ejstrupholm	7361	2019	3011
Ikast-Brande	756	Ejstrupholm	7361	2020	2987
Ikast-Brande	756	Ejstrupholm	7361	2021	3002
Ikast-Brande	756	Ejstrupholm	7361	2022	2995
Ikast-Brande	756	Ejstrupholm	7361	2023	3023
Ikast-Brande	756	Ejstrupholm	7361	2024	3042
Ikast-Brande	756	Ejstrupholm	7361	2025	3039
Ikast-Brande	756	Ejstrupholm	7361	2026	3024
Ikast-Brande	756	Hampen	7362	2010	504
Ikast-Brande	756	Hampen	7362	2011	509
Ikast-Brande	756	Hampen	7362	2012	504
Ikast-Brande	756	Hampen	7362	2013	489
Ikast-Brande	756	Hampen	7362	2014	492
Ikast-Brande	756	Hampen	7362	2015	483
Ikast-Brande	756	Hampen	7362	2016	466
Ikast-Brande	756	Hampen	7362	2017	478
Ikast-Brande	756	Hampen	7362	2018	483
Ikast-Brande	756	Hampen	7362	2019	488
Ikast-Brande	756	Hampen	7362	2020	486
Ikast-Brande	756	Hampen	7362	2021	476
Ikast-Brande	756	Hampen	7362	2022	475
Ikast-Brande	756	Hampen	7362	2023	454
Ikast-Brande	756	Hampen	7362	2024	460
Ikast-Brande	756	Hampen	7362	2025	447
Ikast-Brande	756	Hampen	7362	2026	465
Ikast-Brande	756	Herning	7400	2010	9
Ikast-Brande	756	Herning	7400	2011	11
Ikast-Brande	756	Herning	7400	2012	11
Ikast-Brande	756	Herning	7400	2013	10
Ikast-Brande	756	Herning	7400	2014	11
Ikast-Brande	756	Herning	7400	2015	11
Ikast-Brande	756	Herning	7400	2016	10
Ikast-Brande	756	Herning	7400	2017	9
Ikast-Brande	756	Herning	7400	2018	8
Ikast-Brande	756	Herning	7400	2019	11
Ikast-Brande	756	Herning	7400	2020	11
Ikast-Brande	756	Herning	7400	2021	6
Ikast-Brande	756	Herning	7400	2022	6
Ikast-Brande	756	Herning	7400	2023	10
Ikast-Brande	756	Herning	7400	2024	115
Ikast-Brande	756	Herning	7400	2025	145
Ikast-Brande	756	Herning	7400	2026	130
Ikast-Brande	756	Ikast	7430	2010	17062
Ikast-Brande	756	Ikast	7430	2011	17241
Ikast-Brande	756	Ikast	7430	2012	17361
Ikast-Brande	756	Ikast	7430	2013	17346
Ikast-Brande	756	Ikast	7430	2014	17457
Ikast-Brande	756	Ikast	7430	2015	17494
Ikast-Brande	756	Ikast	7430	2016	17560
Ikast-Brande	756	Ikast	7430	2017	17730
Ikast-Brande	756	Ikast	7430	2018	17759
Ikast-Brande	756	Ikast	7430	2019	17915
Ikast-Brande	756	Ikast	7430	2020	17998
Ikast-Brande	756	Ikast	7430	2021	18165
Ikast-Brande	756	Ikast	7430	2022	18462
Ikast-Brande	756	Ikast	7430	2023	18777
Ikast-Brande	756	Ikast	7430	2024	18950
Ikast-Brande	756	Ikast	7430	2025	19243
Ikast-Brande	756	Ikast	7430	2026	19380
Ikast-Brande	756	Bording	7441	2010	3883
Ikast-Brande	756	Bording	7441	2011	3860
Ikast-Brande	756	Bording	7441	2012	3865
Ikast-Brande	756	Bording	7441	2013	3846
Ikast-Brande	756	Bording	7441	2014	3856
Ikast-Brande	756	Bording	7441	2015	3815
Ikast-Brande	756	Bording	7441	2016	3834
Ikast-Brande	756	Bording	7441	2017	3844
Ikast-Brande	756	Bording	7441	2018	3855
Ikast-Brande	756	Bording	7441	2019	3878
Ikast-Brande	756	Bording	7441	2020	3887
Ikast-Brande	756	Bording	7441	2021	3865
Ikast-Brande	756	Bording	7441	2022	3857
Ikast-Brande	756	Bording	7441	2023	3903
Ikast-Brande	756	Bording	7441	2024	3943
Ikast-Brande	756	Bording	7441	2025	3957
Ikast-Brande	756	Bording	7441	2026	3962
Ikast-Brande	756	Engesvang	7442	2010	2657
Ikast-Brande	756	Engesvang	7442	2011	2687
Ikast-Brande	756	Engesvang	7442	2012	2689
Ikast-Brande	756	Engesvang	7442	2013	2715
Ikast-Brande	756	Engesvang	7442	2014	2700
Ikast-Brande	756	Engesvang	7442	2015	2699
Ikast-Brande	756	Engesvang	7442	2016	2709
Ikast-Brande	756	Engesvang	7442	2017	2688
Ikast-Brande	756	Engesvang	7442	2018	2749
Ikast-Brande	756	Engesvang	7442	2019	2702
Ikast-Brande	756	Engesvang	7442	2020	2747
Ikast-Brande	756	Engesvang	7442	2021	2678
Ikast-Brande	756	Engesvang	7442	2022	2713
Ikast-Brande	756	Engesvang	7442	2023	2809
Ikast-Brande	756	Engesvang	7442	2024	2844
Ikast-Brande	756	Engesvang	7442	2025	2854
Ikast-Brande	756	Engesvang	7442	2026	2881
Ikast-Brande	756	Sunds	7451	2010	1
Ikast-Brande	756	Sunds	7451	2011	1
Ikast-Brande	756	Sunds	7451	2012	1
Ikast-Brande	756	Sunds	7451	2013	1
Ikast-Brande	756	Sunds	7451	2014	1
Ikast-Brande	756	Sunds	7451	2015	1
Ikast-Brande	756	Sunds	7451	2016	1
Ikast-Brande	756	Sunds	7451	2017	1
Ikast-Brande	756	Sunds	7451	2018	1
Ikast-Brande	756	Sunds	7451	2019	1
Ikast-Brande	756	Sunds	7451	2020	1
Ikast-Brande	756	Sunds	7451	2021	1
Ikast-Brande	756	Sunds	7451	2022	1
Ikast-Brande	756	Sunds	7451	2023	1
Ikast-Brande	756	Sunds	7451	2024	1
Ikast-Brande	756	Sunds	7451	2025	1
Ikast-Brande	756	Sunds	7451	2026	1
Ikast-Brande	756	Silkeborg	8600	2010	5
Ikast-Brande	756	Silkeborg	8600	2011	5
Ikast-Brande	756	Silkeborg	8600	2012	5
Ikast-Brande	756	Silkeborg	8600	2013	1
Ikast-Brande	756	Silkeborg	8600	2014	3
Ikast-Brande	756	Silkeborg	8600	2015	3
Ikast-Brande	756	Silkeborg	8600	2016	3
Ikast-Brande	756	Silkeborg	8600	2017	3
Ikast-Brande	756	Silkeborg	8600	2018	3
Ikast-Brande	756	Silkeborg	8600	2019	3
Ikast-Brande	756	Silkeborg	8600	2020	3
Ikast-Brande	756	Silkeborg	8600	2021	3
Ikast-Brande	756	Silkeborg	8600	2022	3
Ikast-Brande	756	Silkeborg	8600	2023	3
Ikast-Brande	756	Silkeborg	8600	2024	3
Ikast-Brande	756	Silkeborg	8600	2025	3
Ikast-Brande	756	Silkeborg	8600	2026	3
Ikast-Brande	756	Bryrup	8654	2010	4
Ikast-Brande	756	Bryrup	8654	2011	4
Ikast-Brande	756	Bryrup	8654	2012	4
Ikast-Brande	756	Bryrup	8654	2013	4
Ikast-Brande	756	Bryrup	8654	2014	4
Ikast-Brande	756	Bryrup	8654	2015	3
Ikast-Brande	756	Bryrup	8654	2016	1
Ikast-Brande	756	Bryrup	8654	2017	3
Ikast-Brande	756	Bryrup	8654	2018	5
Ikast-Brande	756	Bryrup	8654	2019	6
Ikast-Brande	756	Bryrup	8654	2020	6
Ikast-Brande	756	Bryrup	8654	2021	6
Ikast-Brande	756	Bryrup	8654	2022	2
Ikast-Brande	756	Bryrup	8654	2023	2
Ikast-Brande	756	Bryrup	8654	2024	2
Ikast-Brande	756	Bryrup	8654	2025	2
Ikast-Brande	756	Bryrup	8654	2026	2
Ikast-Brande	756	Klovborg	8765	2010	932
Ikast-Brande	756	Klovborg	8765	2011	944
Ikast-Brande	756	Klovborg	8765	2012	947
Ikast-Brande	756	Klovborg	8765	2013	959
Ikast-Brande	756	Klovborg	8765	2014	965
Ikast-Brande	756	Klovborg	8765	2015	956
Ikast-Brande	756	Klovborg	8765	2016	956
Ikast-Brande	756	Klovborg	8765	2017	956
Ikast-Brande	756	Klovborg	8765	2018	971
Ikast-Brande	756	Klovborg	8765	2019	934
Ikast-Brande	756	Klovborg	8765	2020	933
Ikast-Brande	756	Klovborg	8765	2021	939
Ikast-Brande	756	Klovborg	8765	2022	899
Ikast-Brande	756	Klovborg	8765	2023	929
Ikast-Brande	756	Klovborg	8765	2024	902
Ikast-Brande	756	Klovborg	8765	2025	904
Ikast-Brande	756	Klovborg	8765	2026	900
Ikast-Brande	756	Nørre Snede	8766	2010	2674
Ikast-Brande	756	Nørre Snede	8766	2011	2665
Ikast-Brande	756	Nørre Snede	8766	2012	2651
Ikast-Brande	756	Nørre Snede	8766	2013	2614
Ikast-Brande	756	Nørre Snede	8766	2014	2555
Ikast-Brande	756	Nørre Snede	8766	2015	2543
Ikast-Brande	756	Nørre Snede	8766	2016	2584
Ikast-Brande	756	Nørre Snede	8766	2017	2558
Ikast-Brande	756	Nørre Snede	8766	2018	2539
Ikast-Brande	756	Nørre Snede	8766	2019	2546
Ikast-Brande	756	Nørre Snede	8766	2020	2542
Ikast-Brande	756	Nørre Snede	8766	2021	2563
Ikast-Brande	756	Nørre Snede	8766	2022	2644
Ikast-Brande	756	Nørre Snede	8766	2023	2648
Ikast-Brande	756	Nørre Snede	8766	2024	2621
Ikast-Brande	756	Nørre Snede	8766	2025	2596
Ikast-Brande	756	Nørre Snede	8766	2026	2634
Ikast-Brande	756	Ukendt	9999	2010	52
Ikast-Brande	756	Ukendt	9999	2011	68
Ikast-Brande	756	Ukendt	9999	2012	76
Ikast-Brande	756	Ukendt	9999	2013	53
Ikast-Brande	756	Ukendt	9999	2014	75
Ikast-Brande	756	Ukendt	9999	2015	88
Ikast-Brande	756	Ukendt	9999	2016	97
Ikast-Brande	756	Ukendt	9999	2017	105
Ikast-Brande	756	Ukendt	9999	2018	121
Ikast-Brande	756	Ukendt	9999	2019	123
Ikast-Brande	756	Ukendt	9999	2020	37
Ikast-Brande	756	Ukendt	9999	2021	39
Ikast-Brande	756	Ukendt	9999	2022	59
Ikast-Brande	756	Ukendt	9999	2023	64
Ikast-Brande	756	Ukendt	9999	2024	76
Ikast-Brande	756	Ukendt	9999	2025	90
Ikast-Brande	756	Ukendt	9999	2026	186
Ringkøbing-Skjern	760	Nørre Nebel	6830	2010	44
Ringkøbing-Skjern	760	Nørre Nebel	6830	2011	39
Ringkøbing-Skjern	760	Nørre Nebel	6830	2012	38
Ringkøbing-Skjern	760	Nørre Nebel	6830	2013	41
Ringkøbing-Skjern	760	Nørre Nebel	6830	2014	38
Ringkøbing-Skjern	760	Nørre Nebel	6830	2015	36
Ringkøbing-Skjern	760	Nørre Nebel	6830	2016	34
Ringkøbing-Skjern	760	Nørre Nebel	6830	2017	34
Ringkøbing-Skjern	760	Nørre Nebel	6830	2018	32
Ringkøbing-Skjern	760	Nørre Nebel	6830	2019	28
Ringkøbing-Skjern	760	Nørre Nebel	6830	2020	24
Ringkøbing-Skjern	760	Nørre Nebel	6830	2021	22
Ringkøbing-Skjern	760	Nørre Nebel	6830	2022	21
Ringkøbing-Skjern	760	Nørre Nebel	6830	2023	21
Ringkøbing-Skjern	760	Nørre Nebel	6830	2024	22
Ringkøbing-Skjern	760	Nørre Nebel	6830	2025	29
Ringkøbing-Skjern	760	Nørre Nebel	6830	2026	27
Ringkøbing-Skjern	760	Ølgod	6870	2010	12
Ringkøbing-Skjern	760	Ølgod	6870	2011	13
Ringkøbing-Skjern	760	Ølgod	6870	2012	13
Ringkøbing-Skjern	760	Ølgod	6870	2013	13
Ringkøbing-Skjern	760	Ølgod	6870	2014	11
Ringkøbing-Skjern	760	Ølgod	6870	2015	12
Ringkøbing-Skjern	760	Ølgod	6870	2016	11
Ringkøbing-Skjern	760	Ølgod	6870	2017	11
Ringkøbing-Skjern	760	Ølgod	6870	2018	10
Ringkøbing-Skjern	760	Ølgod	6870	2019	11
Ringkøbing-Skjern	760	Ølgod	6870	2020	11
Ringkøbing-Skjern	760	Ølgod	6870	2021	10
Ringkøbing-Skjern	760	Ølgod	6870	2022	10
Ringkøbing-Skjern	760	Ølgod	6870	2023	13
Ringkøbing-Skjern	760	Ølgod	6870	2024	10
Ringkøbing-Skjern	760	Ølgod	6870	2025	10
Ringkøbing-Skjern	760	Ølgod	6870	2026	10
Ringkøbing-Skjern	760	Tarm	6880	2010	7307
Ringkøbing-Skjern	760	Tarm	6880	2011	7261
Ringkøbing-Skjern	760	Tarm	6880	2012	7207
Ringkøbing-Skjern	760	Tarm	6880	2013	7104
Ringkøbing-Skjern	760	Tarm	6880	2014	7060
Ringkøbing-Skjern	760	Tarm	6880	2015	7045
Ringkøbing-Skjern	760	Tarm	6880	2016	7020
Ringkøbing-Skjern	760	Tarm	6880	2017	6884
Ringkøbing-Skjern	760	Tarm	6880	2018	6930
Ringkøbing-Skjern	760	Tarm	6880	2019	6919
Ringkøbing-Skjern	760	Tarm	6880	2020	6855
Ringkøbing-Skjern	760	Tarm	6880	2021	6842
Ringkøbing-Skjern	760	Tarm	6880	2022	6874
Ringkøbing-Skjern	760	Tarm	6880	2023	6915
Ringkøbing-Skjern	760	Tarm	6880	2024	6907
Ringkøbing-Skjern	760	Tarm	6880	2025	6869
Ringkøbing-Skjern	760	Tarm	6880	2026	6831
Ringkøbing-Skjern	760	Hemmet	6893	2010	2106
Ringkøbing-Skjern	760	Hemmet	6893	2011	2071
Ringkøbing-Skjern	760	Hemmet	6893	2012	2008
Ringkøbing-Skjern	760	Hemmet	6893	2013	1967
Ringkøbing-Skjern	760	Hemmet	6893	2014	1935
Ringkøbing-Skjern	760	Hemmet	6893	2015	1937
Ringkøbing-Skjern	760	Hemmet	6893	2016	1946
Ringkøbing-Skjern	760	Hemmet	6893	2017	1908
Ringkøbing-Skjern	760	Hemmet	6893	2018	1888
Ringkøbing-Skjern	760	Hemmet	6893	2019	1868
Ringkøbing-Skjern	760	Hemmet	6893	2020	1831
Ringkøbing-Skjern	760	Hemmet	6893	2021	1821
Ringkøbing-Skjern	760	Hemmet	6893	2022	1798
Ringkøbing-Skjern	760	Hemmet	6893	2023	1793
Ringkøbing-Skjern	760	Hemmet	6893	2024	1791
Ringkøbing-Skjern	760	Hemmet	6893	2025	1724
Ringkøbing-Skjern	760	Hemmet	6893	2026	1711
Ringkøbing-Skjern	760	Skjern	6900	2010	13372
Ringkøbing-Skjern	760	Skjern	6900	2011	13381
Ringkøbing-Skjern	760	Skjern	6900	2012	13449
Ringkøbing-Skjern	760	Skjern	6900	2013	13409
Ringkøbing-Skjern	760	Skjern	6900	2014	13319
Ringkøbing-Skjern	760	Skjern	6900	2015	13331
Ringkøbing-Skjern	760	Skjern	6900	2016	13286
Ringkøbing-Skjern	760	Skjern	6900	2017	13375
Ringkøbing-Skjern	760	Skjern	6900	2018	13418
Ringkøbing-Skjern	760	Skjern	6900	2019	13381
Ringkøbing-Skjern	760	Skjern	6900	2020	13425
Ringkøbing-Skjern	760	Skjern	6900	2021	13284
Ringkøbing-Skjern	760	Skjern	6900	2022	13327
Ringkøbing-Skjern	760	Skjern	6900	2023	13304
Ringkøbing-Skjern	760	Skjern	6900	2024	13298
Ringkøbing-Skjern	760	Skjern	6900	2025	13143
Ringkøbing-Skjern	760	Skjern	6900	2026	13125
Ringkøbing-Skjern	760	Videbæk	6920	2010	8788
Ringkøbing-Skjern	760	Videbæk	6920	2011	8762
Ringkøbing-Skjern	760	Videbæk	6920	2012	8783
Ringkøbing-Skjern	760	Videbæk	6920	2013	8675
Ringkøbing-Skjern	760	Videbæk	6920	2014	8592
Ringkøbing-Skjern	760	Videbæk	6920	2015	8522
Ringkøbing-Skjern	760	Videbæk	6920	2016	8566
Ringkøbing-Skjern	760	Videbæk	6920	2017	8543
Ringkøbing-Skjern	760	Videbæk	6920	2018	8536
Ringkøbing-Skjern	760	Videbæk	6920	2019	8513
Ringkøbing-Skjern	760	Videbæk	6920	2020	8513
Ringkøbing-Skjern	760	Videbæk	6920	2021	8469
Ringkøbing-Skjern	760	Videbæk	6920	2022	8519
Ringkøbing-Skjern	760	Videbæk	6920	2023	8500
Ringkøbing-Skjern	760	Videbæk	6920	2024	8523
Ringkøbing-Skjern	760	Videbæk	6920	2025	8533
Ringkøbing-Skjern	760	Videbæk	6920	2026	8432
Ringkøbing-Skjern	760	Kibæk	6933	2010	681
Ringkøbing-Skjern	760	Kibæk	6933	2011	678
Ringkøbing-Skjern	760	Kibæk	6933	2012	681
Ringkøbing-Skjern	760	Kibæk	6933	2013	691
Ringkøbing-Skjern	760	Kibæk	6933	2014	677
Ringkøbing-Skjern	760	Kibæk	6933	2015	666
Ringkøbing-Skjern	760	Kibæk	6933	2016	658
Ringkøbing-Skjern	760	Kibæk	6933	2017	685
Ringkøbing-Skjern	760	Kibæk	6933	2018	641
Ringkøbing-Skjern	760	Kibæk	6933	2019	637
Ringkøbing-Skjern	760	Kibæk	6933	2020	619
Ringkøbing-Skjern	760	Kibæk	6933	2021	621
Ringkøbing-Skjern	760	Kibæk	6933	2022	617
Ringkøbing-Skjern	760	Kibæk	6933	2023	622
Ringkøbing-Skjern	760	Kibæk	6933	2024	622
Ringkøbing-Skjern	760	Kibæk	6933	2025	616
Ringkøbing-Skjern	760	Kibæk	6933	2026	630
Ringkøbing-Skjern	760	Lem St	6940	2010	2242
Ringkøbing-Skjern	760	Lem St	6940	2011	2236
Ringkøbing-Skjern	760	Lem St	6940	2012	2256
Ringkøbing-Skjern	760	Lem St	6940	2013	2230
Ringkøbing-Skjern	760	Lem St	6940	2014	2222
Ringkøbing-Skjern	760	Lem St	6940	2015	2214
Ringkøbing-Skjern	760	Lem St	6940	2016	2180
Ringkøbing-Skjern	760	Lem St	6940	2017	2166
Ringkøbing-Skjern	760	Lem St	6940	2018	2154
Ringkøbing-Skjern	760	Lem St	6940	2019	2119
Ringkøbing-Skjern	760	Lem St	6940	2020	2099
Ringkøbing-Skjern	760	Lem St	6940	2021	2124
Ringkøbing-Skjern	760	Lem St	6940	2022	2082
Ringkøbing-Skjern	760	Lem St	6940	2023	2159
Ringkøbing-Skjern	760	Lem St	6940	2024	2140
Ringkøbing-Skjern	760	Lem St	6940	2025	2129
Ringkøbing-Skjern	760	Lem St	6940	2026	2142
Ringkøbing-Skjern	760	Ringkøbing	6950	2010	14538
Ringkøbing-Skjern	760	Ringkøbing	6950	2011	14399
Ringkøbing-Skjern	760	Ringkøbing	6950	2012	14294
Ringkøbing-Skjern	760	Ringkøbing	6950	2013	14244
Ringkøbing-Skjern	760	Ringkøbing	6950	2014	14188
Ringkøbing-Skjern	760	Ringkøbing	6950	2015	14229
Ringkøbing-Skjern	760	Ringkøbing	6950	2016	14344
Ringkøbing-Skjern	760	Ringkøbing	6950	2017	14368
Ringkøbing-Skjern	760	Ringkøbing	6950	2018	14347
Ringkøbing-Skjern	760	Ringkøbing	6950	2019	14391
Ringkøbing-Skjern	760	Ringkøbing	6950	2020	14277
Ringkøbing-Skjern	760	Ringkøbing	6950	2021	14203
Ringkøbing-Skjern	760	Ringkøbing	6950	2022	14208
Ringkøbing-Skjern	760	Ringkøbing	6950	2023	14276
Ringkøbing-Skjern	760	Ringkøbing	6950	2024	14237
Ringkøbing-Skjern	760	Ringkøbing	6950	2025	14011
Ringkøbing-Skjern	760	Ringkøbing	6950	2026	13985
Ringkøbing-Skjern	760	Hvide Sande	6960	2010	3572
Ringkøbing-Skjern	760	Hvide Sande	6960	2011	3497
Ringkøbing-Skjern	760	Hvide Sande	6960	2012	3424
Ringkøbing-Skjern	760	Hvide Sande	6960	2013	3443
Ringkøbing-Skjern	760	Hvide Sande	6960	2014	3416
Ringkøbing-Skjern	760	Hvide Sande	6960	2015	3407
Ringkøbing-Skjern	760	Hvide Sande	6960	2016	3416
Ringkøbing-Skjern	760	Hvide Sande	6960	2017	3401
Ringkøbing-Skjern	760	Hvide Sande	6960	2018	3383
Ringkøbing-Skjern	760	Hvide Sande	6960	2019	3337
Ringkøbing-Skjern	760	Hvide Sande	6960	2020	3306
Ringkøbing-Skjern	760	Hvide Sande	6960	2021	3223
Ringkøbing-Skjern	760	Hvide Sande	6960	2022	3195
Ringkøbing-Skjern	760	Hvide Sande	6960	2023	3171
Ringkøbing-Skjern	760	Hvide Sande	6960	2024	3146
Ringkøbing-Skjern	760	Hvide Sande	6960	2025	3076
Ringkøbing-Skjern	760	Hvide Sande	6960	2026	3057
Ringkøbing-Skjern	760	Spjald	6971	2010	3231
Ringkøbing-Skjern	760	Spjald	6971	2011	3199
Ringkøbing-Skjern	760	Spjald	6971	2012	3190
Ringkøbing-Skjern	760	Spjald	6971	2013	3210
Ringkøbing-Skjern	760	Spjald	6971	2014	3129
Ringkøbing-Skjern	760	Spjald	6971	2015	3185
Ringkøbing-Skjern	760	Spjald	6971	2016	3161
Ringkøbing-Skjern	760	Spjald	6971	2017	3142
Ringkøbing-Skjern	760	Spjald	6971	2018	3187
Ringkøbing-Skjern	760	Spjald	6971	2019	3230
Ringkøbing-Skjern	760	Spjald	6971	2020	3185
Ringkøbing-Skjern	760	Spjald	6971	2021	3164
Ringkøbing-Skjern	760	Spjald	6971	2022	3157
Ringkøbing-Skjern	760	Spjald	6971	2023	3187
Ringkøbing-Skjern	760	Spjald	6971	2024	3154
Ringkøbing-Skjern	760	Spjald	6971	2025	3108
Ringkøbing-Skjern	760	Spjald	6971	2026	3099
Ringkøbing-Skjern	760	Ørnhøj	6973	2010	27
Ringkøbing-Skjern	760	Ørnhøj	6973	2011	23
Ringkøbing-Skjern	760	Ørnhøj	6973	2012	22
Ringkøbing-Skjern	760	Ørnhøj	6973	2013	20
Ringkøbing-Skjern	760	Ørnhøj	6973	2014	20
Ringkøbing-Skjern	760	Ørnhøj	6973	2015	19
Ringkøbing-Skjern	760	Ørnhøj	6973	2016	24
Ringkøbing-Skjern	760	Ørnhøj	6973	2017	23
Ringkøbing-Skjern	760	Ørnhøj	6973	2018	21
Ringkøbing-Skjern	760	Ørnhøj	6973	2019	23
Ringkøbing-Skjern	760	Ørnhøj	6973	2020	23
Ringkøbing-Skjern	760	Ørnhøj	6973	2021	21
Ringkøbing-Skjern	760	Ørnhøj	6973	2022	22
Ringkøbing-Skjern	760	Ørnhøj	6973	2023	23
Ringkøbing-Skjern	760	Ørnhøj	6973	2024	25
Ringkøbing-Skjern	760	Ørnhøj	6973	2025	26
Ringkøbing-Skjern	760	Ørnhøj	6973	2026	25
Ringkøbing-Skjern	760	Tim	6980	2010	1967
Ringkøbing-Skjern	760	Tim	6980	2011	1975
Ringkøbing-Skjern	760	Tim	6980	2012	1983
Ringkøbing-Skjern	760	Tim	6980	2013	1952
Ringkøbing-Skjern	760	Tim	6980	2014	1956
Ringkøbing-Skjern	760	Tim	6980	2015	1923
Ringkøbing-Skjern	760	Tim	6980	2016	1946
Ringkøbing-Skjern	760	Tim	6980	2017	1947
Ringkøbing-Skjern	760	Tim	6980	2018	1936
Ringkøbing-Skjern	760	Tim	6980	2019	1928
Ringkøbing-Skjern	760	Tim	6980	2020	1899
Ringkøbing-Skjern	760	Tim	6980	2021	1857
Ringkøbing-Skjern	760	Tim	6980	2022	1854
Ringkøbing-Skjern	760	Tim	6980	2023	1835
Ringkøbing-Skjern	760	Tim	6980	2024	1801
Ringkøbing-Skjern	760	Tim	6980	2025	1769
Ringkøbing-Skjern	760	Tim	6980	2026	1799
Ringkøbing-Skjern	760	Ulfborg	6990	2010	484
Ringkøbing-Skjern	760	Ulfborg	6990	2011	474
Ringkøbing-Skjern	760	Ulfborg	6990	2012	484
Ringkøbing-Skjern	760	Ulfborg	6990	2013	474
Ringkøbing-Skjern	760	Ulfborg	6990	2014	472
Ringkøbing-Skjern	760	Ulfborg	6990	2015	466
Ringkøbing-Skjern	760	Ulfborg	6990	2016	467
Ringkøbing-Skjern	760	Ulfborg	6990	2017	485
Ringkøbing-Skjern	760	Ulfborg	6990	2018	478
Ringkøbing-Skjern	760	Ulfborg	6990	2019	503
Ringkøbing-Skjern	760	Ulfborg	6990	2020	485
Ringkøbing-Skjern	760	Ulfborg	6990	2021	470
Ringkøbing-Skjern	760	Ulfborg	6990	2022	477
Ringkøbing-Skjern	760	Ulfborg	6990	2023	485
Ringkøbing-Skjern	760	Ulfborg	6990	2024	500
Ringkøbing-Skjern	760	Ulfborg	6990	2025	500
Ringkøbing-Skjern	760	Ulfborg	6990	2026	492
Ringkøbing-Skjern	760	Stakroge	7270	2010	50
Ringkøbing-Skjern	760	Stakroge	7270	2011	45
Ringkøbing-Skjern	760	Stakroge	7270	2012	41
Ringkøbing-Skjern	760	Stakroge	7270	2013	40
Ringkøbing-Skjern	760	Stakroge	7270	2014	42
Ringkøbing-Skjern	760	Stakroge	7270	2015	40
Ringkøbing-Skjern	760	Stakroge	7270	2016	43
Ringkøbing-Skjern	760	Stakroge	7270	2017	41
Ringkøbing-Skjern	760	Stakroge	7270	2018	34
Ringkøbing-Skjern	760	Stakroge	7270	2019	31
Ringkøbing-Skjern	760	Stakroge	7270	2020	30
Ringkøbing-Skjern	760	Stakroge	7270	2021	24
Ringkøbing-Skjern	760	Stakroge	7270	2022	28
Ringkøbing-Skjern	760	Stakroge	7270	2023	26
Ringkøbing-Skjern	760	Stakroge	7270	2024	25
Ringkøbing-Skjern	760	Stakroge	7270	2025	25
Ringkøbing-Skjern	760	Stakroge	7270	2026	26
Ringkøbing-Skjern	760	Sønder Felding	7280	2010	4
Ringkøbing-Skjern	760	Sønder Felding	7280	2011	4
Ringkøbing-Skjern	760	Sønder Felding	7280	2012	4
Ringkøbing-Skjern	760	Sønder Felding	7280	2013	4
Ringkøbing-Skjern	760	Sønder Felding	7280	2014	4
Ringkøbing-Skjern	760	Sønder Felding	7280	2015	4
Ringkøbing-Skjern	760	Sønder Felding	7280	2016	4
Ringkøbing-Skjern	760	Sønder Felding	7280	2017	2
Ringkøbing-Skjern	760	Sønder Felding	7280	2018	3
Ringkøbing-Skjern	760	Sønder Felding	7280	2019	3
Ringkøbing-Skjern	760	Sønder Felding	7280	2020	4
Ringkøbing-Skjern	760	Sønder Felding	7280	2021	4
Ringkøbing-Skjern	760	Sønder Felding	7280	2022	4
Ringkøbing-Skjern	760	Sønder Felding	7280	2023	4
Ringkøbing-Skjern	760	Sønder Felding	7280	2024	4
Ringkøbing-Skjern	760	Sønder Felding	7280	2025	3
Ringkøbing-Skjern	760	Sønder Felding	7280	2026	2
Ringkøbing-Skjern	760	Herning	7400	2010	2
Ringkøbing-Skjern	760	Herning	7400	2011	3
Ringkøbing-Skjern	760	Herning	7400	2012	3
Ringkøbing-Skjern	760	Herning	7400	2013	4
Ringkøbing-Skjern	760	Herning	7400	2014	4
Ringkøbing-Skjern	760	Herning	7400	2015	1
Ringkøbing-Skjern	760	Herning	7400	2016	3
Ringkøbing-Skjern	760	Herning	7400	2017	2
Ringkøbing-Skjern	760	Herning	7400	2018	2
Ringkøbing-Skjern	760	Herning	7400	2019	3
Ringkøbing-Skjern	760	Herning	7400	2020	3
Ringkøbing-Skjern	760	Herning	7400	2021	3
Ringkøbing-Skjern	760	Herning	7400	2022	3
Ringkøbing-Skjern	760	Herning	7400	2023	3
Ringkøbing-Skjern	760	Herning	7400	2024	3
Ringkøbing-Skjern	760	Herning	7400	2025	3
Ringkøbing-Skjern	760	Herning	7400	2026	3
Ringkøbing-Skjern	760	Vildbjerg	7480	2010	3
Ringkøbing-Skjern	760	Vildbjerg	7480	2011	3
Ringkøbing-Skjern	760	Vildbjerg	7480	2012	4
Ringkøbing-Skjern	760	Vildbjerg	7480	2013	4
Ringkøbing-Skjern	760	Vildbjerg	7480	2014	4
Ringkøbing-Skjern	760	Vildbjerg	7480	2015	5
Ringkøbing-Skjern	760	Vildbjerg	7480	2016	5
Ringkøbing-Skjern	760	Vildbjerg	7480	2017	5
Ringkøbing-Skjern	760	Vildbjerg	7480	2018	5
Ringkøbing-Skjern	760	Vildbjerg	7480	2019	5
Ringkøbing-Skjern	760	Vildbjerg	7480	2020	5
Ringkøbing-Skjern	760	Vildbjerg	7480	2021	5
Ringkøbing-Skjern	760	Vildbjerg	7480	2022	5
Ringkøbing-Skjern	760	Vildbjerg	7480	2023	5
Ringkøbing-Skjern	760	Vildbjerg	7480	2024	5
Ringkøbing-Skjern	760	Vildbjerg	7480	2025	5
Ringkøbing-Skjern	760	Vildbjerg	7480	2026	5
Ringkøbing-Skjern	760	Ukendt	9999	2010	9
Ringkøbing-Skjern	760	Ukendt	9999	2011	5
Ringkøbing-Skjern	760	Ukendt	9999	2012	8
Ringkøbing-Skjern	760	Ukendt	9999	2013	4
Ringkøbing-Skjern	760	Ukendt	9999	2014	4
Ringkøbing-Skjern	760	Ukendt	9999	2015	0
Ringkøbing-Skjern	760	Ukendt	9999	2016	25
Ringkøbing-Skjern	760	Ukendt	9999	2017	0
Ringkøbing-Skjern	760	Ukendt	9999	2018	0
Ringkøbing-Skjern	760	Ukendt	9999	2019	0
Ringkøbing-Skjern	760	Ukendt	9999	2020	0
Ringkøbing-Skjern	760	Ukendt	9999	2021	15
Ringkøbing-Skjern	760	Ukendt	9999	2022	2
Ringkøbing-Skjern	760	Ukendt	9999	2023	6
Ringkøbing-Skjern	760	Ukendt	9999	2024	5
Ringkøbing-Skjern	760	Ukendt	9999	2025	3
Ringkøbing-Skjern	760	Ukendt	9999	2026	4
Hedensted	766	Vejle	7100	2010	1764
Hedensted	766	Vejle	7100	2011	1767
Hedensted	766	Vejle	7100	2012	1758
Hedensted	766	Vejle	7100	2013	1765
Hedensted	766	Vejle	7100	2014	1741
Hedensted	766	Vejle	7100	2015	1743
Hedensted	766	Vejle	7100	2016	1737
Hedensted	766	Vejle	7100	2017	1764
Hedensted	766	Vejle	7100	2018	1753
Hedensted	766	Vejle	7100	2019	1776
Hedensted	766	Vejle	7100	2020	1802
Hedensted	766	Vejle	7100	2021	1804
Hedensted	766	Vejle	7100	2022	1824
Hedensted	766	Vejle	7100	2023	1856
Hedensted	766	Vejle	7100	2024	1847
Hedensted	766	Vejle	7100	2025	1860
Hedensted	766	Vejle	7100	2026	1890
Hedensted	766	Vejle Øst	7120	2010	8
Hedensted	766	Vejle Øst	7120	2011	8
Hedensted	766	Vejle Øst	7120	2012	8
Hedensted	766	Vejle Øst	7120	2013	8
Hedensted	766	Vejle Øst	7120	2014	8
Hedensted	766	Vejle Øst	7120	2015	8
Hedensted	766	Vejle Øst	7120	2016	9
Hedensted	766	Vejle Øst	7120	2017	8
Hedensted	766	Vejle Øst	7120	2018	7
Hedensted	766	Vejle Øst	7120	2019	7
Hedensted	766	Vejle Øst	7120	2020	7
Hedensted	766	Vejle Øst	7120	2021	7
Hedensted	766	Vejle Øst	7120	2022	7
Hedensted	766	Vejle Øst	7120	2023	6
Hedensted	766	Vejle Øst	7120	2024	6
Hedensted	766	Vejle Øst	7120	2025	6
Hedensted	766	Vejle Øst	7120	2026	6
Hedensted	766	Juelsminde	7130	2010	8905
Hedensted	766	Juelsminde	7130	2011	8907
Hedensted	766	Juelsminde	7130	2012	8952
Hedensted	766	Juelsminde	7130	2013	8946
Hedensted	766	Juelsminde	7130	2014	8923
Hedensted	766	Juelsminde	7130	2015	8967
Hedensted	766	Juelsminde	7130	2016	8937
Hedensted	766	Juelsminde	7130	2017	8971
Hedensted	766	Juelsminde	7130	2018	8998
Hedensted	766	Juelsminde	7130	2019	8998
Hedensted	766	Juelsminde	7130	2020	8910
Hedensted	766	Juelsminde	7130	2021	8881
Hedensted	766	Juelsminde	7130	2022	8961
Hedensted	766	Juelsminde	7130	2023	8927
Hedensted	766	Juelsminde	7130	2024	8869
Hedensted	766	Juelsminde	7130	2025	8857
Hedensted	766	Juelsminde	7130	2026	8883
Hedensted	766	Stouby	7140	2010	1981
Hedensted	766	Stouby	7140	2011	2000
Hedensted	766	Stouby	7140	2012	2000
Hedensted	766	Stouby	7140	2013	1953
Hedensted	766	Stouby	7140	2014	1924
Hedensted	766	Stouby	7140	2015	1932
Hedensted	766	Stouby	7140	2016	1955
Hedensted	766	Stouby	7140	2017	1940
Hedensted	766	Stouby	7140	2018	2012
Hedensted	766	Stouby	7140	2019	1993
Hedensted	766	Stouby	7140	2020	1999
Hedensted	766	Stouby	7140	2021	1983
Hedensted	766	Stouby	7140	2022	1964
Hedensted	766	Stouby	7140	2023	2001
Hedensted	766	Stouby	7140	2024	1952
Hedensted	766	Stouby	7140	2025	1938
Hedensted	766	Stouby	7140	2026	1943
Hedensted	766	Barrit	7150	2010	1486
Hedensted	766	Barrit	7150	2011	1478
Hedensted	766	Barrit	7150	2012	1489
Hedensted	766	Barrit	7150	2013	1468
Hedensted	766	Barrit	7150	2014	1430
Hedensted	766	Barrit	7150	2015	1448
Hedensted	766	Barrit	7150	2016	1459
Hedensted	766	Barrit	7150	2017	1439
Hedensted	766	Barrit	7150	2018	1391
Hedensted	766	Barrit	7150	2019	1410
Hedensted	766	Barrit	7150	2020	1387
Hedensted	766	Barrit	7150	2021	1373
Hedensted	766	Barrit	7150	2022	1388
Hedensted	766	Barrit	7150	2023	1344
Hedensted	766	Barrit	7150	2024	1323
Hedensted	766	Barrit	7150	2025	1337
Hedensted	766	Barrit	7150	2026	1320
Hedensted	766	Tørring	7160	2010	5192
Hedensted	766	Tørring	7160	2011	5169
Hedensted	766	Tørring	7160	2012	5178
Hedensted	766	Tørring	7160	2013	5193
Hedensted	766	Tørring	7160	2014	5228
Hedensted	766	Tørring	7160	2015	5316
Hedensted	766	Tørring	7160	2016	5328
Hedensted	766	Tørring	7160	2017	5450
Hedensted	766	Tørring	7160	2018	5471
Hedensted	766	Tørring	7160	2019	5464
Hedensted	766	Tørring	7160	2020	5477
Hedensted	766	Tørring	7160	2021	5559
Hedensted	766	Tørring	7160	2022	5609
Hedensted	766	Tørring	7160	2023	5678
Hedensted	766	Tørring	7160	2024	5743
Hedensted	766	Tørring	7160	2025	5764
Hedensted	766	Tørring	7160	2026	5823
Hedensted	766	Uldum	7171	2010	2179
Hedensted	766	Uldum	7171	2011	2176
Hedensted	766	Uldum	7171	2012	2176
Hedensted	766	Uldum	7171	2013	2153
Hedensted	766	Uldum	7171	2014	2138
Hedensted	766	Uldum	7171	2015	2151
Hedensted	766	Uldum	7171	2016	2116
Hedensted	766	Uldum	7171	2017	2117
Hedensted	766	Uldum	7171	2018	2153
Hedensted	766	Uldum	7171	2019	2167
Hedensted	766	Uldum	7171	2020	2160
Hedensted	766	Uldum	7171	2021	2131
Hedensted	766	Uldum	7171	2022	2116
Hedensted	766	Uldum	7171	2023	2136
Hedensted	766	Uldum	7171	2024	2114
Hedensted	766	Uldum	7171	2025	2090
Hedensted	766	Uldum	7171	2026	2145
Hedensted	766	Vonge	7173	2010	5
Hedensted	766	Vonge	7173	2011	5
Hedensted	766	Vonge	7173	2012	6
Hedensted	766	Vonge	7173	2013	5
Hedensted	766	Vonge	7173	2014	0
Hedensted	766	Vonge	7173	2015	0
Hedensted	766	Vonge	7173	2016	0
Hedensted	766	Vonge	7173	2017	0
Hedensted	766	Vonge	7173	2018	0
Hedensted	766	Vonge	7173	2019	0
Hedensted	766	Vonge	7173	2020	0
Hedensted	766	Vonge	7173	2021	0
Hedensted	766	Vonge	7173	2022	0
Hedensted	766	Vonge	7173	2023	0
Hedensted	766	Vonge	7173	2024	0
Hedensted	766	Vonge	7173	2025	0
Hedensted	766	Vonge	7173	2026	0
Hedensted	766	Horsens	8700	2010	710
Hedensted	766	Horsens	8700	2011	708
Hedensted	766	Horsens	8700	2012	702
Hedensted	766	Horsens	8700	2013	694
Hedensted	766	Horsens	8700	2014	686
Hedensted	766	Horsens	8700	2015	692
Hedensted	766	Horsens	8700	2016	701
Hedensted	766	Horsens	8700	2017	683
Hedensted	766	Horsens	8700	2018	680
Hedensted	766	Horsens	8700	2019	689
Hedensted	766	Horsens	8700	2020	695
Hedensted	766	Horsens	8700	2021	719
Hedensted	766	Horsens	8700	2022	721
Hedensted	766	Horsens	8700	2023	723
Hedensted	766	Horsens	8700	2024	719
Hedensted	766	Horsens	8700	2025	708
Hedensted	766	Horsens	8700	2026	716
Hedensted	766	Daugård	8721	2010	1705
Hedensted	766	Daugård	8721	2011	1683
Hedensted	766	Daugård	8721	2012	1729
Hedensted	766	Daugård	8721	2013	1701
Hedensted	766	Daugård	8721	2014	1660
Hedensted	766	Daugård	8721	2015	1660
Hedensted	766	Daugård	8721	2016	1669
Hedensted	766	Daugård	8721	2017	1696
Hedensted	766	Daugård	8721	2018	1671
Hedensted	766	Daugård	8721	2019	1654
Hedensted	766	Daugård	8721	2020	1681
Hedensted	766	Daugård	8721	2021	1676
Hedensted	766	Daugård	8721	2022	1667
Hedensted	766	Daugård	8721	2023	1678
Hedensted	766	Daugård	8721	2024	1685
Hedensted	766	Daugård	8721	2025	1688
Hedensted	766	Daugård	8721	2026	1655
Hedensted	766	Hedensted	8722	2010	8368
Hedensted	766	Hedensted	8722	2011	8389
Hedensted	766	Hedensted	8722	2012	8426
Hedensted	766	Hedensted	8722	2013	8480
Hedensted	766	Hedensted	8722	2014	8503
Hedensted	766	Hedensted	8722	2015	8730
Hedensted	766	Hedensted	8722	2016	8760
Hedensted	766	Hedensted	8722	2017	8884
Hedensted	766	Hedensted	8722	2018	8892
Hedensted	766	Hedensted	8722	2019	8962
Hedensted	766	Hedensted	8722	2020	9068
Hedensted	766	Hedensted	8722	2021	9146
Hedensted	766	Hedensted	8722	2022	9344
Hedensted	766	Hedensted	8722	2023	9719
Hedensted	766	Hedensted	8722	2024	10084
Hedensted	766	Hedensted	8722	2025	10474
Hedensted	766	Hedensted	8722	2026	10617
Hedensted	766	Løsning	8723	2010	7298
Hedensted	766	Løsning	8723	2011	7348
Hedensted	766	Løsning	8723	2012	7295
Hedensted	766	Løsning	8723	2013	7267
Hedensted	766	Løsning	8723	2014	7253
Hedensted	766	Løsning	8723	2015	7221
Hedensted	766	Løsning	8723	2016	7270
Hedensted	766	Løsning	8723	2017	7273
Hedensted	766	Løsning	8723	2018	7305
Hedensted	766	Løsning	8723	2019	7334
Hedensted	766	Løsning	8723	2020	7285
Hedensted	766	Løsning	8723	2021	7221
Hedensted	766	Løsning	8723	2022	7194
Hedensted	766	Løsning	8723	2023	7232
Hedensted	766	Løsning	8723	2024	7181
Hedensted	766	Løsning	8723	2025	7213
Hedensted	766	Løsning	8723	2026	7331
Hedensted	766	Flemming	8762	2010	1064
Hedensted	766	Flemming	8762	2011	1058
Hedensted	766	Flemming	8762	2012	1044
Hedensted	766	Flemming	8762	2013	1055
Hedensted	766	Flemming	8762	2014	1047
Hedensted	766	Flemming	8762	2015	1044
Hedensted	766	Flemming	8762	2016	1060
Hedensted	766	Flemming	8762	2017	1059
Hedensted	766	Flemming	8762	2018	1036
Hedensted	766	Flemming	8762	2019	1042
Hedensted	766	Flemming	8762	2020	1018
Hedensted	766	Flemming	8762	2021	1021
Hedensted	766	Flemming	8762	2022	1016
Hedensted	766	Flemming	8762	2023	1003
Hedensted	766	Flemming	8762	2024	955
Hedensted	766	Flemming	8762	2025	975
Hedensted	766	Flemming	8762	2026	987
Hedensted	766	Rask Mølle	8763	2010	1624
Hedensted	766	Rask Mølle	8763	2011	1621
Hedensted	766	Rask Mølle	8763	2012	1624
Hedensted	766	Rask Mølle	8763	2013	1594
Hedensted	766	Rask Mølle	8763	2014	1574
Hedensted	766	Rask Mølle	8763	2015	1599
Hedensted	766	Rask Mølle	8763	2016	1616
Hedensted	766	Rask Mølle	8763	2017	1596
Hedensted	766	Rask Mølle	8763	2018	1597
Hedensted	766	Rask Mølle	8763	2019	1633
Hedensted	766	Rask Mølle	8763	2020	1633
Hedensted	766	Rask Mølle	8763	2021	1662
Hedensted	766	Rask Mølle	8763	2022	1649
Hedensted	766	Rask Mølle	8763	2023	1674
Hedensted	766	Rask Mølle	8763	2024	1661
Hedensted	766	Rask Mølle	8763	2025	1662
Hedensted	766	Rask Mølle	8763	2026	1673
Hedensted	766	Nørre Snede	8766	2010	8
Hedensted	766	Nørre Snede	8766	2011	10
Hedensted	766	Nørre Snede	8766	2012	13
Hedensted	766	Nørre Snede	8766	2013	10
Hedensted	766	Nørre Snede	8766	2014	9
Hedensted	766	Nørre Snede	8766	2015	9
Hedensted	766	Nørre Snede	8766	2016	9
Hedensted	766	Nørre Snede	8766	2017	9
Hedensted	766	Nørre Snede	8766	2018	9
Hedensted	766	Nørre Snede	8766	2019	9
Hedensted	766	Nørre Snede	8766	2020	9
Hedensted	766	Nørre Snede	8766	2021	14
Hedensted	766	Nørre Snede	8766	2022	14
Hedensted	766	Nørre Snede	8766	2023	14
Hedensted	766	Nørre Snede	8766	2024	13
Hedensted	766	Nørre Snede	8766	2025	12
Hedensted	766	Nørre Snede	8766	2026	8
Hedensted	766	Stenderup	8781	2010	659
Hedensted	766	Stenderup	8781	2011	631
Hedensted	766	Stenderup	8781	2012	635
Hedensted	766	Stenderup	8781	2013	650
Hedensted	766	Stenderup	8781	2014	654
Hedensted	766	Stenderup	8781	2015	652
Hedensted	766	Stenderup	8781	2016	653
Hedensted	766	Stenderup	8781	2017	652
Hedensted	766	Stenderup	8781	2018	679
Hedensted	766	Stenderup	8781	2019	675
Hedensted	766	Stenderup	8781	2020	670
Hedensted	766	Stenderup	8781	2021	672
Hedensted	766	Stenderup	8781	2022	669
Hedensted	766	Stenderup	8781	2023	672
Hedensted	766	Stenderup	8781	2024	655
Hedensted	766	Stenderup	8781	2025	633
Hedensted	766	Stenderup	8781	2026	637
Hedensted	766	Hornsyld	8783	2010	2991
Hedensted	766	Hornsyld	8783	2011	2990
Hedensted	766	Hornsyld	8783	2012	2968
Hedensted	766	Hornsyld	8783	2013	2889
Hedensted	766	Hornsyld	8783	2014	2903
Hedensted	766	Hornsyld	8783	2015	2884
Hedensted	766	Hornsyld	8783	2016	2890
Hedensted	766	Hornsyld	8783	2017	2936
Hedensted	766	Hornsyld	8783	2018	2928
Hedensted	766	Hornsyld	8783	2019	2901
Hedensted	766	Hornsyld	8783	2020	2886
Hedensted	766	Hornsyld	8783	2021	2849
Hedensted	766	Hornsyld	8783	2022	2915
Hedensted	766	Hornsyld	8783	2023	2896
Hedensted	766	Hornsyld	8783	2024	2874
Hedensted	766	Hornsyld	8783	2025	2905
Hedensted	766	Hornsyld	8783	2026	2902
Hedensted	766	Ukendt	9999	2010	35
Hedensted	766	Ukendt	9999	2011	32
Hedensted	766	Ukendt	9999	2012	26
Hedensted	766	Ukendt	9999	2013	37
Hedensted	766	Ukendt	9999	2014	34
Hedensted	766	Ukendt	9999	2015	35
Hedensted	766	Ukendt	9999	2016	37
Hedensted	766	Ukendt	9999	2017	47
Hedensted	766	Ukendt	9999	2018	34
Hedensted	766	Ukendt	9999	2019	33
Hedensted	766	Ukendt	9999	2020	35
Hedensted	766	Ukendt	9999	2021	55
Hedensted	766	Ukendt	9999	2022	41
Hedensted	766	Ukendt	9999	2023	50
Hedensted	766	Ukendt	9999	2024	44
Hedensted	766	Ukendt	9999	2025	45
Hedensted	766	Ukendt	9999	2026	42
Morsø	773	Nykøbing M	7900	2010	14311
Morsø	773	Nykøbing M	7900	2011	14175
Morsø	773	Nykøbing M	7900	2012	14125
Morsø	773	Nykøbing M	7900	2013	13916
Morsø	773	Nykøbing M	7900	2014	13817
Morsø	773	Nykøbing M	7900	2015	13682
Morsø	773	Nykøbing M	7900	2016	13633
Morsø	773	Nykøbing M	7900	2017	13688
Morsø	773	Nykøbing M	7900	2018	13604
Morsø	773	Nykøbing M	7900	2019	13522
Morsø	773	Nykøbing M	7900	2020	13499
Morsø	773	Nykøbing M	7900	2021	13361
Morsø	773	Nykøbing M	7900	2022	13369
Morsø	773	Nykøbing M	7900	2023	13295
Morsø	773	Nykøbing M	7900	2024	13181
Morsø	773	Nykøbing M	7900	2025	13049
Morsø	773	Nykøbing M	7900	2026	13028
Morsø	773	Erslev	7950	2010	3568
Morsø	773	Erslev	7950	2011	3511
Morsø	773	Erslev	7950	2012	3455
Morsø	773	Erslev	7950	2013	3475
Morsø	773	Erslev	7950	2014	3448
Morsø	773	Erslev	7950	2015	3400
Morsø	773	Erslev	7950	2016	3361
Morsø	773	Erslev	7950	2017	3356
Morsø	773	Erslev	7950	2018	3334
Morsø	773	Erslev	7950	2019	3343
Morsø	773	Erslev	7950	2020	3287
Morsø	773	Erslev	7950	2021	3251
Morsø	773	Erslev	7950	2022	3257
Morsø	773	Erslev	7950	2023	3217
Morsø	773	Erslev	7950	2024	3189
Morsø	773	Erslev	7950	2025	3155
Morsø	773	Erslev	7950	2026	3077
Morsø	773	Karby	7960	2010	1001
Morsø	773	Karby	7960	2011	1020
Morsø	773	Karby	7960	2012	1013
Morsø	773	Karby	7960	2013	961
Morsø	773	Karby	7960	2014	947
Morsø	773	Karby	7960	2015	924
Morsø	773	Karby	7960	2016	900
Morsø	773	Karby	7960	2017	905
Morsø	773	Karby	7960	2018	907
Morsø	773	Karby	7960	2019	894
Morsø	773	Karby	7960	2020	876
Morsø	773	Karby	7960	2021	864
Morsø	773	Karby	7960	2022	852
Morsø	773	Karby	7960	2023	846
Morsø	773	Karby	7960	2024	844
Morsø	773	Karby	7960	2025	805
Morsø	773	Karby	7960	2026	794
Morsø	773	Redsted M	7970	2010	811
Morsø	773	Redsted M	7970	2011	812
Morsø	773	Redsted M	7970	2012	791
Morsø	773	Redsted M	7970	2013	811
Morsø	773	Redsted M	7970	2014	780
Morsø	773	Redsted M	7970	2015	794
Morsø	773	Redsted M	7970	2016	777
Morsø	773	Redsted M	7970	2017	774
Morsø	773	Redsted M	7970	2018	750
Morsø	773	Redsted M	7970	2019	743
Morsø	773	Redsted M	7970	2020	715
Morsø	773	Redsted M	7970	2021	731
Morsø	773	Redsted M	7970	2022	732
Morsø	773	Redsted M	7970	2023	728
Morsø	773	Redsted M	7970	2024	722
Morsø	773	Redsted M	7970	2025	728
Morsø	773	Redsted M	7970	2026	700
Morsø	773	Vils	7980	2010	792
Morsø	773	Vils	7980	2011	778
Morsø	773	Vils	7980	2012	790
Morsø	773	Vils	7980	2013	778
Morsø	773	Vils	7980	2014	776
Morsø	773	Vils	7980	2015	771
Morsø	773	Vils	7980	2016	758
Morsø	773	Vils	7980	2017	748
Morsø	773	Vils	7980	2018	767
Morsø	773	Vils	7980	2019	747
Morsø	773	Vils	7980	2020	740
Morsø	773	Vils	7980	2021	733
Morsø	773	Vils	7980	2022	737
Morsø	773	Vils	7980	2023	741
Morsø	773	Vils	7980	2024	703
Morsø	773	Vils	7980	2025	726
Morsø	773	Vils	7980	2026	706
Morsø	773	Øster Assels	7990	2010	1350
Morsø	773	Øster Assels	7990	2011	1304
Morsø	773	Øster Assels	7990	2012	1300
Morsø	773	Øster Assels	7990	2013	1245
Morsø	773	Øster Assels	7990	2014	1235
Morsø	773	Øster Assels	7990	2015	1245
Morsø	773	Øster Assels	7990	2016	1200
Morsø	773	Øster Assels	7990	2017	1194
Morsø	773	Øster Assels	7990	2018	1152
Morsø	773	Øster Assels	7990	2019	1154
Morsø	773	Øster Assels	7990	2020	1130
Morsø	773	Øster Assels	7990	2021	1126
Morsø	773	Øster Assels	7990	2022	1121
Morsø	773	Øster Assels	7990	2023	1099
Morsø	773	Øster Assels	7990	2024	1095
Morsø	773	Øster Assels	7990	2025	1057
Morsø	773	Øster Assels	7990	2026	1039
Morsø	773	Ukendt	9999	2010	0
Morsø	773	Ukendt	9999	2011	0
Morsø	773	Ukendt	9999	2012	0
Morsø	773	Ukendt	9999	2013	3
Morsø	773	Ukendt	9999	2014	0
Morsø	773	Ukendt	9999	2015	0
Morsø	773	Ukendt	9999	2016	0
Morsø	773	Ukendt	9999	2017	0
Morsø	773	Ukendt	9999	2018	0
Morsø	773	Ukendt	9999	2019	0
Morsø	773	Ukendt	9999	2020	0
Morsø	773	Ukendt	9999	2021	0
Morsø	773	Ukendt	9999	2022	0
Morsø	773	Ukendt	9999	2023	1
Morsø	773	Ukendt	9999	2024	0
Morsø	773	Ukendt	9999	2025	0
Morsø	773	Ukendt	9999	2026	0
Skive	779	Skive	7800	2010	23644
Skive	779	Skive	7800	2011	23693
Skive	779	Skive	7800	2012	23587
Skive	779	Skive	7800	2013	23498
Skive	779	Skive	7800	2014	23476
Skive	779	Skive	7800	2015	23380
Skive	779	Skive	7800	2016	23526
Skive	779	Skive	7800	2017	23621
Skive	779	Skive	7800	2018	23709
Skive	779	Skive	7800	2019	23466
Skive	779	Skive	7800	2020	23414
Skive	779	Skive	7800	2021	23225
Skive	779	Skive	7800	2022	23028
Skive	779	Skive	7800	2023	23070
Skive	779	Skive	7800	2024	22949
Skive	779	Skive	7800	2025	22840
Skive	779	Skive	7800	2026	22814
Skive	779	Vinderup	7830	2010	1
Skive	779	Vinderup	7830	2011	1
Skive	779	Vinderup	7830	2012	4
Skive	779	Vinderup	7830	2013	3
Skive	779	Vinderup	7830	2014	4
Skive	779	Vinderup	7830	2015	3
Skive	779	Vinderup	7830	2016	3
Skive	779	Vinderup	7830	2017	3
Skive	779	Vinderup	7830	2018	3
Skive	779	Vinderup	7830	2019	3
Skive	779	Vinderup	7830	2020	3
Skive	779	Vinderup	7830	2021	4
Skive	779	Vinderup	7830	2022	5
Skive	779	Vinderup	7830	2023	5
Skive	779	Vinderup	7830	2024	4
Skive	779	Vinderup	7830	2025	4
Skive	779	Vinderup	7830	2026	5
Skive	779	Højslev	7840	2010	4760
Skive	779	Højslev	7840	2011	4781
Skive	779	Højslev	7840	2012	4770
Skive	779	Højslev	7840	2013	4798
Skive	779	Højslev	7840	2014	4832
Skive	779	Højslev	7840	2015	4785
Skive	779	Højslev	7840	2016	4760
Skive	779	Højslev	7840	2017	4716
Skive	779	Højslev	7840	2018	4756
Skive	779	Højslev	7840	2019	4816
Skive	779	Højslev	7840	2020	4778
Skive	779	Højslev	7840	2021	4740
Skive	779	Højslev	7840	2022	4731
Skive	779	Højslev	7840	2023	4705
Skive	779	Højslev	7840	2024	4670
Skive	779	Højslev	7840	2025	4624
Skive	779	Højslev	7840	2026	4556
Skive	779	Spøttrup	7860	2010	7783
Skive	779	Spøttrup	7860	2011	7719
Skive	779	Spøttrup	7860	2012	7617
Skive	779	Spøttrup	7860	2013	7517
Skive	779	Spøttrup	7860	2014	7379
Skive	779	Spøttrup	7860	2015	7325
Skive	779	Spøttrup	7860	2016	7256
Skive	779	Spøttrup	7860	2017	7212
Skive	779	Spøttrup	7860	2018	7159
Skive	779	Spøttrup	7860	2019	7040
Skive	779	Spøttrup	7860	2020	6935
Skive	779	Spøttrup	7860	2021	6866
Skive	779	Spøttrup	7860	2022	6804
Skive	779	Spøttrup	7860	2023	6838
Skive	779	Spøttrup	7860	2024	6786
Skive	779	Spøttrup	7860	2025	6637
Skive	779	Spøttrup	7860	2026	6597
Skive	779	Roslev	7870	2010	11073
Skive	779	Roslev	7870	2011	10922
Skive	779	Roslev	7870	2012	10771
Skive	779	Roslev	7870	2013	10631
Skive	779	Roslev	7870	2014	10420
Skive	779	Roslev	7870	2015	10333
Skive	779	Roslev	7870	2016	10305
Skive	779	Roslev	7870	2017	10187
Skive	779	Roslev	7870	2018	10129
Skive	779	Roslev	7870	2019	10089
Skive	779	Roslev	7870	2020	9920
Skive	779	Roslev	7870	2021	9803
Skive	779	Roslev	7870	2022	9727
Skive	779	Roslev	7870	2023	9680
Skive	779	Roslev	7870	2024	9554
Skive	779	Roslev	7870	2025	9456
Skive	779	Roslev	7870	2026	9373
Skive	779	Fur	7884	2010	856
Skive	779	Fur	7884	2011	855
Skive	779	Fur	7884	2012	842
Skive	779	Fur	7884	2013	826
Skive	779	Fur	7884	2014	809
Skive	779	Fur	7884	2015	788
Skive	779	Fur	7884	2016	765
Skive	779	Fur	7884	2017	771
Skive	779	Fur	7884	2018	799
Skive	779	Fur	7884	2019	780
Skive	779	Fur	7884	2020	767
Skive	779	Fur	7884	2021	757
Skive	779	Fur	7884	2022	752
Skive	779	Fur	7884	2023	732
Skive	779	Fur	7884	2024	730
Skive	779	Fur	7884	2025	732
Skive	779	Fur	7884	2026	735
Skive	779	Ukendt	9999	2010	20
Skive	779	Ukendt	9999	2011	15
Skive	779	Ukendt	9999	2012	29
Skive	779	Ukendt	9999	2013	18
Skive	779	Ukendt	9999	2014	22
Skive	779	Ukendt	9999	2015	27
Skive	779	Ukendt	9999	2016	24
Skive	779	Ukendt	9999	2017	30
Skive	779	Ukendt	9999	2018	44
Skive	779	Ukendt	9999	2019	30
Skive	779	Ukendt	9999	2020	34
Skive	779	Ukendt	9999	2021	30
Skive	779	Ukendt	9999	2022	31
Skive	779	Ukendt	9999	2023	39
Skive	779	Ukendt	9999	2024	46
Skive	779	Ukendt	9999	2025	35
Skive	779	Ukendt	9999	2026	24
Thisted	787	Thisted	7700	2010	25018
Thisted	787	Thisted	7700	2011	25051
Thisted	787	Thisted	7700	2012	25089
Thisted	787	Thisted	7700	2013	24894
Thisted	787	Thisted	7700	2014	24871
Thisted	787	Thisted	7700	2015	24875
Thisted	787	Thisted	7700	2016	24947
Thisted	787	Thisted	7700	2017	24951
Thisted	787	Thisted	7700	2018	25016
Thisted	787	Thisted	7700	2019	25015
Thisted	787	Thisted	7700	2020	24961
Thisted	787	Thisted	7700	2021	24966
Thisted	787	Thisted	7700	2022	25044
Thisted	787	Thisted	7700	2023	25326
Thisted	787	Thisted	7700	2024	25263
Thisted	787	Thisted	7700	2025	25138
Thisted	787	Thisted	7700	2026	25228
Thisted	787	Hanstholm	7730	2010	3177
Thisted	787	Hanstholm	7730	2011	3152
Thisted	787	Hanstholm	7730	2012	3074
Thisted	787	Hanstholm	7730	2013	3067
Thisted	787	Hanstholm	7730	2014	2997
Thisted	787	Hanstholm	7730	2015	2978
Thisted	787	Hanstholm	7730	2016	2968
Thisted	787	Hanstholm	7730	2017	2969
Thisted	787	Hanstholm	7730	2018	2940
Thisted	787	Hanstholm	7730	2019	2951
Thisted	787	Hanstholm	7730	2020	2903
Thisted	787	Hanstholm	7730	2021	2842
Thisted	787	Hanstholm	7730	2022	2845
Thisted	787	Hanstholm	7730	2023	2830
Thisted	787	Hanstholm	7730	2024	2806
Thisted	787	Hanstholm	7730	2025	2763
Thisted	787	Hanstholm	7730	2026	2739
Thisted	787	Frøstrup	7741	2010	1428
Thisted	787	Frøstrup	7741	2011	1448
Thisted	787	Frøstrup	7741	2012	1428
Thisted	787	Frøstrup	7741	2013	1385
Thisted	787	Frøstrup	7741	2014	1385
Thisted	787	Frøstrup	7741	2015	1381
Thisted	787	Frøstrup	7741	2016	1373
Thisted	787	Frøstrup	7741	2017	1342
Thisted	787	Frøstrup	7741	2018	1330
Thisted	787	Frøstrup	7741	2019	1349
Thisted	787	Frøstrup	7741	2020	1325
Thisted	787	Frøstrup	7741	2021	1296
Thisted	787	Frøstrup	7741	2022	1308
Thisted	787	Frøstrup	7741	2023	1309
Thisted	787	Frøstrup	7741	2024	1290
Thisted	787	Frøstrup	7741	2025	1293
Thisted	787	Frøstrup	7741	2026	1258
Thisted	787	Vesløs	7742	2010	1236
Thisted	787	Vesløs	7742	2011	1232
Thisted	787	Vesløs	7742	2012	1216
Thisted	787	Vesløs	7742	2013	1200
Thisted	787	Vesløs	7742	2014	1185
Thisted	787	Vesløs	7742	2015	1144
Thisted	787	Vesløs	7742	2016	1111
Thisted	787	Vesløs	7742	2017	1098
Thisted	787	Vesløs	7742	2018	1103
Thisted	787	Vesløs	7742	2019	1085
Thisted	787	Vesløs	7742	2020	1076
Thisted	787	Vesløs	7742	2021	1063
Thisted	787	Vesløs	7742	2022	1049
Thisted	787	Vesløs	7742	2023	1074
Thisted	787	Vesløs	7742	2024	1035
Thisted	787	Vesløs	7742	2025	1009
Thisted	787	Vesløs	7742	2026	994
Thisted	787	Snedsted	7752	2010	5223
Thisted	787	Snedsted	7752	2011	5140
Thisted	787	Snedsted	7752	2012	5104
Thisted	787	Snedsted	7752	2013	5053
Thisted	787	Snedsted	7752	2014	4966
Thisted	787	Snedsted	7752	2015	4919
Thisted	787	Snedsted	7752	2016	4895
Thisted	787	Snedsted	7752	2017	4843
Thisted	787	Snedsted	7752	2018	4811
Thisted	787	Snedsted	7752	2019	4783
Thisted	787	Snedsted	7752	2020	4707
Thisted	787	Snedsted	7752	2021	4680
Thisted	787	Snedsted	7752	2022	4637
Thisted	787	Snedsted	7752	2023	4590
Thisted	787	Snedsted	7752	2024	4517
Thisted	787	Snedsted	7752	2025	4507
Thisted	787	Snedsted	7752	2026	4465
Thisted	787	Bedsted Thy	7755	2010	2598
Thisted	787	Bedsted Thy	7755	2011	2534
Thisted	787	Bedsted Thy	7755	2012	2497
Thisted	787	Bedsted Thy	7755	2013	2442
Thisted	787	Bedsted Thy	7755	2014	2440
Thisted	787	Bedsted Thy	7755	2015	2456
Thisted	787	Bedsted Thy	7755	2016	2432
Thisted	787	Bedsted Thy	7755	2017	2350
Thisted	787	Bedsted Thy	7755	2018	2315
Thisted	787	Bedsted Thy	7755	2019	2280
Thisted	787	Bedsted Thy	7755	2020	2288
Thisted	787	Bedsted Thy	7755	2021	2249
Thisted	787	Bedsted Thy	7755	2022	2220
Thisted	787	Bedsted Thy	7755	2023	2220
Thisted	787	Bedsted Thy	7755	2024	2148
Thisted	787	Bedsted Thy	7755	2025	2115
Thisted	787	Bedsted Thy	7755	2026	2101
Thisted	787	Hurup Thy	7760	2010	4894
Thisted	787	Hurup Thy	7760	2011	4904
Thisted	787	Hurup Thy	7760	2012	4836
Thisted	787	Hurup Thy	7760	2013	4803
Thisted	787	Hurup Thy	7760	2014	4777
Thisted	787	Hurup Thy	7760	2015	4721
Thisted	787	Hurup Thy	7760	2016	4670
Thisted	787	Hurup Thy	7760	2017	4682
Thisted	787	Hurup Thy	7760	2018	4654
Thisted	787	Hurup Thy	7760	2019	4658
Thisted	787	Hurup Thy	7760	2020	4603
Thisted	787	Hurup Thy	7760	2021	4521
Thisted	787	Hurup Thy	7760	2022	4491
Thisted	787	Hurup Thy	7760	2023	4517
Thisted	787	Hurup Thy	7760	2024	4487
Thisted	787	Hurup Thy	7760	2025	4439
Thisted	787	Hurup Thy	7760	2026	4390
Thisted	787	Vestervig	7770	2010	1701
Thisted	787	Vestervig	7770	2011	1660
Thisted	787	Vestervig	7770	2012	1649
Thisted	787	Vestervig	7770	2013	1616
Thisted	787	Vestervig	7770	2014	1581
Thisted	787	Vestervig	7770	2015	1569
Thisted	787	Vestervig	7770	2016	1554
Thisted	787	Vestervig	7770	2017	1540
Thisted	787	Vestervig	7770	2018	1511
Thisted	787	Vestervig	7770	2019	1501
Thisted	787	Vestervig	7770	2020	1519
Thisted	787	Vestervig	7770	2021	1500
Thisted	787	Vestervig	7770	2022	1459
Thisted	787	Vestervig	7770	2023	1461
Thisted	787	Vestervig	7770	2024	1406
Thisted	787	Vestervig	7770	2025	1397
Thisted	787	Vestervig	7770	2026	1363
Thisted	787	Ukendt	9999	2010	22
Thisted	787	Ukendt	9999	2011	24
Thisted	787	Ukendt	9999	2012	15
Thisted	787	Ukendt	9999	2013	34
Thisted	787	Ukendt	9999	2014	28
Thisted	787	Ukendt	9999	2015	35
Thisted	787	Ukendt	9999	2016	41
Thisted	787	Ukendt	9999	2017	51
Thisted	787	Ukendt	9999	2018	36
Thisted	787	Ukendt	9999	2019	38
Thisted	787	Ukendt	9999	2020	41
Thisted	787	Ukendt	9999	2021	43
Thisted	787	Ukendt	9999	2022	36
Thisted	787	Ukendt	9999	2023	56
Thisted	787	Ukendt	9999	2024	37
Thisted	787	Ukendt	9999	2025	37
Thisted	787	Ukendt	9999	2026	34
Viborg	791	Karup J	7470	2010	7134
Viborg	791	Karup J	7470	2011	7051
Viborg	791	Karup J	7470	2012	6994
Viborg	791	Karup J	7470	2013	6937
Viborg	791	Karup J	7470	2014	6934
Viborg	791	Karup J	7470	2015	6913
Viborg	791	Karup J	7470	2016	6920
Viborg	791	Karup J	7470	2017	6947
Viborg	791	Karup J	7470	2018	6952
Viborg	791	Karup J	7470	2019	6928
Viborg	791	Karup J	7470	2020	6869
Viborg	791	Karup J	7470	2021	6797
Viborg	791	Karup J	7470	2022	6767
Viborg	791	Karup J	7470	2023	6751
Viborg	791	Karup J	7470	2024	6670
Viborg	791	Karup J	7470	2025	6653
Viborg	791	Karup J	7470	2026	6566
Viborg	791	Skive	7800	2010	1862
Viborg	791	Skive	7800	2011	1842
Viborg	791	Skive	7800	2012	1817
Viborg	791	Skive	7800	2013	1790
Viborg	791	Skive	7800	2014	1782
Viborg	791	Skive	7800	2015	1770
Viborg	791	Skive	7800	2016	1778
Viborg	791	Skive	7800	2017	1789
Viborg	791	Skive	7800	2018	1764
Viborg	791	Skive	7800	2019	1777
Viborg	791	Skive	7800	2020	1766
Viborg	791	Skive	7800	2021	1752
Viborg	791	Skive	7800	2022	1739
Viborg	791	Skive	7800	2023	1726
Viborg	791	Skive	7800	2024	1716
Viborg	791	Skive	7800	2025	1687
Viborg	791	Skive	7800	2026	1686
Viborg	791	Højslev	7840	2010	25
Viborg	791	Højslev	7840	2011	25
Viborg	791	Højslev	7840	2012	24
Viborg	791	Højslev	7840	2013	23
Viborg	791	Højslev	7840	2014	19
Viborg	791	Højslev	7840	2015	19
Viborg	791	Højslev	7840	2016	18
Viborg	791	Højslev	7840	2017	20
Viborg	791	Højslev	7840	2018	22
Viborg	791	Højslev	7840	2019	18
Viborg	791	Højslev	7840	2020	17
Viborg	791	Højslev	7840	2021	18
Viborg	791	Højslev	7840	2022	18
Viborg	791	Højslev	7840	2023	16
Viborg	791	Højslev	7840	2024	14
Viborg	791	Højslev	7840	2025	13
Viborg	791	Højslev	7840	2026	13
Viborg	791	Stoholm Jyll	7850	2010	3679
Viborg	791	Stoholm Jyll	7850	2011	3691
Viborg	791	Stoholm Jyll	7850	2012	3732
Viborg	791	Stoholm Jyll	7850	2013	3699
Viborg	791	Stoholm Jyll	7850	2014	3679
Viborg	791	Stoholm Jyll	7850	2015	3644
Viborg	791	Stoholm Jyll	7850	2016	3672
Viborg	791	Stoholm Jyll	7850	2017	3713
Viborg	791	Stoholm Jyll	7850	2018	3724
Viborg	791	Stoholm Jyll	7850	2019	3724
Viborg	791	Stoholm Jyll	7850	2020	3684
Viborg	791	Stoholm Jyll	7850	2021	3658
Viborg	791	Stoholm Jyll	7850	2022	3674
Viborg	791	Stoholm Jyll	7850	2023	3712
Viborg	791	Stoholm Jyll	7850	2024	3684
Viborg	791	Stoholm Jyll	7850	2025	3647
Viborg	791	Stoholm Jyll	7850	2026	3652
Viborg	791	Kjellerup	8620	2010	5
Viborg	791	Kjellerup	8620	2011	4
Viborg	791	Kjellerup	8620	2012	4
Viborg	791	Kjellerup	8620	2013	2
Viborg	791	Kjellerup	8620	2014	2
Viborg	791	Kjellerup	8620	2015	2
Viborg	791	Kjellerup	8620	2016	2
Viborg	791	Kjellerup	8620	2017	2
Viborg	791	Kjellerup	8620	2018	2
Viborg	791	Kjellerup	8620	2019	2
Viborg	791	Kjellerup	8620	2020	2
Viborg	791	Kjellerup	8620	2021	4
Viborg	791	Kjellerup	8620	2022	4
Viborg	791	Kjellerup	8620	2023	4
Viborg	791	Kjellerup	8620	2024	1
Viborg	791	Kjellerup	8620	2025	1
Viborg	791	Kjellerup	8620	2026	1
Viborg	791	Ans By	8643	2010	6
Viborg	791	Ans By	8643	2011	5
Viborg	791	Ans By	8643	2012	5
Viborg	791	Ans By	8643	2013	5
Viborg	791	Ans By	8643	2014	5
Viborg	791	Ans By	8643	2015	5
Viborg	791	Ans By	8643	2016	5
Viborg	791	Ans By	8643	2017	5
Viborg	791	Ans By	8643	2018	5
Viborg	791	Ans By	8643	2019	5
Viborg	791	Ans By	8643	2020	5
Viborg	791	Ans By	8643	2021	5
Viborg	791	Ans By	8643	2022	5
Viborg	791	Ans By	8643	2023	5
Viborg	791	Ans By	8643	2024	5
Viborg	791	Ans By	8643	2025	5
Viborg	791	Ans By	8643	2026	5
Viborg	791	Viborg	8800	2010	45909
Viborg	791	Viborg	8800	2011	46165
Viborg	791	Viborg	8800	2012	46608
Viborg	791	Viborg	8800	2013	47168
Viborg	791	Viborg	8800	2014	47473
Viborg	791	Viborg	8800	2015	48089
Viborg	791	Viborg	8800	2016	48729
Viborg	791	Viborg	8800	2017	49190
Viborg	791	Viborg	8800	2018	49480
Viborg	791	Viborg	8800	2019	49762
Viborg	791	Viborg	8800	2020	49820
Viborg	791	Viborg	8800	2021	49843
Viborg	791	Viborg	8800	2022	50063
Viborg	791	Viborg	8800	2023	50976
Viborg	791	Viborg	8800	2024	51121
Viborg	791	Viborg	8800	2025	51502
Viborg	791	Viborg	8800	2026	52015
Viborg	791	Tjele	8830	2010	8843
Viborg	791	Tjele	8830	2011	9082
Viborg	791	Tjele	8830	2012	9081
Viborg	791	Tjele	8830	2013	9115
Viborg	791	Tjele	8830	2014	9072
Viborg	791	Tjele	8830	2015	9124
Viborg	791	Tjele	8830	2016	9065
Viborg	791	Tjele	8830	2017	9098
Viborg	791	Tjele	8830	2018	9211
Viborg	791	Tjele	8830	2019	9186
Viborg	791	Tjele	8830	2020	9104
Viborg	791	Tjele	8830	2021	9063
Viborg	791	Tjele	8830	2022	9026
Viborg	791	Tjele	8830	2023	9063
Viborg	791	Tjele	8830	2024	8983
Viborg	791	Tjele	8830	2025	8985
Viborg	791	Tjele	8830	2026	8880
Viborg	791	Løgstrup	8831	2010	3117
Viborg	791	Løgstrup	8831	2011	3143
Viborg	791	Løgstrup	8831	2012	3188
Viborg	791	Løgstrup	8831	2013	3210
Viborg	791	Løgstrup	8831	2014	3200
Viborg	791	Løgstrup	8831	2015	3206
Viborg	791	Løgstrup	8831	2016	3249
Viborg	791	Løgstrup	8831	2017	3289
Viborg	791	Løgstrup	8831	2018	3287
Viborg	791	Løgstrup	8831	2019	3280
Viborg	791	Løgstrup	8831	2020	3264
Viborg	791	Løgstrup	8831	2021	3294
Viborg	791	Løgstrup	8831	2022	3346
Viborg	791	Løgstrup	8831	2023	3330
Viborg	791	Løgstrup	8831	2024	3329
Viborg	791	Løgstrup	8831	2025	3294
Viborg	791	Løgstrup	8831	2026	3270
Viborg	791	Skals	8832	2010	3770
Viborg	791	Skals	8832	2011	3742
Viborg	791	Skals	8832	2012	3755
Viborg	791	Skals	8832	2013	3742
Viborg	791	Skals	8832	2014	3720
Viborg	791	Skals	8832	2015	3711
Viborg	791	Skals	8832	2016	3681
Viborg	791	Skals	8832	2017	3702
Viborg	791	Skals	8832	2018	3679
Viborg	791	Skals	8832	2019	3647
Viborg	791	Skals	8832	2020	3678
Viborg	791	Skals	8832	2021	3627
Viborg	791	Skals	8832	2022	3535
Viborg	791	Skals	8832	2023	3524
Viborg	791	Skals	8832	2024	3522
Viborg	791	Skals	8832	2025	3469
Viborg	791	Skals	8832	2026	3477
Viborg	791	Rødkærsbro	8840	2010	2666
Viborg	791	Rødkærsbro	8840	2011	2700
Viborg	791	Rødkærsbro	8840	2012	2666
Viborg	791	Rødkærsbro	8840	2013	2620
Viborg	791	Rødkærsbro	8840	2014	2615
Viborg	791	Rødkærsbro	8840	2015	2554
Viborg	791	Rødkærsbro	8840	2016	2632
Viborg	791	Rødkærsbro	8840	2017	2693
Viborg	791	Rødkærsbro	8840	2018	2735
Viborg	791	Rødkærsbro	8840	2019	2727
Viborg	791	Rødkærsbro	8840	2020	2760
Viborg	791	Rødkærsbro	8840	2021	2713
Viborg	791	Rødkærsbro	8840	2022	2693
Viborg	791	Rødkærsbro	8840	2023	2707
Viborg	791	Rødkærsbro	8840	2024	2662
Viborg	791	Rødkærsbro	8840	2025	2714
Viborg	791	Rødkærsbro	8840	2026	2718
Viborg	791	Bjerringbro	8850	2010	11129
Viborg	791	Bjerringbro	8850	2011	11079
Viborg	791	Bjerringbro	8850	2012	10983
Viborg	791	Bjerringbro	8850	2013	11056
Viborg	791	Bjerringbro	8850	2014	11024
Viborg	791	Bjerringbro	8850	2015	10952
Viborg	791	Bjerringbro	8850	2016	11017
Viborg	791	Bjerringbro	8850	2017	11091
Viborg	791	Bjerringbro	8850	2018	11050
Viborg	791	Bjerringbro	8850	2019	11076
Viborg	791	Bjerringbro	8850	2020	10999
Viborg	791	Bjerringbro	8850	2021	10929
Viborg	791	Bjerringbro	8850	2022	11027
Viborg	791	Bjerringbro	8850	2023	11045
Viborg	791	Bjerringbro	8850	2024	10934
Viborg	791	Bjerringbro	8850	2025	10874
Viborg	791	Bjerringbro	8850	2026	10862
Viborg	791	Ulstrup	8860	2010	5
Viborg	791	Ulstrup	8860	2011	2
Viborg	791	Ulstrup	8860	2012	6
Viborg	791	Ulstrup	8860	2013	6
Viborg	791	Ulstrup	8860	2014	7
Viborg	791	Ulstrup	8860	2015	7
Viborg	791	Ulstrup	8860	2016	8
Viborg	791	Ulstrup	8860	2017	8
Viborg	791	Ulstrup	8860	2018	8
Viborg	791	Ulstrup	8860	2019	9
Viborg	791	Ulstrup	8860	2020	9
Viborg	791	Ulstrup	8860	2021	9
Viborg	791	Ulstrup	8860	2022	9
Viborg	791	Ulstrup	8860	2023	9
Viborg	791	Ulstrup	8860	2024	9
Viborg	791	Ulstrup	8860	2025	9
Viborg	791	Ulstrup	8860	2026	9
Viborg	791	Randers C	8900	2010	0
Viborg	791	Randers C	8900	2011	0
Viborg	791	Randers C	8900	2012	0
Viborg	791	Randers C	8900	2013	0
Viborg	791	Randers C	8900	2014	0
Viborg	791	Randers C	8900	2015	0
Viborg	791	Randers C	8900	2016	0
Viborg	791	Randers C	8900	2017	0
Viborg	791	Randers C	8900	2018	0
Viborg	791	Randers C	8900	2019	0
Viborg	791	Randers C	8900	2020	0
Viborg	791	Randers C	8900	2021	0
Viborg	791	Randers C	8900	2022	0
Viborg	791	Randers C	8900	2023	0
Viborg	791	Randers C	8900	2024	0
Viborg	791	Randers C	8900	2025	0
Viborg	791	Randers C	8900	2026	0
Viborg	791	Randers NV	8920	2010	226
Viborg	791	Randers NV	8920	2011	0
Viborg	791	Randers NV	8920	2012	0
Viborg	791	Randers NV	8920	2013	0
Viborg	791	Randers NV	8920	2014	0
Viborg	791	Randers NV	8920	2015	0
Viborg	791	Randers NV	8920	2016	0
Viborg	791	Randers NV	8920	2017	0
Viborg	791	Randers NV	8920	2018	0
Viborg	791	Randers NV	8920	2019	0
Viborg	791	Randers NV	8920	2020	0
Viborg	791	Randers NV	8920	2021	0
Viborg	791	Randers NV	8920	2022	0
Viborg	791	Randers NV	8920	2023	0
Viborg	791	Randers NV	8920	2024	0
Viborg	791	Randers NV	8920	2025	0
Viborg	791	Randers NV	8920	2026	0
Viborg	791	Hobro	9500	2010	1400
Viborg	791	Hobro	9500	2011	1420
Viborg	791	Hobro	9500	2012	1433
Viborg	791	Hobro	9500	2013	1446
Viborg	791	Hobro	9500	2014	1435
Viborg	791	Hobro	9500	2015	1473
Viborg	791	Hobro	9500	2016	1468
Viborg	791	Hobro	9500	2017	1433
Viborg	791	Hobro	9500	2018	1437
Viborg	791	Hobro	9500	2019	1439
Viborg	791	Hobro	9500	2020	1432
Viborg	791	Hobro	9500	2021	1437
Viborg	791	Hobro	9500	2022	1408
Viborg	791	Hobro	9500	2023	1409
Viborg	791	Hobro	9500	2024	1392
Viborg	791	Hobro	9500	2025	1368
Viborg	791	Hobro	9500	2026	1346
Viborg	791	Aalestrup	9620	2010	655
Viborg	791	Aalestrup	9620	2011	650
Viborg	791	Aalestrup	9620	2012	633
Viborg	791	Aalestrup	9620	2013	624
Viborg	791	Aalestrup	9620	2014	641
Viborg	791	Aalestrup	9620	2015	633
Viborg	791	Aalestrup	9620	2016	622
Viborg	791	Aalestrup	9620	2017	614
Viborg	791	Aalestrup	9620	2018	628
Viborg	791	Aalestrup	9620	2019	622
Viborg	791	Aalestrup	9620	2020	623
Viborg	791	Aalestrup	9620	2021	629
Viborg	791	Aalestrup	9620	2022	619
Viborg	791	Aalestrup	9620	2023	592
Viborg	791	Aalestrup	9620	2024	593
Viborg	791	Aalestrup	9620	2025	580
Viborg	791	Aalestrup	9620	2026	555
Viborg	791	Gedsted	9631	2010	14
Viborg	791	Gedsted	9631	2011	12
Viborg	791	Gedsted	9631	2012	18
Viborg	791	Gedsted	9631	2013	19
Viborg	791	Gedsted	9631	2014	22
Viborg	791	Gedsted	9631	2015	24
Viborg	791	Gedsted	9631	2016	24
Viborg	791	Gedsted	9631	2017	30
Viborg	791	Gedsted	9631	2018	32
Viborg	791	Gedsted	9631	2019	30
Viborg	791	Gedsted	9631	2020	28
Viborg	791	Gedsted	9631	2021	26
Viborg	791	Gedsted	9631	2022	23
Viborg	791	Gedsted	9631	2023	25
Viborg	791	Gedsted	9631	2024	21
Viborg	791	Gedsted	9631	2025	22
Viborg	791	Gedsted	9631	2026	22
Viborg	791	Møldrup	9632	2010	2786
Viborg	791	Møldrup	9632	2011	2762
Viborg	791	Møldrup	9632	2012	2752
Viborg	791	Møldrup	9632	2013	2756
Viborg	791	Møldrup	9632	2014	2721
Viborg	791	Møldrup	9632	2015	2725
Viborg	791	Møldrup	9632	2016	2719
Viborg	791	Møldrup	9632	2017	2732
Viborg	791	Møldrup	9632	2018	2722
Viborg	791	Møldrup	9632	2019	2737
Viborg	791	Møldrup	9632	2020	2724
Viborg	791	Møldrup	9632	2021	2742
Viborg	791	Møldrup	9632	2022	2728
Viborg	791	Møldrup	9632	2023	2659
Viborg	791	Møldrup	9632	2024	2664
Viborg	791	Møldrup	9632	2025	2644
Viborg	791	Møldrup	9632	2026	2662
Viborg	791	Ukendt	9999	2010	79
Viborg	791	Ukendt	9999	2011	123
Viborg	791	Ukendt	9999	2012	120
Viborg	791	Ukendt	9999	2013	115
Viborg	791	Ukendt	9999	2014	135
Viborg	791	Ukendt	9999	2015	134
Viborg	791	Ukendt	9999	2016	167
Viborg	791	Ukendt	9999	2017	121
Viborg	791	Ukendt	9999	2018	145
Viborg	791	Ukendt	9999	2019	144
Viborg	791	Ukendt	9999	2020	137
Viborg	791	Ukendt	9999	2021	133
Viborg	791	Ukendt	9999	2022	163
Viborg	791	Ukendt	9999	2023	178
Viborg	791	Ukendt	9999	2024	152
Viborg	791	Ukendt	9999	2025	154
Viborg	791	Ukendt	9999	2026	135
Brønderslev	810	Hjallerup	9320	2010	6057
Brønderslev	810	Hjallerup	9320	2011	6118
Brønderslev	810	Hjallerup	9320	2012	6108
Brønderslev	810	Hjallerup	9320	2013	6110
Brønderslev	810	Hjallerup	9320	2014	6103
Brønderslev	810	Hjallerup	9320	2015	6141
Brønderslev	810	Hjallerup	9320	2016	6160
Brønderslev	810	Hjallerup	9320	2017	6147
Brønderslev	810	Hjallerup	9320	2018	6218
Brønderslev	810	Hjallerup	9320	2019	6359
Brønderslev	810	Hjallerup	9320	2020	6441
Brønderslev	810	Hjallerup	9320	2021	6427
Brønderslev	810	Hjallerup	9320	2022	6441
Brønderslev	810	Hjallerup	9320	2023	6540
Brønderslev	810	Hjallerup	9320	2024	6600
Brønderslev	810	Hjallerup	9320	2025	6640
Brønderslev	810	Hjallerup	9320	2026	6650
Brønderslev	810	Dronninglund	9330	2010	7264
Brønderslev	810	Dronninglund	9330	2011	7222
Brønderslev	810	Dronninglund	9330	2012	7206
Brønderslev	810	Dronninglund	9330	2013	7235
Brønderslev	810	Dronninglund	9330	2014	7239
Brønderslev	810	Dronninglund	9330	2015	7290
Brønderslev	810	Dronninglund	9330	2016	7356
Brønderslev	810	Dronninglund	9330	2017	7326
Brønderslev	810	Dronninglund	9330	2018	7343
Brønderslev	810	Dronninglund	9330	2019	7275
Brønderslev	810	Dronninglund	9330	2020	7242
Brønderslev	810	Dronninglund	9330	2021	7183
Brønderslev	810	Dronninglund	9330	2022	7222
Brønderslev	810	Dronninglund	9330	2023	7250
Brønderslev	810	Dronninglund	9330	2024	7294
Brønderslev	810	Dronninglund	9330	2025	7335
Brønderslev	810	Dronninglund	9330	2026	7346
Brønderslev	810	Asaa	9340	2010	1945
Brønderslev	810	Asaa	9340	2011	1901
Brønderslev	810	Asaa	9340	2012	1887
Brønderslev	810	Asaa	9340	2013	1838
Brønderslev	810	Asaa	9340	2014	1855
Brønderslev	810	Asaa	9340	2015	1818
Brønderslev	810	Asaa	9340	2016	1808
Brønderslev	810	Asaa	9340	2017	1815
Brønderslev	810	Asaa	9340	2018	1809
Brønderslev	810	Asaa	9340	2019	1799
Brønderslev	810	Asaa	9340	2020	1774
Brønderslev	810	Asaa	9340	2021	1766
Brønderslev	810	Asaa	9340	2022	1733
Brønderslev	810	Asaa	9340	2023	1736
Brønderslev	810	Asaa	9340	2024	1734
Brønderslev	810	Asaa	9340	2025	1716
Brønderslev	810	Asaa	9340	2026	1671
Brønderslev	810	Dybvad	9352	2010	94
Brønderslev	810	Dybvad	9352	2011	95
Brønderslev	810	Dybvad	9352	2012	91
Brønderslev	810	Dybvad	9352	2013	93
Brønderslev	810	Dybvad	9352	2014	86
Brønderslev	810	Dybvad	9352	2015	89
Brønderslev	810	Dybvad	9352	2016	76
Brønderslev	810	Dybvad	9352	2017	79
Brønderslev	810	Dybvad	9352	2018	90
Brønderslev	810	Dybvad	9352	2019	95
Brønderslev	810	Dybvad	9352	2020	96
Brønderslev	810	Dybvad	9352	2021	93
Brønderslev	810	Dybvad	9352	2022	95
Brønderslev	810	Dybvad	9352	2023	91
Brønderslev	810	Dybvad	9352	2024	92
Brønderslev	810	Dybvad	9352	2025	90
Brønderslev	810	Dybvad	9352	2026	89
Brønderslev	810	Hals	9370	2010	67
Brønderslev	810	Hals	9370	2011	64
Brønderslev	810	Hals	9370	2012	60
Brønderslev	810	Hals	9370	2013	64
Brønderslev	810	Hals	9370	2014	67
Brønderslev	810	Hals	9370	2015	64
Brønderslev	810	Hals	9370	2016	70
Brønderslev	810	Hals	9370	2017	70
Brønderslev	810	Hals	9370	2018	71
Brønderslev	810	Hals	9370	2019	62
Brønderslev	810	Hals	9370	2020	59
Brønderslev	810	Hals	9370	2021	67
Brønderslev	810	Hals	9370	2022	72
Brønderslev	810	Hals	9370	2023	72
Brønderslev	810	Hals	9370	2024	73
Brønderslev	810	Hals	9370	2025	69
Brønderslev	810	Hals	9370	2026	57
Brønderslev	810	Tylstrup	9382	2010	286
Brønderslev	810	Tylstrup	9382	2011	267
Brønderslev	810	Tylstrup	9382	2012	280
Brønderslev	810	Tylstrup	9382	2013	288
Brønderslev	810	Tylstrup	9382	2014	277
Brønderslev	810	Tylstrup	9382	2015	270
Brønderslev	810	Tylstrup	9382	2016	273
Brønderslev	810	Tylstrup	9382	2017	272
Brønderslev	810	Tylstrup	9382	2018	255
Brønderslev	810	Tylstrup	9382	2019	235
Brønderslev	810	Tylstrup	9382	2020	239
Brønderslev	810	Tylstrup	9382	2021	234
Brønderslev	810	Tylstrup	9382	2022	241
Brønderslev	810	Tylstrup	9382	2023	239
Brønderslev	810	Tylstrup	9382	2024	235
Brønderslev	810	Tylstrup	9382	2025	235
Brønderslev	810	Tylstrup	9382	2026	228
Brønderslev	810	Aabybro	9440	2010	4
Brønderslev	810	Aabybro	9440	2011	4
Brønderslev	810	Aabybro	9440	2012	5
Brønderslev	810	Aabybro	9440	2013	4
Brønderslev	810	Aabybro	9440	2014	4
Brønderslev	810	Aabybro	9440	2015	4
Brønderslev	810	Aabybro	9440	2016	4
Brønderslev	810	Aabybro	9440	2017	4
Brønderslev	810	Aabybro	9440	2018	4
Brønderslev	810	Aabybro	9440	2019	3
Brønderslev	810	Aabybro	9440	2020	4
Brønderslev	810	Aabybro	9440	2021	5
Brønderslev	810	Aabybro	9440	2022	4
Brønderslev	810	Aabybro	9440	2023	4
Brønderslev	810	Aabybro	9440	2024	4
Brønderslev	810	Aabybro	9440	2025	4
Brønderslev	810	Aabybro	9440	2026	4
Brønderslev	810	Løkken	9480	2010	7
Brønderslev	810	Løkken	9480	2011	7
Brønderslev	810	Løkken	9480	2012	7
Brønderslev	810	Løkken	9480	2013	7
Brønderslev	810	Løkken	9480	2014	7
Brønderslev	810	Løkken	9480	2015	7
Brønderslev	810	Løkken	9480	2016	7
Brønderslev	810	Løkken	9480	2017	7
Brønderslev	810	Løkken	9480	2018	8
Brønderslev	810	Løkken	9480	2019	7
Brønderslev	810	Løkken	9480	2020	7
Brønderslev	810	Løkken	9480	2021	8
Brønderslev	810	Løkken	9480	2022	8
Brønderslev	810	Løkken	9480	2023	8
Brønderslev	810	Løkken	9480	2024	8
Brønderslev	810	Løkken	9480	2025	10
Brønderslev	810	Løkken	9480	2026	10
Brønderslev	810	Brønderslev	9700	2010	17454
Brønderslev	810	Brønderslev	9700	2011	17488
Brønderslev	810	Brønderslev	9700	2012	17504
Brønderslev	810	Brønderslev	9700	2013	17441
Brønderslev	810	Brønderslev	9700	2014	17507
Brønderslev	810	Brønderslev	9700	2015	17635
Brønderslev	810	Brønderslev	9700	2016	17845
Brønderslev	810	Brønderslev	9700	2017	17941
Brønderslev	810	Brønderslev	9700	2018	18056
Brønderslev	810	Brønderslev	9700	2019	18097
Brønderslev	810	Brønderslev	9700	2020	18041
Brønderslev	810	Brønderslev	9700	2021	17972
Brønderslev	810	Brønderslev	9700	2022	17977
Brønderslev	810	Brønderslev	9700	2023	18187
Brønderslev	810	Brønderslev	9700	2024	18195
Brønderslev	810	Brønderslev	9700	2025	18254
Brønderslev	810	Brønderslev	9700	2026	18092
Brønderslev	810	Jerslev J	9740	2010	2527
Brønderslev	810	Jerslev J	9740	2011	2512
Brønderslev	810	Jerslev J	9740	2012	2475
Brønderslev	810	Jerslev J	9740	2013	2429
Brønderslev	810	Jerslev J	9740	2014	2393
Brønderslev	810	Jerslev J	9740	2015	2366
Brønderslev	810	Jerslev J	9740	2016	2343
Brønderslev	810	Jerslev J	9740	2017	2360
Brønderslev	810	Jerslev J	9740	2018	2322
Brønderslev	810	Jerslev J	9740	2019	2342
Brønderslev	810	Jerslev J	9740	2020	2315
Brønderslev	810	Jerslev J	9740	2021	2329
Brønderslev	810	Jerslev J	9740	2022	2331
Brønderslev	810	Jerslev J	9740	2023	2325
Brønderslev	810	Jerslev J	9740	2024	2295
Brønderslev	810	Jerslev J	9740	2025	2272
Brønderslev	810	Jerslev J	9740	2026	2300
Brønderslev	810	Østervrå	9750	2010	36
Brønderslev	810	Østervrå	9750	2011	39
Brønderslev	810	Østervrå	9750	2012	37
Brønderslev	810	Østervrå	9750	2013	36
Brønderslev	810	Østervrå	9750	2014	34
Brønderslev	810	Østervrå	9750	2015	30
Brønderslev	810	Østervrå	9750	2016	30
Brønderslev	810	Østervrå	9750	2017	30
Brønderslev	810	Østervrå	9750	2018	30
Brønderslev	810	Østervrå	9750	2019	31
Brønderslev	810	Østervrå	9750	2020	28
Brønderslev	810	Østervrå	9750	2021	32
Brønderslev	810	Østervrå	9750	2022	31
Brønderslev	810	Østervrå	9750	2023	29
Brønderslev	810	Østervrå	9750	2024	28
Brønderslev	810	Østervrå	9750	2025	23
Brønderslev	810	Østervrå	9750	2026	23
Brønderslev	810	Vrå	9760	2010	25
Brønderslev	810	Vrå	9760	2011	27
Brønderslev	810	Vrå	9760	2012	29
Brønderslev	810	Vrå	9760	2013	26
Brønderslev	810	Vrå	9760	2014	28
Brønderslev	810	Vrå	9760	2015	26
Brønderslev	810	Vrå	9760	2016	27
Brønderslev	810	Vrå	9760	2017	27
Brønderslev	810	Vrå	9760	2018	30
Brønderslev	810	Vrå	9760	2019	30
Brønderslev	810	Vrå	9760	2020	30
Brønderslev	810	Vrå	9760	2021	31
Brønderslev	810	Vrå	9760	2022	31
Brønderslev	810	Vrå	9760	2023	31
Brønderslev	810	Vrå	9760	2024	29
Brønderslev	810	Vrå	9760	2025	28
Brønderslev	810	Vrå	9760	2026	29
Brønderslev	810	Ukendt	9999	2010	38
Brønderslev	810	Ukendt	9999	2011	45
Brønderslev	810	Ukendt	9999	2012	65
Brønderslev	810	Ukendt	9999	2013	29
Brønderslev	810	Ukendt	9999	2014	27
Brønderslev	810	Ukendt	9999	2015	41
Brønderslev	810	Ukendt	9999	2016	48
Brønderslev	810	Ukendt	9999	2017	50
Brønderslev	810	Ukendt	9999	2018	53
Brønderslev	810	Ukendt	9999	2019	35
Brønderslev	810	Ukendt	9999	2020	28
Brønderslev	810	Ukendt	9999	2021	30
Brønderslev	810	Ukendt	9999	2022	8
Brønderslev	810	Ukendt	9999	2023	28
Brønderslev	810	Ukendt	9999	2024	27
Brønderslev	810	Ukendt	9999	2025	30
Brønderslev	810	Ukendt	9999	2026	30
Frederikshavn	813	Sæby	9300	2010	12571
Frederikshavn	813	Sæby	9300	2011	12523
Frederikshavn	813	Sæby	9300	2012	12399
Frederikshavn	813	Sæby	9300	2013	12279
Frederikshavn	813	Sæby	9300	2014	12283
Frederikshavn	813	Sæby	9300	2015	12277
Frederikshavn	813	Sæby	9300	2016	12355
Frederikshavn	813	Sæby	9300	2017	12322
Frederikshavn	813	Sæby	9300	2018	12283
Frederikshavn	813	Sæby	9300	2019	12268
Frederikshavn	813	Sæby	9300	2020	12254
Frederikshavn	813	Sæby	9300	2021	12173
Frederikshavn	813	Sæby	9300	2022	12180
Frederikshavn	813	Sæby	9300	2023	12170
Frederikshavn	813	Sæby	9300	2024	12120
Frederikshavn	813	Sæby	9300	2025	12208
Frederikshavn	813	Sæby	9300	2026	12171
Frederikshavn	813	Dronninglund	9330	2010	564
Frederikshavn	813	Dronninglund	9330	2011	536
Frederikshavn	813	Dronninglund	9330	2012	538
Frederikshavn	813	Dronninglund	9330	2013	532
Frederikshavn	813	Dronninglund	9330	2014	540
Frederikshavn	813	Dronninglund	9330	2015	543
Frederikshavn	813	Dronninglund	9330	2016	510
Frederikshavn	813	Dronninglund	9330	2017	522
Frederikshavn	813	Dronninglund	9330	2018	499
Frederikshavn	813	Dronninglund	9330	2019	514
Frederikshavn	813	Dronninglund	9330	2020	506
Frederikshavn	813	Dronninglund	9330	2021	517
Frederikshavn	813	Dronninglund	9330	2022	513
Frederikshavn	813	Dronninglund	9330	2023	508
Frederikshavn	813	Dronninglund	9330	2024	501
Frederikshavn	813	Dronninglund	9330	2025	463
Frederikshavn	813	Dronninglund	9330	2026	466
Frederikshavn	813	Asaa	9340	2010	57
Frederikshavn	813	Asaa	9340	2011	66
Frederikshavn	813	Asaa	9340	2012	64
Frederikshavn	813	Asaa	9340	2013	58
Frederikshavn	813	Asaa	9340	2014	59
Frederikshavn	813	Asaa	9340	2015	60
Frederikshavn	813	Asaa	9340	2016	55
Frederikshavn	813	Asaa	9340	2017	56
Frederikshavn	813	Asaa	9340	2018	54
Frederikshavn	813	Asaa	9340	2019	52
Frederikshavn	813	Asaa	9340	2020	53
Frederikshavn	813	Asaa	9340	2021	56
Frederikshavn	813	Asaa	9340	2022	54
Frederikshavn	813	Asaa	9340	2023	48
Frederikshavn	813	Asaa	9340	2024	51
Frederikshavn	813	Asaa	9340	2025	42
Frederikshavn	813	Asaa	9340	2026	45
Frederikshavn	813	Dybvad	9352	2010	1765
Frederikshavn	813	Dybvad	9352	2011	1734
Frederikshavn	813	Dybvad	9352	2012	1727
Frederikshavn	813	Dybvad	9352	2013	1665
Frederikshavn	813	Dybvad	9352	2014	1639
Frederikshavn	813	Dybvad	9352	2015	1599
Frederikshavn	813	Dybvad	9352	2016	1561
Frederikshavn	813	Dybvad	9352	2017	1591
Frederikshavn	813	Dybvad	9352	2018	1561
Frederikshavn	813	Dybvad	9352	2019	1570
Frederikshavn	813	Dybvad	9352	2020	1551
Frederikshavn	813	Dybvad	9352	2021	1521
Frederikshavn	813	Dybvad	9352	2022	1536
Frederikshavn	813	Dybvad	9352	2023	1511
Frederikshavn	813	Dybvad	9352	2024	1493
Frederikshavn	813	Dybvad	9352	2025	1481
Frederikshavn	813	Dybvad	9352	2026	1467
Frederikshavn	813	Østervrå	9750	2010	2866
Frederikshavn	813	Østervrå	9750	2011	2814
Frederikshavn	813	Østervrå	9750	2012	2824
Frederikshavn	813	Østervrå	9750	2013	2760
Frederikshavn	813	Østervrå	9750	2014	2750
Frederikshavn	813	Østervrå	9750	2015	2678
Frederikshavn	813	Østervrå	9750	2016	2646
Frederikshavn	813	Østervrå	9750	2017	2654
Frederikshavn	813	Østervrå	9750	2018	2640
Frederikshavn	813	Østervrå	9750	2019	2618
Frederikshavn	813	Østervrå	9750	2020	2606
Frederikshavn	813	Østervrå	9750	2021	2549
Frederikshavn	813	Østervrå	9750	2022	2573
Frederikshavn	813	Østervrå	9750	2023	2545
Frederikshavn	813	Østervrå	9750	2024	2526
Frederikshavn	813	Østervrå	9750	2025	2477
Frederikshavn	813	Østervrå	9750	2026	2484
Frederikshavn	813	Tårs	9830	2010	19
Frederikshavn	813	Tårs	9830	2011	16
Frederikshavn	813	Tårs	9830	2012	15
Frederikshavn	813	Tårs	9830	2013	15
Frederikshavn	813	Tårs	9830	2014	18
Frederikshavn	813	Tårs	9830	2015	19
Frederikshavn	813	Tårs	9830	2016	18
Frederikshavn	813	Tårs	9830	2017	21
Frederikshavn	813	Tårs	9830	2018	22
Frederikshavn	813	Tårs	9830	2019	23
Frederikshavn	813	Tårs	9830	2020	23
Frederikshavn	813	Tårs	9830	2021	19
Frederikshavn	813	Tårs	9830	2022	15
Frederikshavn	813	Tårs	9830	2023	17
Frederikshavn	813	Tårs	9830	2024	18
Frederikshavn	813	Tårs	9830	2025	13
Frederikshavn	813	Tårs	9830	2026	19
Frederikshavn	813	Sindal	9870	2010	2
Frederikshavn	813	Sindal	9870	2011	2
Frederikshavn	813	Sindal	9870	2012	5
Frederikshavn	813	Sindal	9870	2013	3
Frederikshavn	813	Sindal	9870	2014	3
Frederikshavn	813	Sindal	9870	2015	5
Frederikshavn	813	Sindal	9870	2016	2
Frederikshavn	813	Sindal	9870	2017	2
Frederikshavn	813	Sindal	9870	2018	2
Frederikshavn	813	Sindal	9870	2019	2
Frederikshavn	813	Sindal	9870	2020	1
Frederikshavn	813	Sindal	9870	2021	1
Frederikshavn	813	Sindal	9870	2022	3
Frederikshavn	813	Sindal	9870	2023	3
Frederikshavn	813	Sindal	9870	2024	3
Frederikshavn	813	Sindal	9870	2025	3
Frederikshavn	813	Sindal	9870	2026	4
Frederikshavn	813	Bindslev	9881	2010	3
Frederikshavn	813	Bindslev	9881	2011	3
Frederikshavn	813	Bindslev	9881	2012	1
Frederikshavn	813	Bindslev	9881	2013	1
Frederikshavn	813	Bindslev	9881	2014	1
Frederikshavn	813	Bindslev	9881	2015	1
Frederikshavn	813	Bindslev	9881	2016	1
Frederikshavn	813	Bindslev	9881	2017	1
Frederikshavn	813	Bindslev	9881	2018	1
Frederikshavn	813	Bindslev	9881	2019	1
Frederikshavn	813	Bindslev	9881	2020	1
Frederikshavn	813	Bindslev	9881	2021	1
Frederikshavn	813	Bindslev	9881	2022	1
Frederikshavn	813	Bindslev	9881	2023	1
Frederikshavn	813	Bindslev	9881	2024	1
Frederikshavn	813	Bindslev	9881	2025	1
Frederikshavn	813	Bindslev	9881	2026	1
Frederikshavn	813	Frederikshavn	9900	2010	29863
Frederikshavn	813	Frederikshavn	9900	2011	29795
Frederikshavn	813	Frederikshavn	9900	2012	29682
Frederikshavn	813	Frederikshavn	9900	2013	29677
Frederikshavn	813	Frederikshavn	9900	2014	29521
Frederikshavn	813	Frederikshavn	9900	2015	29643
Frederikshavn	813	Frederikshavn	9900	2016	29672
Frederikshavn	813	Frederikshavn	9900	2017	29793
Frederikshavn	813	Frederikshavn	9900	2018	29667
Frederikshavn	813	Frederikshavn	9900	2019	29610
Frederikshavn	813	Frederikshavn	9900	2020	29473
Frederikshavn	813	Frederikshavn	9900	2021	29196
Frederikshavn	813	Frederikshavn	9900	2022	29137
Frederikshavn	813	Frederikshavn	9900	2023	29242
Frederikshavn	813	Frederikshavn	9900	2024	28937
Frederikshavn	813	Frederikshavn	9900	2025	28553
Frederikshavn	813	Frederikshavn	9900	2026	28469
Frederikshavn	813	Strandby	9970	2010	2521
Frederikshavn	813	Strandby	9970	2011	2483
Frederikshavn	813	Strandby	9970	2012	2490
Frederikshavn	813	Strandby	9970	2013	2513
Frederikshavn	813	Strandby	9970	2014	2469
Frederikshavn	813	Strandby	9970	2015	2457
Frederikshavn	813	Strandby	9970	2016	2423
Frederikshavn	813	Strandby	9970	2017	2401
Frederikshavn	813	Strandby	9970	2018	2460
Frederikshavn	813	Strandby	9970	2019	2457
Frederikshavn	813	Strandby	9970	2020	2464
Frederikshavn	813	Strandby	9970	2021	2450
Frederikshavn	813	Strandby	9970	2022	2411
Frederikshavn	813	Strandby	9970	2023	2462
Frederikshavn	813	Strandby	9970	2024	2469
Frederikshavn	813	Strandby	9970	2025	2459
Frederikshavn	813	Strandby	9970	2026	2432
Frederikshavn	813	Jerup	9981	2010	1027
Frederikshavn	813	Jerup	9981	2011	1007
Frederikshavn	813	Jerup	9981	2012	997
Frederikshavn	813	Jerup	9981	2013	981
Frederikshavn	813	Jerup	9981	2014	960
Frederikshavn	813	Jerup	9981	2015	936
Frederikshavn	813	Jerup	9981	2016	951
Frederikshavn	813	Jerup	9981	2017	952
Frederikshavn	813	Jerup	9981	2018	954
Frederikshavn	813	Jerup	9981	2019	940
Frederikshavn	813	Jerup	9981	2020	953
Frederikshavn	813	Jerup	9981	2021	958
Frederikshavn	813	Jerup	9981	2022	958
Frederikshavn	813	Jerup	9981	2023	916
Frederikshavn	813	Jerup	9981	2024	901
Frederikshavn	813	Jerup	9981	2025	890
Frederikshavn	813	Jerup	9981	2026	887
Frederikshavn	813	Ålbæk	9982	2010	1916
Frederikshavn	813	Ålbæk	9982	2011	1888
Frederikshavn	813	Ålbæk	9982	2012	1887
Frederikshavn	813	Ålbæk	9982	2013	1878
Frederikshavn	813	Ålbæk	9982	2014	1852
Frederikshavn	813	Ålbæk	9982	2015	1798
Frederikshavn	813	Ålbæk	9982	2016	1776
Frederikshavn	813	Ålbæk	9982	2017	1782
Frederikshavn	813	Ålbæk	9982	2018	1783
Frederikshavn	813	Ålbæk	9982	2019	1757
Frederikshavn	813	Ålbæk	9982	2020	1764
Frederikshavn	813	Ålbæk	9982	2021	1769
Frederikshavn	813	Ålbæk	9982	2022	1764
Frederikshavn	813	Ålbæk	9982	2023	1741
Frederikshavn	813	Ålbæk	9982	2024	1723
Frederikshavn	813	Ålbæk	9982	2025	1746
Frederikshavn	813	Ålbæk	9982	2026	1688
Frederikshavn	813	Skagen	9990	2010	8826
Frederikshavn	813	Skagen	9990	2011	8697
Frederikshavn	813	Skagen	9990	2012	8517
Frederikshavn	813	Skagen	9990	2013	8399
Frederikshavn	813	Skagen	9990	2014	8351
Frederikshavn	813	Skagen	9990	2015	8359
Frederikshavn	813	Skagen	9990	2016	8274
Frederikshavn	813	Skagen	9990	2017	8245
Frederikshavn	813	Skagen	9990	2018	8199
Frederikshavn	813	Skagen	9990	2019	8168
Frederikshavn	813	Skagen	9990	2020	7999
Frederikshavn	813	Skagen	9990	2021	7823
Frederikshavn	813	Skagen	9990	2022	7723
Frederikshavn	813	Skagen	9990	2023	7690
Frederikshavn	813	Skagen	9990	2024	7624
Frederikshavn	813	Skagen	9990	2025	7541
Frederikshavn	813	Skagen	9990	2026	7387
Frederikshavn	813	Ukendt	9999	2010	7
Frederikshavn	813	Ukendt	9999	2011	12
Frederikshavn	813	Ukendt	9999	2012	12
Frederikshavn	813	Ukendt	9999	2013	14
Frederikshavn	813	Ukendt	9999	2014	12
Frederikshavn	813	Ukendt	9999	2015	2
Frederikshavn	813	Ukendt	9999	2016	2
Frederikshavn	813	Ukendt	9999	2017	14
Frederikshavn	813	Ukendt	9999	2018	15
Frederikshavn	813	Ukendt	9999	2019	7
Frederikshavn	813	Ukendt	9999	2020	6
Frederikshavn	813	Ukendt	9999	2021	6
Frederikshavn	813	Ukendt	9999	2022	10
Frederikshavn	813	Ukendt	9999	2023	10
Frederikshavn	813	Ukendt	9999	2024	9
Frederikshavn	813	Ukendt	9999	2025	5
Frederikshavn	813	Ukendt	9999	2026	3
Vesthimmerlands	820	Nibe	9240	2010	1014
Vesthimmerlands	820	Nibe	9240	2011	999
Vesthimmerlands	820	Nibe	9240	2012	1008
Vesthimmerlands	820	Nibe	9240	2013	1000
Vesthimmerlands	820	Nibe	9240	2014	1005
Vesthimmerlands	820	Nibe	9240	2015	995
Vesthimmerlands	820	Nibe	9240	2016	971
Vesthimmerlands	820	Nibe	9240	2017	952
Vesthimmerlands	820	Nibe	9240	2018	961
Vesthimmerlands	820	Nibe	9240	2019	933
Vesthimmerlands	820	Nibe	9240	2020	918
Vesthimmerlands	820	Nibe	9240	2021	898
Vesthimmerlands	820	Nibe	9240	2022	888
Vesthimmerlands	820	Nibe	9240	2023	849
Vesthimmerlands	820	Nibe	9240	2024	834
Vesthimmerlands	820	Nibe	9240	2025	814
Vesthimmerlands	820	Nibe	9240	2026	824
Vesthimmerlands	820	Suldrup	9541	2010	11
Vesthimmerlands	820	Suldrup	9541	2011	11
Vesthimmerlands	820	Suldrup	9541	2012	9
Vesthimmerlands	820	Suldrup	9541	2013	10
Vesthimmerlands	820	Suldrup	9541	2014	15
Vesthimmerlands	820	Suldrup	9541	2015	14
Vesthimmerlands	820	Suldrup	9541	2016	15
Vesthimmerlands	820	Suldrup	9541	2017	16
Vesthimmerlands	820	Suldrup	9541	2018	15
Vesthimmerlands	820	Suldrup	9541	2019	15
Vesthimmerlands	820	Suldrup	9541	2020	12
Vesthimmerlands	820	Suldrup	9541	2021	14
Vesthimmerlands	820	Suldrup	9541	2022	12
Vesthimmerlands	820	Suldrup	9541	2023	11
Vesthimmerlands	820	Suldrup	9541	2024	11
Vesthimmerlands	820	Suldrup	9541	2025	11
Vesthimmerlands	820	Suldrup	9541	2026	9
Vesthimmerlands	820	Aars	9600	2010	12709
Vesthimmerlands	820	Aars	9600	2011	12773
Vesthimmerlands	820	Aars	9600	2012	12760
Vesthimmerlands	820	Aars	9600	2013	12810
Vesthimmerlands	820	Aars	9600	2014	12893
Vesthimmerlands	820	Aars	9600	2015	12850
Vesthimmerlands	820	Aars	9600	2016	12815
Vesthimmerlands	820	Aars	9600	2017	12869
Vesthimmerlands	820	Aars	9600	2018	12961
Vesthimmerlands	820	Aars	9600	2019	12926
Vesthimmerlands	820	Aars	9600	2020	12981
Vesthimmerlands	820	Aars	9600	2021	12872
Vesthimmerlands	820	Aars	9600	2022	12938
Vesthimmerlands	820	Aars	9600	2023	13177
Vesthimmerlands	820	Aars	9600	2024	13029
Vesthimmerlands	820	Aars	9600	2025	13074
Vesthimmerlands	820	Aars	9600	2026	13059
Vesthimmerlands	820	Nørager	9610	2010	84
Vesthimmerlands	820	Nørager	9610	2011	90
Vesthimmerlands	820	Nørager	9610	2012	88
Vesthimmerlands	820	Nørager	9610	2013	85
Vesthimmerlands	820	Nørager	9610	2014	71
Vesthimmerlands	820	Nørager	9610	2015	69
Vesthimmerlands	820	Nørager	9610	2016	73
Vesthimmerlands	820	Nørager	9610	2017	76
Vesthimmerlands	820	Nørager	9610	2018	75
Vesthimmerlands	820	Nørager	9610	2019	73
Vesthimmerlands	820	Nørager	9610	2020	75
Vesthimmerlands	820	Nørager	9610	2021	77
Vesthimmerlands	820	Nørager	9610	2022	79
Vesthimmerlands	820	Nørager	9610	2023	79
Vesthimmerlands	820	Nørager	9610	2024	71
Vesthimmerlands	820	Nørager	9610	2025	70
Vesthimmerlands	820	Nørager	9610	2026	65
Vesthimmerlands	820	Aalestrup	9620	2010	4699
Vesthimmerlands	820	Aalestrup	9620	2011	4600
Vesthimmerlands	820	Aalestrup	9620	2012	4500
Vesthimmerlands	820	Aalestrup	9620	2013	4517
Vesthimmerlands	820	Aalestrup	9620	2014	4466
Vesthimmerlands	820	Aalestrup	9620	2015	4506
Vesthimmerlands	820	Aalestrup	9620	2016	4526
Vesthimmerlands	820	Aalestrup	9620	2017	4542
Vesthimmerlands	820	Aalestrup	9620	2018	4531
Vesthimmerlands	820	Aalestrup	9620	2019	4540
Vesthimmerlands	820	Aalestrup	9620	2020	4458
Vesthimmerlands	820	Aalestrup	9620	2021	4428
Vesthimmerlands	820	Aalestrup	9620	2022	4423
Vesthimmerlands	820	Aalestrup	9620	2023	4474
Vesthimmerlands	820	Aalestrup	9620	2024	4444
Vesthimmerlands	820	Aalestrup	9620	2025	4397
Vesthimmerlands	820	Aalestrup	9620	2026	4382
Vesthimmerlands	820	Gedsted	9631	2010	1384
Vesthimmerlands	820	Gedsted	9631	2011	1381
Vesthimmerlands	820	Gedsted	9631	2012	1362
Vesthimmerlands	820	Gedsted	9631	2013	1367
Vesthimmerlands	820	Gedsted	9631	2014	1351
Vesthimmerlands	820	Gedsted	9631	2015	1331
Vesthimmerlands	820	Gedsted	9631	2016	1299
Vesthimmerlands	820	Gedsted	9631	2017	1340
Vesthimmerlands	820	Gedsted	9631	2018	1337
Vesthimmerlands	820	Gedsted	9631	2019	1322
Vesthimmerlands	820	Gedsted	9631	2020	1310
Vesthimmerlands	820	Gedsted	9631	2021	1306
Vesthimmerlands	820	Gedsted	9631	2022	1287
Vesthimmerlands	820	Gedsted	9631	2023	1298
Vesthimmerlands	820	Gedsted	9631	2024	1286
Vesthimmerlands	820	Gedsted	9631	2025	1309
Vesthimmerlands	820	Gedsted	9631	2026	1284
Vesthimmerlands	820	Farsø	9640	2010	8099
Vesthimmerlands	820	Farsø	9640	2011	7983
Vesthimmerlands	820	Farsø	9640	2012	7964
Vesthimmerlands	820	Farsø	9640	2013	8003
Vesthimmerlands	820	Farsø	9640	2014	7976
Vesthimmerlands	820	Farsø	9640	2015	8021
Vesthimmerlands	820	Farsø	9640	2016	8108
Vesthimmerlands	820	Farsø	9640	2017	8073
Vesthimmerlands	820	Farsø	9640	2018	8023
Vesthimmerlands	820	Farsø	9640	2019	7985
Vesthimmerlands	820	Farsø	9640	2020	7818
Vesthimmerlands	820	Farsø	9640	2021	7790
Vesthimmerlands	820	Farsø	9640	2022	7791
Vesthimmerlands	820	Farsø	9640	2023	7717
Vesthimmerlands	820	Farsø	9640	2024	7629
Vesthimmerlands	820	Farsø	9640	2025	7495
Vesthimmerlands	820	Farsø	9640	2026	7456
Vesthimmerlands	820	Løgstør	9670	2010	8497
Vesthimmerlands	820	Løgstør	9670	2011	8440
Vesthimmerlands	820	Løgstør	9670	2012	8309
Vesthimmerlands	820	Løgstør	9670	2013	8254
Vesthimmerlands	820	Løgstør	9670	2014	8231
Vesthimmerlands	820	Løgstør	9670	2015	8119
Vesthimmerlands	820	Løgstør	9670	2016	8010
Vesthimmerlands	820	Løgstør	9670	2017	7943
Vesthimmerlands	820	Løgstør	9670	2018	7919
Vesthimmerlands	820	Løgstør	9670	2019	7892
Vesthimmerlands	820	Løgstør	9670	2020	7709
Vesthimmerlands	820	Løgstør	9670	2021	7601
Vesthimmerlands	820	Løgstør	9670	2022	7519
Vesthimmerlands	820	Løgstør	9670	2023	7459
Vesthimmerlands	820	Løgstør	9670	2024	7380
Vesthimmerlands	820	Løgstør	9670	2025	7310
Vesthimmerlands	820	Løgstør	9670	2026	7239
Vesthimmerlands	820	Ranum	9681	2010	1594
Vesthimmerlands	820	Ranum	9681	2011	1551
Vesthimmerlands	820	Ranum	9681	2012	1507
Vesthimmerlands	820	Ranum	9681	2013	1497
Vesthimmerlands	820	Ranum	9681	2014	1435
Vesthimmerlands	820	Ranum	9681	2015	1460
Vesthimmerlands	820	Ranum	9681	2016	1431
Vesthimmerlands	820	Ranum	9681	2017	1416
Vesthimmerlands	820	Ranum	9681	2018	1411
Vesthimmerlands	820	Ranum	9681	2019	1380
Vesthimmerlands	820	Ranum	9681	2020	1390
Vesthimmerlands	820	Ranum	9681	2021	1327
Vesthimmerlands	820	Ranum	9681	2022	1360
Vesthimmerlands	820	Ranum	9681	2023	1343
Vesthimmerlands	820	Ranum	9681	2024	1294
Vesthimmerlands	820	Ranum	9681	2025	1301
Vesthimmerlands	820	Ranum	9681	2026	1282
Vesthimmerlands	820	Ukendt	9999	2010	15
Vesthimmerlands	820	Ukendt	9999	2011	36
Vesthimmerlands	820	Ukendt	9999	2012	27
Vesthimmerlands	820	Ukendt	9999	2013	43
Vesthimmerlands	820	Ukendt	9999	2014	36
Vesthimmerlands	820	Ukendt	9999	2015	34
Vesthimmerlands	820	Ukendt	9999	2016	48
Vesthimmerlands	820	Ukendt	9999	2017	58
Vesthimmerlands	820	Ukendt	9999	2018	44
Vesthimmerlands	820	Ukendt	9999	2019	55
Vesthimmerlands	820	Ukendt	9999	2020	56
Vesthimmerlands	820	Ukendt	9999	2021	49
Vesthimmerlands	820	Ukendt	9999	2022	29
Vesthimmerlands	820	Ukendt	9999	2023	24
Vesthimmerlands	820	Ukendt	9999	2024	34
Vesthimmerlands	820	Ukendt	9999	2025	37
Vesthimmerlands	820	Ukendt	9999	2026	32
Læsø	825	Læsø	9940	2010	1969
Læsø	825	Læsø	9940	2011	1949
Læsø	825	Læsø	9940	2012	1897
Læsø	825	Læsø	9940	2013	1839
Læsø	825	Læsø	9940	2014	1808
Læsø	825	Læsø	9940	2015	1795
Læsø	825	Læsø	9940	2016	1817
Læsø	825	Læsø	9940	2017	1793
Læsø	825	Læsø	9940	2018	1807
Læsø	825	Læsø	9940	2019	1806
Læsø	825	Læsø	9940	2020	1785
Læsø	825	Læsø	9940	2021	1761
Læsø	825	Læsø	9940	2022	1769
Læsø	825	Læsø	9940	2023	1789
Læsø	825	Læsø	9940	2024	1759
Læsø	825	Læsø	9940	2025	1719
Læsø	825	Læsø	9940	2026	1683
Læsø	825	Ukendt	9999	2010	0
Læsø	825	Ukendt	9999	2011	0
Læsø	825	Ukendt	9999	2012	0
Læsø	825	Ukendt	9999	2013	0
Læsø	825	Ukendt	9999	2014	0
Læsø	825	Ukendt	9999	2015	0
Læsø	825	Ukendt	9999	2016	0
Læsø	825	Ukendt	9999	2017	0
Læsø	825	Ukendt	9999	2018	0
Læsø	825	Ukendt	9999	2019	0
Læsø	825	Ukendt	9999	2020	1
Læsø	825	Ukendt	9999	2021	3
Læsø	825	Ukendt	9999	2022	0
Læsø	825	Ukendt	9999	2023	0
Læsø	825	Ukendt	9999	2024	0
Læsø	825	Ukendt	9999	2025	0
Læsø	825	Ukendt	9999	2026	0
Rebild	840	Svenstrup J	9230	2010	309
Rebild	840	Svenstrup J	9230	2011	302
Rebild	840	Svenstrup J	9230	2012	297
Rebild	840	Svenstrup J	9230	2013	286
Rebild	840	Svenstrup J	9230	2014	312
Rebild	840	Svenstrup J	9230	2015	305
Rebild	840	Svenstrup J	9230	2016	303
Rebild	840	Svenstrup J	9230	2017	315
Rebild	840	Svenstrup J	9230	2018	311
Rebild	840	Svenstrup J	9230	2019	312
Rebild	840	Svenstrup J	9230	2020	316
Rebild	840	Svenstrup J	9230	2021	314
Rebild	840	Svenstrup J	9230	2022	313
Rebild	840	Svenstrup J	9230	2023	304
Rebild	840	Svenstrup J	9230	2024	323
Rebild	840	Svenstrup J	9230	2025	318
Rebild	840	Svenstrup J	9230	2026	334
Rebild	840	Nibe	9240	2010	482
Rebild	840	Nibe	9240	2011	481
Rebild	840	Nibe	9240	2012	466
Rebild	840	Nibe	9240	2013	463
Rebild	840	Nibe	9240	2014	459
Rebild	840	Nibe	9240	2015	465
Rebild	840	Nibe	9240	2016	443
Rebild	840	Nibe	9240	2017	437
Rebild	840	Nibe	9240	2018	432
Rebild	840	Nibe	9240	2019	454
Rebild	840	Nibe	9240	2020	450
Rebild	840	Nibe	9240	2021	449
Rebild	840	Nibe	9240	2022	429
Rebild	840	Nibe	9240	2023	432
Rebild	840	Nibe	9240	2024	427
Rebild	840	Nibe	9240	2025	414
Rebild	840	Nibe	9240	2026	427
Rebild	840	Gistrup	9260	2010	32
Rebild	840	Gistrup	9260	2011	26
Rebild	840	Gistrup	9260	2012	26
Rebild	840	Gistrup	9260	2013	24
Rebild	840	Gistrup	9260	2014	23
Rebild	840	Gistrup	9260	2015	21
Rebild	840	Gistrup	9260	2016	20
Rebild	840	Gistrup	9260	2017	19
Rebild	840	Gistrup	9260	2018	20
Rebild	840	Gistrup	9260	2019	23
Rebild	840	Gistrup	9260	2020	23
Rebild	840	Gistrup	9260	2021	21
Rebild	840	Gistrup	9260	2022	21
Rebild	840	Gistrup	9260	2023	20
Rebild	840	Gistrup	9260	2024	18
Rebild	840	Gistrup	9260	2025	22
Rebild	840	Gistrup	9260	2026	18
Rebild	840	Kongerslev	9293	2010	338
Rebild	840	Kongerslev	9293	2011	343
Rebild	840	Kongerslev	9293	2012	321
Rebild	840	Kongerslev	9293	2013	308
Rebild	840	Kongerslev	9293	2014	313
Rebild	840	Kongerslev	9293	2015	318
Rebild	840	Kongerslev	9293	2016	329
Rebild	840	Kongerslev	9293	2017	310
Rebild	840	Kongerslev	9293	2018	322
Rebild	840	Kongerslev	9293	2019	311
Rebild	840	Kongerslev	9293	2020	299
Rebild	840	Kongerslev	9293	2021	294
Rebild	840	Kongerslev	9293	2022	302
Rebild	840	Kongerslev	9293	2023	309
Rebild	840	Kongerslev	9293	2024	299
Rebild	840	Kongerslev	9293	2025	298
Rebild	840	Kongerslev	9293	2026	290
Rebild	840	Hobro	9500	2010	1124
Rebild	840	Hobro	9500	2011	1115
Rebild	840	Hobro	9500	2012	1125
Rebild	840	Hobro	9500	2013	1130
Rebild	840	Hobro	9500	2014	1130
Rebild	840	Hobro	9500	2015	1112
Rebild	840	Hobro	9500	2016	1072
Rebild	840	Hobro	9500	2017	1091
Rebild	840	Hobro	9500	2018	1090
Rebild	840	Hobro	9500	2019	1057
Rebild	840	Hobro	9500	2020	1064
Rebild	840	Hobro	9500	2021	1081
Rebild	840	Hobro	9500	2022	988
Rebild	840	Hobro	9500	2023	998
Rebild	840	Hobro	9500	2024	1006
Rebild	840	Hobro	9500	2025	974
Rebild	840	Hobro	9500	2026	976
Rebild	840	Arden	9510	2010	7
Rebild	840	Arden	9510	2011	10
Rebild	840	Arden	9510	2012	7
Rebild	840	Arden	9510	2013	12
Rebild	840	Arden	9510	2014	7
Rebild	840	Arden	9510	2015	9
Rebild	840	Arden	9510	2016	9
Rebild	840	Arden	9510	2017	9
Rebild	840	Arden	9510	2018	6
Rebild	840	Arden	9510	2019	7
Rebild	840	Arden	9510	2020	8
Rebild	840	Arden	9510	2021	6
Rebild	840	Arden	9510	2022	8
Rebild	840	Arden	9510	2023	9
Rebild	840	Arden	9510	2024	9
Rebild	840	Arden	9510	2025	8
Rebild	840	Arden	9510	2026	9
Rebild	840	Skørping	9520	2010	6453
Rebild	840	Skørping	9520	2011	6434
Rebild	840	Skørping	9520	2012	6474
Rebild	840	Skørping	9520	2013	6463
Rebild	840	Skørping	9520	2014	6446
Rebild	840	Skørping	9520	2015	6440
Rebild	840	Skørping	9520	2016	6505
Rebild	840	Skørping	9520	2017	6511
Rebild	840	Skørping	9520	2018	6562
Rebild	840	Skørping	9520	2019	6499
Rebild	840	Skørping	9520	2020	6454
Rebild	840	Skørping	9520	2021	6426
Rebild	840	Skørping	9520	2022	6433
Rebild	840	Skørping	9520	2023	6480
Rebild	840	Skørping	9520	2024	6484
Rebild	840	Skørping	9520	2025	6435
Rebild	840	Skørping	9520	2026	6451
Rebild	840	Støvring	9530	2010	9353
Rebild	840	Støvring	9530	2011	9455
Rebild	840	Støvring	9530	2012	9502
Rebild	840	Støvring	9530	2013	9538
Rebild	840	Støvring	9530	2014	9557
Rebild	840	Støvring	9530	2015	9663
Rebild	840	Støvring	9530	2016	9878
Rebild	840	Støvring	9530	2017	10058
Rebild	840	Støvring	9530	2018	10536
Rebild	840	Støvring	9530	2019	10750
Rebild	840	Støvring	9530	2020	11082
Rebild	840	Støvring	9530	2021	11480
Rebild	840	Støvring	9530	2022	11734
Rebild	840	Støvring	9530	2023	11858
Rebild	840	Støvring	9530	2024	11957
Rebild	840	Støvring	9530	2025	12140
Rebild	840	Støvring	9530	2026	12434
Rebild	840	Suldrup	9541	2010	2717
Rebild	840	Suldrup	9541	2011	2702
Rebild	840	Suldrup	9541	2012	2680
Rebild	840	Suldrup	9541	2013	2657
Rebild	840	Suldrup	9541	2014	2621
Rebild	840	Suldrup	9541	2015	2648
Rebild	840	Suldrup	9541	2016	2649
Rebild	840	Suldrup	9541	2017	2627
Rebild	840	Suldrup	9541	2018	2627
Rebild	840	Suldrup	9541	2019	2602
Rebild	840	Suldrup	9541	2020	2659
Rebild	840	Suldrup	9541	2021	2666
Rebild	840	Suldrup	9541	2022	2674
Rebild	840	Suldrup	9541	2023	2692
Rebild	840	Suldrup	9541	2024	2721
Rebild	840	Suldrup	9541	2025	2678
Rebild	840	Suldrup	9541	2026	2631
Rebild	840	Hadsund	9560	2010	194
Rebild	840	Hadsund	9560	2011	192
Rebild	840	Hadsund	9560	2012	194
Rebild	840	Hadsund	9560	2013	182
Rebild	840	Hadsund	9560	2014	182
Rebild	840	Hadsund	9560	2015	177
Rebild	840	Hadsund	9560	2016	181
Rebild	840	Hadsund	9560	2017	176
Rebild	840	Hadsund	9560	2018	175
Rebild	840	Hadsund	9560	2019	172
Rebild	840	Hadsund	9560	2020	159
Rebild	840	Hadsund	9560	2021	157
Rebild	840	Hadsund	9560	2022	162
Rebild	840	Hadsund	9560	2023	163
Rebild	840	Hadsund	9560	2024	148
Rebild	840	Hadsund	9560	2025	156
Rebild	840	Hadsund	9560	2026	149
Rebild	840	Bælum	9574	2010	1416
Rebild	840	Bælum	9574	2011	1411
Rebild	840	Bælum	9574	2012	1386
Rebild	840	Bælum	9574	2013	1399
Rebild	840	Bælum	9574	2014	1383
Rebild	840	Bælum	9574	2015	1352
Rebild	840	Bælum	9574	2016	1351
Rebild	840	Bælum	9574	2017	1364
Rebild	840	Bælum	9574	2018	1348
Rebild	840	Bælum	9574	2019	1338
Rebild	840	Bælum	9574	2020	1280
Rebild	840	Bælum	9574	2021	1270
Rebild	840	Bælum	9574	2022	1247
Rebild	840	Bælum	9574	2023	1241
Rebild	840	Bælum	9574	2024	1228
Rebild	840	Bælum	9574	2025	1216
Rebild	840	Bælum	9574	2026	1208
Rebild	840	Terndrup	9575	2010	2023
Rebild	840	Terndrup	9575	2011	2093
Rebild	840	Terndrup	9575	2012	2076
Rebild	840	Terndrup	9575	2013	2068
Rebild	840	Terndrup	9575	2014	2058
Rebild	840	Terndrup	9575	2015	2055
Rebild	840	Terndrup	9575	2016	2063
Rebild	840	Terndrup	9575	2017	2087
Rebild	840	Terndrup	9575	2018	2075
Rebild	840	Terndrup	9575	2019	2079
Rebild	840	Terndrup	9575	2020	2063
Rebild	840	Terndrup	9575	2021	2090
Rebild	840	Terndrup	9575	2022	2088
Rebild	840	Terndrup	9575	2023	2124
Rebild	840	Terndrup	9575	2024	2105
Rebild	840	Terndrup	9575	2025	2083
Rebild	840	Terndrup	9575	2026	2113
Rebild	840	Aars	9600	2010	282
Rebild	840	Aars	9600	2011	282
Rebild	840	Aars	9600	2012	276
Rebild	840	Aars	9600	2013	276
Rebild	840	Aars	9600	2014	275
Rebild	840	Aars	9600	2015	273
Rebild	840	Aars	9600	2016	267
Rebild	840	Aars	9600	2017	270
Rebild	840	Aars	9600	2018	262
Rebild	840	Aars	9600	2019	274
Rebild	840	Aars	9600	2020	271
Rebild	840	Aars	9600	2021	265
Rebild	840	Aars	9600	2022	248
Rebild	840	Aars	9600	2023	251
Rebild	840	Aars	9600	2024	232
Rebild	840	Aars	9600	2025	235
Rebild	840	Aars	9600	2026	242
Rebild	840	Nørager	9610	2010	4110
Rebild	840	Nørager	9610	2011	4079
Rebild	840	Nørager	9610	2012	4066
Rebild	840	Nørager	9610	2013	4049
Rebild	840	Nørager	9610	2014	4017
Rebild	840	Nørager	9610	2015	4010
Rebild	840	Nørager	9610	2016	4059
Rebild	840	Nørager	9610	2017	4092
Rebild	840	Nørager	9610	2018	4038
Rebild	840	Nørager	9610	2019	4015
Rebild	840	Nørager	9610	2020	3965
Rebild	840	Nørager	9610	2021	3974
Rebild	840	Nørager	9610	2022	3976
Rebild	840	Nørager	9610	2023	4000
Rebild	840	Nørager	9610	2024	3953
Rebild	840	Nørager	9610	2025	3931
Rebild	840	Nørager	9610	2026	3971
Rebild	840	Aalestrup	9620	2010	8
Rebild	840	Aalestrup	9620	2011	11
Rebild	840	Aalestrup	9620	2012	11
Rebild	840	Aalestrup	9620	2013	11
Rebild	840	Aalestrup	9620	2014	11
Rebild	840	Aalestrup	9620	2015	11
Rebild	840	Aalestrup	9620	2016	11
Rebild	840	Aalestrup	9620	2017	11
Rebild	840	Aalestrup	9620	2018	10
Rebild	840	Aalestrup	9620	2019	10
Rebild	840	Aalestrup	9620	2020	9
Rebild	840	Aalestrup	9620	2021	9
Rebild	840	Aalestrup	9620	2022	9
Rebild	840	Aalestrup	9620	2023	10
Rebild	840	Aalestrup	9620	2024	8
Rebild	840	Aalestrup	9620	2025	8
Rebild	840	Aalestrup	9620	2026	8
Rebild	840	Ukendt	9999	2010	4
Rebild	840	Ukendt	9999	2011	4
Rebild	840	Ukendt	9999	2012	4
Rebild	840	Ukendt	9999	2013	0
Rebild	840	Ukendt	9999	2014	0
Rebild	840	Ukendt	9999	2015	0
Rebild	840	Ukendt	9999	2016	9
Rebild	840	Ukendt	9999	2017	14
Rebild	840	Ukendt	9999	2018	13
Rebild	840	Ukendt	9999	2019	13
Rebild	840	Ukendt	9999	2020	11
Rebild	840	Ukendt	9999	2021	16
Rebild	840	Ukendt	9999	2022	14
Rebild	840	Ukendt	9999	2023	17
Rebild	840	Ukendt	9999	2024	19
Rebild	840	Ukendt	9999	2025	26
Rebild	840	Ukendt	9999	2026	19
Mariagerfjord	846	Havndal	8970	2010	563
Mariagerfjord	846	Havndal	8970	2011	543
Mariagerfjord	846	Havndal	8970	2012	528
Mariagerfjord	846	Havndal	8970	2013	510
Mariagerfjord	846	Havndal	8970	2014	501
Mariagerfjord	846	Havndal	8970	2015	501
Mariagerfjord	846	Havndal	8970	2016	512
Mariagerfjord	846	Havndal	8970	2017	492
Mariagerfjord	846	Havndal	8970	2018	502
Mariagerfjord	846	Havndal	8970	2019	498
Mariagerfjord	846	Havndal	8970	2020	505
Mariagerfjord	846	Havndal	8970	2021	480
Mariagerfjord	846	Havndal	8970	2022	465
Mariagerfjord	846	Havndal	8970	2023	449
Mariagerfjord	846	Havndal	8970	2024	447
Mariagerfjord	846	Havndal	8970	2025	446
Mariagerfjord	846	Havndal	8970	2026	420
Mariagerfjord	846	Fårup	8990	2010	529
Mariagerfjord	846	Fårup	8990	2011	553
Mariagerfjord	846	Fårup	8990	2012	537
Mariagerfjord	846	Fårup	8990	2013	532
Mariagerfjord	846	Fårup	8990	2014	558
Mariagerfjord	846	Fårup	8990	2015	555
Mariagerfjord	846	Fårup	8990	2016	529
Mariagerfjord	846	Fårup	8990	2017	505
Mariagerfjord	846	Fårup	8990	2018	509
Mariagerfjord	846	Fårup	8990	2019	522
Mariagerfjord	846	Fårup	8990	2020	525
Mariagerfjord	846	Fårup	8990	2021	523
Mariagerfjord	846	Fårup	8990	2022	516
Mariagerfjord	846	Fårup	8990	2023	515
Mariagerfjord	846	Fårup	8990	2024	516
Mariagerfjord	846	Fårup	8990	2025	525
Mariagerfjord	846	Fårup	8990	2026	498
Mariagerfjord	846	Hobro	9500	2010	19537
Mariagerfjord	846	Hobro	9500	2011	19619
Mariagerfjord	846	Hobro	9500	2012	19625
Mariagerfjord	846	Hobro	9500	2013	19603
Mariagerfjord	846	Hobro	9500	2014	19625
Mariagerfjord	846	Hobro	9500	2015	19700
Mariagerfjord	846	Hobro	9500	2016	19721
Mariagerfjord	846	Hobro	9500	2017	19757
Mariagerfjord	846	Hobro	9500	2018	19820
Mariagerfjord	846	Hobro	9500	2019	19832
Mariagerfjord	846	Hobro	9500	2020	19830
Mariagerfjord	846	Hobro	9500	2021	19659
Mariagerfjord	846	Hobro	9500	2022	19799
Mariagerfjord	846	Hobro	9500	2023	19939
Mariagerfjord	846	Hobro	9500	2024	19848
Mariagerfjord	846	Hobro	9500	2025	19862
Mariagerfjord	846	Hobro	9500	2026	19952
Mariagerfjord	846	Arden	9510	2010	4826
Mariagerfjord	846	Arden	9510	2011	4820
Mariagerfjord	846	Arden	9510	2012	4815
Mariagerfjord	846	Arden	9510	2013	4780
Mariagerfjord	846	Arden	9510	2014	4846
Mariagerfjord	846	Arden	9510	2015	4859
Mariagerfjord	846	Arden	9510	2016	4870
Mariagerfjord	846	Arden	9510	2017	4814
Mariagerfjord	846	Arden	9510	2018	4793
Mariagerfjord	846	Arden	9510	2019	4783
Mariagerfjord	846	Arden	9510	2020	4739
Mariagerfjord	846	Arden	9510	2021	4748
Mariagerfjord	846	Arden	9510	2022	4764
Mariagerfjord	846	Arden	9510	2023	4779
Mariagerfjord	846	Arden	9510	2024	4804
Mariagerfjord	846	Arden	9510	2025	4842
Mariagerfjord	846	Arden	9510	2026	4775
Mariagerfjord	846	Mariager	9550	2010	5931
Mariagerfjord	846	Mariager	9550	2011	5935
Mariagerfjord	846	Mariager	9550	2012	5944
Mariagerfjord	846	Mariager	9550	2013	5857
Mariagerfjord	846	Mariager	9550	2014	5828
Mariagerfjord	846	Mariager	9550	2015	5815
Mariagerfjord	846	Mariager	9550	2016	5808
Mariagerfjord	846	Mariager	9550	2017	5799
Mariagerfjord	846	Mariager	9550	2018	5750
Mariagerfjord	846	Mariager	9550	2019	5706
Mariagerfjord	846	Mariager	9550	2020	5666
Mariagerfjord	846	Mariager	9550	2021	5645
Mariagerfjord	846	Mariager	9550	2022	5604
Mariagerfjord	846	Mariager	9550	2023	5665
Mariagerfjord	846	Mariager	9550	2024	5718
Mariagerfjord	846	Mariager	9550	2025	5675
Mariagerfjord	846	Mariager	9550	2026	5639
Mariagerfjord	846	Hadsund	9560	2010	11147
Mariagerfjord	846	Hadsund	9560	2011	11009
Mariagerfjord	846	Hadsund	9560	2012	10900
Mariagerfjord	846	Hadsund	9560	2013	10734
Mariagerfjord	846	Hadsund	9560	2014	10632
Mariagerfjord	846	Hadsund	9560	2015	10608
Mariagerfjord	846	Hadsund	9560	2016	10572
Mariagerfjord	846	Hadsund	9560	2017	10577
Mariagerfjord	846	Hadsund	9560	2018	10628
Mariagerfjord	846	Hadsund	9560	2019	10600
Mariagerfjord	846	Hadsund	9560	2020	10428
Mariagerfjord	846	Hadsund	9560	2021	10376
Mariagerfjord	846	Hadsund	9560	2022	10415
Mariagerfjord	846	Hadsund	9560	2023	10406
Mariagerfjord	846	Hadsund	9560	2024	10321
Mariagerfjord	846	Hadsund	9560	2025	10174
Mariagerfjord	846	Hadsund	9560	2026	10167
Mariagerfjord	846	Aalestrup	9620	2010	71
Mariagerfjord	846	Aalestrup	9620	2011	82
Mariagerfjord	846	Aalestrup	9620	2012	80
Mariagerfjord	846	Aalestrup	9620	2013	76
Mariagerfjord	846	Aalestrup	9620	2014	68
Mariagerfjord	846	Aalestrup	9620	2015	73
Mariagerfjord	846	Aalestrup	9620	2016	69
Mariagerfjord	846	Aalestrup	9620	2017	71
Mariagerfjord	846	Aalestrup	9620	2018	73
Mariagerfjord	846	Aalestrup	9620	2019	76
Mariagerfjord	846	Aalestrup	9620	2020	70
Mariagerfjord	846	Aalestrup	9620	2021	71
Mariagerfjord	846	Aalestrup	9620	2022	66
Mariagerfjord	846	Aalestrup	9620	2023	66
Mariagerfjord	846	Aalestrup	9620	2024	71
Mariagerfjord	846	Aalestrup	9620	2025	63
Mariagerfjord	846	Aalestrup	9620	2026	65
Mariagerfjord	846	Møldrup	9632	2010	0
Mariagerfjord	846	Møldrup	9632	2011	0
Mariagerfjord	846	Møldrup	9632	2012	0
Mariagerfjord	846	Møldrup	9632	2013	0
Mariagerfjord	846	Møldrup	9632	2014	0
Mariagerfjord	846	Møldrup	9632	2015	0
Mariagerfjord	846	Møldrup	9632	2016	0
Mariagerfjord	846	Møldrup	9632	2017	0
Mariagerfjord	846	Møldrup	9632	2018	0
Mariagerfjord	846	Møldrup	9632	2019	0
Mariagerfjord	846	Møldrup	9632	2020	0
Mariagerfjord	846	Møldrup	9632	2021	0
Mariagerfjord	846	Møldrup	9632	2022	0
Mariagerfjord	846	Møldrup	9632	2023	0
Mariagerfjord	846	Møldrup	9632	2024	0
Mariagerfjord	846	Møldrup	9632	2025	0
Mariagerfjord	846	Møldrup	9632	2026	0
Mariagerfjord	846	Ukendt	9999	2010	0
Mariagerfjord	846	Ukendt	9999	2011	11
Mariagerfjord	846	Ukendt	9999	2012	0
Mariagerfjord	846	Ukendt	9999	2013	19
Mariagerfjord	846	Ukendt	9999	2014	35
Mariagerfjord	846	Ukendt	9999	2015	23
Mariagerfjord	846	Ukendt	9999	2016	50
Mariagerfjord	846	Ukendt	9999	2017	51
Mariagerfjord	846	Ukendt	9999	2018	50
Mariagerfjord	846	Ukendt	9999	2019	38
Mariagerfjord	846	Ukendt	9999	2020	37
Mariagerfjord	846	Ukendt	9999	2021	34
Mariagerfjord	846	Ukendt	9999	2022	33
Mariagerfjord	846	Ukendt	9999	2023	40
Mariagerfjord	846	Ukendt	9999	2024	37
Mariagerfjord	846	Ukendt	9999	2025	19
Mariagerfjord	846	Ukendt	9999	2026	25
Jammerbugt	849	Sulsted	9381	2010	54
Jammerbugt	849	Sulsted	9381	2011	43
Jammerbugt	849	Sulsted	9381	2012	47
Jammerbugt	849	Sulsted	9381	2013	51
Jammerbugt	849	Sulsted	9381	2014	48
Jammerbugt	849	Sulsted	9381	2015	47
Jammerbugt	849	Sulsted	9381	2016	44
Jammerbugt	849	Sulsted	9381	2017	49
Jammerbugt	849	Sulsted	9381	2018	53
Jammerbugt	849	Sulsted	9381	2019	49
Jammerbugt	849	Sulsted	9381	2020	49
Jammerbugt	849	Sulsted	9381	2021	52
Jammerbugt	849	Sulsted	9381	2022	50
Jammerbugt	849	Sulsted	9381	2023	47
Jammerbugt	849	Sulsted	9381	2024	50
Jammerbugt	849	Sulsted	9381	2025	55
Jammerbugt	849	Sulsted	9381	2026	54
Jammerbugt	849	Tylstrup	9382	2010	4
Jammerbugt	849	Tylstrup	9382	2011	4
Jammerbugt	849	Tylstrup	9382	2012	4
Jammerbugt	849	Tylstrup	9382	2013	4
Jammerbugt	849	Tylstrup	9382	2014	4
Jammerbugt	849	Tylstrup	9382	2015	2
Jammerbugt	849	Tylstrup	9382	2016	3
Jammerbugt	849	Tylstrup	9382	2017	5
Jammerbugt	849	Tylstrup	9382	2018	4
Jammerbugt	849	Tylstrup	9382	2019	3
Jammerbugt	849	Tylstrup	9382	2020	3
Jammerbugt	849	Tylstrup	9382	2021	3
Jammerbugt	849	Tylstrup	9382	2022	3
Jammerbugt	849	Tylstrup	9382	2023	2
Jammerbugt	849	Tylstrup	9382	2024	2
Jammerbugt	849	Tylstrup	9382	2025	1
Jammerbugt	849	Tylstrup	9382	2026	1
Jammerbugt	849	Vadum	9430	2010	1483
Jammerbugt	849	Vadum	9430	2011	1471
Jammerbugt	849	Vadum	9430	2012	1474
Jammerbugt	849	Vadum	9430	2013	1477
Jammerbugt	849	Vadum	9430	2014	1482
Jammerbugt	849	Vadum	9430	2015	1474
Jammerbugt	849	Vadum	9430	2016	1497
Jammerbugt	849	Vadum	9430	2017	1546
Jammerbugt	849	Vadum	9430	2018	1575
Jammerbugt	849	Vadum	9430	2019	1605
Jammerbugt	849	Vadum	9430	2020	1626
Jammerbugt	849	Vadum	9430	2021	1649
Jammerbugt	849	Vadum	9430	2022	1703
Jammerbugt	849	Vadum	9430	2023	1705
Jammerbugt	849	Vadum	9430	2024	1698
Jammerbugt	849	Vadum	9430	2025	1714
Jammerbugt	849	Vadum	9430	2026	1731
Jammerbugt	849	Aabybro	9440	2010	10261
Jammerbugt	849	Aabybro	9440	2011	10329
Jammerbugt	849	Aabybro	9440	2012	10381
Jammerbugt	849	Aabybro	9440	2013	10438
Jammerbugt	849	Aabybro	9440	2014	10489
Jammerbugt	849	Aabybro	9440	2015	10505
Jammerbugt	849	Aabybro	9440	2016	10642
Jammerbugt	849	Aabybro	9440	2017	10712
Jammerbugt	849	Aabybro	9440	2018	10720
Jammerbugt	849	Aabybro	9440	2019	10783
Jammerbugt	849	Aabybro	9440	2020	10875
Jammerbugt	849	Aabybro	9440	2021	10926
Jammerbugt	849	Aabybro	9440	2022	11034
Jammerbugt	849	Aabybro	9440	2023	11209
Jammerbugt	849	Aabybro	9440	2024	11315
Jammerbugt	849	Aabybro	9440	2025	11273
Jammerbugt	849	Aabybro	9440	2026	11410
Jammerbugt	849	Brovst	9460	2010	8308
Jammerbugt	849	Brovst	9460	2011	8249
Jammerbugt	849	Brovst	9460	2012	8236
Jammerbugt	849	Brovst	9460	2013	8208
Jammerbugt	849	Brovst	9460	2014	8082
Jammerbugt	849	Brovst	9460	2015	8034
Jammerbugt	849	Brovst	9460	2016	8000
Jammerbugt	849	Brovst	9460	2017	7930
Jammerbugt	849	Brovst	9460	2018	7911
Jammerbugt	849	Brovst	9460	2019	7855
Jammerbugt	849	Brovst	9460	2020	7708
Jammerbugt	849	Brovst	9460	2021	7640
Jammerbugt	849	Brovst	9460	2022	7520
Jammerbugt	849	Brovst	9460	2023	7564
Jammerbugt	849	Brovst	9460	2024	7477
Jammerbugt	849	Brovst	9460	2025	7439
Jammerbugt	849	Brovst	9460	2026	7382
Jammerbugt	849	Løkken	9480	2010	755
Jammerbugt	849	Løkken	9480	2011	725
Jammerbugt	849	Løkken	9480	2012	728
Jammerbugt	849	Løkken	9480	2013	726
Jammerbugt	849	Løkken	9480	2014	717
Jammerbugt	849	Løkken	9480	2015	677
Jammerbugt	849	Løkken	9480	2016	669
Jammerbugt	849	Løkken	9480	2017	703
Jammerbugt	849	Løkken	9480	2018	710
Jammerbugt	849	Løkken	9480	2019	654
Jammerbugt	849	Løkken	9480	2020	671
Jammerbugt	849	Løkken	9480	2021	679
Jammerbugt	849	Løkken	9480	2022	665
Jammerbugt	849	Løkken	9480	2023	685
Jammerbugt	849	Løkken	9480	2024	681
Jammerbugt	849	Løkken	9480	2025	643
Jammerbugt	849	Løkken	9480	2026	637
Jammerbugt	849	Pandrup	9490	2010	6476
Jammerbugt	849	Pandrup	9490	2011	6446
Jammerbugt	849	Pandrup	9490	2012	6384
Jammerbugt	849	Pandrup	9490	2013	6405
Jammerbugt	849	Pandrup	9490	2014	6356
Jammerbugt	849	Pandrup	9490	2015	6386
Jammerbugt	849	Pandrup	9490	2016	6469
Jammerbugt	849	Pandrup	9490	2017	6412
Jammerbugt	849	Pandrup	9490	2018	6373
Jammerbugt	849	Pandrup	9490	2019	6359
Jammerbugt	849	Pandrup	9490	2020	6313
Jammerbugt	849	Pandrup	9490	2021	6205
Jammerbugt	849	Pandrup	9490	2022	6151
Jammerbugt	849	Pandrup	9490	2023	6086
Jammerbugt	849	Pandrup	9490	2024	6051
Jammerbugt	849	Pandrup	9490	2025	6018
Jammerbugt	849	Pandrup	9490	2026	5984
Jammerbugt	849	Blokhus	9492	2010	1198
Jammerbugt	849	Blokhus	9492	2011	1201
Jammerbugt	849	Blokhus	9492	2012	1218
Jammerbugt	849	Blokhus	9492	2013	1223
Jammerbugt	849	Blokhus	9492	2014	1262
Jammerbugt	849	Blokhus	9492	2015	1292
Jammerbugt	849	Blokhus	9492	2016	1337
Jammerbugt	849	Blokhus	9492	2017	1342
Jammerbugt	849	Blokhus	9492	2018	1359
Jammerbugt	849	Blokhus	9492	2019	1357
Jammerbugt	849	Blokhus	9492	2020	1369
Jammerbugt	849	Blokhus	9492	2021	1380
Jammerbugt	849	Blokhus	9492	2022	1422
Jammerbugt	849	Blokhus	9492	2023	1456
Jammerbugt	849	Blokhus	9492	2024	1429
Jammerbugt	849	Blokhus	9492	2025	1437
Jammerbugt	849	Blokhus	9492	2026	1440
Jammerbugt	849	Saltum	9493	2010	1360
Jammerbugt	849	Saltum	9493	2011	1325
Jammerbugt	849	Saltum	9493	2012	1323
Jammerbugt	849	Saltum	9493	2013	1326
Jammerbugt	849	Saltum	9493	2014	1298
Jammerbugt	849	Saltum	9493	2015	1288
Jammerbugt	849	Saltum	9493	2016	1280
Jammerbugt	849	Saltum	9493	2017	1279
Jammerbugt	849	Saltum	9493	2018	1289
Jammerbugt	849	Saltum	9493	2019	1270
Jammerbugt	849	Saltum	9493	2020	1292
Jammerbugt	849	Saltum	9493	2021	1316
Jammerbugt	849	Saltum	9493	2022	1323
Jammerbugt	849	Saltum	9493	2023	1333
Jammerbugt	849	Saltum	9493	2024	1299
Jammerbugt	849	Saltum	9493	2025	1287
Jammerbugt	849	Saltum	9493	2026	1302
Jammerbugt	849	Løgstør	9670	2010	25
Jammerbugt	849	Løgstør	9670	2011	25
Jammerbugt	849	Løgstør	9670	2012	23
Jammerbugt	849	Løgstør	9670	2013	22
Jammerbugt	849	Løgstør	9670	2014	22
Jammerbugt	849	Løgstør	9670	2015	22
Jammerbugt	849	Løgstør	9670	2016	22
Jammerbugt	849	Løgstør	9670	2017	21
Jammerbugt	849	Løgstør	9670	2018	22
Jammerbugt	849	Løgstør	9670	2019	23
Jammerbugt	849	Løgstør	9670	2020	21
Jammerbugt	849	Løgstør	9670	2021	24
Jammerbugt	849	Løgstør	9670	2022	18
Jammerbugt	849	Løgstør	9670	2023	21
Jammerbugt	849	Løgstør	9670	2024	16
Jammerbugt	849	Løgstør	9670	2025	17
Jammerbugt	849	Løgstør	9670	2026	20
Jammerbugt	849	Fjerritslev	9690	2010	8293
Jammerbugt	849	Fjerritslev	9690	2011	8235
Jammerbugt	849	Fjerritslev	9690	2012	8139
Jammerbugt	849	Fjerritslev	9690	2013	8075
Jammerbugt	849	Fjerritslev	9690	2014	7947
Jammerbugt	849	Fjerritslev	9690	2015	7947
Jammerbugt	849	Fjerritslev	9690	2016	7915
Jammerbugt	849	Fjerritslev	9690	2017	7977
Jammerbugt	849	Fjerritslev	9690	2018	8024
Jammerbugt	849	Fjerritslev	9690	2019	7917
Jammerbugt	849	Fjerritslev	9690	2020	7832
Jammerbugt	849	Fjerritslev	9690	2021	7767
Jammerbugt	849	Fjerritslev	9690	2022	7750
Jammerbugt	849	Fjerritslev	9690	2023	7711
Jammerbugt	849	Fjerritslev	9690	2024	7672
Jammerbugt	849	Fjerritslev	9690	2025	7526
Jammerbugt	849	Fjerritslev	9690	2026	7497
Jammerbugt	849	Brønderslev	9700	2010	689
Jammerbugt	849	Brønderslev	9700	2011	672
Jammerbugt	849	Brønderslev	9700	2012	653
Jammerbugt	849	Brønderslev	9700	2013	641
Jammerbugt	849	Brønderslev	9700	2014	638
Jammerbugt	849	Brønderslev	9700	2015	613
Jammerbugt	849	Brønderslev	9700	2016	583
Jammerbugt	849	Brønderslev	9700	2017	605
Jammerbugt	849	Brønderslev	9700	2018	592
Jammerbugt	849	Brønderslev	9700	2019	571
Jammerbugt	849	Brønderslev	9700	2020	549
Jammerbugt	849	Brønderslev	9700	2021	518
Jammerbugt	849	Brønderslev	9700	2022	536
Jammerbugt	849	Brønderslev	9700	2023	534
Jammerbugt	849	Brønderslev	9700	2024	532
Jammerbugt	849	Brønderslev	9700	2025	536
Jammerbugt	849	Brønderslev	9700	2026	532
Jammerbugt	849	Ukendt	9999	2010	21
Jammerbugt	849	Ukendt	9999	2011	8
Jammerbugt	849	Ukendt	9999	2012	1
Jammerbugt	849	Ukendt	9999	2013	1
Jammerbugt	849	Ukendt	9999	2014	6
Jammerbugt	849	Ukendt	9999	2015	6
Jammerbugt	849	Ukendt	9999	2016	5
Jammerbugt	849	Ukendt	9999	2017	0
Jammerbugt	849	Ukendt	9999	2018	6
Jammerbugt	849	Ukendt	9999	2019	14
Jammerbugt	849	Ukendt	9999	2020	16
Jammerbugt	849	Ukendt	9999	2021	16
Jammerbugt	849	Ukendt	9999	2022	12
Jammerbugt	849	Ukendt	9999	2023	11
Jammerbugt	849	Ukendt	9999	2024	12
Jammerbugt	849	Ukendt	9999	2025	8
Jammerbugt	849	Ukendt	9999	2026	8
Aalborg	851	Aalborg	9000	2010	65567
Aalborg	851	Aalborg	9000	2011	66644
Aalborg	851	Aalborg	9000	2012	67681
Aalborg	851	Aalborg	9000	2013	68954
Aalborg	851	Aalborg	9000	2014	71091
Aalborg	851	Aalborg	9000	2015	72636
Aalborg	851	Aalborg	9000	2016	74300
Aalborg	851	Aalborg	9000	2017	75470
Aalborg	851	Aalborg	9000	2018	76208
Aalborg	851	Aalborg	9000	2019	77100
Aalborg	851	Aalborg	9000	2020	77497
Aalborg	851	Aalborg	9000	2021	78553
Aalborg	851	Aalborg	9000	2022	78719
Aalborg	851	Aalborg	9000	2023	79129
Aalborg	851	Aalborg	9000	2024	78699
Aalborg	851	Aalborg	9000	2025	79244
Aalborg	851	Aalborg	9000	2026	79500
Aalborg	851	Aalborg SV	9200	2010	9999
Aalborg	851	Aalborg SV	9200	2011	10076
Aalborg	851	Aalborg SV	9200	2012	10146
Aalborg	851	Aalborg SV	9200	2013	10201
Aalborg	851	Aalborg SV	9200	2014	10358
Aalborg	851	Aalborg SV	9200	2015	10414
Aalborg	851	Aalborg SV	9200	2016	10310
Aalborg	851	Aalborg SV	9200	2017	10311
Aalborg	851	Aalborg SV	9200	2018	10292
Aalborg	851	Aalborg SV	9200	2019	10636
Aalborg	851	Aalborg SV	9200	2020	11211
Aalborg	851	Aalborg SV	9200	2021	11838
Aalborg	851	Aalborg SV	9200	2022	12488
Aalborg	851	Aalborg SV	9200	2023	12858
Aalborg	851	Aalborg SV	9200	2024	12958
Aalborg	851	Aalborg SV	9200	2025	13084
Aalborg	851	Aalborg SV	9200	2026	13317
Aalborg	851	Aalborg SØ	9210	2010	14099
Aalborg	851	Aalborg SØ	9210	2011	14087
Aalborg	851	Aalborg SØ	9210	2012	14235
Aalborg	851	Aalborg SØ	9210	2013	14312
Aalborg	851	Aalborg SØ	9210	2014	14365
Aalborg	851	Aalborg SØ	9210	2015	14368
Aalborg	851	Aalborg SØ	9210	2016	14546
Aalborg	851	Aalborg SØ	9210	2017	14553
Aalborg	851	Aalborg SØ	9210	2018	14551
Aalborg	851	Aalborg SØ	9210	2019	14588
Aalborg	851	Aalborg SØ	9210	2020	14679
Aalborg	851	Aalborg SØ	9210	2021	14602
Aalborg	851	Aalborg SØ	9210	2022	14440
Aalborg	851	Aalborg SØ	9210	2023	14733
Aalborg	851	Aalborg SØ	9210	2024	14875
Aalborg	851	Aalborg SØ	9210	2025	14941
Aalborg	851	Aalborg SØ	9210	2026	14903
Aalborg	851	Aalborg Øst	9220	2010	15387
Aalborg	851	Aalborg Øst	9220	2011	15441
Aalborg	851	Aalborg Øst	9220	2012	15744
Aalborg	851	Aalborg Øst	9220	2013	16167
Aalborg	851	Aalborg Øst	9220	2014	16059
Aalborg	851	Aalborg Øst	9220	2015	15893
Aalborg	851	Aalborg Øst	9220	2016	15837
Aalborg	851	Aalborg Øst	9220	2017	15841
Aalborg	851	Aalborg Øst	9220	2018	15733
Aalborg	851	Aalborg Øst	9220	2019	16040
Aalborg	851	Aalborg Øst	9220	2020	16474
Aalborg	851	Aalborg Øst	9220	2021	16765
Aalborg	851	Aalborg Øst	9220	2022	16916
Aalborg	851	Aalborg Øst	9220	2023	16943
Aalborg	851	Aalborg Øst	9220	2024	16931
Aalborg	851	Aalborg Øst	9220	2025	17300
Aalborg	851	Aalborg Øst	9220	2026	17527
Aalborg	851	Svenstrup J	9230	2010	10018
Aalborg	851	Svenstrup J	9230	2011	10056
Aalborg	851	Svenstrup J	9230	2012	10083
Aalborg	851	Svenstrup J	9230	2013	10214
Aalborg	851	Svenstrup J	9230	2014	10277
Aalborg	851	Svenstrup J	9230	2015	10339
Aalborg	851	Svenstrup J	9230	2016	10475
Aalborg	851	Svenstrup J	9230	2017	10527
Aalborg	851	Svenstrup J	9230	2018	10605
Aalborg	851	Svenstrup J	9230	2019	10610
Aalborg	851	Svenstrup J	9230	2020	10556
Aalborg	851	Svenstrup J	9230	2021	10721
Aalborg	851	Svenstrup J	9230	2022	10830
Aalborg	851	Svenstrup J	9230	2023	10901
Aalborg	851	Svenstrup J	9230	2024	11050
Aalborg	851	Svenstrup J	9230	2025	11169
Aalborg	851	Svenstrup J	9230	2026	11321
Aalborg	851	Nibe	9240	2010	10741
Aalborg	851	Nibe	9240	2011	10693
Aalborg	851	Nibe	9240	2012	10757
Aalborg	851	Nibe	9240	2013	10774
Aalborg	851	Nibe	9240	2014	10770
Aalborg	851	Nibe	9240	2015	10817
Aalborg	851	Nibe	9240	2016	10956
Aalborg	851	Nibe	9240	2017	10988
Aalborg	851	Nibe	9240	2018	11031
Aalborg	851	Nibe	9240	2019	11023
Aalborg	851	Nibe	9240	2020	10981
Aalborg	851	Nibe	9240	2021	10966
Aalborg	851	Nibe	9240	2022	11098
Aalborg	851	Nibe	9240	2023	11176
Aalborg	851	Nibe	9240	2024	11253
Aalborg	851	Nibe	9240	2025	11210
Aalborg	851	Nibe	9240	2026	11272
Aalborg	851	Gistrup	9260	2010	6543
Aalborg	851	Gistrup	9260	2011	6609
Aalborg	851	Gistrup	9260	2012	6501
Aalborg	851	Gistrup	9260	2013	6589
Aalborg	851	Gistrup	9260	2014	6587
Aalborg	851	Gistrup	9260	2015	6627
Aalborg	851	Gistrup	9260	2016	6705
Aalborg	851	Gistrup	9260	2017	6844
Aalborg	851	Gistrup	9260	2018	7088
Aalborg	851	Gistrup	9260	2019	7172
Aalborg	851	Gistrup	9260	2020	7204
Aalborg	851	Gistrup	9260	2021	7201
Aalborg	851	Gistrup	9260	2022	7358
Aalborg	851	Gistrup	9260	2023	7301
Aalborg	851	Gistrup	9260	2024	7393
Aalborg	851	Gistrup	9260	2025	7491
Aalborg	851	Gistrup	9260	2026	7518
Aalborg	851	Klarup	9270	2010	4257
Aalborg	851	Klarup	9270	2011	4415
Aalborg	851	Klarup	9270	2012	4611
Aalborg	851	Klarup	9270	2013	4710
Aalborg	851	Klarup	9270	2014	4807
Aalborg	851	Klarup	9270	2015	4832
Aalborg	851	Klarup	9270	2016	4851
Aalborg	851	Klarup	9270	2017	4895
Aalborg	851	Klarup	9270	2018	4849
Aalborg	851	Klarup	9270	2019	4905
Aalborg	851	Klarup	9270	2020	4959
Aalborg	851	Klarup	9270	2021	5015
Aalborg	851	Klarup	9270	2022	5173
Aalborg	851	Klarup	9270	2023	5333
Aalborg	851	Klarup	9270	2024	5502
Aalborg	851	Klarup	9270	2025	5775
Aalborg	851	Klarup	9270	2026	5921
Aalborg	851	Storvorde	9280	2010	7732
Aalborg	851	Storvorde	9280	2011	7724
Aalborg	851	Storvorde	9280	2012	7707
Aalborg	851	Storvorde	9280	2013	7762
Aalborg	851	Storvorde	9280	2014	7714
Aalborg	851	Storvorde	9280	2015	7713
Aalborg	851	Storvorde	9280	2016	7754
Aalborg	851	Storvorde	9280	2017	7796
Aalborg	851	Storvorde	9280	2018	7833
Aalborg	851	Storvorde	9280	2019	7819
Aalborg	851	Storvorde	9280	2020	7764
Aalborg	851	Storvorde	9280	2021	7846
Aalborg	851	Storvorde	9280	2022	7863
Aalborg	851	Storvorde	9280	2023	7806
Aalborg	851	Storvorde	9280	2024	7829
Aalborg	851	Storvorde	9280	2025	7729
Aalborg	851	Storvorde	9280	2026	7725
Aalborg	851	Kongerslev	9293	2010	2191
Aalborg	851	Kongerslev	9293	2011	2194
Aalborg	851	Kongerslev	9293	2012	2166
Aalborg	851	Kongerslev	9293	2013	2152
Aalborg	851	Kongerslev	9293	2014	2124
Aalborg	851	Kongerslev	9293	2015	2120
Aalborg	851	Kongerslev	9293	2016	2112
Aalborg	851	Kongerslev	9293	2017	2121
Aalborg	851	Kongerslev	9293	2018	2127
Aalborg	851	Kongerslev	9293	2019	2118
Aalborg	851	Kongerslev	9293	2020	2091
Aalborg	851	Kongerslev	9293	2021	2061
Aalborg	851	Kongerslev	9293	2022	2016
Aalborg	851	Kongerslev	9293	2023	1972
Aalborg	851	Kongerslev	9293	2024	1973
Aalborg	851	Kongerslev	9293	2025	1925
Aalborg	851	Kongerslev	9293	2026	1923
Aalborg	851	Vodskov	9310	2010	10392
Aalborg	851	Vodskov	9310	2011	10378
Aalborg	851	Vodskov	9310	2012	10333
Aalborg	851	Vodskov	9310	2013	10317
Aalborg	851	Vodskov	9310	2014	10339
Aalborg	851	Vodskov	9310	2015	10417
Aalborg	851	Vodskov	9310	2016	10351
Aalborg	851	Vodskov	9310	2017	10271
Aalborg	851	Vodskov	9310	2018	10432
Aalborg	851	Vodskov	9310	2019	10505
Aalborg	851	Vodskov	9310	2020	10519
Aalborg	851	Vodskov	9310	2021	10562
Aalborg	851	Vodskov	9310	2022	10687
Aalborg	851	Vodskov	9310	2023	10752
Aalborg	851	Vodskov	9310	2024	10779
Aalborg	851	Vodskov	9310	2025	10787
Aalborg	851	Vodskov	9310	2026	10795
Aalborg	851	Hjallerup	9320	2010	31
Aalborg	851	Hjallerup	9320	2011	29
Aalborg	851	Hjallerup	9320	2012	30
Aalborg	851	Hjallerup	9320	2013	33
Aalborg	851	Hjallerup	9320	2014	34
Aalborg	851	Hjallerup	9320	2015	43
Aalborg	851	Hjallerup	9320	2016	36
Aalborg	851	Hjallerup	9320	2017	41
Aalborg	851	Hjallerup	9320	2018	40
Aalborg	851	Hjallerup	9320	2019	40
Aalborg	851	Hjallerup	9320	2020	40
Aalborg	851	Hjallerup	9320	2021	43
Aalborg	851	Hjallerup	9320	2022	40
Aalborg	851	Hjallerup	9320	2023	38
Aalborg	851	Hjallerup	9320	2024	29
Aalborg	851	Hjallerup	9320	2025	25
Aalborg	851	Hjallerup	9320	2026	37
Aalborg	851	Gandrup	9362	2010	2585
Aalborg	851	Gandrup	9362	2011	2611
Aalborg	851	Gandrup	9362	2012	2619
Aalborg	851	Gandrup	9362	2013	2567
Aalborg	851	Gandrup	9362	2014	2573
Aalborg	851	Gandrup	9362	2015	2535
Aalborg	851	Gandrup	9362	2016	2546
Aalborg	851	Gandrup	9362	2017	2528
Aalborg	851	Gandrup	9362	2018	2532
Aalborg	851	Gandrup	9362	2019	2538
Aalborg	851	Gandrup	9362	2020	2559
Aalborg	851	Gandrup	9362	2021	2564
Aalborg	851	Gandrup	9362	2022	2517
Aalborg	851	Gandrup	9362	2023	2546
Aalborg	851	Gandrup	9362	2024	2498
Aalborg	851	Gandrup	9362	2025	2495
Aalborg	851	Gandrup	9362	2026	2451
Aalborg	851	Hals	9370	2010	5953
Aalborg	851	Hals	9370	2011	5982
Aalborg	851	Hals	9370	2012	5915
Aalborg	851	Hals	9370	2013	5983
Aalborg	851	Hals	9370	2014	5996
Aalborg	851	Hals	9370	2015	5920
Aalborg	851	Hals	9370	2016	5944
Aalborg	851	Hals	9370	2017	5950
Aalborg	851	Hals	9370	2018	6097
Aalborg	851	Hals	9370	2019	5951
Aalborg	851	Hals	9370	2020	5931
Aalborg	851	Hals	9370	2021	5978
Aalborg	851	Hals	9370	2022	6011
Aalborg	851	Hals	9370	2023	6028
Aalborg	851	Hals	9370	2024	5960
Aalborg	851	Hals	9370	2025	5867
Aalborg	851	Hals	9370	2026	5789
Aalborg	851	Vestbjerg	9380	2010	2852
Aalborg	851	Vestbjerg	9380	2011	2871
Aalborg	851	Vestbjerg	9380	2012	2878
Aalborg	851	Vestbjerg	9380	2013	2892
Aalborg	851	Vestbjerg	9380	2014	2887
Aalborg	851	Vestbjerg	9380	2015	2873
Aalborg	851	Vestbjerg	9380	2016	2919
Aalborg	851	Vestbjerg	9380	2017	2990
Aalborg	851	Vestbjerg	9380	2018	3076
Aalborg	851	Vestbjerg	9380	2019	3090
Aalborg	851	Vestbjerg	9380	2020	3054
Aalborg	851	Vestbjerg	9380	2021	3063
Aalborg	851	Vestbjerg	9380	2022	3087
Aalborg	851	Vestbjerg	9380	2023	3088
Aalborg	851	Vestbjerg	9380	2024	3095
Aalborg	851	Vestbjerg	9380	2025	3210
Aalborg	851	Vestbjerg	9380	2026	3271
Aalborg	851	Sulsted	9381	2010	2275
Aalborg	851	Sulsted	9381	2011	2284
Aalborg	851	Sulsted	9381	2012	2270
Aalborg	851	Sulsted	9381	2013	2279
Aalborg	851	Sulsted	9381	2014	2255
Aalborg	851	Sulsted	9381	2015	2244
Aalborg	851	Sulsted	9381	2016	2253
Aalborg	851	Sulsted	9381	2017	2247
Aalborg	851	Sulsted	9381	2018	2216
Aalborg	851	Sulsted	9381	2019	2186
Aalborg	851	Sulsted	9381	2020	2183
Aalborg	851	Sulsted	9381	2021	2196
Aalborg	851	Sulsted	9381	2022	2205
Aalborg	851	Sulsted	9381	2023	2179
Aalborg	851	Sulsted	9381	2024	2178
Aalborg	851	Sulsted	9381	2025	2145
Aalborg	851	Sulsted	9381	2026	2104
Aalborg	851	Tylstrup	9382	2010	1717
Aalborg	851	Tylstrup	9382	2011	1727
Aalborg	851	Tylstrup	9382	2012	1752
Aalborg	851	Tylstrup	9382	2013	1776
Aalborg	851	Tylstrup	9382	2014	1766
Aalborg	851	Tylstrup	9382	2015	1768
Aalborg	851	Tylstrup	9382	2016	1735
Aalborg	851	Tylstrup	9382	2017	1726
Aalborg	851	Tylstrup	9382	2018	1740
Aalborg	851	Tylstrup	9382	2019	1714
Aalborg	851	Tylstrup	9382	2020	1715
Aalborg	851	Tylstrup	9382	2021	1712
Aalborg	851	Tylstrup	9382	2022	1694
Aalborg	851	Tylstrup	9382	2023	1705
Aalborg	851	Tylstrup	9382	2024	1651
Aalborg	851	Tylstrup	9382	2025	1627
Aalborg	851	Tylstrup	9382	2026	1640
Aalborg	851	Nørresundby	9400	2010	21502
Aalborg	851	Nørresundby	9400	2011	21762
Aalborg	851	Nørresundby	9400	2012	22047
Aalborg	851	Nørresundby	9400	2013	22118
Aalborg	851	Nørresundby	9400	2014	22138
Aalborg	851	Nørresundby	9400	2015	22459
Aalborg	851	Nørresundby	9400	2016	22842
Aalborg	851	Nørresundby	9400	2017	22991
Aalborg	851	Nørresundby	9400	2018	23245
Aalborg	851	Nørresundby	9400	2019	23469
Aalborg	851	Nørresundby	9400	2020	23903
Aalborg	851	Nørresundby	9400	2021	24082
Aalborg	851	Nørresundby	9400	2022	24100
Aalborg	851	Nørresundby	9400	2023	24190
Aalborg	851	Nørresundby	9400	2024	24632
Aalborg	851	Nørresundby	9400	2025	24758
Aalborg	851	Nørresundby	9400	2026	25158
Aalborg	851	Vadum	9430	2010	2862
Aalborg	851	Vadum	9430	2011	2893
Aalborg	851	Vadum	9430	2012	2862
Aalborg	851	Vadum	9430	2013	2855
Aalborg	851	Vadum	9430	2014	2864
Aalborg	851	Vadum	9430	2015	2886
Aalborg	851	Vadum	9430	2016	2860
Aalborg	851	Vadum	9430	2017	2877
Aalborg	851	Vadum	9430	2018	2865
Aalborg	851	Vadum	9430	2019	2845
Aalborg	851	Vadum	9430	2020	2896
Aalborg	851	Vadum	9430	2021	2937
Aalborg	851	Vadum	9430	2022	3077
Aalborg	851	Vadum	9430	2023	3095
Aalborg	851	Vadum	9430	2024	3100
Aalborg	851	Vadum	9430	2025	3055
Aalborg	851	Vadum	9430	2026	3083
Aalborg	851	Aabybro	9440	2010	59
Aalborg	851	Aabybro	9440	2011	57
Aalborg	851	Aabybro	9440	2012	57
Aalborg	851	Aabybro	9440	2013	58
Aalborg	851	Aabybro	9440	2014	58
Aalborg	851	Aabybro	9440	2015	56
Aalborg	851	Aabybro	9440	2016	58
Aalborg	851	Aabybro	9440	2017	62
Aalborg	851	Aabybro	9440	2018	57
Aalborg	851	Aabybro	9440	2019	47
Aalborg	851	Aabybro	9440	2020	50
Aalborg	851	Aabybro	9440	2021	56
Aalborg	851	Aabybro	9440	2022	50
Aalborg	851	Aabybro	9440	2023	47
Aalborg	851	Aabybro	9440	2024	48
Aalborg	851	Aabybro	9440	2025	50
Aalborg	851	Aabybro	9440	2026	49
Aalborg	851	Støvring	9530	2010	339
Aalborg	851	Støvring	9530	2011	324
Aalborg	851	Støvring	9530	2012	325
Aalborg	851	Støvring	9530	2013	335
Aalborg	851	Støvring	9530	2014	330
Aalborg	851	Støvring	9530	2015	332
Aalborg	851	Støvring	9530	2016	320
Aalborg	851	Støvring	9530	2017	323
Aalborg	851	Støvring	9530	2018	318
Aalborg	851	Støvring	9530	2019	312
Aalborg	851	Støvring	9530	2020	303
Aalborg	851	Støvring	9530	2021	307
Aalborg	851	Støvring	9530	2022	292
Aalborg	851	Støvring	9530	2023	295
Aalborg	851	Støvring	9530	2024	297
Aalborg	851	Støvring	9530	2025	292
Aalborg	851	Støvring	9530	2026	289
Aalborg	851	Ukendt	9999	2010	325
Aalborg	851	Ukendt	9999	2011	331
Aalborg	851	Ukendt	9999	2012	423
Aalborg	851	Ukendt	9999	2013	400
Aalborg	851	Ukendt	9999	2014	417
Aalborg	851	Ukendt	9999	2015	513
Aalborg	851	Ukendt	9999	2016	606
Aalborg	851	Ukendt	9999	2017	585
Aalborg	851	Ukendt	9999	2018	623
Aalborg	851	Ukendt	9999	2019	604
Aalborg	851	Ukendt	9999	2020	506
Aalborg	851	Ukendt	9999	2021	419
Aalborg	851	Ukendt	9999	2022	421
Aalborg	851	Ukendt	9999	2023	456
Aalborg	851	Ukendt	9999	2024	444
Aalborg	851	Ukendt	9999	2025	433
Aalborg	851	Ukendt	9999	2026	440
Hjørring	860	Løkken	9480	2010	4013
Hjørring	860	Løkken	9480	2011	3966
Hjørring	860	Løkken	9480	2012	3953
Hjørring	860	Løkken	9480	2013	3917
Hjørring	860	Løkken	9480	2014	3868
Hjørring	860	Løkken	9480	2015	3830
Hjørring	860	Løkken	9480	2016	3848
Hjørring	860	Løkken	9480	2017	3781
Hjørring	860	Løkken	9480	2018	3767
Hjørring	860	Løkken	9480	2019	3764
Hjørring	860	Løkken	9480	2020	3765
Hjørring	860	Løkken	9480	2021	3743
Hjørring	860	Løkken	9480	2022	3707
Hjørring	860	Løkken	9480	2023	3729
Hjørring	860	Løkken	9480	2024	3724
Hjørring	860	Løkken	9480	2025	3667
Hjørring	860	Løkken	9480	2026	3645
Hjørring	860	Jerslev J	9740	2010	24
Hjørring	860	Jerslev J	9740	2011	23
Hjørring	860	Jerslev J	9740	2012	21
Hjørring	860	Jerslev J	9740	2013	22
Hjørring	860	Jerslev J	9740	2014	21
Hjørring	860	Jerslev J	9740	2015	19
Hjørring	860	Jerslev J	9740	2016	19
Hjørring	860	Jerslev J	9740	2017	18
Hjørring	860	Jerslev J	9740	2018	18
Hjørring	860	Jerslev J	9740	2019	18
Hjørring	860	Jerslev J	9740	2020	17
Hjørring	860	Jerslev J	9740	2021	16
Hjørring	860	Jerslev J	9740	2022	17
Hjørring	860	Jerslev J	9740	2023	17
Hjørring	860	Jerslev J	9740	2024	16
Hjørring	860	Jerslev J	9740	2025	16
Hjørring	860	Jerslev J	9740	2026	14
Hjørring	860	Østervrå	9750	2010	6
Hjørring	860	Østervrå	9750	2011	6
Hjørring	860	Østervrå	9750	2012	4
Hjørring	860	Østervrå	9750	2013	6
Hjørring	860	Østervrå	9750	2014	6
Hjørring	860	Østervrå	9750	2015	4
Hjørring	860	Østervrå	9750	2016	5
Hjørring	860	Østervrå	9750	2017	6
Hjørring	860	Østervrå	9750	2018	5
Hjørring	860	Østervrå	9750	2019	5
Hjørring	860	Østervrå	9750	2020	5
Hjørring	860	Østervrå	9750	2021	5
Hjørring	860	Østervrå	9750	2022	5
Hjørring	860	Østervrå	9750	2023	5
Hjørring	860	Østervrå	9750	2024	5
Hjørring	860	Østervrå	9750	2025	7
Hjørring	860	Østervrå	9750	2026	7
Hjørring	860	Vrå	9760	2010	5440
Hjørring	860	Vrå	9760	2011	5457
Hjørring	860	Vrå	9760	2012	5481
Hjørring	860	Vrå	9760	2013	5349
Hjørring	860	Vrå	9760	2014	5279
Hjørring	860	Vrå	9760	2015	5282
Hjørring	860	Vrå	9760	2016	5254
Hjørring	860	Vrå	9760	2017	5207
Hjørring	860	Vrå	9760	2018	5160
Hjørring	860	Vrå	9760	2019	5110
Hjørring	860	Vrå	9760	2020	5079
Hjørring	860	Vrå	9760	2021	5036
Hjørring	860	Vrå	9760	2022	5091
Hjørring	860	Vrå	9760	2023	5199
Hjørring	860	Vrå	9760	2024	5143
Hjørring	860	Vrå	9760	2025	5257
Hjørring	860	Vrå	9760	2026	5161
Hjørring	860	Hjørring	9800	2010	33716
Hjørring	860	Hjørring	9800	2011	33541
Hjørring	860	Hjørring	9800	2012	33511
Hjørring	860	Hjørring	9800	2013	33530
Hjørring	860	Hjørring	9800	2014	33582
Hjørring	860	Hjørring	9800	2015	33807
Hjørring	860	Hjørring	9800	2016	34001
Hjørring	860	Hjørring	9800	2017	34115
Hjørring	860	Hjørring	9800	2018	34366
Hjørring	860	Hjørring	9800	2019	34138
Hjørring	860	Hjørring	9800	2020	34069
Hjørring	860	Hjørring	9800	2021	33926
Hjørring	860	Hjørring	9800	2022	33792
Hjørring	860	Hjørring	9800	2023	33967
Hjørring	860	Hjørring	9800	2024	33866
Hjørring	860	Hjørring	9800	2025	33767
Hjørring	860	Hjørring	9800	2026	33709
Hjørring	860	Tårs	9830	2010	3665
Hjørring	860	Tårs	9830	2011	3664
Hjørring	860	Tårs	9830	2012	3576
Hjørring	860	Tårs	9830	2013	3539
Hjørring	860	Tårs	9830	2014	3500
Hjørring	860	Tårs	9830	2015	3408
Hjørring	860	Tårs	9830	2016	3368
Hjørring	860	Tårs	9830	2017	3328
Hjørring	860	Tårs	9830	2018	3331
Hjørring	860	Tårs	9830	2019	3295
Hjørring	860	Tårs	9830	2020	3318
Hjørring	860	Tårs	9830	2021	3305
Hjørring	860	Tårs	9830	2022	3264
Hjørring	860	Tårs	9830	2023	3221
Hjørring	860	Tårs	9830	2024	3208
Hjørring	860	Tårs	9830	2025	3193
Hjørring	860	Tårs	9830	2026	3151
Hjørring	860	Hirtshals	9850	2010	9692
Hjørring	860	Hirtshals	9850	2011	9617
Hjørring	860	Hirtshals	9850	2012	9537
Hjørring	860	Hirtshals	9850	2013	9418
Hjørring	860	Hirtshals	9850	2014	9311
Hjørring	860	Hirtshals	9850	2015	9209
Hjørring	860	Hirtshals	9850	2016	9191
Hjørring	860	Hirtshals	9850	2017	9135
Hjørring	860	Hirtshals	9850	2018	9083
Hjørring	860	Hirtshals	9850	2019	8958
Hjørring	860	Hirtshals	9850	2020	8856
Hjørring	860	Hirtshals	9850	2021	8753
Hjørring	860	Hirtshals	9850	2022	8654
Hjørring	860	Hirtshals	9850	2023	8588
Hjørring	860	Hirtshals	9850	2024	8484
Hjørring	860	Hirtshals	9850	2025	8388
Hjørring	860	Hirtshals	9850	2026	8363
Hjørring	860	Sindal	9870	2010	6880
Hjørring	860	Sindal	9870	2011	6836
Hjørring	860	Sindal	9870	2012	6811
Hjørring	860	Sindal	9870	2013	6741
Hjørring	860	Sindal	9870	2014	6632
Hjørring	860	Sindal	9870	2015	6571
Hjørring	860	Sindal	9870	2016	6554
Hjørring	860	Sindal	9870	2017	6513
Hjørring	860	Sindal	9870	2018	6360
Hjørring	860	Sindal	9870	2019	6313
Hjørring	860	Sindal	9870	2020	6366
Hjørring	860	Sindal	9870	2021	6408
Hjørring	860	Sindal	9870	2022	6373
Hjørring	860	Sindal	9870	2023	6336
Hjørring	860	Sindal	9870	2024	6265
Hjørring	860	Sindal	9870	2025	6227
Hjørring	860	Sindal	9870	2026	6143
Hjørring	860	Bindslev	9881	2010	3064
Hjørring	860	Bindslev	9881	2011	3067
Hjørring	860	Bindslev	9881	2012	3004
Hjørring	860	Bindslev	9881	2013	2969
Hjørring	860	Bindslev	9881	2014	2927
Hjørring	860	Bindslev	9881	2015	2878
Hjørring	860	Bindslev	9881	2016	2877
Hjørring	860	Bindslev	9881	2017	2908
Hjørring	860	Bindslev	9881	2018	2866
Hjørring	860	Bindslev	9881	2019	2796
Hjørring	860	Bindslev	9881	2020	2746
Hjørring	860	Bindslev	9881	2021	2701
Hjørring	860	Bindslev	9881	2022	2670
Hjørring	860	Bindslev	9881	2023	2675
Hjørring	860	Bindslev	9881	2024	2568
Hjørring	860	Bindslev	9881	2025	2524
Hjørring	860	Bindslev	9881	2026	2523
Hjørring	860	Frederikshavn	9900	2010	283
Hjørring	860	Frederikshavn	9900	2011	286
Hjørring	860	Frederikshavn	9900	2012	268
Hjørring	860	Frederikshavn	9900	2013	260
Hjørring	860	Frederikshavn	9900	2014	265
Hjørring	860	Frederikshavn	9900	2015	273
Hjørring	860	Frederikshavn	9900	2016	280
Hjørring	860	Frederikshavn	9900	2017	277
Hjørring	860	Frederikshavn	9900	2018	280
Hjørring	860	Frederikshavn	9900	2019	245
Hjørring	860	Frederikshavn	9900	2020	241
Hjørring	860	Frederikshavn	9900	2021	242
Hjørring	860	Frederikshavn	9900	2022	250
Hjørring	860	Frederikshavn	9900	2023	247
Hjørring	860	Frederikshavn	9900	2024	248
Hjørring	860	Frederikshavn	9900	2025	250
Hjørring	860	Frederikshavn	9900	2026	249
Hjørring	860	Ålbæk	9982	2010	8
Hjørring	860	Ålbæk	9982	2011	8
Hjørring	860	Ålbæk	9982	2012	11
Hjørring	860	Ålbæk	9982	2013	11
Hjørring	860	Ålbæk	9982	2014	10
Hjørring	860	Ålbæk	9982	2015	11
Hjørring	860	Ålbæk	9982	2016	10
Hjørring	860	Ålbæk	9982	2017	11
Hjørring	860	Ålbæk	9982	2018	11
Hjørring	860	Ålbæk	9982	2019	11
Hjørring	860	Ålbæk	9982	2020	10
Hjørring	860	Ålbæk	9982	2021	9
Hjørring	860	Ålbæk	9982	2022	7
Hjørring	860	Ålbæk	9982	2023	7
Hjørring	860	Ålbæk	9982	2024	7
Hjørring	860	Ålbæk	9982	2025	7
Hjørring	860	Ålbæk	9982	2026	9
Hjørring	860	Ukendt	9999	2010	12
Hjørring	860	Ukendt	9999	2011	2
Hjørring	860	Ukendt	9999	2012	1
Hjørring	860	Ukendt	9999	2013	5
Hjørring	860	Ukendt	9999	2014	4
Hjørring	860	Ukendt	9999	2015	3
Hjørring	860	Ukendt	9999	2016	4
Hjørring	860	Ukendt	9999	2017	8
Hjørring	860	Ukendt	9999	2018	10
Hjørring	860	Ukendt	9999	2019	12
Hjørring	860	Ukendt	9999	2020	11
Hjørring	860	Ukendt	9999	2021	11
Hjørring	860	Ukendt	9999	2022	9
Hjørring	860	Ukendt	9999	2023	7
Hjørring	860	Ukendt	9999	2024	10
Hjørring	860	Ukendt	9999	2025	8
Hjørring	860	Ukendt	9999	2026	5
